success,time_to_target,sim_duration,min_safety_margin,n_safety_violations,control_effort,mpc_infeasible_steps,n_steps,level,ic_idx,traj_id
True,1.4000000000000006,1.4000000000000006,-8.43682174457663e-06,1,42.18092442597444,0,28,nominal,1,0
True,1.2000000000000004,1.2000000000000004,7.651472511310185e-06,0,41.95207173085632,0,24,nominal,2,1
True,0.6,0.6,5.592582002116371,0,16.59878299928809,0,12,nominal,4,2
True,0.49999999999999994,0.49999999999999994,1.4837351838237405,0,9.452975976510457,0,10,nominal,6,3
True,1.3500000000000005,1.3500000000000005,6.512803517526042e-06,0,47.427923447238555,0,27,nominal,7,4
True,0.5499999999999999,0.5499999999999999,2.5211827164311624,0,8.854636444469747,0,11,nominal,10,5
True,1.4500000000000006,1.4500000000000006,3.707132536281262e-06,0,48.355095986650156,0,29,nominal,12,6
True,0.9000000000000002,0.9000000000000002,3.293105701907859,0,15.626622793638933,0,18,nominal,13,7
True,0.7500000000000001,0.7500000000000001,9.84902923119408e-06,0,19.808128861877336,0,15,nominal,15,8
True,1.0000000000000002,1.0000000000000002,4.100902784477681e-06,0,30.311590196619495,0,20,nominal,18,9
True,0.8000000000000002,0.8000000000000002,2.801216471810892,0,19.55982074719351,0,16,nominal,19,10
True,0.39999999999999997,0.39999999999999997,2.5255411844953386,0,10.918470259717218,0,8,nominal,21,11
True,0.7500000000000001,0.7500000000000001,1.0643952312363015e-05,0,11.504385062520694,0,15,nominal,22,12
True,0.9000000000000002,0.9000000000000002,8.041064771582908e-06,0,23.691944249845694,0,18,nominal,23,13
True,1.2000000000000004,1.2000000000000004,4.3426659803528746e-06,0,29.68262016069213,0,24,nominal,24,14
True,0.5499999999999999,0.5499999999999999,4.430663585700264,0,9.07666360085511,0,11,nominal,26,15
True,0.6,0.6,2.798481003831823,0,13.368073353137857,0,12,nominal,29,16
True,1.3500000000000005,1.3500000000000005,5.275133496102859e-06,0,44.85696509959972,0,27,nominal,30,17
True,0.5499999999999999,0.5499999999999999,5.161292062040133,0,12.171695735184413,0,11,nominal,32,18
True,1.5500000000000007,1.5500000000000007,5.85747883213612e-06,0,46.25173529269495,0,31,nominal,33,19
True,0.6,0.6,8.697704682276449,0,12.41560327357663,0,12,nominal,37,20
True,1.3500000000000005,1.3500000000000005,7.647320539633271e-06,0,46.14588859668479,0,27,nominal,38,21
True,0.2,0.2,9.194602141979937,0,5.135041816810711,0,4,nominal,42,22
True,0.7000000000000001,0.7000000000000001,8.745252291587448e-06,0,9.928610923033306,0,14,nominal,44,23
True,1.1000000000000003,1.1000000000000003,5.011375478347309e-06,0,27.306969118561653,0,22,nominal,47,24
True,1.1000000000000003,1.1000000000000003,1.8375915664720552e-06,0,24.530682758712807,0,22,nominal,48,25
True,1.3500000000000005,1.3500000000000005,5.355515837413786e-06,0,45.95892458903278,0,27,nominal,53,26
True,1.0500000000000003,1.0500000000000003,5.4390303662539136e-06,0,23.31691754406159,0,21,nominal,54,27
False,,0.39999999999999997,-3.432071010423993e-06,1,12.93980656006925,1,8,nominal,55,28
True,0.49999999999999994,0.49999999999999994,9.940912798105119,0,13.3227595374998,0,10,nominal,56,29
True,1.0500000000000003,1.0500000000000003,1.309864273420748e-06,0,31.429765838335587,0,21,nominal,60,30
True,1.0500000000000003,1.0500000000000003,0.0005304167628271837,0,23.312574628027743,0,21,nominal,61,31
True,1.4500000000000006,1.4500000000000006,1.0192195487890051e-06,0,44.845560414732006,0,29,nominal,62,32
True,0.7500000000000001,0.7500000000000001,2.914931164344624,0,13.312994081711883,0,15,nominal,66,33
True,1.1000000000000003,1.1000000000000003,9.85274856631782e-06,0,27.549839283809067,0,22,nominal,67,34
False,,0.6,-2.9096896788208256e-06,1,19.029075938849708,1,12,nominal,69,35
True,1.2000000000000004,1.2000000000000004,3.7409502601330844e-06,0,29.345474973371108,0,24,nominal,74,36
True,0.3,0.3,4.681308440417714,0,6.584640990501859,0,6,nominal,77,37
True,1.2500000000000004,1.2500000000000004,3.2589356718389016e-06,0,34.33948401023498,0,25,nominal,80,38
True,1.0000000000000002,1.0000000000000002,4.070666688179435e-06,0,25.027385117949294,0,20,nominal,81,39
True,0.65,0.65,4.464665864254797,0,11.20888554266892,0,13,nominal,83,40
True,0.8000000000000002,0.8000000000000002,3.67981480842932e-05,0,16.133015292021717,0,16,nominal,84,41
True,0.8000000000000002,0.8000000000000002,2.673384005496052,0,15.31352721095061,0,16,nominal,90,42
True,0.65,0.65,2.776278494028749,0,13.736564238580897,0,13,nominal,98,43
True,0.15000000000000002,0.15000000000000002,6.397097580926704,0,4.52631985165613,0,3,nominal,99,44
True,1.0500000000000003,1.0500000000000003,4.253626989254355e-06,0,25.58407936063291,0,21,nominal,101,45
True,0.7000000000000001,0.7000000000000001,3.5656582062334783,0,18.872613262617197,0,14,nominal,102,46
True,1.2500000000000004,1.2500000000000004,7.892383442848792e-06,0,42.177235344374175,0,25,nominal,103,47
True,0.65,0.65,9.589915016226156,0,10.927122869333555,0,13,nominal,109,48
True,0.9500000000000003,0.9500000000000003,0.15615705969989155,0,32.564407033738064,0,19,nominal,111,49
True,1.3000000000000005,1.3000000000000005,6.333515627914322e-07,0,37.85876191430058,0,26,nominal,112,50
False,,0.49999999999999994,-8.515354094657982e-06,1,18.98475169227872,1,10,nominal,115,51
True,1.2000000000000004,1.2000000000000004,5.496878881654457e-06,0,29.64591827098171,0,24,nominal,116,52
True,0.9500000000000003,0.9500000000000003,2.483305842529114,0,19.58731813107978,0,19,nominal,117,53
True,1.3000000000000005,1.3000000000000005,5.417438552117412e-06,0,43.732657475224585,0,26,nominal,118,54
True,1.1500000000000004,1.1500000000000004,3.02298077130136e-06,0,29.039378031094234,0,23,nominal,119,55
True,1.3500000000000005,1.3500000000000005,8.333602341370254e-06,0,46.38954152364393,0,27,nominal,120,56
True,1.0000000000000002,1.0000000000000002,1.3003699023096998e-06,0,19.588520471224115,0,20,nominal,122,57
True,0.6,0.6,3.6286600556098167,0,14.543928097690573,0,12,nominal,123,58
True,1.2500000000000004,1.2500000000000004,4.92242996024097e-06,0,32.930608561048224,0,25,nominal,126,59
False,,0.49999999999999994,-8.147803991538997e-06,1,20.893867511295294,1,10,nominal,127,60
True,0.65,0.65,1.4313772658820023,0,16.633334872358056,0,13,nominal,132,61
True,1.4000000000000006,1.4000000000000006,8.464608619159662e-06,0,48.831868316731025,0,28,nominal,134,62
True,0.8500000000000002,0.8500000000000002,0.6630332787599148,0,22.69260186153699,0,17,nominal,135,63
True,1.3500000000000005,1.3500000000000005,-3.1324135420841994e-06,1,45.53071350445043,0,27,nominal,139,64
True,1.5000000000000007,1.5000000000000007,5.152773133700649e-06,0,50.402082114383305,0,30,nominal,140,65
True,0.7000000000000001,0.7000000000000001,5.6549451439748014e-05,0,16.250156840698438,0,14,nominal,148,66
True,0.8000000000000002,0.8000000000000002,4.283889426585205e-06,0,12.771650484867132,0,16,nominal,149,67
True,1.3500000000000005,1.3500000000000005,-3.5921406333900767e-06,1,36.635220707967065,0,27,nominal,150,68
True,0.9000000000000002,0.9000000000000002,2.559012466461258e-06,0,24.13175597956193,0,18,nominal,151,69
True,0.3,0.3,1.5895489054684828,0,5.082963690040546,0,6,nominal,152,70
False,,0.7000000000000001,-7.935453497526457e-06,1,19.69114048678083,1,14,nominal,154,71
True,1.4500000000000006,1.4500000000000006,4.438535263389081e-06,0,39.65034875729448,0,29,nominal,157,72
True,0.65,0.65,3.9025490604172077,0,14.126456566609813,0,13,nominal,158,73
True,1.3000000000000005,1.3000000000000005,1.282313222834852e-05,0,34.97614397037108,0,26,nominal,159,74
True,1.3500000000000005,1.3500000000000005,2.9820714476902515e-06,0,36.443681832554,0,27,nominal,161,75
True,0.65,0.65,1.9773154987290212e-05,0,14.32904949114651,0,13,nominal,164,76
True,1.3500000000000005,1.3500000000000005,1.713607808974178e-06,0,44.87168631359666,0,27,nominal,165,77
True,0.7500000000000001,0.7500000000000001,2.8160132571823056e-06,0,16.087378765624067,0,15,nominal,177,78
True,1.3000000000000005,1.3000000000000005,1.3903137457330274e-07,0,37.05145555181704,0,26,nominal,178,79
True,0.9500000000000003,0.9500000000000003,1.0328834652677204e-06,0,28.750020396660315,0,19,nominal,180,80
True,0.3,0.3,5.21470772459262,0,6.483610756750013,0,6,nominal,181,81
False,,0.9500000000000003,-2.079098684270853e-07,1,42.05315329545858,1,19,nominal,182,82
True,1.4500000000000006,1.4500000000000006,1.2449249374266648e-05,0,38.373239154999304,0,29,nominal,183,83
True,0.8000000000000002,0.8000000000000002,1.1471130013848752,0,18.464890365760795,0,16,nominal,184,84
True,1.1500000000000004,1.1500000000000004,2.9322871325870398e-06,0,28.364224185190466,0,23,nominal,185,85
True,1.1500000000000004,1.1500000000000004,1.5799367724188797e-06,0,29.598905306293375,0,23,nominal,187,86
True,0.8500000000000002,0.8500000000000002,0.04535616056863817,0,16.710999857787755,0,17,nominal,190,87
False,,0.8000000000000002,-8.475782208193341e-06,1,35.185636229251294,1,16,nominal,191,88
False,,0.39999999999999997,-8.303684302034586e-06,1,14.633144362642968,1,8,nominal,192,89
True,0.9500000000000003,0.9500000000000003,1.5857408750410022e-05,0,16.811041055724118,0,19,nominal,194,90
True,0.8500000000000002,0.8500000000000002,1.5187752360915587e-06,0,16.762491393085984,0,17,nominal,195,91
True,1.0500000000000003,1.0500000000000003,5.185363063460945e-06,0,27.31032453491387,0,21,nominal,196,92
True,1.4500000000000006,1.4500000000000006,1.1887862495115862e-05,0,52.09345247186884,0,29,nominal,198,93
True,1.4000000000000006,1.4000000000000006,8.148007228032253e-06,0,50.53912003074574,0,28,nominal,199,94
False,,0.65,-4.303878760623421e-06,1,28.639618103198714,1,13,nominal,203,95
True,0.39999999999999997,0.39999999999999997,7.620092577108419,0,9.449557399455555,0,8,nominal,206,96
True,0.9000000000000002,0.9000000000000002,5.799113488275237e-07,0,25.93140371066419,0,18,nominal,216,97
True,1.5500000000000007,1.5500000000000007,-4.89406668180257e-07,1,51.20389514903647,0,31,nominal,219,98
True,1.1500000000000004,1.1500000000000004,5.232508208578661e-06,0,26.947322989397687,0,23,nominal,220,99
True,1.0000000000000002,1.0000000000000002,1.4173643215778432e-06,0,30.027376848531663,0,20,nominal,223,100
False,,0.7500000000000001,-2.089426812125077e-07,1,30.656901267280663,1,15,nominal,226,101
True,1.2500000000000004,1.2500000000000004,1.2448869103728799e-05,0,30.75551588165676,0,25,nominal,230,102
True,1.0500000000000003,1.0500000000000003,2.1593268794650194e-06,0,33.6290708150522,0,21,nominal,233,103
True,1.0500000000000003,1.0500000000000003,3.553001999036862,0,33.947001937555484,0,21,nominal,236,104
True,1.1000000000000003,1.1000000000000003,6.4475673339091635e-06,0,31.458826619302673,0,22,nominal,238,105
True,0.6,0.6,3.7998729813850876,0,9.791557888092127,0,12,nominal,239,106
True,1.5000000000000007,1.5000000000000007,3.2726699378955494e-06,0,51.81314816846321,0,30,nominal,240,107
True,1.4500000000000006,1.4500000000000006,2.9021068959153163e-06,0,40.53440483319261,0,29,nominal,241,108
True,1.3500000000000005,1.3500000000000005,6.15413263244732e-07,0,35.626296592666655,0,27,nominal,242,109
True,0.49999999999999994,0.49999999999999994,3.985439258724368e-05,0,8.860436941213331,0,10,nominal,244,110
True,1.4500000000000006,1.4500000000000006,3.6236465212729797e-06,0,50.47891962093007,0,29,nominal,245,111
False,,0.49999999999999994,-1.1667448090520588e-08,1,15.300766287570696,1,10,nominal,246,112
True,1.3000000000000005,1.3000000000000005,5.321273415912848e-06,0,34.16727403563462,0,26,nominal,252,113
True,1.0500000000000003,1.0500000000000003,1.5094585321248313e-06,0,30.61769702401698,0,21,nominal,253,114
True,1.3000000000000005,1.3000000000000005,2.375040041986392e-06,0,32.94564657290144,0,26,nominal,256,115
True,1.3000000000000005,1.3000000000000005,8.88077739243237e-06,0,43.449096985372734,0,26,nominal,258,116
True,0.44999999999999996,0.44999999999999996,0.46123936410332705,0,7.515941066925694,0,9,nominal,262,117
True,1.4000000000000006,1.4000000000000006,1.1615669522250254e-05,0,38.88421914570361,0,28,nominal,265,118
True,1.5000000000000007,1.5000000000000007,4.622965211080601e-06,0,42.17555200177148,0,30,nominal,271,119
True,1.2500000000000004,1.2500000000000004,8.067029145469329e-07,0,32.719336629817576,0,25,nominal,272,120
True,0.9000000000000002,0.9000000000000002,6.709260680717789e-07,0,20.69990562691205,0,18,nominal,275,121
True,1.2000000000000004,1.2000000000000004,3.908070723480364e-06,0,29.319686303189716,0,24,nominal,277,122
True,1.2500000000000004,1.2500000000000004,8.306704017209562e-06,0,30.163518163445975,0,25,nominal,278,123
False,,0.6,-7.570517142035091e-06,1,18.62194240920801,1,12,nominal,280,124
True,1.0500000000000003,1.0500000000000003,3.044734076361642e-06,0,27.63005044888845,0,21,nominal,286,125
True,0.7500000000000001,0.7500000000000001,1.5949004416899348,0,16.09712804372438,0,15,nominal,288,126
True,1.2500000000000004,1.2500000000000004,8.380501106907237e-06,0,41.33120404377345,0,25,nominal,289,127
True,0.8000000000000002,0.8000000000000002,6.960644178003861,0,14.21668693242251,0,16,nominal,294,128
True,1.2500000000000004,1.2500000000000004,2.8681954239735877e-06,0,34.57608232991392,0,25,nominal,296,129
True,0.9500000000000003,0.9500000000000003,0.8400067364040731,0,16.243095849872773,0,19,nominal,297,130
True,0.49999999999999994,0.49999999999999994,7.6159887515924884,0,10.544177849440532,0,10,nominal,299,131
True,0.9000000000000002,0.9000000000000002,3.836381039220864e-06,0,19.595816387904918,0,18,nominal,301,132
True,1.0500000000000003,1.0500000000000003,6.233001382507271e-06,0,24.283704391360356,0,21,nominal,302,133
True,0.9000000000000002,0.9000000000000002,2.7555034504269704e-06,0,18.77258623650194,0,18,nominal,310,134
True,0.65,0.65,5.205687850445236,0,11.474411796896375,0,13,nominal,311,135
True,0.65,0.65,9.475629046035056,0,14.33018277942566,0,13,nominal,318,136
True,0.7500000000000001,0.7500000000000001,2.4206624713801235,0,15.05032169920511,0,15,nominal,319,137
True,1.0500000000000003,1.0500000000000003,5.020635815085903e-06,0,24.419610116839937,0,21,nominal,322,138
True,0.39999999999999997,0.39999999999999997,1.2947264729779853,0,8.866748350395163,0,8,nominal,332,139
True,0.25,0.25,9.443810109874399,0,6.997436117125531,0,5,nominal,335,140
True,1.2000000000000004,1.2000000000000004,1.750619032419714e-06,0,31.478719033126232,0,24,nominal,336,141
True,0.9500000000000003,0.9500000000000003,3.824442235326972e-06,0,19.768577440964485,0,19,nominal,338,142
True,0.7500000000000001,0.7500000000000001,9.040578582588326,0,21.485767452479752,0,15,nominal,342,143
True,1.0500000000000003,1.0500000000000003,7.1423052052730075e-06,0,20.905783060964705,0,21,nominal,348,144
True,1.2500000000000004,1.2500000000000004,8.21794147292934e-06,0,40.600290295936844,0,25,nominal,349,145
True,1.2000000000000004,1.2000000000000004,6.267246752609728e-06,0,40.32917983324159,0,24,nominal,350,146
True,1.3000000000000005,1.3000000000000005,2.8764888818954728e-06,0,36.516780890578076,0,26,nominal,355,147
True,1.3000000000000005,1.3000000000000005,-1.5918192300272607e-06,1,35.64455177289751,0,26,nominal,358,148
True,0.8500000000000002,0.8500000000000002,0.00014632036042783498,0,23.507708498499614,0,17,nominal,360,149
False,,0.44999999999999996,-2.173158904672376e-06,1,14.698428944572445,1,9,nominal,364,150
True,0.8500000000000002,0.8500000000000002,9.267679575018735e-07,0,19.373456245669143,0,17,nominal,365,151
True,1.7000000000000008,1.7000000000000008,4.88161303659193e-06,0,61.646559849670695,0,34,nominal,366,152
True,1.6000000000000008,1.6000000000000008,1.2392481751875753e-05,0,56.687110119794184,0,32,nominal,367,153
True,0.8000000000000002,0.8000000000000002,0.8142635863488831,0,14.179378007363175,0,16,nominal,368,154
True,0.5499999999999999,0.5499999999999999,9.347922200258907,0,11.454948061432622,0,11,nominal,369,155
True,0.7500000000000001,0.7500000000000001,5.450817707487331e-05,0,19.062021983124367,0,15,nominal,372,156
True,0.6,0.6,0.0009613157881914459,0,12.806589557628948,0,12,nominal,374,157
True,0.7500000000000001,0.7500000000000001,1.2653017025340748e-05,0,16.949000365292306,0,15,nominal,375,158
True,0.6,0.6,5.193033699807192,0,11.537530803536344,0,12,nominal,380,159
True,1.4000000000000006,1.4000000000000006,3.5636893047421703e-06,0,44.70550071453379,0,28,nominal,382,160
True,1.4500000000000006,1.4500000000000006,3.3361574000574546e-06,0,52.09321139122088,0,29,nominal,383,161
True,0.7000000000000001,0.7000000000000001,7.941345490875899,0,16.751949613655626,0,14,nominal,387,162
True,1.5500000000000007,1.5500000000000007,4.475222905144081e-06,0,52.43280923833434,0,31,nominal,388,163
True,0.8000000000000002,0.8000000000000002,5.579296505049657e-06,0,14.517412708033705,0,16,nominal,391,164
True,1.2000000000000004,1.2000000000000004,4.0206846768406965e-06,0,31.525455283313143,0,24,nominal,395,165
True,0.7500000000000001,0.7500000000000001,4.726212342015622e-06,0,15.553141197154492,0,15,nominal,400,166
True,1.3000000000000005,1.3000000000000005,1.8017361792020075e-06,0,45.96717149561689,0,26,nominal,401,167
True,0.8500000000000002,0.8500000000000002,4.76048004160233e-06,0,17.867368658586674,0,17,nominal,402,168
False,,10.000000000000007,2.1090137489906393e-06,0,3.37516601260237,0,200,nominal,405,169
False,,0.5499999999999999,-8.313704553849385e-06,1,20.868248246096293,1,11,nominal,408,170
True,0.6,0.6,1.1872477527883698,0,14.49308421414062,0,12,nominal,409,171
True,1.5500000000000007,1.5500000000000007,7.42080235916025e-06,0,55.006018178373424,0,31,nominal,412,172
True,1.2000000000000004,1.2000000000000004,6.628227740651607e-06,0,38.2057277967235,0,24,nominal,413,173
True,0.9500000000000003,0.9500000000000003,4.80391348946178e-06,0,19.472370148431263,0,19,nominal,415,174
True,0.9500000000000003,0.9500000000000003,3.1993368294019905e-05,0,18.378128518960747,0,19,nominal,416,175
True,0.8000000000000002,0.8000000000000002,3.060159568625575e-06,0,14.79731709093222,0,16,nominal,417,176
True,1.4500000000000006,1.4500000000000006,1.3798103427357772e-05,0,41.98949059640943,0,29,nominal,419,177
True,1.0500000000000003,1.0500000000000003,5.124022010557042e-06,0,23.03729553151116,0,21,nominal,425,178
True,1.0000000000000002,1.0000000000000002,4.987520678187671e-06,0,19.36038610778085,0,20,nominal,426,179
True,0.65,0.65,9.318786663807293,0,10.475521116915061,0,13,nominal,429,180
True,0.3,0.3,4.854909309834646,0,6.851661590623145,0,6,nominal,433,181
True,0.7500000000000001,0.7500000000000001,9.150422958730333,0,12.605214493664109,0,15,nominal,434,182
True,1.2500000000000004,1.2500000000000004,4.018527080730813e-06,0,30.09570525897804,0,25,nominal,435,183
True,0.44999999999999996,0.44999999999999996,3.6704781577138523,0,9.692305974332337,0,9,nominal,436,184
True,0.39999999999999997,0.39999999999999997,9.709399899629618,0,9.532899454134673,0,8,nominal,439,185
True,1.1000000000000003,1.1000000000000003,8.250854883087928e-06,0,27.721860419095698,0,22,nominal,444,186
True,1.3500000000000005,1.3500000000000005,3.7023415777749725e-07,0,35.450248754006914,0,27,nominal,445,187
False,,0.5499999999999999,-3.21539407403897e-06,1,14.956085714653234,1,11,nominal,446,188
True,1.1500000000000004,1.1500000000000004,7.97670197113899e-06,0,29.872530740747262,0,23,nominal,447,189
True,0.9000000000000002,0.9000000000000002,1.660699954805061e-05,0,24.033606207052724,0,18,nominal,448,190
True,0.3,0.3,4.265369820541109,0,5.756410334624183,0,6,nominal,449,191
True,0.8500000000000002,0.8500000000000002,2.451825769120894e-06,0,16.950693596457985,0,17,nominal,452,192
False,,0.7000000000000001,-8.526527159899396e-06,1,22.313072667669054,1,14,nominal,453,193
True,1.1000000000000003,1.1000000000000003,1.6042456988674466e-06,0,35.03013837089967,0,22,nominal,455,194
True,0.35,0.35,3.51586007330208,0,8.203739694736631,0,7,nominal,456,195
True,0.5499999999999999,0.5499999999999999,2.0227067259977853,0,13.617561380335522,0,11,nominal,458,196
True,0.2,0.2,4.904673199184427,0,5.879136424748622,0,4,nominal,459,197
True,1.2000000000000004,1.2000000000000004,4.20247074610591e-06,0,30.85365433626394,0,24,nominal,462,198
True,0.8500000000000002,0.8500000000000002,5.193886650703207e-06,0,14.72976525019544,0,17,nominal,465,199
True,0.9000000000000002,0.9000000000000002,0.1210231002517305,0,20.926848285323,0,18,nominal,466,200
True,0.6,0.6,5.050949692784794,0,13.387411047420326,0,12,nominal,468,201
True,1.6000000000000008,1.6000000000000008,4.404300967882535e-06,0,54.9161948903657,0,32,nominal,469,202
False,,0.5499999999999999,-5.542847882641876e-06,1,23.09397639974924,1,11,nominal,471,203
True,1.4000000000000006,1.4000000000000006,-8.311555138316703e-06,1,43.64433668906292,0,28,nominal,473,204
False,,0.5499999999999999,-7.987298913922079e-06,1,22.625703869362013,1,11,nominal,475,205
True,0.7500000000000001,0.7500000000000001,8.912225176988615,0,14.334913048942944,0,15,nominal,476,206
True,1.4000000000000006,1.4000000000000006,2.9097435418050783e-06,0,38.502858928564166,0,28,nominal,478,207
True,1.1500000000000004,1.1500000000000004,2.8149520825275734e-06,0,31.748711615530155,0,23,nominal,481,208
True,1.0000000000000002,1.0000000000000002,4.645430341829802e-06,0,23.013433947950954,0,20,nominal,483,209
False,,0.49999999999999994,-3.847695499946664e-06,1,13.79775546072207,1,10,nominal,485,210
True,1.5500000000000007,1.5500000000000007,3.5311719010821603e-07,0,55.35860479761745,0,31,nominal,488,211
False,,0.7000000000000001,-8.623610064651239e-06,1,28.64867358940298,1,14,nominal,489,212
True,0.65,0.65,7.598403085327258,0,13.391981953290601,0,13,nominal,493,213
False,,1.0500000000000003,-1.0021694113214696e-06,1,44.69178925201462,1,21,nominal,498,214
True,0.7500000000000001,0.7500000000000001,1.912119567210007,0,17.299559109775533,0,15,nominal,502,215
False,,0.7500000000000001,-8.516046283841624e-06,1,32.61107569218514,1,15,nominal,506,216
False,,0.6,-8.256640517983948e-06,1,28.860624762636196,1,12,nominal,508,217
True,0.7000000000000001,0.7000000000000001,3.416431802578614e-05,0,17.20541142116448,0,14,nominal,514,218
True,1.3500000000000005,1.3500000000000005,2.4600140472921527e-06,0,33.5504308705047,0,27,nominal,517,219
True,0.8500000000000002,0.8500000000000002,4.245985668618274e-06,0,23.367846412602496,0,17,nominal,519,220
True,1.2500000000000004,1.2500000000000004,6.176902567144102e-06,0,31.54961162444944,0,25,nominal,520,221
True,0.9500000000000003,0.9500000000000003,6.4781802764843945e-06,0,23.53670863525082,0,19,nominal,521,222
True,1.4500000000000006,1.4500000000000006,2.6790581426588933e-06,0,50.05681231563459,0,29,nominal,522,223
True,1.5000000000000007,1.5000000000000007,3.609673665178585e-06,0,52.36089157427242,0,30,nominal,523,224
True,0.7500000000000001,0.7500000000000001,6.626931535999646,0,13.42885873842576,0,15,nominal,528,225
True,1.5500000000000007,1.5500000000000007,6.857519367694005e-06,0,44.75181798284712,0,31,nominal,535,226
True,1.4000000000000006,1.4000000000000006,4.783920657712478e-06,0,35.60400267177137,0,28,nominal,536,227
True,1.4500000000000006,1.4500000000000006,-1.80785515908757e-08,1,51.38522391992271,0,29,nominal,540,228
True,1.0000000000000002,1.0000000000000002,5.1398959646191174e-06,0,26.36006888523835,0,20,nominal,541,229
True,1.0000000000000002,1.0000000000000002,7.2955204755847845e-06,0,28.33898380040413,0,20,nominal,544,230
True,0.44999999999999996,0.44999999999999996,4.682997167915379,0,7.195049718819614,0,9,nominal,546,231
True,1.1500000000000004,1.1500000000000004,4.951337610756188e-06,0,25.20899387885608,0,23,nominal,548,232
True,0.9500000000000003,0.9500000000000003,5.572372696178072e-06,0,23.009343244567827,0,19,nominal,550,233
True,1.0500000000000003,1.0500000000000003,2.5542118851349534e-06,0,25.379798134351155,0,21,nominal,553,234
True,1.3000000000000005,1.3000000000000005,4.343914724243605e-06,0,44.99927492793456,0,26,nominal,554,235
True,0.25,0.25,1.3206372146776562,0,5.366589487526325,0,5,nominal,556,236
True,1.4000000000000006,1.4000000000000006,3.443756016548853e-06,0,38.69745645312275,0,28,nominal,558,237
True,1.1500000000000004,1.1500000000000004,3.483157202091137e-06,0,27.119471360849705,0,23,nominal,559,238
True,0.44999999999999996,0.44999999999999996,1.5951652756675838,0,6.719637026967549,0,9,nominal,562,239
True,0.49999999999999994,0.49999999999999994,3.1000701400161326,0,8.985109531498342,0,10,nominal,563,240
True,0.9000000000000002,0.9000000000000002,7.678353124970768e-07,0,17.722460543730588,0,18,nominal,567,241
False,,0.65,-8.093953629741778e-06,1,28.503340451837857,1,13,nominal,568,242
True,1.2500000000000004,1.2500000000000004,4.343144599026491e-06,0,33.63002488522248,0,25,nominal,571,243
True,0.9500000000000003,0.9500000000000003,5.635161683580566e-06,0,21.85350539550463,0,19,nominal,573,244
True,1.2500000000000004,1.2500000000000004,1.740475465983052e-06,0,39.720099872501564,0,25,nominal,574,245
False,,0.6,-8.08600034833281e-06,1,21.230451675718705,1,12,nominal,577,246
False,,0.5499999999999999,-7.913710233901351e-06,1,15.751464676055866,1,11,nominal,581,247
True,1.2000000000000004,1.2000000000000004,5.809552024504655e-06,0,28.312865699964775,0,24,nominal,584,248
True,0.8000000000000002,0.8000000000000002,0.0005306536654772108,0,17.998160150319627,0,16,nominal,585,249
True,0.3,0.3,8.82641604525998,0,5.3525442309960125,0,6,nominal,586,250
True,0.6,0.6,0.196327952635201,0,10.153051342010217,0,12,nominal,589,251
True,0.25,0.25,2.3922237773802837,0,2.151007668242017,0,5,nominal,590,252
True,1.4500000000000006,1.4500000000000006,7.92203954890672e-06,0,47.34750957281491,0,29,nominal,591,253
True,0.7000000000000001,0.7000000000000001,7.1381197042388225,0,16.05969230969081,0,14,nominal,592,254
True,0.8500000000000002,0.8500000000000002,9.337974132391924e-07,0,16.399177583172392,0,17,nominal,593,255
True,1.4000000000000006,1.4000000000000006,2.9400284820633894e-07,0,37.358680165412565,0,28,nominal,594,256
True,0.7500000000000001,0.7500000000000001,7.794809075910883,0,17.022851106281884,0,15,nominal,597,257
True,0.8000000000000002,0.8000000000000002,4.375187109259531,0,14.990106821645808,0,16,nominal,598,258
True,0.7500000000000001,0.7500000000000001,2.8885304189376256e-06,0,17.913882381759997,0,15,nominal,600,259
True,0.8500000000000002,0.8500000000000002,4.747667888110541,0,14.734212952547924,0,17,nominal,604,260
True,0.7000000000000001,0.7000000000000001,3.5812132730618345,0,10.10488607201715,0,14,nominal,606,261
True,0.49999999999999994,0.49999999999999994,7.6800286482952815,0,10.627217329614032,0,10,nominal,613,262
True,1.4000000000000006,1.4000000000000006,1.5692772994178836e-06,0,47.52365345513614,0,28,nominal,614,263
True,1.6500000000000008,1.6500000000000008,4.606668459750142e-06,0,59.76569229084522,0,33,nominal,615,264
True,0.7500000000000001,0.7500000000000001,0.00015011904029150035,0,15.138088159552137,0,15,nominal,621,265
True,0.9000000000000002,0.9000000000000002,5.935500999279083e-06,0,18.425417697472056,0,18,nominal,623,266
True,1.5500000000000007,1.5500000000000007,5.670706340402468e-06,0,55.92476067196693,0,31,nominal,631,267
True,0.9000000000000002,0.9000000000000002,4.3569116507381604,0,18.548208575685663,0,18,nominal,634,268
True,1.0000000000000002,1.0000000000000002,3.7011264257480123e-06,0,28.96143745347283,0,20,nominal,637,269
True,1.0500000000000003,1.0500000000000003,1.0652606028372558e-05,0,20.021550121192806,0,21,nominal,639,270
True,0.65,0.65,8.627163707058559,0,9.898855348964908,0,13,nominal,644,271
True,1.5500000000000007,1.5500000000000007,1.1143120191517852e-05,0,55.80843657335609,0,31,nominal,645,272
True,1.1000000000000003,1.1000000000000003,3.491857669004185e-06,0,30.25555302972719,0,22,nominal,646,273
True,1.1500000000000004,1.1500000000000004,1.9276554666246582e-06,0,36.017926477373265,0,23,nominal,654,274
True,0.7500000000000001,0.7500000000000001,2.101549048171982,0,17.732720222724097,0,15,nominal,655,275
False,,0.7500000000000001,-8.23611939979905e-06,1,29.93158824176449,1,15,nominal,661,276
True,1.3000000000000005,1.3000000000000005,4.826557818102448e-06,0,36.973956615349664,0,26,nominal,662,277
True,0.7000000000000001,0.7000000000000001,1.1557031671553468,0,15.11891235693248,0,14,nominal,665,278
True,0.8500000000000002,0.8500000000000002,3.5643162019951546e-06,0,22.97059977800488,0,17,nominal,667,279
True,0.7000000000000001,0.7000000000000001,5.0249382239859694e-06,0,14.755541979498808,0,14,nominal,668,280
True,1.5500000000000007,1.5500000000000007,8.256860147129197e-06,0,43.2343995368188,0,31,nominal,671,281
True,0.6,0.6,7.802127938144134,0,12.303906545673577,0,12,nominal,672,282
True,1.5000000000000007,1.5000000000000007,2.5157211801081687e-06,0,50.8958250767348,0,30,nominal,675,283
True,0.7500000000000001,0.7500000000000001,8.312606009677294e-06,0,20.328824678681116,0,15,nominal,676,284
True,1.3000000000000005,1.3000000000000005,5.2818386588105794e-06,0,36.97995775611759,0,26,nominal,678,285
True,1.4500000000000006,1.4500000000000006,5.858433858565491e-06,0,50.335093821331945,0,29,nominal,679,286
True,1.0500000000000003,1.0500000000000003,0.004248703765224966,0,19.293706300348813,0,21,nominal,681,287
False,,0.9000000000000002,-0.010386123767501589,1,27.38429126684944,1,18,mild,1,0
True,1.2000000000000004,1.2000000000000004,0.00825515341852505,0,42.00289466068114,0,24,mild,2,1
True,0.6,0.6,5.592582002116371,0,16.589392370713753,0,12,mild,4,2
True,0.49999999999999994,0.49999999999999994,2.436276677231172,0,9.385395691190256,0,10,mild,6,3
True,1.3500000000000005,1.3500000000000005,0.05665083056726223,0,46.93907336222742,0,27,mild,7,4
True,0.5499999999999999,0.5499999999999999,1.9310755597386149,0,8.849944761867443,0,11,mild,10,5
False,,0.39999999999999997,-0.3388785999937878,1,18.998052903841234,1,8,mild,12,6
True,0.9000000000000002,0.9000000000000002,3.4327943255810713,0,15.578741802416006,0,18,mild,13,7
True,0.7500000000000001,0.7500000000000001,0.15861326919246269,0,20.405748671200026,0,15,mild,15,8
False,,0.44999999999999996,-0.01180468013561516,1,19.724833154246483,1,9,mild,18,9
True,0.8000000000000002,0.8000000000000002,2.8375334131060375,0,19.520636162189316,0,16,mild,19,10
True,0.39999999999999997,0.39999999999999997,2.487378245305644,0,10.827119439582402,0,8,mild,21,11
True,0.7500000000000001,0.7500000000000001,0.03565078838513364,0,11.515625485609966,0,15,mild,22,12
True,0.9000000000000002,0.9000000000000002,0.04147161629463801,0,23.640106237062394,0,18,mild,23,13
False,,0.8500000000000002,-0.08517430446420854,1,24.659415776732363,1,17,mild,24,14
True,0.5499999999999999,0.5499999999999999,4.523784211801325,0,9.11835475334659,0,11,mild,26,15
True,0.6,0.6,2.1694331997508707,0,13.38055296983721,0,12,mild,29,16
True,1.3500000000000005,1.3500000000000005,0.012602504222618731,0,44.868628274160635,0,27,mild,30,17
True,0.49999999999999994,0.49999999999999994,4.877323517306649,0,12.049104355533451,0,10,mild,32,18
False,,1.1500000000000004,-0.004377047927890567,1,33.41350006977144,1,23,mild,33,19
True,0.6,0.6,8.697704682276449,0,12.520469872900014,0,12,mild,37,20
True,1.4000000000000006,1.4000000000000006,0.03666524997153165,0,47.27681322305166,0,28,mild,38,21
True,0.2,0.2,9.194602141979937,0,5.108300176131926,0,4,mild,42,22
False,,0.39999999999999997,-0.06415438787373688,1,8.664486801661742,1,8,mild,44,23
True,1.1500000000000004,1.1500000000000004,0.09502392514931893,0,28.6392806597087,0,23,mild,47,24
False,,0.44999999999999996,-0.13951864092599645,1,11.668837918557077,1,9,mild,48,25
False,,0.8500000000000002,-0.1020727941196697,1,31.9849661077212,1,17,mild,53,26
True,1.0500000000000003,1.0500000000000003,0.08086257954115726,0,23.516834005007233,0,21,mild,54,27
False,,0.5499999999999999,-0.086142483972545,1,19.714202590848828,1,11,mild,55,28
True,0.49999999999999994,0.49999999999999994,9.830160767762942,0,13.367955483550665,0,10,mild,56,29
False,,0.5499999999999999,-0.029981078767578027,1,22.780513036163356,1,11,mild,60,30
False,,0.8000000000000002,-0.055367676380456574,1,21.49803732163896,1,16,mild,61,31
False,,0.49999999999999994,-0.05430670259230811,1,19.176807112217794,1,10,mild,62,32
True,0.7500000000000001,0.7500000000000001,2.7655977536348257,0,13.19556289045164,0,15,mild,66,33
False,,0.6,-0.12008620356462892,1,15.833331529564878,1,12,mild,67,34
False,,0.5499999999999999,-0.050504293979978014,1,16.94850625643866,1,11,mild,69,35
True,1.2000000000000004,1.2000000000000004,0.11213828597006383,0,29.494700635521507,0,24,mild,74,36
True,0.3,0.3,4.437604793873636,0,6.645520320706972,0,6,mild,77,37
False,,0.39999999999999997,-0.03916107908748419,1,13.330893141569234,1,8,mild,80,38
False,,0.49999999999999994,-0.029200425804702543,1,14.831476653371917,1,10,mild,81,39
True,0.65,0.65,4.486437843643157,0,11.167284632678347,0,13,mild,83,40
True,0.8000000000000002,0.8000000000000002,0.11163048639362531,0,16.15491877330693,0,16,mild,84,41
True,0.8000000000000002,0.8000000000000002,2.306020074447932,0,15.281303275038058,0,16,mild,90,42
True,0.65,0.65,2.3593440904107488,0,13.83728261043897,0,13,mild,98,43
True,0.15000000000000002,0.15000000000000002,6.300230716720952,0,4.53305884176958,0,3,mild,99,44
True,1.0500000000000003,1.0500000000000003,0.03819216074520175,0,25.60841490328518,0,21,mild,101,45
True,0.7000000000000001,0.7000000000000001,3.5917160322702055,0,18.79230983072873,0,14,mild,102,46
True,1.2500000000000004,1.2500000000000004,0.07308166372375095,0,42.27898756508019,0,25,mild,103,47
True,0.65,0.65,9.451073925247243,0,10.913532354584047,0,13,mild,109,48
True,0.9500000000000003,0.9500000000000003,0.3285316567496978,0,32.76529370717219,0,19,mild,111,49
False,,0.49999999999999994,-0.09009123530535441,1,17.156290286147676,1,10,mild,112,50
True,1.3500000000000005,1.3500000000000005,0.018606204557309127,0,43.693643391561714,0,27,mild,115,51
False,,0.9000000000000002,-0.036641310105982594,1,20.54775651136221,1,18,mild,116,52
True,0.9500000000000003,0.9500000000000003,2.606841653688532,0,19.530602341813864,0,19,mild,117,53
False,,0.8000000000000002,-0.07412495828288909,1,30.658565316255384,1,16,mild,118,54
False,,0.6,-0.12829767148301588,1,18.647559164850183,1,12,mild,119,55
False,,1.0500000000000003,-0.09117620737944265,1,34.99035407632857,1,21,mild,120,56
False,,0.65,-0.020340322782668778,1,16.950700649873152,1,13,mild,122,57
True,0.6,0.6,3.7211170528873416,0,14.558650960338388,0,12,mild,123,58
False,,0.8500000000000002,-0.0651518272497289,1,21.11114355665105,1,17,mild,126,59
False,,0.44999999999999996,-0.046969497537692986,1,18.20102418218309,1,9,mild,127,60
True,0.65,0.65,1.940813097786942,0,16.605161148886335,0,13,mild,132,61
False,,0.8500000000000002,-0.07040195864510074,1,34.10626724109075,1,17,mild,134,62
True,0.8500000000000002,0.8500000000000002,0.8608412432894225,0,22.75768122205596,0,17,mild,135,63
False,,0.6,-0.007340712048983816,1,24.5356306966149,1,12,mild,139,64
False,,1.1000000000000003,-0.08833754190175398,1,36.17140997211602,1,22,mild,140,65
True,0.7000000000000001,0.7000000000000001,0.006590655014065608,0,15.491081054450264,0,14,mild,148,66
False,,0.44999999999999996,-0.14556879816838658,1,10.991594421196016,1,9,mild,149,67
False,,0.6,-0.17315046495771105,1,17.962167436742014,1,12,mild,150,68
False,,0.39999999999999997,-0.11328775318774906,1,17.46325663814145,1,8,mild,151,69
True,0.3,0.3,1.5895489054684828,0,5.124226333714517,0,6,mild,152,70
False,,0.7000000000000001,-0.04375924632265614,1,19.527697379429064,1,14,mild,154,71
False,,0.9500000000000003,-0.060960642991621725,1,27.89798153086553,1,19,mild,157,72
True,0.65,0.65,4.14247226976711,0,14.14909622083498,0,13,mild,158,73
False,,1.0000000000000002,-0.00772296993654046,1,26.85398594470588,1,20,mild,159,74
False,,0.65,-0.019771441815619906,1,21.293532610725965,1,13,mild,161,75
True,0.65,0.65,0.034330697550129255,0,14.23114311727927,0,13,mild,164,76
False,,0.7500000000000001,-0.032070862407663075,1,30.271237157822334,1,15,mild,165,77
True,0.7500000000000001,0.7500000000000001,0.06439110748087874,0,16.184388185968942,0,15,mild,177,78
False,,0.44999999999999996,-0.09203582331627462,1,14.592450662273738,1,9,mild,178,79
False,,0.65,-0.0063084452886843076,1,24.969047943550144,1,13,mild,180,80
True,0.3,0.3,5.189877462128666,0,6.490846480109244,0,6,mild,181,81
False,,0.9500000000000003,-0.004167051803361756,1,41.84602028279182,1,19,mild,182,82
False,,0.8500000000000002,-0.0014105345202457514,1,23.804903093584095,1,17,mild,183,83
True,0.8000000000000002,0.8000000000000002,1.0566304692497126,0,18.403668345014804,0,16,mild,184,84
False,,0.8500000000000002,-0.12400031163421049,1,21.09923494052754,1,17,mild,185,85
True,1.1500000000000004,1.1500000000000004,0.007863164016375726,0,29.60974148287166,0,23,mild,187,86
True,0.8500000000000002,0.8500000000000002,0.04535616056863817,0,16.69456126144089,0,17,mild,190,87
False,,0.5499999999999999,-0.06867658043155214,1,23.681357698537642,1,11,mild,191,88
False,,0.49999999999999994,-0.06172609513373876,1,19.248274921846697,1,10,mild,192,89
False,,0.65,-0.1049556254950586,1,14.502764378568934,1,13,mild,194,90
False,,0.49999999999999994,-0.033159339487946186,1,13.81046550716834,1,10,mild,195,91
True,1.1000000000000003,1.1000000000000003,0.0851187276205306,0,28.38782349548747,0,22,mild,196,92
False,,0.9500000000000003,-0.15784744109078783,1,37.807099510487014,1,19,mild,198,93
False,,1.1000000000000003,-0.1373299018398255,1,40.92757466130938,1,22,mild,199,94
False,,0.44999999999999996,-0.15206374446666912,1,18.871026923754467,1,9,mild,203,95
True,0.39999999999999997,0.39999999999999997,7.620092577108419,0,9.409308722821844,0,8,mild,206,96
False,,0.6,-0.10116244793015491,1,23.777150724843786,1,12,mild,216,97
False,,0.44999999999999996,-0.06500461076812834,1,19.917466708429995,1,9,mild,219,98
False,,0.7500000000000001,-0.05731144569072458,1,17.866011429234554,1,15,mild,220,99
False,,0.44999999999999996,0.30362164344165643,0,18.05106275028459,1,9,mild,223,100
False,,0.25,-0.3347449511906046,1,11.15302700278152,1,5,mild,226,101
False,,0.9500000000000003,-0.03263831942524011,1,21.929725964220943,1,19,mild,230,102
False,,0.44999999999999996,0.035901005211394464,0,19.890166897518004,1,9,mild,233,103
True,1.0500000000000003,1.0500000000000003,3.553001999036862,0,33.9204359518665,0,21,mild,236,104
True,1.1000000000000003,1.1000000000000003,0.04404774404108413,0,31.55925776912524,0,22,mild,238,105
True,0.6,0.6,4.078448420203625,0,9.834845335942422,0,12,mild,239,106
False,,0.35,-0.02567197396703603,1,17.230276138985147,1,7,mild,240,107
False,,0.8500000000000002,-0.049773787882629116,1,25.697344288251635,1,17,mild,241,108
False,,0.5499999999999999,-0.06526343965562074,1,15.35843467015167,1,11,mild,242,109
True,0.5499999999999999,0.5499999999999999,0.2056034385574169,0,8.09983130048325,0,11,mild,244,110
False,,0.9000000000000002,-0.05484943285388669,1,35.58377557680958,1,18,mild,245,111
False,,0.6,-0.06191696768066654,1,17.82171758152291,1,12,mild,246,112
False,,0.65,-0.13027625677615623,1,18.517578904442495,1,13,mild,252,113
False,,0.6,-0.044399935488050574,1,24.832825266339626,1,12,mild,253,114
False,,0.6,-0.10604994689614225,1,15.605020093550271,1,12,mild,256,115
True,1.3000000000000005,1.3000000000000005,0.059500317387115066,0,43.42514942135571,0,26,mild,258,116
True,0.44999999999999996,0.44999999999999996,0.16604742274842882,0,7.5594133952921005,0,9,mild,262,117
False,,1.1500000000000004,-0.02086581655424554,1,32.19974945486654,1,23,mild,265,118
False,,0.9500000000000003,-0.0056413415212545745,1,29.426151697109884,1,19,mild,271,119
False,,0.49999999999999994,-0.020540351600332196,1,14.408857343265908,1,10,mild,272,120
False,,0.49999999999999994,-0.06204769732863505,1,14.014723808437854,1,10,mild,275,121
False,,0.9000000000000002,-0.0037971970151881133,1,22.054235586764726,1,18,mild,277,122
False,,0.49999999999999994,-0.08535436580070344,1,13.208147031401515,1,10,mild,278,123
False,,0.6,-0.06948444992612897,1,18.437502572660836,1,12,mild,280,124
False,,0.7000000000000001,-0.096176019977497,1,22.817845245412396,1,14,mild,286,125
True,0.7500000000000001,0.7500000000000001,1.5971694714136746,0,16.136927199221283,0,15,mild,288,126
False,,0.9500000000000003,-0.034943974207799586,1,33.48992812007361,1,19,mild,289,127
True,0.7500000000000001,0.7500000000000001,7.0154451355274885,0,13.976614852148998,0,15,mild,294,128
False,,0.2,-0.1392224401227174,1,6.757788133980565,1,4,mild,296,129
True,0.9500000000000003,0.9500000000000003,0.7507792102435911,0,16.34130497232529,0,19,mild,297,130
True,0.49999999999999994,0.49999999999999994,7.2406750362215,0,10.609960127965456,0,10,mild,299,131
False,,0.5499999999999999,-0.14024854950097296,1,13.050887470535422,1,11,mild,301,132
True,1.0500000000000003,1.0500000000000003,0.10415314626795508,0,24.36143283092928,0,21,mild,302,133
False,,0.5499999999999999,-0.013683993073104516,1,14.715061647243722,1,11,mild,310,134
True,0.65,0.65,5.205687850445236,0,11.471840772199524,0,13,mild,311,135
True,0.65,0.65,9.397380215332648,0,14.291005209419144,0,13,mild,318,136
True,0.7500000000000001,0.7500000000000001,2.1686126438104885,0,15.078503755345697,0,15,mild,319,137
False,,0.44999999999999996,-0.02847639658079978,1,11.401010066751144,1,9,mild,322,138
True,0.39999999999999997,0.39999999999999997,1.2947264729779853,0,8.859133107658213,0,8,mild,332,139
True,0.25,0.25,9.603223521547802,0,6.945983279332979,0,5,mild,335,140
False,,0.3,-0.05507635921682613,1,8.779074393880254,1,6,mild,336,141
True,0.9500000000000003,0.9500000000000003,0.010607238412774958,0,20.046984421334788,0,19,mild,338,142
True,0.7500000000000001,0.7500000000000001,9.040578582588326,0,21.63367341407949,0,15,mild,342,143
True,1.0500000000000003,1.0500000000000003,0.03766432583258665,0,21.02001566192767,0,21,mild,348,144
False,,0.39999999999999997,-0.5221925828635167,1,17.683544657880883,1,8,mild,349,145
False,,0.9500000000000003,-0.15262857820716705,1,35.82206352332002,1,19,mild,350,146
False,,0.8500000000000002,-0.12769854638224132,1,27.665157498414658,1,17,mild,355,147
False,,0.44999999999999996,-0.07864830646409923,1,12.725232397485321,1,9,mild,358,148
True,0.8500000000000002,0.8500000000000002,0.13131572284233778,0,23.624430172972286,0,17,mild,360,149
False,,0.44999999999999996,-0.08617402006261214,1,14.683661127899532,1,9,mild,364,150
False,,0.25,-0.03592884224229742,1,9.229082462429318,1,5,mild,365,151
False,,1.0500000000000003,-0.15436753868272052,1,45.10035560372696,1,21,mild,366,152
False,,1.2500000000000004,-0.028420859581831256,1,44.07895308891406,1,25,mild,367,153
True,0.8000000000000002,0.8000000000000002,0.6090873719173848,0,14.105486869226151,0,16,mild,368,154
True,0.5499999999999999,0.5499999999999999,9.443928215476516,0,11.421774585593873,0,11,mild,369,155
True,0.7500000000000001,0.7500000000000001,0.06646577598005025,0,19.110262886369426,0,15,mild,372,156
False,,0.39999999999999997,-0.23644253325514797,1,11.676728753327142,1,8,mild,374,157
False,,0.44999999999999996,-0.0011714437163832401,1,15.183208993107641,1,9,mild,375,158
True,0.6,0.6,5.241225034166126,0,11.573747022831418,0,12,mild,380,159
False,,0.39999999999999997,0.25557338672956226,0,18.20911711908817,1,8,mild,382,160
False,,1.1000000000000003,-0.03861977270853591,1,40.01260213568242,1,22,mild,383,161
True,0.7000000000000001,0.7000000000000001,8.245035674639801,0,16.805346946834366,0,14,mild,387,162
False,,1.2500000000000004,-0.11992656441306158,1,41.89865539508409,1,25,mild,388,163
False,,0.49999999999999994,-0.023864258302876168,1,11.038286873052204,1,10,mild,391,164
False,,0.44999999999999996,-0.11405303555427514,1,12.669539343237663,1,9,mild,395,165
True,0.7500000000000001,0.7500000000000001,0.06694703736192664,0,15.346599749946998,0,15,mild,400,166
False,,0.9500000000000003,-0.021985924828046233,1,33.340913312087864,1,19,mild,401,167
False,,0.5499999999999999,-0.0691753093878563,1,12.533724545134202,1,11,mild,402,168
False,,0.35,-0.04891583130769353,1,3.252723625273592,1,7,mild,405,169
False,,0.8000000000000002,-0.1449737843489826,1,29.743712665220848,1,16,mild,408,170
True,0.65,0.65,1.6707649717625497,0,14.905347862632292,0,13,mild,409,171
False,,0.3,0.28530316681194773,0,13.603943624045899,1,6,mild,412,172
False,,1.0000000000000002,-0.07087365430607538,1,31.69110914851276,1,20,mild,413,173
False,,0.65,-0.21913731561301814,1,15.510784363769247,1,13,mild,415,174
True,0.9500000000000003,0.9500000000000003,0.046692935256221715,0,18.412334832021546,0,19,mild,416,175
False,,0.35,-0.032621319966686185,1,10.128464110901298,1,7,mild,417,176
False,,0.9500000000000003,-0.07810690917384083,1,30.602982346427115,1,19,mild,419,177
True,1.0500000000000003,1.0500000000000003,0.10401509852259905,0,23.093096237310434,0,21,mild,425,178
True,1.0000000000000002,1.0000000000000002,0.043883567176888724,0,19.206475581083655,0,20,mild,426,179
True,0.65,0.65,9.186003800848844,0,10.54327575392914,0,13,mild,429,180
True,0.3,0.3,4.992912959512682,0,6.851195151884535,0,6,mild,433,181
True,0.7500000000000001,0.7500000000000001,9.202740369536402,0,12.674465658049906,0,15,mild,434,182
True,1.2500000000000004,1.2500000000000004,0.03600558179656016,0,29.89939529291803,0,25,mild,435,183
True,0.44999999999999996,0.44999999999999996,3.2958354037755306,0,9.792793442432066,0,9,mild,436,184
True,0.44999999999999996,0.44999999999999996,9.709399899629618,0,9.836051175405242,0,9,mild,439,185
False,,0.5499999999999999,-0.06122507948183381,1,14.698782732853278,1,11,mild,444,186
False,,0.5499999999999999,-0.140479919873923,1,15.12054571835472,1,11,mild,445,187
False,,0.49999999999999994,-0.050671681338333184,1,12.883013754694762,1,10,mild,446,188
False,,0.39999999999999997,-0.1339019940825108,1,12.422541652390652,1,8,mild,447,189
True,0.9000000000000002,0.9000000000000002,0.06724122613042925,0,24.155230922971466,0,18,mild,448,190
True,0.3,0.3,4.226469820408331,0,5.770840980675376,0,6,mild,449,191
False,,0.35,-0.12474129108021428,1,8.934715668621779,1,7,mild,452,192
False,,0.65,-0.02289353251274733,1,19.440496497010795,1,13,mild,453,193
False,,0.6,-0.010927143856262755,1,25.072913053720775,1,12,mild,455,194
True,0.35,0.35,3.51586007330208,0,8.206627272294691,0,7,mild,456,195
True,0.5499999999999999,0.5499999999999999,2.015692515673135,0,13.620383067707936,0,11,mild,458,196
True,0.2,0.2,4.904673199184427,0,5.8686678185510806,0,4,mild,459,197
False,,0.7500000000000001,-0.021372047716729542,1,19.863556007563847,1,15,mild,462,198
True,0.8500000000000002,0.8500000000000002,0.06787219929875121,0,14.925129770522917,0,17,mild,465,199
True,0.9000000000000002,0.9000000000000002,0.7272855571190102,0,20.905797036655777,0,18,mild,466,200
True,0.65,0.65,4.677731629313081,0,13.77774219391043,0,13,mild,468,201
False,,0.35,-0.02862408767018926,1,14.433859601153525,1,7,mild,469,202
False,,0.5499999999999999,-0.16243556997740938,1,23.17374120728013,1,11,mild,471,203
False,,0.39999999999999997,-0.10299708514725393,1,13.064137813899213,1,8,mild,473,204
False,,0.5499999999999999,-0.15207764976626895,1,22.41530593098218,1,11,mild,475,205
True,0.7500000000000001,0.7500000000000001,8.603139030819426,0,14.321546984533805,0,15,mild,476,206
False,,0.8000000000000002,-0.0017424657214170313,1,24.24010989561825,1,16,mild,478,207
False,,0.6,-0.041613762748610936,1,19.83421484752279,1,12,mild,481,208
True,1.0000000000000002,1.0000000000000002,0.0875808452941939,0,23.144645627490117,0,20,mild,483,209
False,,0.65,-0.014051958883516371,1,20.88112890812355,1,13,mild,485,210
False,,0.8000000000000002,-0.07243445235630869,1,34.84298196789912,1,16,mild,488,211
False,,0.39999999999999997,-0.08566056006952776,1,18.304637213753253,1,8,mild,489,212
True,0.65,0.65,7.753133743895335,0,13.472313397748021,0,13,mild,493,213
False,,1.1500000000000004,-0.007647136010275108,1,47.37643800193501,1,23,mild,498,214
True,0.7500000000000001,0.7500000000000001,1.85473479171767,0,17.24917550458717,0,15,mild,502,215
False,,0.44999999999999996,-0.13609506957462733,1,21.488551785512115,1,9,mild,506,216
False,,1.1000000000000003,-0.2016796323444681,1,39.95410181455087,1,22,mild,508,217
False,,0.25,0.9287824160902521,0,10.066690786348776,1,5,mild,514,218
False,,0.7000000000000001,-0.16880387345981906,1,18.2660714681763,1,14,mild,517,219
False,,0.5499999999999999,-0.02952849422925324,1,21.728854332956924,1,11,mild,519,220
False,,0.9500000000000003,-0.008826380792462328,1,25.46139395166253,1,19,mild,520,221
False,,0.65,-0.018297288203367595,1,20.598162453538084,1,13,mild,521,222
True,1.4500000000000006,1.4500000000000006,0.014857293700283799,0,50.163472801332034,0,29,mild,522,223
False,,0.44999999999999996,1.1200577529033435,0,20.662330955325643,1,9,mild,523,224
True,0.7500000000000001,0.7500000000000001,6.421196008979498,0,13.422984708439088,0,15,mild,528,225
False,,0.8500000000000002,-0.1382637129882855,1,27.241636422568575,1,17,mild,535,226
False,,0.6,-0.10085021682618264,1,15.95466011578837,1,12,mild,536,227
False,,0.9500000000000003,-0.008267797757045761,1,35.55486029408814,1,19,mild,540,228
False,,0.6,-0.14434125977174472,1,17.89152852117574,1,12,mild,541,229
True,1.0000000000000002,1.0000000000000002,0.04223207516285926,0,28.376121693598154,0,20,mild,544,230
True,0.44999999999999996,0.44999999999999996,4.937954754753899,0,7.133305504050936,0,9,mild,546,231
True,1.1500000000000004,1.1500000000000004,0.00236424684120455,0,25.043177013166694,0,23,mild,548,232
False,,0.6,-0.021435614057889515,1,16.61811005325972,1,12,mild,550,233
False,,0.6,-0.15633193768081108,1,17.203413533523847,1,12,mild,553,234
False,,0.9500000000000003,-0.10014034004023505,1,32.7011369349391,1,19,mild,554,235
True,0.25,0.25,1.308759403877381,0,5.328230876307441,0,5,mild,556,236
False,,0.39999999999999997,-0.034946105811773175,1,14.832856646831623,1,8,mild,558,237
False,,0.65,-0.12558589456059005,1,17.167052884073136,1,13,mild,559,238
True,0.44999999999999996,0.44999999999999996,1.6066193558460735,0,6.760855861251828,0,9,mild,562,239
True,0.49999999999999994,0.49999999999999994,2.8452917737313856,0,9.007655508201253,0,10,mild,563,240
False,,0.6,-0.11587776077427504,1,14.32383222875865,1,12,mild,567,241
False,,0.6,-0.05050695146391228,1,25.06400905012037,1,12,mild,568,242
False,,0.7000000000000001,-0.04777069421720841,1,20.896489897957075,1,14,mild,571,243
False,,0.3,-0.024171765703784757,1,7.990831263526049,1,6,mild,573,244
False,,0.3,-0.021925823352977134,1,13.025221543264236,1,6,mild,574,245
False,,0.5499999999999999,-0.06916751585790662,1,19.530673054914406,1,11,mild,577,246
False,,0.8000000000000002,-0.0689030368266752,1,24.588341686853116,1,16,mild,581,247
False,,0.8500000000000002,-0.03986467452835862,1,19.585834220673416,1,17,mild,584,248
True,0.8000000000000002,0.8000000000000002,0.2683067169432491,0,18.01228272638469,0,16,mild,585,249
True,0.3,0.3,8.792055187236782,0,5.369504906391351,0,6,mild,586,250
True,0.5499999999999999,0.5499999999999999,0.21834431979025487,0,10.02294129925299,0,11,mild,589,251
True,0.25,0.25,2.3922237773802837,0,2.1465468153524356,0,5,mild,590,252
False,,0.44999999999999996,-0.03491353327102158,1,19.92367677520831,1,9,mild,591,253
True,0.7000000000000001,0.7000000000000001,6.9978541433762445,0,16.105943210943924,0,14,mild,592,254
False,,0.49999999999999994,-0.10998187222031668,1,13.710477671633843,1,10,mild,593,255
False,,0.49999999999999994,-0.004219087682268323,1,13.065055517314534,1,10,mild,594,256
True,0.7500000000000001,0.7500000000000001,7.506068396358705,0,16.953287422760752,0,15,mild,597,257
True,0.8000000000000002,0.8000000000000002,4.402558164336298,0,14.937041343479656,0,16,mild,598,258
False,,0.3,0.33004895084294833,0,13.163566726690366,1,6,mild,600,259
True,0.8500000000000002,0.8500000000000002,4.862871362105466,0,14.741688613011567,0,17,mild,604,260
True,0.7000000000000001,0.7000000000000001,3.3660114104711063,0,10.164299757542597,0,14,mild,606,261
True,0.49999999999999994,0.49999999999999994,6.879097929030422,0,10.744549160639243,0,10,mild,613,262
False,,0.6,-0.024836791043931526,1,26.650788211618462,1,12,mild,614,263
False,,1.0500000000000003,-0.00020730740483985418,1,44.58525300040528,1,21,mild,615,264
True,0.7500000000000001,0.7500000000000001,0.03213623880855224,0,15.106327475261745,0,15,mild,621,265
False,,0.5499999999999999,-0.1395884868191594,1,12.749530174664494,1,11,mild,623,266
False,,0.9000000000000002,-0.12102851454233485,1,39.313544733243205,1,18,mild,631,267
True,0.9000000000000002,0.9000000000000002,4.3569116507381604,0,18.536298933272274,0,18,mild,634,268
False,,0.65,-0.12734530764838267,1,24.36304866945563,1,13,mild,637,269
True,1.0500000000000003,1.0500000000000003,0.07689594487872677,0,20.226221146346305,0,21,mild,639,270
True,0.65,0.65,8.627163707058559,0,9.914284144984828,0,13,mild,644,271
False,,1.0000000000000002,-0.09950004654220859,1,41.76737533368917,1,20,mild,645,272
False,,0.8000000000000002,-0.07776082915983937,1,23.838774356291644,1,16,mild,646,273
False,,0.5499999999999999,-0.17887922621567262,1,24.90272097952807,1,11,mild,654,274
True,0.7500000000000001,0.7500000000000001,2.1115365647872624,0,17.760284014189562,0,15,mild,655,275
False,,0.7500000000000001,-0.11751495242010365,1,29.99059925623056,1,15,mild,661,276
False,,0.9000000000000002,-0.11788265234451599,1,28.544074112317936,1,18,mild,662,277
True,0.7000000000000001,0.7000000000000001,0.6340892998787185,0,15.173865811005808,0,14,mild,665,278
False,,0.5499999999999999,-0.09248677974895701,1,20.872003221712095,1,11,mild,667,279
False,,0.35,-0.048017516393377445,1,13.166628393269459,1,7,mild,668,280
False,,1.2500000000000004,-0.08708656004141299,1,33.40300744401257,1,25,mild,671,281
True,0.6,0.6,7.841551615954844,0,12.28081108148285,0,12,mild,672,282
False,,0.9500000000000003,-0.048668606124772223,1,36.22894754366734,1,19,mild,675,283
False,,0.49999999999999994,-0.03031949555091419,1,18.60616313403477,1,10,mild,676,284
False,,0.5499999999999999,-0.03128459776466777,1,17.77456425704196,1,11,mild,678,285
False,,0.8500000000000002,-0.06474249530606513,1,35.11545237902959,1,17,mild,679,286
True,1.0500000000000003,1.0500000000000003,0.29830029534023017,0,19.287862446151642,0,21,mild,681,287
True,1.4000000000000006,1.4000000000000006,0.05182031859465117,0,42.39137100845284,0,28,moderate,1,0
True,1.2000000000000004,1.2000000000000004,0.03214479933984557,0,42.34567586828234,0,24,moderate,2,1
True,0.6,0.6,5.592582002116371,0,16.265491779350814,0,12,moderate,4,2
False,,0.3,-1.180704680599455,1,7.893956389081557,1,6,moderate,6,3
False,,1.0500000000000003,-0.03948950681624995,1,37.36726014546073,1,21,moderate,7,4
True,0.5499999999999999,0.5499999999999999,0.6619685726425086,0,8.845069402603015,0,11,moderate,10,5
False,,0.39999999999999997,-1.0412462891600989,1,18.54432619543234,1,8,moderate,12,6
True,0.9000000000000002,0.9000000000000002,3.4991185599237413,0,15.499436277886286,0,18,moderate,13,7
False,,0.39999999999999997,-0.1512034834717002,1,19.250523069201247,1,8,moderate,15,8
False,,0.35,0.1864672494383481,0,14.82045451903879,1,7,moderate,18,9
True,0.8000000000000002,0.8000000000000002,3.158755240649091,0,19.606991983966605,0,16,moderate,19,10
True,0.39999999999999997,0.39999999999999997,2.325211822548498,0,10.934901166310688,0,8,moderate,21,11
False,,0.49999999999999994,-0.16247427762445027,1,10.216672690637829,1,10,moderate,22,12
False,,0.6,-0.5183542947856669,1,20.70154307086812,1,12,moderate,23,13
False,,0.8500000000000002,-0.19517436017198772,1,24.331833520429736,1,17,moderate,24,14
True,0.5499999999999999,0.5499999999999999,4.783679289557483,0,9.13574654623399,0,11,moderate,26,15
True,0.6,0.6,2.6254884323044316,0,13.38845241062089,0,12,moderate,29,16
False,,1.1500000000000004,-0.481520550692157,1,39.30034138872569,1,23,moderate,30,17
True,0.49999999999999994,0.49999999999999994,1.491863255684049,0,12.097083605112307,0,10,moderate,32,18
False,,0.05,-0.0293197638303089,1,2.499985925905535,1,1,moderate,33,19
True,0.65,0.65,7.75061513913228,0,12.45555598919993,0,13,moderate,37,20
False,,1.0000000000000002,-0.10218645058374917,1,36.93329067497574,1,20,moderate,38,21
True,0.25,0.25,9.194602141979937,0,5.707629540861732,0,5,moderate,42,22
True,0.7000000000000001,0.7000000000000001,0.4028243338757419,0,9.757284998628693,0,14,moderate,44,23
True,1.1000000000000003,1.1000000000000003,0.20790358628017847,0,27.60647690640091,0,22,moderate,47,24
False,,0.5499999999999999,-0.019604737283159573,1,13.963401714440842,1,11,moderate,48,25
False,,0.7500000000000001,-0.39766315031185956,1,30.686895219989744,1,15,moderate,53,26
True,1.1000000000000003,1.1000000000000003,0.3112486436869638,0,24.757325687837028,0,22,moderate,54,27
False,,0.7000000000000001,-0.19122355580218126,1,24.1721502637779,1,14,moderate,55,28
True,0.49999999999999994,0.49999999999999994,10.223943650151345,0,13.405336008691965,0,10,moderate,56,29
False,,0.39999999999999997,-0.038551034315129046,1,17.91931880802821,1,8,moderate,60,30
False,,0.8500000000000002,-0.16337873505318562,1,21.235923595980047,1,17,moderate,61,31
False,,0.25,0.12568253629737938,0,11.588498201360952,1,5,moderate,62,32
True,0.7000000000000001,0.7000000000000001,2.4218330105579917,0,13.117550221896916,0,14,moderate,66,33
False,,0.35,-0.034764488039612046,1,9.594044465456719,1,7,moderate,67,34
False,,0.6,-0.03833140966947241,1,19.226336287010906,1,12,moderate,69,35
False,,0.8500000000000002,-0.0022338548361227092,1,19.986173799773837,1,17,moderate,74,36
True,0.3,0.3,4.878555509437261,0,6.6942584729428525,0,6,moderate,77,37
False,,0.44999999999999996,-0.49663064760718256,1,15.094910320971692,1,9,moderate,80,38
False,,0.6,-0.3507657592004781,1,16.183290125161964,1,12,moderate,81,39
True,0.65,0.65,4.486437843643157,0,11.244840359878074,0,13,moderate,83,40
False,,0.5499999999999999,-0.1767274795087036,1,14.447484717429656,1,11,moderate,84,41
True,0.8000000000000002,0.8000000000000002,2.673384005496052,0,15.394161160053118,0,16,moderate,90,42
True,0.65,0.65,2.083612560268175,0,13.99573895146273,0,13,moderate,98,43
True,0.2,0.2,6.423269668304864,0,5.587108816812049,0,4,moderate,99,44
False,,0.65,-0.18377530964820202,1,16.900758774998035,1,13,moderate,101,45
True,0.7500000000000001,0.7500000000000001,5.013130554527963,0,19.545162024276703,0,15,moderate,102,46
False,,0.9500000000000003,-0.13525898762208935,1,36.094659554709764,1,19,moderate,103,47
True,0.65,0.65,9.3507835892075,0,11.070112237160252,0,13,moderate,109,48
True,0.9500000000000003,0.9500000000000003,0.43589627482286886,0,32.63957835607936,0,19,moderate,111,49
False,,0.44999999999999996,-0.34294598838729917,1,15.746943679489917,1,9,moderate,112,50
False,,0.15000000000000002,-0.17341379351256095,1,6.719962892971939,1,3,moderate,115,51
False,,0.7500000000000001,-0.08432261981111723,1,18.473917403169455,1,15,moderate,116,52
True,0.9500000000000003,0.9500000000000003,2.035551140649602,0,19.43850779549169,0,19,moderate,117,53
False,,1.0000000000000002,-0.21892930022942095,1,33.06380122555709,1,20,moderate,118,54
False,,0.65,-0.28824932162018035,1,20.334077815992913,1,13,moderate,119,55
False,,1.0500000000000003,-0.0027762521550234,1,36.20308841965356,1,21,moderate,120,56
False,,0.65,-0.5258010920827506,1,16.48791428691361,1,13,moderate,122,57
True,0.6,0.6,4.471587720895941,0,14.476614688407649,0,12,moderate,123,58
False,,0.65,-0.3731316470216982,1,18.754174552932287,1,13,moderate,126,59
False,,0.49999999999999994,-0.17146723073647266,1,20.605681331890654,1,10,moderate,127,60
True,0.65,0.65,0.2432747507866886,0,15.769940686110452,0,13,moderate,132,61
False,,0.9500000000000003,-0.033076696939918354,1,34.21826244178779,1,19,moderate,134,62
False,,0.6,-0.2158216726637117,1,20.686495442415396,1,12,moderate,135,63
False,,0.7000000000000001,-0.3688931341181425,1,28.6895066519915,1,14,moderate,139,64
False,,0.8500000000000002,-0.027925975914407954,1,34.20495201602051,1,17,moderate,140,65
True,0.7000000000000001,0.7000000000000001,2.6920562252946434,0,16.231516679949518,0,14,moderate,148,66
False,,0.44999999999999996,-0.108069766376655,1,11.131769767055257,1,9,moderate,149,67
False,,0.49999999999999994,-0.32551884116088564,1,14.250526096284114,1,10,moderate,150,68
True,0.9000000000000002,0.9000000000000002,0.49702914584367947,0,21.760167555655382,0,18,moderate,151,69
True,0.3,0.3,1.5895489054684828,0,5.0180338999035445,0,6,moderate,152,70
False,,1.0000000000000002,-0.22968025114677548,1,28.770407939166933,1,20,moderate,154,71
False,,0.7000000000000001,-0.38782637888311305,1,22.568896469769417,1,14,moderate,157,72
True,0.65,0.65,3.276944756490637,0,14.057610240492496,0,13,moderate,158,73
False,,1.0000000000000002,-0.1000662702323921,1,26.363354836820484,1,20,moderate,159,74
False,,0.7000000000000001,-0.04117253701424152,1,22.533195197445995,1,14,moderate,161,75
True,0.65,0.65,1.0292200394193556,0,13.873035276878426,0,13,moderate,164,76
False,,0.8000000000000002,-0.40934008130312316,1,31.835850645191602,1,16,moderate,165,77
True,0.7500000000000001,0.7500000000000001,0.32010569692072594,0,16.1280719472186,0,15,moderate,177,78
True,1.3000000000000005,1.3000000000000005,0.015654927313067103,0,38.29047441170086,0,26,moderate,178,79
True,0.9500000000000003,0.9500000000000003,0.2691212237091894,0,27.501128150935372,0,19,moderate,180,80
True,0.3,0.3,5.154720346958081,0,6.5919337616060005,0,6,moderate,181,81
False,,0.9500000000000003,-0.1166225919946251,1,41.92976755768688,1,19,moderate,182,82
False,,0.9500000000000003,-0.2460502880135978,1,25.703343442530382,1,19,moderate,183,83
True,0.8000000000000002,0.8000000000000002,1.412761024682619,0,18.5595055715289,0,16,moderate,184,84
False,,0.7500000000000001,-0.36779649252187424,1,18.885946151227095,1,15,moderate,185,85
False,,0.8000000000000002,-0.05070937321727666,1,22.443566286341344,1,16,moderate,187,86
False,,0.05,-1.255465658716096,1,1.8566086544130762,1,1,moderate,190,87
False,,0.5499999999999999,-0.41420890033293883,1,24.283274624090602,1,11,moderate,191,88
False,,0.3,-0.24315587341747555,1,10.470559451705387,1,6,moderate,192,89
True,0.9500000000000003,0.9500000000000003,0.3482000207167843,0,17.54246863635293,0,19,moderate,194,90
False,,0.44999999999999996,-0.07536042240423577,1,12.956188840851578,1,9,moderate,195,91
False,,0.65,-0.25440265882317414,1,17.134516895552657,1,13,moderate,196,92
False,,1.1000000000000003,-0.31235749636133997,1,40.23616992688519,1,22,moderate,198,93
True,1.4000000000000006,1.4000000000000006,0.043866498911967415,0,49.71016024610272,0,28,moderate,199,94
False,,0.49999999999999994,-0.07206868812396106,1,21.89226011685597,1,10,moderate,203,95
True,0.44999999999999996,0.44999999999999996,7.620092577108419,0,9.854394615807564,0,9,moderate,206,96
False,,0.5499999999999999,-0.5381902949345321,1,19.928779166748956,1,11,moderate,216,97
False,,0.44999999999999996,-0.08670036532574367,1,18.574004999449148,1,9,moderate,219,98
False,,0.8000000000000002,-0.2101115170238541,1,17.935663576426975,1,16,moderate,220,99
False,,0.49999999999999994,-0.11794046621439451,1,21.957363614266434,1,10,moderate,223,100
False,,0.2,0.178670606469085,0,9.181225955823894,1,4,moderate,226,101
False,,0.8500000000000002,-0.005088823676346128,1,19.965920782585215,1,17,moderate,230,102
False,,0.49999999999999994,-0.4179867775796684,1,21.831994170975907,1,10,moderate,233,103
True,1.0500000000000003,1.0500000000000003,2.7050838746292176,0,33.89170173260541,0,21,moderate,236,104
False,,0.7500000000000001,-0.06491011413986128,1,23.148675307166794,1,15,moderate,238,105
True,0.6,0.6,3.667104279031383,0,9.819566892890782,0,12,moderate,239,106
False,,0.9500000000000003,-0.44820997541124924,1,36.519553944922436,1,19,moderate,240,107
False,,0.9500000000000003,-0.4454634156396045,1,27.432264045070085,1,19,moderate,241,108
False,,0.6,-0.31403028645181436,1,16.50172560481778,1,12,moderate,242,109
False,,0.1,-1.1567082295294722,1,2.7069690508544086,1,2,moderate,244,110
False,,0.9500000000000003,-0.0900969910876846,1,35.283625843002405,1,19,moderate,245,111
False,,0.25,-0.2852978099808752,1,9.0540809592496,1,5,moderate,246,112
True,1.2500000000000004,1.2500000000000004,0.07549824665803527,0,33.52383301997618,0,25,moderate,252,113
True,1.0500000000000003,1.0500000000000003,0.14947378525059618,0,29.814109879550916,0,21,moderate,253,114
False,,0.5499999999999999,-0.2871922392192724,1,14.54593471012732,1,11,moderate,256,115
True,1.3000000000000005,1.3000000000000005,0.5352655929443795,0,43.11487342034876,0,26,moderate,258,116
True,0.39999999999999997,0.39999999999999997,0.9563936961005549,0,7.415898063769576,0,8,moderate,262,117
False,,1.0000000000000002,-0.3032944638509477,1,28.654193108567583,1,20,moderate,265,118
False,,0.65,-0.21821825282202853,1,21.54519940011425,1,13,moderate,271,119
False,,0.35,-0.46410503962827565,1,10.228248369011329,1,7,moderate,272,120
False,,0.6,-0.1983766458479513,1,17.60805834622996,1,12,moderate,275,121
False,,0.8500000000000002,-0.08631024814273267,1,20.372336784826032,1,17,moderate,277,122
False,,0.49999999999999994,-0.1910583354827999,1,13.426684095014046,1,10,moderate,278,123
False,,0.44999999999999996,-0.13589754470400361,1,12.867935109718863,1,9,moderate,280,124
True,1.0000000000000002,1.0000000000000002,0.27822720343608986,0,26.511765968266783,0,20,moderate,286,125
True,0.7500000000000001,0.7500000000000001,1.8994501009548488,0,16.165147802620815,0,15,moderate,288,126
False,,0.9500000000000003,-0.08626694928969189,1,34.170445957570536,1,19,moderate,289,127
True,0.7500000000000001,0.7500000000000001,7.076573410460717,0,14.010327183616766,0,15,moderate,294,128
False,,0.6,-0.46332719079959345,1,18.420806492363564,1,12,moderate,296,129
False,,0.7000000000000001,-0.11082298296250542,1,15.319118561059437,1,14,moderate,297,130
True,0.5499999999999999,0.5499999999999999,4.279899124055648,0,10.975621737874174,0,11,moderate,299,131
False,,0.49999999999999994,-0.06083802576130763,1,11.980920750229274,1,10,moderate,301,132
True,1.0500000000000003,1.0500000000000003,0.12263257446572247,0,24.649932175673552,0,21,moderate,302,133
True,0.9000000000000002,0.9000000000000002,0.04542089187605937,0,19.43271478149085,0,18,moderate,310,134
True,0.65,0.65,5.205687850445236,0,11.413071226459294,0,13,moderate,311,135
True,0.65,0.65,9.258066909844242,0,14.398284791776126,0,13,moderate,318,136
True,0.7500000000000001,0.7500000000000001,3.0868031327831167,0,15.054104431546337,0,15,moderate,319,137
False,,0.3,-0.001987266806928755,1,7.631426325621867,1,6,moderate,322,138
True,0.39999999999999997,0.39999999999999997,1.2947264729779853,0,9.048386457300618,0,8,moderate,332,139
True,0.25,0.25,9.409016293522294,0,6.953009495842337,0,5,moderate,335,140
False,,0.44999999999999996,-0.4980366686575545,1,12.976074737276232,1,9,moderate,336,141
False,,0.49999999999999994,-0.4385010862391167,1,13.334682499750429,1,10,moderate,338,142
True,0.7500000000000001,0.7500000000000001,9.040578582588326,0,21.561466817423266,0,15,moderate,342,143
False,,0.8000000000000002,-0.40563332687584824,1,18.213102313462823,1,16,moderate,348,144
False,,0.39999999999999997,-0.11659277732594121,1,17.657520679120097,1,8,moderate,349,145
False,,1.0000000000000002,-0.1260385783623791,1,36.56354334367431,1,20,moderate,350,146
False,,0.8000000000000002,-0.07715471910501115,1,26.274604814000035,1,16,moderate,355,147
False,,0.65,-0.24977255137171492,1,19.640847283051443,1,13,moderate,358,148
True,0.8500000000000002,0.8500000000000002,0.2178726334982264,0,24.08142537715885,0,17,moderate,360,149
False,,0.44999999999999996,-0.1680886145297607,1,14.134490701422385,1,9,moderate,364,150
False,,0.2,-0.060440764024142474,1,8.155466349607686,1,4,moderate,365,151
False,,1.1000000000000003,-0.0072221697710723376,1,47.29791567628029,1,22,moderate,366,152
False,,0.44999999999999996,-0.48154636665929845,1,20.97784996973485,1,9,moderate,367,153
True,0.8000000000000002,0.8000000000000002,0.3959085935462568,0,14.24629273157966,0,16,moderate,368,154
True,0.5499999999999999,0.5499999999999999,8.799707573583209,0,11.386044331912458,0,11,moderate,369,155
True,0.7000000000000001,0.7000000000000001,0.47423542219716985,0,17.76179118102158,0,14,moderate,372,156
False,,0.35,-0.6001508528213205,1,10.376969009315197,1,7,moderate,374,157
False,,0.39999999999999997,-0.4735727418918605,1,14.84603472409206,1,8,moderate,375,158
True,0.6,0.6,5.975581748913456,0,11.480625221520587,0,12,moderate,380,159
False,,1.1000000000000003,-0.022806590056503418,1,37.06284836702734,1,22,moderate,382,160
False,,0.9000000000000002,-0.187800926085117,1,38.17683450286538,1,18,moderate,383,161
True,0.7000000000000001,0.7000000000000001,7.703799019896818,0,16.492018782313554,0,14,moderate,387,162
False,,0.5499999999999999,-0.9100452509254613,1,23.636020390113238,1,11,moderate,388,163
True,0.8000000000000002,0.8000000000000002,0.18518206467646958,0,15.262283519903045,0,16,moderate,391,164
False,,0.39999999999999997,-0.030597999686905738,1,11.429972143165969,1,8,moderate,395,165
False,,0.49999999999999994,-0.17375313287035724,1,15.09898135769126,1,10,moderate,400,166
False,,0.9000000000000002,-0.0499190043967793,1,32.38776999879102,1,18,moderate,401,167
True,0.9000000000000002,0.9000000000000002,0.10632226018734127,0,18.830348260202843,0,18,moderate,402,168
False,,0.2,0.6582165530385353,0,2.327272671815461,1,4,moderate,405,169
False,,0.5499999999999999,-0.2581739155143898,1,20.995233784807027,1,11,moderate,408,170
True,0.65,0.65,0.12173128495024484,0,15.06569957366772,0,13,moderate,409,171
False,,0.9000000000000002,-0.2783601591382361,1,37.41457094623418,1,18,moderate,412,172
False,,0.9500000000000003,-0.38589656517860965,1,30.45425030000664,1,19,moderate,413,173
False,,0.5499999999999999,-0.3367251220445375,1,14.114898654996594,1,11,moderate,415,174
True,0.9500000000000003,0.9500000000000003,0.04169157998269991,0,18.885090994508523,0,19,moderate,416,175
False,,0.3,-0.4369339667987569,1,9.554734750654788,1,6,moderate,417,176
False,,0.9000000000000002,-0.11288919835919489,1,29.284433841365516,1,18,moderate,419,177
True,1.0500000000000003,1.0500000000000003,0.005701039737326885,0,23.321447906571354,0,21,moderate,425,178
False,,0.7500000000000001,-5.508677245920232e-05,1,15.390299541502902,1,15,moderate,426,179
True,0.65,0.65,9.254088559841911,0,10.47811279999628,0,13,moderate,429,180
True,0.3,0.3,5.4502393303377445,0,6.876978836718785,0,6,moderate,433,181
True,0.7000000000000001,0.7000000000000001,9.0779385442962,0,12.36804301739441,0,14,moderate,434,182
False,,0.7500000000000001,-0.10196026577725485,1,19.467467715432594,1,15,moderate,435,183
True,0.44999999999999996,0.44999999999999996,3.6469938280407095,0,9.671645250966098,0,9,moderate,436,184
True,0.44999999999999996,0.44999999999999996,8.943983536607622,0,9.856109684482522,0,9,moderate,439,185
True,1.1000000000000003,1.1000000000000003,0.03202177672893053,0,28.29433829360593,0,22,moderate,444,186
True,1.3500000000000005,1.3500000000000005,0.039309536417285976,0,37.37073512150639,0,27,moderate,445,187
False,,0.8500000000000002,-0.14353260017660352,1,23.66295954073925,1,17,moderate,446,188
False,,0.25,-0.2582290329426438,1,8.966652402320243,1,5,moderate,447,189
True,0.9000000000000002,0.9000000000000002,0.16453023426010432,0,24.208179927078366,0,18,moderate,448,190
True,0.3,0.3,4.042516456366546,0,5.803177880359125,0,6,moderate,449,191
False,,0.25,-0.25688631857784305,1,6.437468165666085,1,5,moderate,452,192
False,,0.7500000000000001,-0.5414148131482479,1,24.70318108974297,1,15,moderate,453,193
False,,0.65,-0.2387792517430034,1,25.760298648746954,1,13,moderate,455,194
True,0.35,0.35,3.3533846744144613,0,8.209198073883483,0,7,moderate,456,195
True,0.5499999999999999,0.5499999999999999,2.926231958573354,0,13.478497854059361,0,11,moderate,458,196
True,0.25,0.25,4.904673199184427,0,6.871466425332066,0,5,moderate,459,197
False,,0.6,-0.18028835061795825,1,17.713234563091596,1,12,moderate,462,198
True,0.8500000000000002,0.8500000000000002,0.1757776735933335,0,15.189634545397737,0,17,moderate,465,199
True,0.9000000000000002,0.9000000000000002,0.43327270247048516,0,21.069586718328445,0,18,moderate,466,200
True,0.65,0.65,3.9669925434457536,0,13.853286365389518,0,13,moderate,468,201
False,,0.25,-0.07270043450236885,1,10.123669792725625,1,5,moderate,469,202
False,,0.49999999999999994,-0.04917244874426728,1,21.211092771391503,1,10,moderate,471,203
False,,0.35,-0.17699307119447755,1,11.813573624740235,1,7,moderate,473,204
False,,0.8000000000000002,-0.5539261641981854,1,30.79083740163526,1,16,moderate,475,205
True,0.8000000000000002,0.8000000000000002,8.322031632349931,0,14.637090498483436,0,16,moderate,476,206
False,,0.65,-0.4026305906409815,1,19.746294694215386,1,13,moderate,478,207
False,,0.5499999999999999,-0.1529262030397616,1,18.67659673550426,1,11,moderate,481,208
False,,0.6,-0.3787649272047281,1,14.202185675591199,1,12,moderate,483,209
False,,0.7500000000000001,-0.03874790803341527,1,23.705714001512074,1,15,moderate,485,210
False,,0.8000000000000002,-0.2131779187780743,1,33.032889853592415,1,16,moderate,488,211
False,,0.39999999999999997,-0.19584595804884214,1,18.60472134634607,1,8,moderate,489,212
True,0.65,0.65,8.145250526903862,0,13.566508705827165,0,13,moderate,493,213
False,,1.2500000000000004,-0.3256018820211934,1,48.17092602482157,1,25,moderate,498,214
True,0.7500000000000001,0.7500000000000001,2.111422137872176,0,17.21601332299675,0,15,moderate,502,215
False,,0.39999999999999997,0.09024010781798641,0,17.630718711216094,1,8,moderate,506,216
False,,0.44999999999999996,-0.35247873853605743,1,19.403917634853926,1,9,moderate,508,217
False,,0.25,0.5869465338102979,0,10.439978404275594,1,5,moderate,514,218
False,,0.65,-0.5231310158128911,1,17.233490271341637,1,13,moderate,517,219
True,0.8500000000000002,0.8500000000000002,0.36579792070419026,0,23.163227589217556,0,17,moderate,519,220
True,1.2500000000000004,1.2500000000000004,0.0647708631104951,0,31.132675106773927,0,25,moderate,520,221
False,,0.65,-0.45965635671999605,1,20.587095159901583,1,13,moderate,521,222
False,,0.2,-0.4239445953933905,1,9.276240216585581,1,4,moderate,522,223
False,,1.1500000000000004,-0.26126169012061995,1,38.83466334783296,1,23,moderate,523,224
True,0.8000000000000002,0.8000000000000002,6.373179277727049,0,13.956862973475925,0,16,moderate,528,225
False,,0.1,-0.3163723180156356,1,4.192810463236383,1,2,moderate,535,226
False,,0.65,-0.03426255153544011,1,17.906241374685624,1,13,moderate,536,227
False,,0.9000000000000002,-0.295725496641633,1,35.50476319888937,1,18,moderate,540,228
False,,0.49999999999999994,-0.17971654841629384,1,16.453712296719083,1,10,moderate,541,229
False,,0.65,-0.010452061919383622,1,20.66017507563787,1,13,moderate,544,230
True,0.44999999999999996,0.44999999999999996,4.2713090546770465,0,7.0876237465960825,0,9,moderate,546,231
True,1.1500000000000004,1.1500000000000004,0.10651832271877913,0,25.23859415227895,0,23,moderate,548,232
False,,0.6,-0.1415183250128691,1,16.69899347586897,1,12,moderate,550,233
False,,0.44999999999999996,-0.4618901406953556,1,13.65719734178046,1,9,moderate,553,234
False,,0.7500000000000001,-0.08987036472602779,1,31.116818678075056,1,15,moderate,554,235
True,0.25,0.25,1.4557519105293804,0,5.31889557086617,0,5,moderate,556,236
False,,0.49999999999999994,-0.017825026521524977,1,18.049257278971393,1,10,moderate,558,237
False,,0.8000000000000002,-0.33028779249027357,1,19.592962188199525,1,16,moderate,559,238
True,0.44999999999999996,0.44999999999999996,1.3647680706680452,0,6.6498477743706745,0,9,moderate,562,239
True,0.49999999999999994,0.49999999999999994,3.6585690875390036,0,8.833547781200755,0,10,moderate,563,240
False,,0.49999999999999994,-0.157714985554568,1,12.24945159724114,1,10,moderate,567,241
False,,0.39999999999999997,-0.04166580578982919,1,17.273368052075313,1,8,moderate,568,242
False,,0.44999999999999996,-0.21446761726127517,1,15.02262433145717,1,9,moderate,571,243
False,,0.35,-0.010603970107014206,1,9.53239547027783,1,7,moderate,573,244
False,,0.25,-0.030600669844955228,1,11.378495796691498,1,5,moderate,574,245
False,,0.5499999999999999,-0.10443052134778004,1,18.63012867921838,1,11,moderate,577,246
False,,0.8500000000000002,-0.1395690730142144,1,25.73689277688051,1,17,moderate,581,247
False,,0.9000000000000002,-0.3116026186785086,1,21.396658629986725,1,18,moderate,584,248
False,,0.49999999999999994,-0.17774729693423413,1,17.30904505110597,1,10,moderate,585,249
True,0.3,0.3,8.297903130418682,0,5.2764488228668736,0,6,moderate,586,250
False,,0.05,0.03511739432505131,0,1.3637312362049494,1,1,moderate,589,251
True,0.2,0.2,2.3922237773802837,0,2.1408576312456398,0,4,moderate,590,252
True,1.5500000000000007,1.5500000000000007,0.16207790041733977,0,51.62862959484457,0,31,moderate,591,253
True,0.7000000000000001,0.7000000000000001,6.534450281525252,0,15.749373167805219,0,14,moderate,592,254
False,,0.49999999999999994,-0.444187770722007,1,14.337050118546166,1,10,moderate,593,255
False,,0.6,-0.3259447655931664,1,17.73096730799603,1,12,moderate,594,256
True,0.7500000000000001,0.7500000000000001,8.330137881796174,0,17.15510848663529,0,15,moderate,597,257
True,0.8000000000000002,0.8000000000000002,6.652278034138127,0,15.025554918655894,0,16,moderate,598,258
False,,0.3,-0.18438374529233276,1,11.528043392730922,1,6,moderate,600,259
True,0.8500000000000002,0.8500000000000002,3.648454602924896,0,14.705859044019896,0,17,moderate,604,260
True,0.65,0.65,3.542149119316104,0,9.310045234432936,0,13,moderate,606,261
True,0.5499999999999999,0.5499999999999999,5.0403433996244775,0,11.34159856870216,0,11,moderate,613,262
False,,0.9000000000000002,-0.04392304091889888,1,33.672689338828974,1,18,moderate,614,263
False,,1.2500000000000004,-0.05612453243868545,1,46.94651156698958,1,25,moderate,615,264
False,,0.44999999999999996,-0.3918040462212674,1,13.612454031771723,1,9,moderate,621,265
False,,0.5499999999999999,-0.13205666528168333,1,12.257424590339703,1,11,moderate,623,266
False,,1.0000000000000002,-0.5201379420727356,1,42.61083692088249,1,20,moderate,631,267
True,0.9000000000000002,0.9000000000000002,3.7307562882569667,0,18.595296768209543,0,18,moderate,634,268
False,,0.15000000000000002,-0.20446351508113825,1,7.499984518710339,1,3,moderate,637,269
True,1.0500000000000003,1.0500000000000003,0.423697630220517,0,20.16887028298038,0,21,moderate,639,270
True,0.65,0.65,8.505101648258401,0,9.597428970874256,0,13,moderate,644,271
False,,1.0000000000000002,-0.12914087424131954,1,41.38635257142544,1,20,moderate,645,272
False,,0.6,-0.5573226519808808,1,20.93884866370133,1,12,moderate,646,273
False,,0.6,-0.2217769019666378,1,24.498713476066584,1,12,moderate,654,274
True,0.7000000000000001,0.7000000000000001,2.8144033657591137,0,17.074199217387463,0,14,moderate,655,275
False,,1.0500000000000003,-0.40091524009707963,1,39.46855365062643,1,21,moderate,661,276
False,,0.9500000000000003,-0.23686464691786405,1,29.656103002228516,1,19,moderate,662,277
True,0.65,0.65,1.6702939496522358,0,14.907511184045468,0,13,moderate,665,278
True,0.8500000000000002,0.8500000000000002,0.019824919844537478,0,21.732823930821862,0,17,moderate,667,279
False,,0.39999999999999997,-0.15781532757578698,1,13.27869385124594,1,8,moderate,668,280
False,,0.9000000000000002,-0.09083323065436179,1,27.790373866433416,1,18,moderate,671,281
True,0.6,0.6,7.581550101603197,0,12.262330267553747,0,12,moderate,672,282
False,,0.8000000000000002,-0.3963239953919408,1,30.893024978625743,1,16,moderate,675,283
False,,0.49999999999999994,-0.17661075847401522,1,19.54563897425141,1,10,moderate,676,284
False,,0.7000000000000001,-0.08299026018830413,1,22.4923179816707,1,14,moderate,678,285
False,,0.7500000000000001,-0.23603046550347212,1,32.74384770796117,1,15,moderate,679,286
True,1.0500000000000003,1.0500000000000003,0.25354999614375723,0,19.34448133604843,0,21,moderate,681,287
True,1.4000000000000006,1.4000000000000006,0.08055004244440407,0,42.65391124509193,0,28,strong,1,0
True,1.2000000000000004,1.2000000000000004,0.15713202597713435,0,42.65108473238686,0,24,strong,2,1
True,0.5499999999999999,0.5499999999999999,5.592582002116371,0,15.873086410231647,0,11,strong,4,2
False,,0.3,-0.18635037572989144,1,8.646514104909839,1,6,strong,6,3
True,1.3500000000000005,1.3500000000000005,0.3952164355526912,0,47.73084032568301,0,27,strong,7,4
False,,0.2,-0.15446084390675377,1,6.845767067206644,1,4,strong,10,5
True,1.4500000000000006,1.4500000000000006,0.19072694712284316,0,47.485497751928136,0,29,strong,12,6
True,0.9000000000000002,0.9000000000000002,4.348227821921344,0,15.597875787523797,0,18,strong,13,7
False,,0.6,-0.06169667746261799,1,18.145783497901974,1,12,strong,15,8
True,1.0000000000000002,1.0000000000000002,0.0054793938662046045,0,30.71037493170697,0,20,strong,18,9
True,0.8000000000000002,0.8000000000000002,2.062193042218478,0,19.49697596011359,0,16,strong,19,10
True,0.39999999999999997,0.39999999999999997,2.5450682920670817,0,10.726320242212749,0,8,strong,21,11
True,0.8000000000000002,0.8000000000000002,0.21592818267593794,0,12.8607860331018,0,16,strong,22,12
False,,0.6,-0.13705580974786274,1,20.373149979784625,1,12,strong,23,13
False,,0.9000000000000002,-0.09613916226312688,1,25.48116898144048,1,18,strong,24,14
True,0.6,0.6,3.6484230989033346,0,9.159275605120396,0,12,strong,26,15
True,0.6,0.6,3.339664751986181,0,13.366049160328377,0,12,strong,29,16
False,,1.0500000000000003,-1.022281222750211,1,35.88392366975786,1,21,strong,30,17
False,,0.35,-1.067811893905862,1,11.617121169852117,1,7,strong,32,18
False,,0.05,-1.0895258799602245,1,2.499985925905535,1,1,strong,33,19
True,0.6,0.6,8.697704682276449,0,11.826049880047448,0,12,strong,37,20
False,,1.0000000000000002,-0.5803546128529722,1,35.58968898734446,1,20,strong,38,21
True,0.25,0.25,9.194602141979937,0,5.670004655607998,0,5,strong,42,22
True,0.7000000000000001,0.7000000000000001,0.24168943586143887,0,10.1659930488718,0,14,strong,44,23
False,,0.8000000000000002,-0.29310685275143716,1,22.493959235743514,1,16,strong,47,24
False,,0.65,-0.4412713172432877,1,16.611691569629684,1,13,strong,48,25
False,,0.7500000000000001,-0.8637727228084745,1,30.88857133597505,1,15,strong,53,26
True,1.1000000000000003,1.1000000000000003,0.2328845137702555,0,25.633795430925918,0,22,strong,54,27
False,,0.9000000000000002,-0.42153907467682583,1,28.336676403984967,1,18,strong,55,28
True,0.5499999999999999,0.5499999999999999,8.211967222484818,0,13.4434312027894,0,11,strong,56,29
False,,0.49999999999999994,-0.056181279836218546,1,20.02828583764694,1,10,strong,60,30
False,,0.2,-1.6335549459467962,1,7.809622654294324,1,4,strong,61,31
False,,0.44999999999999996,-0.39294919696902836,1,15.719636029541,1,9,strong,62,32
True,0.7500000000000001,0.7500000000000001,0.27084198812245946,0,13.33686985551039,0,15,strong,66,33
False,,0.39999999999999997,-0.30221114783808123,1,10.81491453937815,1,8,strong,67,34
False,,0.5499999999999999,-0.3159161358127613,1,18.801680882786137,1,11,strong,69,35
False,,0.9000000000000002,-0.5223293840329398,1,20.894491127353227,1,18,strong,74,36
True,0.35,0.35,2.575345493712311,0,7.281487135641197,0,7,strong,77,37
False,,0.49999999999999994,-0.5865797710124845,1,15.98335395565043,1,10,strong,80,38
False,,0.35,-0.1857699758709336,1,11.216800628687265,1,7,strong,81,39
True,0.65,0.65,4.486437843643157,0,11.149353501927093,0,13,strong,83,40
False,,0.6,-0.047636514916985964,1,14.35619323393012,1,12,strong,84,41
True,0.7500000000000001,0.7500000000000001,1.583995111895674,0,14.72682117480575,0,15,strong,90,42
True,0.6,0.6,4.572840183692817,0,13.12749247504575,0,12,strong,98,43
True,0.15000000000000002,0.15000000000000002,6.423269668304864,0,4.444013921964641,0,3,strong,99,44
False,,0.7000000000000001,-0.13833336089122925,1,18.077664094402067,1,14,strong,101,45
True,0.7000000000000001,0.7000000000000001,0.5294309502730058,0,18.621397315838156,0,14,strong,102,46
True,1.2500000000000004,1.2500000000000004,0.25410535810554996,0,43.7104024232063,0,25,strong,103,47
True,0.65,0.65,8.611143242605879,0,11.120425976845151,0,13,strong,109,48
True,0.9500000000000003,0.9500000000000003,0.5544501880793192,0,32.51155971452389,0,19,strong,111,49
False,,0.35,0.6096785223468804,0,13.256916045967856,1,7,strong,112,50
False,,0.15000000000000002,-0.3882055726346614,1,6.63538826466547,1,3,strong,115,51
True,1.2000000000000004,1.2000000000000004,0.23968591391781738,0,28.900140749067827,0,24,strong,116,52
True,0.9000000000000002,0.9000000000000002,4.332313498810764,0,19.148899529178436,0,18,strong,117,53
False,,0.65,-0.0021025083040271853,1,27.555257837701348,1,13,strong,118,54
False,,0.35,-0.7379578254418298,1,11.853865083970799,1,7,strong,119,55
False,,1.0000000000000002,-0.17080365526469718,1,35.913620710906024,1,20,strong,120,56
False,,0.49999999999999994,-0.04124714335482185,1,13.348237752298944,1,10,strong,122,57
True,0.6,0.6,3.3460596887847522,0,14.383581293586712,0,12,strong,123,58
True,1.2500000000000004,1.2500000000000004,0.0938086145586959,0,32.93002895613345,0,25,strong,126,59
False,,0.35,-0.0267670748931756,1,15.091843825780606,1,7,strong,127,60
False,,0.15000000000000002,0.3801696278464848,0,7.499959992797633,1,3,strong,132,61
False,,0.7500000000000001,-0.5883848987971433,1,32.59806190069872,1,15,strong,134,62
True,0.8500000000000002,0.8500000000000002,3.0207836365112364,0,22.36657554404559,0,17,strong,135,63
False,,0.6,-0.13077874266266373,1,24.194005546367237,1,12,strong,139,64
False,,1.0000000000000002,-0.38841102868575134,1,35.738517139493794,1,20,strong,140,65
False,,0.2,0.026335824086412305,0,8.593543678682815,1,4,strong,148,66
False,,0.35,-0.04289478983122356,1,8.785515476810943,1,7,strong,149,67
False,,0.44999999999999996,-0.07035128991910646,1,12.597853069182234,1,9,strong,150,68
False,,0.35,-0.49928873248753725,1,14.785358846664469,1,7,strong,151,69
True,0.3,0.3,1.5895489054684828,0,5.143829736291006,0,6,strong,152,70
False,,0.65,-0.133905270326386,1,17.787600108964313,1,13,strong,154,71
False,,0.8000000000000002,-0.47241884211464275,1,24.89569942009212,1,16,strong,157,72
True,0.6,0.6,2.7793126842161073,0,13.355184186461342,0,12,strong,158,73
False,,0.8500000000000002,-0.1580725143408794,1,24.908634612297494,1,17,strong,159,74
False,,1.1000000000000003,-0.09600867505900224,1,31.79189976987813,1,22,strong,161,75
True,0.6,0.6,1.942027287855522,0,13.249860490542146,0,12,strong,164,76
False,,0.8000000000000002,-0.13521498069270368,1,31.708109699054855,1,16,strong,165,77
False,,0.44999999999999996,-0.1063544182126212,1,13.461307766059294,1,9,strong,177,78
False,,0.49999999999999994,-0.14586649187914108,1,18.87500092852094,1,10,strong,178,79
True,0.9500000000000003,0.9500000000000003,0.7813076358111827,0,29.08882121825384,0,19,strong,180,80
True,0.25,0.25,5.364237699567573,0,5.790930201402173,0,5,strong,181,81
False,,0.9000000000000002,-0.7871014161762816,1,40.338819334649465,1,18,strong,182,82
False,,0.8000000000000002,-0.42941678079719,1,22.483222950055954,1,16,strong,183,83
True,0.8000000000000002,0.8000000000000002,0.34924004381854473,0,18.190270501866834,0,16,strong,184,84
False,,0.7500000000000001,-0.17649442654707292,1,19.239149044399266,1,15,strong,185,85
False,,0.9000000000000002,-0.2648355193538685,1,24.61499109356739,1,18,strong,187,86
False,,0.05,-0.8702299532202011,1,1.8566086544130762,1,1,strong,190,87
False,,0.6,-0.31711882419463244,1,22.863546356807262,1,12,strong,191,88
False,,0.3,-0.41039685781045554,1,10.771275546057316,1,6,strong,192,89
False,,0.65,-0.5088421572227056,1,14.81120099282946,1,13,strong,194,90
False,,0.25,-0.3934737179806978,1,7.681562578102817,1,5,strong,195,91
False,,0.6,-0.5661460128774114,1,17.84179147895362,1,12,strong,196,92
False,,1.1000000000000003,-0.09803787083505938,1,41.223596830837224,1,22,strong,198,93
False,,1.0500000000000003,-0.5024343498568371,1,39.052607653058935,1,21,strong,199,94
False,,0.8000000000000002,-0.31774364000008487,1,34.2245427886674,1,16,strong,203,95
True,0.44999999999999996,0.44999999999999996,7.620092577108419,0,9.892418602343799,0,9,strong,206,96
False,,0.6,-0.3061457020060709,1,20.286059683287714,1,12,strong,216,97
False,,0.39999999999999997,0.0179022284111291,0,18.39069439403276,1,8,strong,219,98
False,,0.7000000000000001,-0.007520042988058143,1,17.73617362610833,1,14,strong,220,99
False,,0.49999999999999994,-0.42633201228439604,1,21.776091360004507,1,10,strong,223,100
False,,0.7000000000000001,-0.0853911292399992,1,28.845968619353,1,14,strong,226,101
False,,0.7500000000000001,-0.5337863393847766,1,19.288223994830517,1,15,strong,230,102
False,,0.9000000000000002,-0.10913841003767363,1,29.353928533255182,1,18,strong,233,103
True,1.1000000000000003,1.1000000000000003,3.3530819652718513,0,35.24826804740456,0,22,strong,236,104
False,,0.7500000000000001,-0.18480309043753507,1,23.205217090456873,1,15,strong,238,105
True,0.6,0.6,2.4577542105955987,0,9.853925581125692,0,12,strong,239,106
False,,0.9000000000000002,-0.3358977828731235,1,36.226836461223165,1,18,strong,240,107
False,,0.7000000000000001,-0.1641935559271803,1,23.17306885347456,1,14,strong,241,108
False,,0.49999999999999994,-0.7589575145605508,1,14.280998609463092,1,10,strong,242,109
True,0.49999999999999994,0.49999999999999994,0.2971672809569628,0,8.41824232082609,0,10,strong,244,110
False,,1.0000000000000002,-0.47499194337166634,1,36.23076647745782,1,20,strong,245,111
False,,0.35,-0.14586742844529085,1,10.843868867009668,1,7,strong,246,112
False,,0.65,-0.8072797772982109,1,19.158904581983816,1,13,strong,252,113
False,,0.5499999999999999,-0.20966290655509284,1,20.23246976937196,1,11,strong,253,114
False,,0.49999999999999994,-0.3925399148278152,1,12.888299204297576,1,10,strong,256,115
True,1.3000000000000005,1.3000000000000005,1.325378928384702,0,42.917430711180764,0,26,strong,258,116
False,,0.15000000000000002,-0.5153083011972723,1,6.182569157842373,1,3,strong,262,117
False,,0.7000000000000001,0.04565890621892748,0,22.45915094529797,1,14,strong,265,118
False,,0.7500000000000001,-0.17558171913254841,1,24.199401850562552,1,15,strong,271,119
False,,0.3,-0.09746487068320585,1,9.602815583241805,1,6,strong,272,120
False,,0.49999999999999994,-0.25519812780320733,1,13.76762286698457,1,10,strong,275,121
False,,0.7000000000000001,-0.2157747851261501,1,19.118930191469925,1,14,strong,277,122
False,,0.39999999999999997,-0.003830626240644451,1,10.742340073108123,1,8,strong,278,123
False,,0.39999999999999997,0.12848595769018947,0,11.67221591554869,1,8,strong,280,124
False,,0.7500000000000001,-0.43263697667907497,1,23.788726898251575,1,15,strong,286,125
True,0.7500000000000001,0.7500000000000001,0.4253729417067892,0,16.562107008948544,0,15,strong,288,126
True,1.2500000000000004,1.2500000000000004,0.2382586079252188,0,41.01160896072249,0,25,strong,289,127
True,0.7500000000000001,0.7500000000000001,8.141876176848792,0,13.957774017786264,0,15,strong,294,128
False,,0.6,-0.05050336401505579,1,19.12777881850576,1,12,strong,296,129
True,0.9000000000000002,0.9000000000000002,1.3864901090108497,0,15.66027783638998,0,18,strong,297,130
True,0.49999999999999994,0.49999999999999994,8.365971131332776,0,10.324981982710693,0,10,strong,299,131
False,,0.44999999999999996,-0.11614534911372004,1,11.84985926987362,1,9,strong,301,132
False,,0.7000000000000001,-0.0620632851635269,1,17.41136388251126,1,14,strong,302,133
False,,0.6,-0.0906418094524589,1,16.009283956223154,1,12,strong,310,134
True,0.65,0.65,5.172883443610347,0,11.3481640690789,0,13,strong,311,135
True,0.65,0.65,9.3779820498335,0,14.715157211784671,0,13,strong,318,136
True,0.7000000000000001,0.7000000000000001,1.7687401352274141,0,14.618276414340011,0,14,strong,319,137
False,,0.39999999999999997,-0.5305596176347585,1,10.24210736896648,1,8,strong,322,138
True,0.39999999999999997,0.39999999999999997,1.2947264729779853,0,8.81604844750276,0,8,strong,332,139
True,0.3,0.3,9.452959667797034,0,7.623954957499678,0,6,strong,335,140
False,,0.7000000000000001,-0.19103585963195277,1,20.235387917404143,1,14,strong,336,141
True,1.0000000000000002,1.0000000000000002,0.08971427859160824,0,22.98024051790956,0,20,strong,338,142
True,0.7500000000000001,0.7500000000000001,9.040578582588326,0,21.653042584913816,0,15,strong,342,143
False,,0.7000000000000001,-0.05996115964722521,1,17.584308588452426,1,14,strong,348,144
False,,0.39999999999999997,-1.1396600408854645,1,18.86362853480528,1,8,strong,349,145
False,,0.9500000000000003,-0.5775428329911066,1,35.83031808191029,1,19,strong,350,146
False,,0.44999999999999996,-0.0977221318677025,1,17.323549997104426,1,9,strong,355,147
False,,0.49999999999999994,-0.27060673972444915,1,15.775248834534032,1,10,strong,358,148
False,,0.5499999999999999,-0.44852051759826944,1,20.60939434124878,1,11,strong,360,149
False,,0.5499999999999999,-0.5134609976539443,1,18.449553285838615,1,11,strong,364,150
False,,0.15000000000000002,-0.060923106759909876,1,6.2118149122252575,1,3,strong,365,151
False,,1.0500000000000003,-0.06766299257706583,1,44.71441775465541,1,21,strong,366,152
False,,0.39999999999999997,-0.2696511585425083,1,17.620563531962514,1,8,strong,367,153
False,,0.2,-0.13387534883638702,1,6.060560217281785,1,4,strong,368,154
True,0.6,0.6,8.044521882713195,0,12.020037248797856,0,12,strong,369,155
True,0.7000000000000001,0.7000000000000001,1.1292889764115182,0,18.887294826033916,0,14,strong,372,156
True,0.5499999999999999,0.5499999999999999,3.956323206449504,0,12.196492466307335,0,11,strong,374,157
True,0.7500000000000001,0.7500000000000001,0.7128955605302121,0,17.08479987350959,0,15,strong,375,158
True,0.6,0.6,4.339211963017805,0,11.797920511015727,0,12,strong,380,159
False,,0.39999999999999997,-2.651918210130126,1,16.330080171342132,1,8,strong,382,160
False,,1.0000000000000002,-0.27253417084924747,1,38.891752010819474,1,20,strong,383,161
True,0.7000000000000001,0.7000000000000001,6.815109800397633,0,16.435526568940386,0,14,strong,387,162
False,,1.1000000000000003,-0.41209412229658365,1,40.41340244723345,1,22,strong,388,163
False,,0.44999999999999996,-0.1599629966267202,1,10.705810307955398,1,9,strong,391,164
False,,0.39999999999999997,-0.13386117412144838,1,11.374341033661564,1,8,strong,395,165
False,,0.39999999999999997,0.008669403330070847,0,13.999140548268066,1,8,strong,400,166
False,,1.0000000000000002,-0.2779229360502478,1,35.72000674136028,1,20,strong,401,167
False,,0.5499999999999999,-0.3141069507293603,1,13.066586674414593,1,11,strong,402,168
False,,0.25,-0.08794113689451248,1,3.206953103904195,1,5,strong,405,169
False,,0.49999999999999994,-0.06823911323626364,1,18.344750535091432,1,10,strong,408,170
True,0.65,0.65,0.3783921953683354,0,14.862853540644101,0,13,strong,409,171
False,,0.8500000000000002,-0.09194507247397846,1,36.236744928289696,1,17,strong,412,172
True,1.2000000000000004,1.2000000000000004,0.6631707130657106,0,37.83335957607539,0,24,strong,413,173
False,,0.5499999999999999,-0.8222444840067493,1,14.628489401585176,1,11,strong,415,174
True,1.0000000000000002,1.0000000000000002,0.5357246328487416,0,19.230832832886303,0,20,strong,416,175
False,,0.3,-0.007132238620137202,1,8.886155225879117,1,6,strong,417,176
False,,0.9500000000000003,-0.5875504490883352,1,30.828100148680864,1,19,strong,419,177
False,,0.65,-0.2921228042336665,1,15.398439361777548,1,13,strong,425,178
False,,0.7500000000000001,-0.1107777757976238,1,16.626720875825836,1,15,strong,426,179
True,0.6,0.6,9.563915700965556,0,10.251149110823427,0,12,strong,429,180
True,0.35,0.35,2.944191381192282,0,7.357978216069491,0,7,strong,433,181
True,0.7000000000000001,0.7000000000000001,9.022198666269114,0,12.267011540850783,0,14,strong,434,182
False,,0.7500000000000001,-0.5454249702190695,1,19.65057758883103,1,15,strong,435,183
True,0.49999999999999994,0.49999999999999994,2.296125593872905,0,10.310513978423753,0,10,strong,436,184
True,0.44999999999999996,0.44999999999999996,9.709399899629618,0,9.969720866211784,0,9,strong,439,185
False,,0.65,-0.3714086317734287,1,16.26630205965056,1,13,strong,444,186
False,,0.7000000000000001,-0.04231150932032292,1,18.996766357082404,1,14,strong,445,187
False,,0.49999999999999994,-0.3685490961294223,1,13.355981876609007,1,10,strong,446,188
False,,0.65,-0.06921871612515815,1,19.44932454849002,1,13,strong,447,189
False,,0.7000000000000001,-0.25413617124856247,1,22.291738108879812,1,14,strong,448,190
True,0.25,0.25,7.3301245656557725,0,5.17519871772031,0,5,strong,449,191
False,,0.35,-0.12986903868529834,1,8.992020500536555,1,7,strong,452,192
False,,0.65,-0.024147878367167145,1,19.707174630283742,1,13,strong,453,193
True,1.1500000000000004,1.1500000000000004,0.14140621467283282,0,31.508377445598057,0,23,strong,455,194
True,0.35,0.35,3.51586007330208,0,8.33292497246642,0,7,strong,456,195
False,,0.35,-0.27334533716083015,1,12.833268680320295,1,7,strong,458,196
True,0.15000000000000002,0.15000000000000002,4.904673199184427,0,4.68312684141956,0,3,strong,459,197
False,,0.44999999999999996,-0.6470738997406601,1,13.489365861911324,1,9,strong,462,198
False,,0.5499999999999999,-0.1506262989287283,1,12.201399568078509,1,11,strong,465,199
True,0.9000000000000002,0.9000000000000002,0.6677648210067156,0,21.197632388909632,0,18,strong,466,200
True,0.6,0.6,4.651562739029235,0,13.430119525142265,0,12,strong,468,201
False,,0.3,-0.5124005637819228,1,12.200084155908142,1,6,strong,469,202
False,,0.9500000000000003,-0.6166075227987532,1,33.83217298047812,1,19,strong,471,203
False,,0.44999999999999996,-0.41150741898097054,1,14.607208196688497,1,9,strong,473,204
False,,0.8500000000000002,-0.5842339595673111,1,32.07790511532455,1,17,strong,475,205
True,0.8000000000000002,0.8000000000000002,6.4925641976459465,0,14.769983375349618,0,16,strong,476,206
False,,0.65,-0.1964386981528657,1,19.735945590207518,1,13,strong,478,207
False,,0.9000000000000002,-0.15601003753218062,1,26.059214268199376,1,18,strong,481,208
False,,0.65,-1.0339725722788013,1,14.300568211299687,1,13,strong,483,209
False,,0.39999999999999997,-0.13922045037031974,1,10.375399479458299,1,8,strong,485,210
False,,0.25,1.2441481764542388,0,10.778599043211988,1,5,strong,488,211
False,,0.39999999999999997,-0.33350835478070573,1,17.550534553205416,1,8,strong,489,212
True,0.65,0.65,7.338658870239934,0,13.56431946661696,0,13,strong,493,213
False,,0.39999999999999997,1.4016840893493312,0,17.150360348717918,1,8,strong,498,214
True,0.7500000000000001,0.7500000000000001,0.8414115751555776,0,17.56860045791835,0,15,strong,502,215
False,,0.7000000000000001,-0.04292904610196305,1,27.069142404991126,1,14,strong,506,216
False,,0.35,0.531595543095227,0,15.021667422467663,1,7,strong,508,217
False,,0.2,0.9811847692267448,0,8.413909120424321,1,4,strong,514,218
False,,0.65,-0.06426897126811959,1,17.37482721837148,1,13,strong,517,219
False,,0.5499999999999999,0.11378803367996818,0,20.958578430133716,1,11,strong,519,220
True,1.2500000000000004,1.2500000000000004,0.3080750015324293,0,32.40235013114661,0,25,strong,520,221
True,0.9000000000000002,0.9000000000000002,0.3204295892537435,0,22.747346189902363,0,18,strong,521,222
False,,0.15000000000000002,-0.4968357258372282,1,6.992318546997564,1,3,strong,522,223
False,,1.2500000000000004,-0.338709478702571,1,42.02022920234873,1,25,strong,523,224
True,0.8000000000000002,0.8000000000000002,2.7139078745807077,0,13.660573569779265,0,16,strong,528,225
False,,0.8500000000000002,-0.0648181001657995,1,27.336108570532264,1,17,strong,535,226
False,,0.6,-0.08365592334264109,1,16.753438942377244,1,12,strong,536,227
False,,1.1500000000000004,-1.0404090413824256,1,42.36728656862456,1,23,strong,540,228
True,1.0000000000000002,1.0000000000000002,0.4375144859071168,0,25.611257542321706,0,20,strong,541,229
True,1.0000000000000002,1.0000000000000002,0.15420338240525222,0,28.284070106812703,0,20,strong,544,230
True,0.49999999999999994,0.49999999999999994,3.742163451187481,0,7.563009803685424,0,10,strong,546,231
False,,0.7500000000000001,-0.0058871308018017,1,18.661412980184288,1,15,strong,548,232
False,,0.7000000000000001,-0.8673878139998696,1,18.268659185284065,1,14,strong,550,233
False,,0.25,-0.4609270390417216,1,9.019475315854788,1,5,strong,553,234
False,,0.9500000000000003,-0.6735054301488577,1,32.1705587393928,1,19,strong,554,235
True,0.25,0.25,1.7840057108201581,0,5.490017524548285,0,5,strong,556,236
False,,0.39999999999999997,-0.4692047643307888,1,14.63519561035331,1,8,strong,558,237
False,,0.5499999999999999,-0.45098142469934477,1,14.766158569829141,1,11,strong,559,238
True,0.44999999999999996,0.44999999999999996,2.015637099465313,0,6.740177102330144,0,9,strong,562,239
True,0.6,0.6,3.100069369664322,0,9.539514564677843,0,12,strong,563,240
False,,0.49999999999999994,-0.05767829752241312,1,12.910943580630818,1,10,strong,567,241
False,,0.44999999999999996,-0.44036963973348103,1,19.476503190147223,1,9,strong,568,242
False,,0.7000000000000001,-0.7977264608245734,1,21.440262639543008,1,14,strong,571,243
False,,0.2,-0.035191397116892835,1,5.405826269472037,1,4,strong,573,244
False,,0.49999999999999994,-0.47403708439199216,1,17.182624456281978,1,10,strong,574,245
False,,0.5499999999999999,-0.11998947375245582,1,18.174327429433305,1,11,strong,577,246
False,,0.49999999999999994,-0.2862583633271677,1,13.28888764028929,1,10,strong,581,247
False,,0.9500000000000003,-0.024560155937704428,1,22.552520109333425,1,19,strong,584,248
False,,0.5499999999999999,-1.010053802902961,1,17.645644713398045,1,11,strong,585,249
True,0.25,0.25,9.23425998882141,0,5.189432171281847,0,5,strong,586,250
True,0.5499999999999999,0.5499999999999999,0.15618913189150507,0,10.628460742232528,0,11,strong,589,251
True,0.2,0.2,2.3922237773802837,0,2.0827843843275,0,4,strong,590,252
False,,0.05,0.8076606587628274,0,2.499998972777266,1,1,strong,591,253
True,0.7000000000000001,0.7000000000000001,7.565743288603484,0,15.780784750448534,0,14,strong,592,254
True,0.8500000000000002,0.8500000000000002,0.5265643430871576,0,16.8446955023459,0,17,strong,593,255
False,,0.5499999999999999,-0.8657806659753039,1,16.644755897866876,1,11,strong,594,256
True,0.7500000000000001,0.7500000000000001,8.630531120663273,0,17.395757651815046,0,15,strong,597,257
True,0.8500000000000002,0.8500000000000002,3.08971162636459,0,15.521734531136929,0,17,strong,598,258
False,,0.39999999999999997,-0.7162099221776286,1,14.96867775540993,1,8,strong,600,259
True,0.9000000000000002,0.9000000000000002,3.0279179086253505,0,15.128812140280765,0,18,strong,604,260
True,0.7000000000000001,0.7000000000000001,1.61149366500555,0,10.120730992330058,0,14,strong,606,261
True,0.5499999999999999,0.5499999999999999,4.505840496524665,0,11.210721465047568,0,11,strong,613,262
False,,0.7000000000000001,-0.4565691996115581,1,29.682101110173544,1,14,strong,614,263
False,,1.0500000000000003,-0.6739440600180951,1,44.70398666109924,1,21,strong,615,264
True,0.7000000000000001,0.7000000000000001,0.8330002033964636,0,15.193464416621815,0,14,strong,621,265
True,0.8500000000000002,0.8500000000000002,1.0069502167845383,0,17.24499378986865,0,17,strong,623,266
False,,0.8500000000000002,-0.24754564802904336,1,38.10345920764818,1,17,strong,631,267
True,0.9500000000000003,0.9500000000000003,3.2121401251718322,0,19.614188068191734,0,19,strong,634,268
True,0.9500000000000003,0.9500000000000003,0.21801215703974117,0,23.62443982425973,0,19,strong,637,269
False,,0.65,-0.5812643844352867,1,16.21011008666394,1,13,strong,639,270
True,0.6,0.6,8.600533586394775,0,9.925205601338524,0,12,strong,644,271
True,1.6000000000000008,1.6000000000000008,0.18653783800693524,0,57.29852253395859,0,32,strong,645,272
False,,0.7000000000000001,-0.805864430204494,1,22.599085872121226,1,14,strong,646,273
False,,0.44999999999999996,-0.560929913246958,1,19.384202738683854,1,9,strong,654,274
True,0.7000000000000001,0.7000000000000001,3.2322562480823906,0,16.876031688757358,0,14,strong,655,275
False,,1.1000000000000003,-0.12292089502914538,1,40.98417523432581,1,22,strong,661,276
False,,0.8000000000000002,-0.4894603175945881,1,27.957030847769822,1,16,strong,662,277
True,0.65,0.65,3.410033840022827,0,14.48155258842222,0,13,strong,665,278
False,,0.49999999999999994,-0.14686821634696873,1,19.931540829955537,1,10,strong,667,279
False,,0.39999999999999997,-0.362138591194668,1,11.307364102035857,1,8,strong,668,280
False,,0.8000000000000002,-0.1912411943795526,1,24.895921666898438,1,16,strong,671,281
True,0.6,0.6,5.10436433670135,0,12.307186076973888,0,12,strong,672,282
False,,0.8000000000000002,-0.37774655860514,1,31.23837759015783,1,16,strong,675,283
False,,0.49999999999999994,-0.3209707510039231,1,19.729068262421954,1,10,strong,676,284
False,,0.6,-0.006185644957800994,1,19.362764361600032,1,12,strong,678,285
False,,0.7500000000000001,-0.7218309456240681,1,32.528814843785945,1,15,strong,679,286
False,,0.9000000000000002,-0.012043023183622584,1,18.096587974950992,1,18,strong,681,287
