success,time_to_target,sim_duration,min_safety_margin,n_safety_violations,control_effort,min_certificate,n_steps,level,ic_idx,traj_id
False,,9.999999999999876,7.648063415698943,0,126.67661265743753,7.205834925438471,500,nominal,1,0
False,,9.999999999999876,3.500520515604109,0,769.3291954088744,3.4781286490757504,500,nominal,2,1
False,,9.999999999999876,5.489754490209357,0,19549.416091212766,5.489632536081866,500,nominal,4,2
False,,9.999999999999876,7.49152434084093,0,1708.6130692419545,7.490464355780537,500,nominal,6,3
False,,9.999999999999876,3.888556954895851,0,1228.2718474546227,3.8880600888862062,500,nominal,7,4
False,,9.999999999999876,3.0338956207151786,0,1479.855382700724,3.030205306846257,500,nominal,10,5
False,,9.999999999999876,6.160655068332468,0,1860.5569301654464,6.15920377891834,500,nominal,12,6
False,,9.999999999999876,7.0494640942582825,0,2337.2043699509018,7.048642138796785,500,nominal,13,7
False,,9.999999999999876,9.868327633253571,0,975.867830622186,9.86816771023285,500,nominal,15,8
False,,9.999999999999876,5.080133895263442,0,918.0543157376874,5.075366769486678,500,nominal,18,9
True,2.900000000000002,2.900000000000002,8.150869879479751,0,40.998465960738876,7.038779770939497,145,nominal,19,10
False,,9.999999999999876,2.456670777807642,0,1976.5263477547348,2.4546622831147484,500,nominal,21,11
True,5.259999999999976,5.259999999999976,9.831912703283429,0,72.56931381085947,9.477748022954946,263,nominal,22,12
False,,9.999999999999876,7.827232291726874,0,2528.532726532667,7.826306606760052,500,nominal,23,13
False,,9.999999999999876,8.783184112688325,0,7.251415249344215,6.433606859666703,500,nominal,24,14
True,2.0800000000000014,2.0800000000000014,4.202415397560195,0,71.32944972070635,3.070464781944504,104,nominal,26,15
False,,9.999999999999876,6.0226712609384885,0,3071.909980445421,6.022136294987105,500,nominal,29,16
False,,9.999999999999876,7.587411600276879,0,217.1010179099808,7.324305746079437,500,nominal,30,17
True,3.3800000000000026,3.3800000000000026,9.498043584434798,0,197.47518178290343,9.431132949822027,169,nominal,32,18
False,,9.999999999999876,4.403433013503123,0,378.9796377079787,4.082622033311056,500,nominal,37,19
False,,9.999999999999876,7.210018165081895,0,85.3620810811907,6.020836253018936,500,nominal,38,20
False,,9.999999999999876,6.206248997655369,0,1617.8659489825916,6.203918837495519,500,nominal,42,21
False,,9.999999999999876,7.176278969593179,0,531.9515705642376,7.083244789533371,500,nominal,43,22
True,3.4000000000000026,3.4000000000000026,6.640748027253457,0,104.05859706597951,5.994696032539333,170,nominal,44,23
False,,9.999999999999876,7.0549205047249695,0,750.3982507433101,7.029864335272969,500,nominal,47,24
False,,9.999999999999876,2.366874427657869,0,745.6912694707775,2.3470883229458224,500,nominal,48,25
True,9.959999999999877,9.959999999999877,7.748048596550018,0,144.41165063679546,7.537186066203939,498,nominal,53,26
True,6.95999999999994,6.95999999999994,0.6160124913218509,0,427.3452687656481,0.29351300149030146,348,nominal,54,27
False,,9.999999999999876,4.546937987285391,0,279.3153117306363,3.968003748284321,500,nominal,55,28
False,,9.999999999999876,10.00986537913646,0,2161.043657524581,10.009130432740104,500,nominal,56,29
False,,9.999999999999876,2.480324111246623,0,6133.445002877725,2.47822920018426,500,nominal,60,30
False,,9.999999999999876,2.662729122953888,0,151.08655297120563,0.6034956815946222,500,nominal,61,31
False,,9.999999999999876,0.7783587850620887,0,1090.0805752172957,0.7737866809798895,500,nominal,62,32
True,6.079999999999958,6.079999999999958,5.342996021606475,0,133.18954508012246,4.157394984224286,304,nominal,67,33
False,,9.999999999999876,2.317476998895105,0,692.4084809988568,2.308752856258451,500,nominal,69,34
False,,9.999999999999876,2.9639553973035673,0,1071.5473430815598,2.9144185493785733,500,nominal,74,35
False,,9.999999999999876,7.179395259029781,0,2763.411587155236,7.178181911999752,500,nominal,77,36
True,8.739999999999903,8.739999999999903,4.877123337962688,0,251.2276195637673,4.415124766291024,437,nominal,80,37
True,5.139999999999978,5.139999999999978,6.193797579892848,0,108.77450682954306,5.112918213032693,257,nominal,81,38
False,,9.999999999999876,4.343780678051509,0,1364.1059595128813,4.333013184492675,500,nominal,83,39
True,4.040000000000002,4.040000000000002,10.537947066518436,0,2.1623167596637,9.728807730608118,202,nominal,84,40
False,,9.999999999999876,2.624279008328506,0,1445.5706456433131,2.6238904187406416,500,nominal,90,41
True,0.21999999999999997,0.21999999999999997,6.342496692600179,0,170.90714196540594,6.335044661350205,11,nominal,99,42
True,5.099999999999979,5.099999999999979,8.252060099249249,0,55.07029082339709,7.018169145230517,255,nominal,101,43
True,2.600000000000002,2.600000000000002,3.3652801132699235,0,78.47409307558067,2.110022976486113,130,nominal,102,44
False,,9.999999999999876,9.606707036369938,0,506.0865995926729,9.60558918048824,500,nominal,103,45
False,,9.999999999999876,9.445852466578964,0,743.9235089271064,9.443881093142606,500,nominal,109,46
False,,9.999999999999876,1.498933360375947,0,1667.4004922855252,1.4943662412271985,500,nominal,111,47
False,,9.999999999999876,8.209580975801467,0,436.31834905347904,8.15911697477995,500,nominal,112,48
True,6.699999999999945,6.699999999999945,9.195741591130886,0,26.3416601211052,8.22834894005068,335,nominal,116,49
False,,9.999999999999876,5.872138404750031,0,109.10538268458808,4.356893726526311,500,nominal,117,50
True,9.81999999999988,9.81999999999988,5.88251635731886,0,242.5095779556914,5.432473511292966,491,nominal,118,51
False,,9.999999999999876,0.9913506727258415,0,709.7397053567897,0.9868567643068441,500,nominal,119,52
False,,9.999999999999876,7.525630278535421,0,503.44470853378834,7.522539403398597,500,nominal,120,53
False,,9.999999999999876,9.827736530738306,0,1546.2724891853168,9.827124472778296,500,nominal,123,54
True,7.179999999999935,7.179999999999935,9.442985513504132,0,2.186573249310288,8.845295242416126,359,nominal,126,55
True,1.4600000000000009,1.4600000000000009,5.634992171568476,0,29.490280406159535,3.8559173074475375,73,nominal,132,56
False,,9.999999999999876,7.515989491613473,0,150.60124146172132,7.257965203442625,500,nominal,134,57
True,7.359999999999931,7.359999999999931,9.774716606934403,0,139.5013791719397,9.64763687194527,368,nominal,135,58
True,6.499999999999949,6.499999999999949,4.90688666792628,0,82.51100396683492,3.4167005023889137,325,nominal,139,59
False,,9.999999999999876,3.460724376062459,0,3953.975865981253,3.4593359042521956,500,nominal,140,60
False,,9.999999999999876,3.760345385277739,0,1140.5700156351895,3.757614140796964,500,nominal,148,61
False,,9.999999999999876,4.0043711888884985,0,1144.2973747072526,3.9964530347145275,500,nominal,149,62
False,,9.999999999999876,7.448225931994454,0,234.13259909793382,7.373722405506328,500,nominal,150,63
True,4.559999999999991,4.559999999999991,0.3919957911652822,0,243.59872548849293,0.3757426105091881,228,nominal,151,64
True,1.620000000000001,1.620000000000001,0.778741580774267,0,287.89409851914223,0.745266272828593,81,nominal,152,65
False,,9.999999999999876,4.304481570503701,0,1590.9270495898058,4.278769034813771,500,nominal,154,66
True,9.939999999999877,9.939999999999877,4.036840718039629,0,148.66245424872463,2.7208572934268394,497,nominal,157,67
True,2.2000000000000015,2.2000000000000015,4.994493239307495,0,55.73375777233092,4.071490828665739,110,nominal,158,68
False,,9.999999999999876,6.2153612231483555,0,342.4034708278761,5.965269767595361,500,nominal,159,69
False,,9.999999999999876,6.819379647936341,0,374.7692014502338,6.6990432497397325,500,nominal,164,70
False,,9.999999999999876,4.920818983970484,0,2711.2379056144114,4.91981697933922,500,nominal,165,71
True,3.0800000000000023,3.0800000000000023,4.759430524351668,0,72.35466593294993,3.264114307778113,154,nominal,177,72
False,,9.999999999999876,7.028418742922527,0,1117.842904895677,7.027423742456852,500,nominal,178,73
False,,9.999999999999876,7.389252265770246,0,95.88000638729667,6.406883025176411,500,nominal,180,74
False,,9.999999999999876,4.862130134270468,0,694.8897586921915,4.802883739656531,500,nominal,181,75
False,,9.999999999999876,8.270294718299713,0,94.71573912743177,7.773212136751636,500,nominal,182,76
False,,9.999999999999876,4.8550128211962305,0,154.2121156138878,3.648571818621957,500,nominal,183,77
True,9.079999999999895,9.079999999999895,8.44147018851803,0,705.7507643877252,8.436966955120477,454,nominal,184,78
False,,9.999999999999876,9.83903833792795,0,55.2844845064307,9.82798379046056,500,nominal,185,79
False,,9.999999999999876,9.426962490085257,0,524.4621110121395,9.425543521841796,500,nominal,187,80
True,8.139999999999915,8.139999999999915,3.9691434857181735,0,150.93298648804551,2.4690723072019636,407,nominal,191,81
False,,9.999999999999876,2.8634082370985197,0,397.30460579727406,2.380703174255993,500,nominal,192,82
False,,9.999999999999876,9.77574477791514,0,863.9533386808043,9.774492137262099,500,nominal,194,83
False,,9.999999999999876,3.257696129136309,0,3671.819444351735,3.2570613169828535,500,nominal,195,84
True,3.5000000000000027,3.5000000000000027,5.817159216152478,0,29.05015881699323,2.448248398245699,175,nominal,196,85
False,,9.999999999999876,3.3748813806636653,0,1482.8301012269158,3.3697225958121004,500,nominal,198,86
False,,9.999999999999876,5.839565888336113,0,689.8465960406196,5.838806334596318,500,nominal,199,87
True,9.77999999999988,9.77999999999988,5.183265642289895,0,171.4676307378304,3.8777294140073644,489,nominal,203,88
False,,9.999999999999876,5.064055212924468,0,828.9584594112391,5.045856687886706,500,nominal,206,89
False,,9.999999999999876,7.190620304755144,0,390.2930610078035,7.183282371507364,500,nominal,216,90
False,,9.999999999999876,0.3798484161511276,0,2212.9876841287287,0.37647247990005106,500,nominal,219,91
False,,9.999999999999876,9.765891349727012,0,95.63801913847854,9.761431472913394,500,nominal,220,92
False,,9.999999999999876,7.630012847839982,0,50.17151956833363,5.878872463849673,500,nominal,223,93
False,,9.999999999999876,5.812802092816346,0,302.1839451547657,5.6043674415831815,500,nominal,226,94
False,,9.999999999999876,8.580408291981545,0,382.7238637512671,8.577229279823447,500,nominal,230,95
False,,9.999999999999876,5.779024752457946,0,139.34157044825224,4.766714524640548,500,nominal,233,96
False,,9.999999999999876,2.0894165807717195,0,884.3739699332,1.9800004436642689,500,nominal,236,97
True,8.8199999999999,8.8199999999999,8.18181876129283,0,235.05196183547747,8.056848872882822,441,nominal,238,98
False,,9.999999999999876,4.049209191425031,0,2107.1519129334984,4.044176868447681,500,nominal,239,99
False,,9.999999999999876,4.108040280734281,0,1252.0942166392317,4.106206931574293,500,nominal,240,100
False,,9.999999999999876,7.491281818371763,0,927.1377019548197,7.489799393336768,500,nominal,241,101
False,,9.999999999999876,8.840643900084489,0,339.69544426896306,8.840025096367752,500,nominal,242,102
True,1.540000000000001,1.540000000000001,1.789063385067586,0,164.06031935820602,1.5490739579546826,77,nominal,244,103
False,,9.999999999999876,6.532223864984728,0,2154.185574626729,6.530766520446138,500,nominal,245,104
False,,9.999999999999876,2.4196766501404876,0,2309717.2498082677,2.4196763962144723,500,nominal,246,105
True,8.979999999999897,8.979999999999897,9.236275330277431,0,19.07699446807962,9.020023631003523,449,nominal,252,106
False,,9.999999999999876,1.3497396209347157,0,643.4987896656324,1.2749572313876738,500,nominal,253,107
False,,9.999999999999876,8.051864019781595,0,136.59045511271435,7.8759221262413455,500,nominal,256,108
False,,9.999999999999876,9.744892236524489,0,319.5105373256292,9.743485518973472,500,nominal,258,109
False,,9.999999999999876,2.012658450736384,0,1079.2928537496102,2.0053857923048777,500,nominal,262,110
True,9.439999999999888,9.439999999999888,8.39284502154735,0,11.662820733754764,5.881299118825435,472,nominal,265,111
False,,9.999999999999876,2.5467817399499397,0,297.56411343154525,1.7734998039853718,500,nominal,271,112
False,,9.999999999999876,4.804484837712597,0,448.1671083096357,4.620658159513248,500,nominal,272,113
True,3.3600000000000025,3.3600000000000025,6.145697312367581,0,53.65286522302918,4.184817726080803,168,nominal,275,114
False,,9.999999999999876,4.360709199408476,0,4938.713806462074,4.360218621770067,500,nominal,277,115
False,,9.999999999999876,1.364673961926612,0,781.0383834002539,1.3380071719931859,500,nominal,278,116
False,,9.999999999999876,5.049882657015195,0,10309.941088150666,5.049253836736967,500,nominal,280,117
False,,9.999999999999876,8.148851981206077,0,1080.6760020918562,8.146133895937622,500,nominal,286,118
True,2.0000000000000013,2.0000000000000013,7.621513077793053,0,17.625221664849104,5.235262691052403,100,nominal,288,119
False,,9.999999999999876,7.486571537441833,0,261.8614833826556,7.318964416923803,500,nominal,289,120
False,,9.999999999999876,4.100610870973943,0,424.60146525627715,3.760163842196677,500,nominal,294,121
False,,9.999999999999876,1.0837117613759564,0,998.7398418892153,1.0700022085972019,500,nominal,296,122
False,,9.999999999999876,6.066923932731022,0,258.52600852180717,5.778555003968118,500,nominal,297,123
False,,9.999999999999876,7.786773701149952,0,1624.7814504826936,7.7841758834924155,500,nominal,299,124
True,2.680000000000002,2.680000000000002,9.253625482989465,0,5.022718916347353,5.1294865156918314,134,nominal,301,125
True,9.379999999999889,9.379999999999889,10.171024001345668,0,12.683578863610116,10.101265043133488,469,nominal,302,126
True,4.499999999999992,4.499999999999992,9.20542877281556,0,45.86410977997945,8.213189951583555,225,nominal,310,127
True,2.3000000000000016,2.3000000000000016,5.183545035841648,0,101.54197629103705,4.714407168214797,115,nominal,311,128
True,1.8200000000000012,1.8200000000000012,9.859124991532717,0,6.838997301974713,8.253411524458556,91,nominal,318,129
True,2.720000000000002,2.720000000000002,10.526039322676468,0,2.394753539004002,9.051003847911078,136,nominal,319,130
True,5.139999999999978,5.139999999999978,3.008980515312842,0,161.7422855186563,1.7821548197971375,257,nominal,322,131
False,,9.999999999999876,8.860706861756862,0,696.8126853753998,8.855364548935944,500,nominal,335,132
False,,9.999999999999876,2.2231893997144647,0,790.7419200600833,2.2190284186304794,500,nominal,336,133
True,8.599999999999905,8.599999999999905,9.667065932902561,0,144.76201567717536,9.569432922897349,430,nominal,338,134
False,,9.999999999999876,8.69174295691203,0,1313.1673322431664,8.690029668570961,500,nominal,342,135
False,,9.999999999999876,3.7891331465299105,0,832.4786514454095,3.782406173639676,500,nominal,348,136
False,,9.999999999999876,8.022006605861053,0,780.6388005930313,8.019307111237593,500,nominal,349,137
False,,9.999999999999876,1.6644506876127265,0,271.01610840071334,0.4751365006793091,500,nominal,350,138
False,,9.999999999999876,0.34007061366674485,0,1298.8838810322954,0.3341209457571161,500,nominal,351,139
False,,9.999999999999876,7.1018083117165425,0,210.3407035866803,6.973617209737586,500,nominal,358,140
True,5.05999999999998,5.05999999999998,7.304333040184581,0,140.1530558561929,6.828898448727699,253,nominal,360,141
False,,9.999999999999876,5.143923709238667,0,688.5747739228647,5.139899323131214,500,nominal,364,142
True,6.999999999999939,6.999999999999939,2.157214943115635,0,641.0084243343183,2.123126894152056,350,nominal,365,143
False,,9.999999999999876,7.577184641258274,0,202.73211041497214,7.223457022112004,500,nominal,366,144
False,,9.999999999999876,3.928090672324113,0,855.6851301350557,3.8511532945111266,500,nominal,367,145
False,,9.999999999999876,1.0350268876142583,0,1016.4622165994315,1.02654230086267,500,nominal,368,146
False,,9.999999999999876,10.0173429403481,0,936.8743427121013,10.016840071573668,500,nominal,369,147
False,,9.999999999999876,9.356555338443192,0,3437.54266300518,9.356434034853557,500,nominal,372,148
False,,9.999999999999876,8.771783077965406,0,642.1887292393313,8.767023696777327,500,nominal,374,149
True,3.3800000000000026,3.3800000000000026,2.4878088549974473,0,165.98200307774886,2.0177240066635673,169,nominal,375,150
False,,9.999999999999876,9.911725226640147,0,11497.096411691564,9.911673424532843,500,nominal,380,151
False,,9.999999999999876,4.9106226866661356,0,163.24191632119363,3.8507988317184467,500,nominal,382,152
False,,9.999999999999876,4.167064323038378,0,804.6839069044399,4.159180450108338,500,nominal,383,153
False,,9.999999999999876,8.82388518529105,0,1192.2344012453084,8.821850410630354,500,nominal,387,154
True,8.35999999999991,8.35999999999991,4.830454822388805,0,85.36782651623767,2.138070856434595,418,nominal,388,155
True,3.4200000000000026,3.4200000000000026,8.050553709739479,0,40.68921188308381,6.614871342489884,171,nominal,391,156
True,4.799999999999986,4.799999999999986,6.179186672567716,0,44.5301366746822,3.317349155983366,240,nominal,395,157
False,,9.999999999999876,7.136311936593496,0,193.61245583112347,6.927991988784384,500,nominal,400,158
True,8.339999999999911,8.339999999999911,6.2737718467337675,0,169.5759336160632,5.885095563859609,417,nominal,401,159
True,2.520000000000002,2.520000000000002,8.974491873773955,0,8.435112659626087,4.364978020098657,126,nominal,402,160
False,,9.999999999999876,3.883997594626303,0,569.8468719677799,3.792957552431134,500,nominal,405,161
True,8.559999999999906,8.559999999999906,6.3935406139790905,0,116.73137602744174,5.466228587425493,428,nominal,408,162
False,,9.999999999999876,5.564494047696394,0,322.0464220411477,5.486858946528496,500,nominal,409,163
False,,9.999999999999876,4.057287457289849,0,664.3269373256755,4.049391234273431,500,nominal,412,164
False,,9.999999999999876,9.734932672450293,0,340.8062343921731,9.73380715146584,500,nominal,413,165
True,9.999999999999876,9.999999999999876,10.188087123802081,0,105.19094538695553,10.156071717854896,500,nominal,415,166
False,,9.999999999999876,8.711679845115443,0,576.8832017108186,8.710320050735877,500,nominal,416,167
True,4.2399999999999975,4.2399999999999975,4.197444718093134,0,204.4298642295509,3.996862596545766,212,nominal,417,168
True,8.459999999999908,8.459999999999908,8.398091993997891,0,13.586133955882781,4.929027272220686,423,nominal,419,169
True,8.559999999999906,8.559999999999906,8.950102538583744,0,173.53409075934425,8.774724293105688,428,nominal,425,170
True,8.179999999999914,8.179999999999914,2.0100892952840494,0,789.8178110234055,1.9508424680778105,409,nominal,426,171
True,4.6199999999999894,4.6199999999999894,10.720964525246957,0,2.7556888700595774,10.569806192756946,231,nominal,429,172
False,,9.999999999999876,7.423603916952874,0,2015.5420510383865,7.422067873565904,500,nominal,433,173
False,,9.999999999999876,8.715056002117464,0,60911.5486048118,8.71502862648732,500,nominal,434,174
False,,9.999999999999876,7.237691320419827,0,586.077584957979,7.23365004045413,500,nominal,435,175
False,,9.999999999999876,8.945665056926712,0,4838.5374158862005,8.945367900454498,500,nominal,436,176
False,,9.999999999999876,6.301503381175622,0,290.91264731999735,6.026185118883111,500,nominal,439,177
True,4.439999999999993,4.439999999999993,5.437051145258247,0,55.827359240954905,2.717758799040575,222,nominal,444,178
False,,9.999999999999876,6.286709380948284,0,464.617235333292,6.2671426200485865,500,nominal,445,179
True,7.279999999999933,7.279999999999933,2.4217698252772464,0,177.21616567876265,1.7290736478937743,364,nominal,446,180
False,,9.999999999999876,0.36059225755317253,0,1631.2252763014737,0.3262134280544341,500,nominal,447,181
True,9.219999999999892,9.219999999999892,10.385522287568794,0,55.50181641684202,10.316668142544893,461,nominal,448,182
True,0.5000000000000001,0.5000000000000001,5.837816942619464,0,29.044055353868842,5.596275605459812,25,nominal,449,183
True,4.060000000000001,4.060000000000001,2.4496284967658664,0,169.09049410948018,1.8192807635846846,203,nominal,452,184
False,,9.999999999999876,6.604340104840089,0,1055.5459028861196,6.5714888494021295,500,nominal,453,185
False,,9.999999999999876,7.764012628780862,0,264.75172574133813,7.700433005166297,500,nominal,455,186
False,,9.999999999999876,3.51586007330208,0,11578.639389132199,3.515857488537751,500,nominal,456,187
False,,9.999999999999876,9.22933741488691,0,11342.047043697805,9.229203566619955,500,nominal,458,188
False,,9.999999999999876,4.478713251230058,0,924.517401247011,4.462802645776251,500,nominal,459,189
True,8.579999999999906,8.579999999999906,7.315836384578884,0,206.8622884547045,7.008386128110087,429,nominal,462,190
True,5.0399999999999805,5.0399999999999805,10.132645985324528,0,28.04997268336875,9.493503088999235,252,nominal,465,191
True,8.499999999999908,8.499999999999908,6.277196913398735,0,750.7595816749222,6.269451689693081,425,nominal,466,192
False,,9.999999999999876,1.9680503105237013,0,506.11596498736924,1.6163674888976258,500,nominal,467,193
True,2.2200000000000015,2.2200000000000015,5.281322007278835,0,57.629499159466015,4.4134198594957645,111,nominal,468,194
False,,9.999999999999876,3.8718922866256813,0,661.0336685184092,3.8700605906324834,500,nominal,469,195
False,,9.999999999999876,5.490181752347217,0,184.06979619298053,4.664295480159414,500,nominal,471,196
False,,9.999999999999876,4.553328206931068,0,361.3909371373643,4.383670670297071,500,nominal,473,197
True,9.459999999999887,9.459999999999887,0.8824653136868434,0,281.57103842407804,0.05913511741191946,473,nominal,475,198
False,,9.999999999999876,6.348033232691698,0,1066.5212957860147,6.344399511278446,500,nominal,476,199
False,,9.999999999999876,4.053703182310988,0,2191.701215141977,4.0510560367295305,500,nominal,478,200
False,,9.999999999999876,4.743267700788432,0,798.6684781176941,4.687231172509604,500,nominal,481,201
False,,9.999999999999876,6.41584935470678,0,298.8575912941687,6.285602413078141,500,nominal,485,202
False,,9.999999999999876,4.739636443323542,0,526.8336934582707,4.573115779072087,500,nominal,488,203
False,,9.999999999999876,4.922776012317813,0,1995.7302136849044,4.9146324641832635,500,nominal,489,204
True,1.640000000000001,1.640000000000001,10.349675855462795,0,1.6109200375325952,7.498127391630241,82,nominal,493,205
True,9.999999999999876,9.999999999999876,5.887198654054011,0,160.37229331226993,4.837556539950851,500,nominal,498,206
True,1.8000000000000012,1.8000000000000012,5.667929046218873,0,21.296679658148054,2.42180266399302,90,nominal,502,207
True,7.459999999999929,7.459999999999929,4.654835975626433,0,102.99332214567565,2.8697790891604495,373,nominal,506,208
False,,9.999999999999876,7.565315115471986,0,86.7725072399863,6.564646450038941,500,nominal,508,209
False,,9.999999999999876,5.324832327448818,0,869.7130315702216,5.31957611724564,500,nominal,514,210
False,,9.999999999999876,8.840065488873963,0,1476.0621371725001,8.839939329584379,500,nominal,517,211
False,,9.999999999999876,7.931687674437643,0,105.68081612533736,7.401384780284624,500,nominal,519,212
False,,9.999999999999876,8.817178493183931,0,62.664759740754185,8.570602229213378,500,nominal,520,213
False,,9.999999999999876,10.270832725156025,0,364.3167195235397,10.270492113610604,500,nominal,521,214
False,,9.999999999999876,6.348473708326428,0,274.1478578661726,6.194381879065855,500,nominal,522,215
False,,9.999999999999876,7.08489763572988,0,123.42317391797565,6.182417883978034,500,nominal,523,216
False,,9.999999999999876,6.098098678122244,0,144.62976725263098,5.099255754762927,500,nominal,528,217
False,,9.999999999999876,1.56590628340965,0,762.8107757652019,1.5122051583285618,500,nominal,529,218
False,,9.999999999999876,4.950736333506562,0,817.2178895413174,4.9465590586430705,500,nominal,536,219
False,,9.999999999999876,6.9564891449168575,0,240.89352449234585,6.863297885907091,500,nominal,540,220
True,4.479999999999992,4.479999999999992,5.490387868476202,0,96.12308103010454,4.010431977136042,224,nominal,541,221
True,5.219999999999977,5.219999999999977,7.641153562941198,0,85.66823917369997,6.444093332789881,261,nominal,544,222
True,2.4200000000000017,2.4200000000000017,6.199577485684232,0,147.0881587684594,6.023498256075441,121,nominal,546,223
False,,9.999999999999876,9.097804886232069,0,328.2762212397406,9.096148301970754,500,nominal,548,224
True,4.1000000000000005,4.1000000000000005,9.99129796707346,0,9.03837872842689,8.281887318870982,205,nominal,550,225
False,,9.999999999999876,4.662444396939732,0,1725.6487686012554,4.66183748406721,500,nominal,553,226
True,7.699999999999924,7.699999999999924,4.213309292047215,0,194.50314456625455,3.689215430926045,385,nominal,554,227
True,0.25999999999999995,0.25999999999999995,1.1419746809873035,0,109.75981719923723,1.1297769514581906,13,nominal,556,228
False,,9.999999999999876,6.800361339616714,0,1247.2783134474228,6.797977351705375,500,nominal,559,229
True,1.7600000000000011,1.7600000000000011,2.5509942102514827,0,107.34063961575961,2.1978062266695106,88,nominal,562,230
False,,9.999999999999876,3.529986236611968,0,1287.0235044988167,3.526073187667467,500,nominal,563,231
True,5.279999999999975,5.279999999999975,7.453714133087896,0,134.59464275069107,6.996136064905901,264,nominal,567,232
False,,9.999999999999876,5.682870803445914,0,271.40652649633074,5.209950295609091,500,nominal,568,233
False,,9.999999999999876,2.2688947285291294,0,1574.1768607819486,2.267008534610141,500,nominal,571,234
False,,9.999999999999876,2.2981664125622716,0,826.5848836965595,2.2818887764097213,500,nominal,574,235
False,,9.999999999999876,8.619456981868526,0,4536.320704958729,8.619341044179132,500,nominal,577,236
True,7.699999999999924,7.699999999999924,4.591199392135773,0,142.4197188920695,3.3682075934926106,385,nominal,581,237
False,,9.999999999999876,3.99927056768367,0,1062.7519309917145,3.9976152998381425,500,nominal,584,238
True,7.559999999999927,7.559999999999927,4.468974529003369,0,574.912709983673,4.447448466570654,378,nominal,585,239
True,2.3600000000000017,2.3600000000000017,10.228715767853782,0,181.85486501517045,10.208353517949101,118,nominal,586,240
False,,9.999999999999876,1.795125580163158,0,218.16035993560618,0.901049227811745,500,nominal,591,241
False,,9.999999999999876,8.765084654932343,0,1050.934388944961,8.762889006508303,500,nominal,592,242
True,5.9799999999999605,5.9799999999999605,6.826070441553673,0,263.4581473765422,6.70025574647749,299,nominal,593,243
False,,9.999999999999876,6.912944206500852,0,588.059587257129,6.91079110131143,500,nominal,594,244
True,8.279999999999912,8.279999999999912,10.406855545491076,0,158.13374697471704,10.360649305866929,414,nominal,597,245
False,,9.999999999999876,10.349686270178344,0,149.054250411668,10.349465091630115,500,nominal,598,246
False,,9.999999999999876,1.8200154182151038,0,1226.9388854031492,1.806128337129493,500,nominal,600,247
False,,9.999999999999876,4.889080593791834,0,254.5710908048228,4.119191394489968,500,nominal,604,248
True,2.5000000000000018,2.5000000000000018,9.466519197466022,0,18.804081356501705,8.330092140364203,125,nominal,606,249
False,,9.999999999999876,7.915913493133869,0,1052.8809761403268,7.914729035642896,500,nominal,613,250
False,,9.999999999999876,3.026367576529389,0,532.5462488660839,2.970083819031117,500,nominal,614,251
True,8.479999999999908,8.479999999999908,6.659249211967472,0,73.68662410305208,4.954191441592375,424,nominal,615,252
False,,9.999999999999876,8.511148653923632,0,3618.7686301797285,8.510522854579222,500,nominal,621,253
True,4.199999999999998,4.199999999999998,8.364385536413291,0,49.85832134119644,7.077419574653934,210,nominal,623,254
False,,9.999999999999876,3.8864475612026794,0,348.87165799473155,3.4682358010598144,500,nominal,631,255
True,9.999999999999876,9.999999999999876,3.8318087913045593,0,92.51772552037613,1.0565559948965886,500,nominal,634,256
False,,9.999999999999876,8.265894689790173,0,172.22821362023117,8.190634329942117,500,nominal,639,257
True,1.620000000000001,1.620000000000001,8.627163707058559,0,14.333137350245368,7.269173714331812,81,nominal,644,258
False,,9.999999999999876,4.805842996179844,0,532.1621649308498,4.609418699229648,500,nominal,645,259
False,,9.999999999999876,2.9131096042349585,0,2444.7252077562193,2.909866064072178,500,nominal,646,260
False,,9.999999999999876,5.986732044462115,0,90.7928273890585,4.0678330180199485,500,nominal,654,261
False,,9.999999999999876,3.9636050380421923,0,368.17909415469217,3.56549647683038,500,nominal,655,262
False,,9.999999999999876,4.23793482784244,0,81900.03290882688,4.237902282529668,500,nominal,661,263
False,,9.999999999999876,6.380035884288647,0,109.70966323038763,4.8457795661479475,500,nominal,662,264
False,,9.999999999999876,8.967935867460097,0,4881.602888340058,8.967707937034277,500,nominal,665,265
False,,9.999999999999876,8.012206135621366,0,65.61682719235642,6.957960259155698,500,nominal,667,266
False,,9.999999999999876,5.196747044854747,0,407.51113857184765,5.017573241949818,500,nominal,668,267
True,8.899999999999899,8.899999999999899,6.462477633302682,0,61.19726156716807,4.491614721460026,445,nominal,671,268
True,1.8800000000000012,1.8800000000000012,8.377645478653445,0,39.592856470086765,7.639304530337049,94,nominal,672,269
False,,9.999999999999876,3.640468014711457,0,506.4922295899983,3.5080569515330406,500,nominal,675,270
False,,9.999999999999876,5.841226709116913,0,138.43593127799758,4.514069578114295,500,nominal,676,271
False,,9.999999999999876,0.029669209123814967,0,748.0449216161148,0.024082618734595385,500,nominal,678,272
False,,9.999999999999876,2.4818361093247234,0,629.781039098664,2.464941386730617,500,nominal,679,273
False,,9.999999999999876,4.066334507128511,0,214.28913890088623,3.137836987534,500,nominal,681,274
False,,9.999999999999876,7.321365494116795,0,139.39140356967903,6.433747510133576,500,mild,1,0
False,,9.999999999999876,2.3019776384948125,0,1638.288996777437,2.224492915101839,500,mild,2,1
False,,9.999999999999876,4.9014318804857595,0,1953.5856903487231,4.700688300157889,500,mild,4,2
False,,9.999999999999876,7.497018973267934,0,1387.7310390218304,7.378881323912324,500,mild,6,3
False,,9.999999999999876,3.2106067158964784,0,1899.8915602148459,2.9619049211615565,500,mild,7,4
False,,9.999999999999876,3.0779483271708967,0,1033.510900659445,2.9906331558067287,500,mild,10,5
False,,9.999999999999876,5.709054034105059,0,934.0110596307788,5.5454980043514706,500,mild,12,6
False,,9.999999999999876,6.927823678422122,0,2472.5840977386697,6.7915257428538425,500,mild,13,7
False,,9.999999999999876,9.853561651898868,0,467.1598084014536,9.690217080279103,500,mild,15,8
False,,9.999999999999876,4.602189855558665,0,638.7039654968919,4.352017211340625,500,mild,18,9
True,2.860000000000002,2.860000000000002,8.197134510732127,0,38.548456508485856,6.994703297568611,143,mild,19,10
False,,9.999999999999876,1.6855743752725212,0,1127.241010918693,1.3269216218739732,500,mild,21,11
True,5.3199999999999745,5.3199999999999745,9.874808690884096,0,48.60253959714157,9.477748022954946,266,mild,22,12
False,,9.999999999999876,7.8844819369387515,0,960.9743533757716,7.826306606760052,500,mild,23,13
False,,9.999999999999876,8.690856503380484,0,7.871398424946374,6.114817186050187,500,mild,24,14
True,2.0400000000000014,2.0400000000000014,4.260853097759189,0,62.968628221426975,3.0585405221132547,102,mild,26,15
False,,9.999999999999876,6.009514510410351,0,1733.904921667878,5.718324590029275,500,mild,29,16
False,,9.999999999999876,7.363729473824688,0,212.5803588295473,7.089737664948819,500,mild,30,17
True,3.3200000000000025,3.3200000000000025,9.465467744420764,0,189.9499799431337,9.337532633677128,166,mild,32,18
False,,9.999999999999876,3.2005228816150906,0,388.1895046462901,2.4371511067293987,500,mild,37,19
False,,9.999999999999876,6.704842953384047,0,101.5714681167694,5.205424661458937,500,mild,38,20
False,,9.999999999999876,5.758078026530633,0,1285.6087340843872,5.5812785494946615,500,mild,42,21
False,,9.999999999999876,6.3674370794160025,0,590.3717222880782,6.183429270146483,500,mild,43,22
True,3.3800000000000026,3.3800000000000026,6.199367636944478,0,107.72674180677495,5.377314236056016,169,mild,44,23
False,,9.999999999999876,6.697678834520556,0,683.0666170872547,6.504843733732209,500,mild,47,24
False,,9.999999999999876,1.937094783249333,0,1045.5474352040144,1.5640976924872547,500,mild,48,25
False,,9.999999999999876,7.675794710551622,0,151.7455198199051,7.25169759544143,500,mild,53,26
True,8.339999999999911,8.339999999999911,-0.01663393317253336,1,668.2002150359014,-0.5097708127686822,417,mild,54,27
False,,9.999999999999876,3.5611499957800588,0,341.58664664255315,2.4659813594790805,500,mild,55,28
False,,9.999999999999876,9.831862204676447,0,3435.9920968002643,9.825242861793024,500,mild,56,29
False,,9.999999999999876,2.8330492103241536,0,16793.517826879313,2.4029964134556465,500,mild,60,30
False,,9.999999999999876,2.3398026598387194,0,149.8980150079512,-0.28748502629138484,500,mild,61,31
False,,9.999999999999876,-0.17840089385693608,2,1772.703597462273,-0.34461925081150363,500,mild,62,32
True,6.099999999999958,6.099999999999958,5.289107648707465,0,131.68709465682429,3.384845555010234,305,mild,67,33
False,,9.999999999999876,1.827875328057643,0,642.2787720564593,1.801807819027881,500,mild,69,34
False,,9.999999999999876,3.1051987920671604,0,853.1942661740766,2.9144185493785733,500,mild,74,35
False,,9.999999999999876,7.248233244395212,0,1895.8395015461178,7.131972638604835,500,mild,77,36
True,8.659999999999904,8.659999999999904,4.873217839852844,0,238.62221557695543,4.1625392582445055,433,mild,80,37
True,5.159999999999978,5.159999999999978,5.949713224640998,0,110.07176913380935,4.554558017301783,258,mild,81,38
False,,9.999999999999876,2.954049165944338,0,1325.4442684391195,2.869921163356464,500,mild,83,39
True,4.020000000000002,4.020000000000002,10.537947066518436,0,1.9594819536858208,9.681771678145022,201,mild,84,40
False,,9.999999999999876,1.3429090798077352,0,3387.0865682637013,1.2117248685855966,500,mild,90,41
True,0.21999999999999997,0.21999999999999997,6.345839761938285,0,170.4284124108064,6.278659144009572,11,mild,99,42
True,5.119999999999979,5.119999999999979,8.007276830774533,0,62.57463723249965,6.454889957604009,256,mild,101,43
True,2.620000000000002,2.620000000000002,3.355751494283203,0,80.19548548671337,1.6007968252744424,131,mild,102,44
False,,9.999999999999876,9.106290882004219,0,642.7195452750273,8.815890699847735,500,mild,103,45
False,,9.999999999999876,9.266456900431656,0,1157.5301277155154,9.181547810747698,500,mild,109,46
True,6.6799999999999455,6.6799999999999455,0.1243019098306276,0,3517.100910425778,-0.37495826139839394,334,mild,111,47
False,,9.999999999999876,8.296186947102466,0,287.93926237306255,8.149037879601382,500,mild,112,48
True,6.859999999999942,6.859999999999942,9.062408166643907,0,47.03041267853127,7.581242065832734,343,mild,116,49
False,,9.999999999999876,5.805704762706967,0,110.21923105975209,3.7446965806935344,500,mild,117,50
True,9.739999999999881,9.739999999999881,5.766489382977813,0,228.9184050347219,5.282973956120911,487,mild,118,51
False,,9.999999999999876,0.48779769036477044,0,6664.579705158142,-0.24261782018251865,500,mild,119,52
False,,9.999999999999876,6.825187785462001,0,857.0750775754757,6.590833797245748,500,mild,120,53
False,,9.999999999999876,8.878093654113592,0,2062.5295429874354,8.770854318351388,500,mild,123,54
True,7.1999999999999345,7.1999999999999345,9.442985513504132,0,4.684230828808816,8.744043882666007,360,mild,126,55
True,1.4400000000000008,1.4400000000000008,5.546504970765761,0,28.62112126123117,3.69776581358338,72,mild,132,56
False,,9.999999999999876,7.374063099829322,0,141.793104945021,7.034608968316854,500,mild,134,57
True,7.179999999999935,7.179999999999935,9.767296790368295,0,115.76239397156615,9.622225405178048,359,mild,135,58
True,6.499999999999949,6.499999999999949,4.846862941790812,0,89.0747113226497,2.3452300572355664,325,mild,139,59
False,,9.999999999999876,3.1766037067064805,0,996.162981241049,2.990387093769776,500,mild,140,60
False,,9.999999999999876,3.175949640838249,0,8962.886081293875,2.74404592263573,500,mild,148,61
False,,9.999999999999876,2.3940197771535945,0,1256.899368343074,2.1820954750138024,500,mild,149,62
False,,9.999999999999876,7.418879851121968,0,244.84863731093805,6.895975027419841,500,mild,150,63
True,5.219999999999977,5.219999999999977,-0.5472839269725287,5,8234.459346821135,-0.5548572805716657,261,mild,151,64
True,1.560000000000001,1.560000000000001,0.3901577911429943,0,253.88595978570072,0.05468713194352404,78,mild,152,65
False,,9.999999999999876,4.247454802869764,0,1540.6646152942499,4.188836614677041,500,mild,154,66
True,9.419999999999888,9.419999999999888,2.9786500007327605,0,148.200385655295,1.0735711489596014,471,mild,157,67
True,2.1600000000000015,2.1600000000000015,4.585873357927717,0,59.65630644738503,3.1170036891415496,108,mild,158,68
False,,9.999999999999876,6.397678664954298,0,330.29267530470725,5.91958045820202,500,mild,159,69
False,,9.999999999999876,5.933729633581706,0,397.2478937615315,5.650479188885619,500,mild,164,70
False,,9.999999999999876,4.749764899857323,0,3996.674948754329,4.64592385548218,500,mild,165,71
True,2.720000000000002,2.720000000000002,5.105678252142217,0,48.99320542331376,3.1494452885231463,136,mild,177,72
False,,9.999999999999876,6.810083547532808,0,840.5137005899117,6.503634167103419,500,mild,178,73
False,,9.999999999999876,6.1392332422920735,0,133.55121246424847,5.1528119877531395,500,mild,180,74
False,,9.999999999999876,4.898814123135107,0,591.1746731752795,4.521861126310147,500,mild,181,75
False,,9.999999999999876,8.107483912819822,0,107.75804016858626,7.374988908505592,500,mild,182,76
False,,9.999999999999876,4.8990057720047595,0,160.2726818874161,2.975872881277256,500,mild,183,77
True,8.719999999999903,8.719999999999903,8.44147018851803,0,581.1253715971891,8.416081589402863,436,mild,184,78
False,,9.999999999999876,9.757515306161254,0,85.88237944924393,9.67150009823246,500,mild,185,79
False,,9.999999999999876,9.3640073052103,0,516.5142254781357,9.194570122052564,500,mild,187,80
True,7.959999999999918,7.959999999999918,3.494296245453774,0,152.57453268594807,1.4782117757555437,398,mild,191,81
False,,9.999999999999876,2.030575221474922,0,412.9260842132787,1.1381506187722827,500,mild,192,82
False,,9.999999999999876,9.916407190888622,0,738.3504518467602,9.688622988026449,500,mild,194,83
False,,9.999999999999876,3.2271842796017824,0,3562.5387455751884,3.1953298080930015,500,mild,195,84
True,3.5000000000000027,3.5000000000000027,5.989917001480717,0,29.738394179639833,2.115587172904652,175,mild,196,85
False,,9.999999999999876,3.055218770310764,0,1051.6961918070192,2.732109998051006,500,mild,198,86
False,,9.999999999999876,5.129543883956762,0,4569.993674588198,4.94376587446217,500,mild,199,87
True,9.399999999999888,9.399999999999888,4.586116411541319,0,162.63054899771217,2.368408043568638,470,mild,203,88
False,,9.999999999999876,3.634147330266489,0,787.9421638687816,3.5830061462752405,500,mild,206,89
False,,9.999999999999876,6.607072308984437,0,473.94755629651695,6.320797327483959,500,mild,216,90
False,,9.999999999999876,0.19463934601133703,0,1670.4670476311082,0.03156334844415554,500,mild,219,91
False,,9.999999999999876,9.765043624593668,0,85.57362926007626,9.697851977635832,500,mild,220,92
False,,9.999999999999876,7.747813778823365,0,46.323726533153454,5.678135264138346,500,mild,223,93
False,,9.999999999999876,5.663951567044356,0,291.141845211737,5.312252651002002,500,mild,226,94
False,,9.999999999999876,8.533268493314436,0,397.78350905618345,8.437689210421796,500,mild,230,95
False,,9.999999999999876,5.684976686676284,0,147.51325226433195,4.204714995417896,500,mild,233,96
False,,9.999999999999876,1.4210281569927754,0,809.0674064728884,1.0450204091295783,500,mild,236,97
True,8.8599999999999,8.8599999999999,8.184612653159634,0,220.0682778053592,7.948134538642997,443,mild,238,98
False,,9.999999999999876,2.9706862745948537,0,2552.2118971037767,2.9227361820071156,500,mild,239,99
False,,9.999999999999876,3.183998130760199,0,1954.9776857059064,3.1576561257818447,500,mild,240,100
False,,9.999999999999876,7.413337146408698,0,1566.4402180210518,7.311130614092899,500,mild,241,101
False,,9.999999999999876,8.838080777123658,0,334.3419750479599,8.65073817260485,500,mild,242,102
True,1.540000000000001,1.540000000000001,1.7162974534334685,0,161.4809916305371,1.106278347372342,77,mild,244,103
False,,9.999999999999876,5.682428187485335,0,2392.2072891045186,5.515000957268294,500,mild,245,104
True,9.33999999999989,9.33999999999989,2.4196766501404876,0,2309054.4630733593,2.4196763962144723,467,mild,246,105
True,8.939999999999898,8.939999999999898,9.221223040222954,0,29.88633669099377,8.74867827838072,447,mild,252,106
False,,9.999999999999876,2.193199219979358,0,367.7424405641326,1.2159348187980934,500,mild,253,107
False,,9.999999999999876,8.097617381043124,0,136.96819095877487,7.512843433068805,500,mild,256,108
False,,9.999999999999876,9.687105976698128,0,309.15256328914245,9.633050019425161,500,mild,258,109
False,,9.999999999999876,1.6246340173784741,0,12626.33041249879,1.2314373892039763,500,mild,262,110
True,9.379999999999889,9.379999999999889,8.160165142638832,0,14.664502586502323,5.5779693809252615,469,mild,265,111
False,,9.999999999999876,2.2001508883045435,0,294.7107303719575,0.9167217617971228,500,mild,271,112
False,,9.999999999999876,4.564576315455677,0,433.36910247092004,4.1913304399499625,500,mild,272,113
True,3.3200000000000025,3.3200000000000025,5.928747731367966,0,53.661430611643254,3.7542495923781787,166,mild,275,114
False,,9.999999999999876,3.7142687037423783,0,3220.8087627170394,3.5462268063525424,500,mild,277,115
False,,9.999999999999876,1.3220931261748912,0,756.9591114633239,0.875102697722701,500,mild,278,116
False,,9.999999999999876,4.659770370295989,0,3845.6674980483426,4.361420567431832,500,mild,280,117
False,,9.999999999999876,7.849781606960973,0,1437.4767062516123,7.701580190209616,500,mild,286,118
True,2.0000000000000013,2.0000000000000013,7.353453957802308,0,17.928154204213428,4.890075578487335,100,mild,288,119
False,,9.999999999999876,6.572185570139984,0,432.39385289100005,6.401078910402303,500,mild,289,120
False,,9.999999999999876,3.114304913327482,0,546.5019802691131,2.433980336416835,500,mild,294,121
False,,9.999999999999876,1.0521694674773394,0,997.5937390065283,0.9336095036941531,500,mild,296,122
False,,9.999999999999876,4.484201532536683,0,317.00753652495183,4.140435940870125,500,mild,297,123
False,,9.999999999999876,7.617131478865022,0,1045.5461993477245,7.34380268017043,500,mild,299,124
True,2.700000000000002,2.700000000000002,9.258790798540794,0,5.268997364804952,5.019090990612957,135,mild,301,125
True,9.439999999999888,9.439999999999888,10.171024001345668,0,7.8619166756952685,10.081436833534557,472,mild,302,126
True,4.499999999999992,4.499999999999992,9.078812193013492,0,47.48939345743269,7.932218037126939,225,mild,310,127
True,2.780000000000002,2.780000000000002,3.9902619300080207,0,177.04606645930195,3.5811329185133367,139,mild,311,128
True,1.8400000000000012,1.8400000000000012,9.865342696083841,0,6.669209731732212,8.202046869857998,92,mild,318,129
True,2.680000000000002,2.680000000000002,10.520032903196368,0,2.0247658168449276,8.941611748973987,134,mild,319,130
True,5.239999999999976,5.239999999999976,3.063845483803149,0,161.84649849313288,1.6653152804096472,262,mild,322,131
False,,9.999999999999876,8.712596215088768,0,657.0825174146581,8.41742574950717,500,mild,335,132
False,,9.999999999999876,2.5138974371605642,0,3241.694615780872,2.1773602757448693,500,mild,336,133
True,8.279999999999912,8.279999999999912,9.363719536386597,0,174.97292308371445,8.918926652560433,414,mild,338,134
False,,9.999999999999876,8.002813547041061,0,1634.7015190081536,7.819646405241342,500,mild,342,135
False,,9.999999999999876,3.2364262742624064,0,704.4257155778729,2.7947401060357357,500,mild,348,136
False,,9.999999999999876,7.447268096524906,0,4162.531637086367,7.361129735143597,500,mild,349,137
False,,9.999999999999876,0.4653540739678415,0,300.8927017389735,-1.2377931825938144,500,mild,350,138
False,,9.999999999999876,-0.23447686856882693,10,889.8413681807572,-0.4883274213663422,500,mild,351,139
False,,9.999999999999876,7.085199249411879,0,204.32393271576544,6.556043039856277,500,mild,358,140
True,5.07999999999998,5.07999999999998,7.212735787727366,0,142.71054412953114,6.431208008511053,254,mild,360,141
False,,9.999999999999876,4.217781336186701,0,817.6073136869377,3.614381225447766,500,mild,364,142
False,,9.999999999999876,1.4712854270384996,0,2183.9369550638144,1.1308298852789753,500,mild,365,143
False,,9.999999999999876,6.865682270694388,0,230.22261533997903,6.450394428521455,500,mild,366,144
False,,9.999999999999876,2.9928092525876515,0,818.0345789387842,2.513037794813897,500,mild,367,145
False,,9.999999999999876,1.1396432936380894,0,5639.731463722946,0.8696036421396902,500,mild,368,146
False,,9.999999999999876,9.878616172725758,0,1166.1840420352135,9.733761547995968,500,mild,369,147
False,,9.999999999999876,9.416995893331208,0,313.0308122407994,9.343987665105956,500,mild,372,148
False,,9.999999999999876,8.184201377294322,0,718.3289527794346,8.098276296065416,500,mild,374,149
True,3.3800000000000026,3.3800000000000026,2.525151610001612,0,163.64802561047065,1.8044648548225337,169,mild,375,150
False,,9.999999999999876,9.544534370873667,0,3043.6113759256523,9.54042070305207,500,mild,380,151
False,,9.999999999999876,4.737204177329271,0,183.04587436394831,2.9699830717082527,500,mild,382,152
False,,9.999999999999876,4.3201369077465746,0,898.7702437733959,4.0126425712345295,500,mild,383,153
False,,9.999999999999876,8.848353427967256,0,1922.7875040651745,8.795444231238987,500,mild,387,154
True,8.39999999999991,8.39999999999991,4.645821825510891,0,85.34115369241493,1.8467388804485945,420,mild,388,155
True,3.4200000000000026,3.4200000000000026,7.621735773106927,0,48.01095582858927,5.69809196678705,171,mild,391,156
True,4.8999999999999835,4.8999999999999835,6.515963554193526,0,42.33745815004107,3.317349155983366,245,mild,395,157
False,,9.999999999999876,7.440057024995831,0,191.61173018324135,6.822142937192208,500,mild,400,158
True,8.35999999999991,8.35999999999991,6.35162608728154,0,159.39114801550434,5.780779141783599,418,mild,401,159
True,2.520000000000002,2.520000000000002,8.861428720405662,0,9.351527462820883,4.0414727845401535,126,mild,402,160
False,,9.999999999999876,3.4792826263873557,0,573.7313021477646,3.1910560933388994,500,mild,405,161
True,8.8199999999999,8.8199999999999,6.618873443031758,0,120.67220657640021,5.29242866177635,441,mild,408,162
False,,9.999999999999876,5.719418222803212,0,321.43803134854136,5.429504432829821,500,mild,409,163
False,,9.999999999999876,3.870667380307308,0,664.1310779920556,3.765568156411164,500,mild,412,164
False,,9.999999999999876,9.586327298355059,0,378.63036905162585,9.575285219610315,500,mild,413,165
True,9.999999999999876,9.999999999999876,10.136742799036435,0,121.5808053931248,9.870139041429956,500,mild,415,166
False,,9.999999999999876,8.748297315619117,0,806.3572940321023,8.440706309768801,500,mild,416,167
True,4.219999999999998,4.219999999999998,4.074811588525036,0,198.19018721676082,3.711648868695041,211,mild,417,168
True,8.439999999999909,8.439999999999909,8.314594462884362,0,13.71476638580309,4.754128186371593,422,mild,419,169
True,8.539999999999907,8.539999999999907,8.1204434965716,0,205.22118570377305,7.318470468762344,427,mild,425,170
True,7.6199999999999255,7.6199999999999255,1.697966801349572,0,710.553442581535,1.1850079536029385,381,mild,426,171
True,4.679999999999988,4.679999999999988,10.700632412517415,0,11.699987836577925,10.498524051614721,234,mild,429,172
False,,9.999999999999876,6.016871286788812,0,1311.0003513783483,5.872409942233799,500,mild,433,173
False,,9.999999999999876,8.528334962828122,0,634.9971638507009,8.450024882479019,500,mild,434,174
False,,9.999999999999876,7.446152690029139,0,1037.9352139811756,7.175453583163545,500,mild,435,175
False,,9.999999999999876,8.829020220629628,0,1657.976885535619,8.553579517639871,500,mild,436,176
False,,9.999999999999876,6.092594351182289,0,303.00547238205917,5.612697808295862,500,mild,439,177
True,4.459999999999993,4.459999999999993,5.115327096906072,0,58.40898313997475,2.117088523057487,223,mild,444,178
False,,9.999999999999876,5.241197417819708,0,681.9116052446959,5.013234099774931,500,mild,445,179
True,8.059999999999917,8.059999999999917,2.769691107927389,0,234.82493130001166,1.2051639292657326,403,mild,446,180
False,,9.999999999999876,0.04570527660799414,0,2075.744757371958,-0.4363338087260308,500,mild,447,181
True,9.279999999999891,9.279999999999891,10.35327941030227,0,47.81439092281694,10.281729686745315,464,mild,448,182
True,0.5200000000000001,0.5200000000000001,6.056221634748554,0,28.755094402429876,5.526563757742358,26,mild,449,183
True,4.060000000000001,4.060000000000001,2.4496284967658664,0,168.323810417514,1.2118255443340118,203,mild,452,184
False,,9.999999999999876,6.288615406624963,0,1050.2631516701413,6.222633672240644,500,mild,453,185
False,,9.999999999999876,7.8870052887837545,0,259.2693485755409,7.658401219997145,500,mild,455,186
False,,9.999999999999876,2.068677167107597,0,11763.289801607863,1.8561560077894992,500,mild,456,187
False,,9.999999999999876,8.920213064842695,0,1607.5522514251704,8.913124458857306,500,mild,458,188
False,,9.999999999999876,4.559471719243921,0,949.5333461883225,4.29812590682407,500,mild,459,189
True,8.599999999999905,8.599999999999905,7.253595085951487,0,190.4874622774235,6.834974383451394,430,mild,462,190
True,5.019999999999981,5.019999999999981,10.092609235901513,0,28.365596718612878,9.409409861244352,251,mild,465,191
True,9.159999999999894,9.159999999999894,6.302191535052626,0,831.7187251274943,6.129970205422068,458,mild,466,192
False,,9.999999999999876,1.6281657981622168,0,475.9718327359079,0.9430020751299465,500,mild,467,193
True,2.2200000000000015,2.2200000000000015,5.1829204713699175,0,56.83749374456741,4.140378089021827,111,mild,468,194
False,,9.999999999999876,3.9058202281701537,0,851.3998494506651,3.7163243168274005,500,mild,469,195
False,,9.999999999999876,5.352399308457231,0,178.05118860448306,4.417677000040834,500,mild,471,196
False,,9.999999999999876,4.281756621125263,0,353.56465651644334,3.7732704514127806,500,mild,473,197
False,,9.999999999999876,0.9153376677250384,0,315.06450470578847,-0.12193560770770961,500,mild,475,198
False,,9.999999999999876,6.769710491154429,0,623.7898815111782,5.985113215484219,500,mild,476,199
False,,9.999999999999876,4.035164972640117,0,1947.8801212513474,3.8365440517774214,500,mild,478,200
False,,9.999999999999876,4.095309372304361,0,839.5213329377547,3.755047475724821,500,mild,481,201
False,,9.999999999999876,6.089765024365106,0,316.9755909606448,5.539221136293871,500,mild,485,202
False,,9.999999999999876,4.529622338530698,0,521.3800181360159,4.174718711123001,500,mild,488,203
False,,9.999999999999876,4.948648422058046,0,1794.2303670029787,4.83607096617035,500,mild,489,204
True,1.640000000000001,1.640000000000001,10.332790981867268,0,1.6641093377777523,7.440417595305296,82,mild,493,205
True,9.739999999999881,9.739999999999881,6.3498685519617215,0,137.6769042662836,4.837556539950851,487,mild,498,206
True,1.7800000000000011,1.7800000000000011,5.164678276273935,0,22.97836579034513,1.7623743010235433,89,mild,502,207
True,7.319999999999932,7.319999999999932,4.409991129569293,0,102.3101971800321,2.2411006481113764,366,mild,506,208
False,,9.999999999999876,7.234798751403242,0,94.80002335159506,6.085820313142365,500,mild,508,209
False,,9.999999999999876,5.339144087374322,0,7142.75546133347,5.186802128118653,500,mild,514,210
False,,9.999999999999876,8.687017685589934,0,688.2126860561204,8.569920333435416,500,mild,517,211
False,,9.999999999999876,7.3224138125611935,0,123.42485435221259,6.599166744171425,500,mild,519,212
False,,9.999999999999876,8.52829306898295,0,92.89166149446105,8.30142516370167,500,mild,520,213
False,,9.999999999999876,10.26716719497911,0,367.8987254863515,10.086153561206267,500,mild,521,214
False,,9.999999999999876,6.063547317356993,0,284.13710708693657,5.351432651206877,500,mild,522,215
False,,9.999999999999876,6.738971387007147,0,135.8055359143409,5.312813402089589,500,mild,523,216
False,,9.999999999999876,5.1832807058615,0,171.8698808312347,3.8848652766205767,500,mild,528,217
False,,9.999999999999876,1.0551111104367543,0,741.5792823793066,0.8015481204377384,500,mild,529,218
False,,9.999999999999876,4.744355823820723,0,2901.94845275241,4.6616618838923,500,mild,536,219
False,,9.999999999999876,6.803648486092735,0,265.01569305835653,5.629567280688452,500,mild,540,220
True,4.479999999999992,4.479999999999992,5.138888589481701,0,97.77164294871775,3.66894978232267,224,mild,541,221
True,5.239999999999976,5.239999999999976,7.239658122689264,0,91.04133341351557,5.885002705924854,262,mild,544,222
True,2.3600000000000017,2.3600000000000017,6.546970723473768,0,133.46768546115987,5.9851750093532985,118,mild,546,223
False,,9.999999999999876,8.790437448960564,0,345.21392676830163,8.589629900076558,500,mild,548,224
True,4.080000000000001,4.080000000000001,9.803905094454354,0,13.36986675112504,7.833221134650872,204,mild,550,225
False,,9.999999999999876,4.662444396939732,0,1655.1242508028386,4.575167132707599,500,mild,553,226
True,7.659999999999925,7.659999999999925,4.0782094437331455,0,188.84600395245553,3.3198530217283864,383,mild,554,227
True,0.25999999999999995,0.25999999999999995,1.303445661935662,0,109.81913909390131,1.12275843616142,13,mild,556,228
False,,9.999999999999876,6.189129147389097,0,2179.8860226827546,6.005500520193876,500,mild,559,229
True,1.740000000000001,1.740000000000001,2.8187574360619174,0,104.09973636153562,2.0757468843194564,87,mild,562,230
False,,9.999999999999876,3.1192488120224438,0,1091.2441244256331,2.7347073967251934,500,mild,563,231
True,5.679999999999967,5.679999999999967,7.470001685009544,0,147.71090434061918,6.949614982549267,284,mild,567,232
False,,9.999999999999876,5.553323447424103,0,251.77582542758583,5.063496897096187,500,mild,568,233
False,,9.999999999999876,1.8342362992855439,0,2271.299100774998,1.7226456905268943,500,mild,571,234
False,,9.999999999999876,1.4791934560218991,0,906.4705013833969,1.05920205258497,500,mild,574,235
False,,9.999999999999876,8.619681235617751,0,2718.7649488548705,8.61019576644269,500,mild,577,236
True,7.679999999999924,7.679999999999924,4.6868711731770185,0,132.0268152528145,3.0097326133429894,384,mild,581,237
False,,9.999999999999876,3.4551566021792457,0,765.7305514552901,3.3525712264169245,500,mild,584,238
True,7.499999999999928,7.499999999999928,3.8630977693063207,0,581.4011034409031,3.766313142994986,375,mild,585,239
True,2.2000000000000015,2.2000000000000015,10.128321311589257,0,189.53273564266183,10.023946931868855,110,mild,586,240
False,,9.999999999999876,1.2532248398253485,0,214.22766995532385,-0.08357728359002656,500,mild,591,241
False,,9.999999999999876,8.35319956553999,0,3059.4137612117515,8.22695128588995,500,mild,592,242
True,6.039999999999959,6.039999999999959,6.741316346909353,0,277.74455596038257,6.127334290868905,302,mild,593,243
False,,9.999999999999876,6.912944206500852,0,673.1786948643982,6.627471417483598,500,mild,594,244
True,9.119999999999894,9.119999999999894,10.123989443965383,0,280.1255623923193,10.03618914562101,456,mild,597,245
False,,9.999999999999876,10.275618941109226,0,195.8042140409371,10.22248467260634,500,mild,598,246
False,,9.999999999999876,1.5484566771741155,0,1599.0008707948514,1.3360819075821448,500,mild,600,247
False,,9.999999999999876,5.270340583096349,0,237.936188085533,3.4941395136758144,500,mild,604,248
True,2.4600000000000017,2.4600000000000017,9.610724031787997,0,15.38878831114825,8.285292745197244,123,mild,606,249
False,,9.999999999999876,7.485626783912447,0,2804.9429581151235,7.325633399689507,500,mild,613,250
False,,9.999999999999876,3.1934669484688816,0,520.9708366161328,2.829029754166809,500,mild,614,251
True,8.539999999999907,8.539999999999907,6.6016339073777734,0,76.99023901938733,4.3458333146665495,427,mild,615,252
False,,9.999999999999876,8.756568860906434,0,1484.497838073986,8.412764847153456,500,mild,621,253
True,4.2399999999999975,4.2399999999999975,8.44297277525838,0,43.44257172108499,7.018841753832383,212,mild,623,254
False,,9.999999999999876,4.002187433362329,0,348.2666324782894,3.4458312683165175,500,mild,631,255
True,9.879999999999878,9.879999999999878,2.5346386066259776,0,102.51211974579286,-0.347646148548308,494,mild,634,256
False,,9.999999999999876,8.481189955379781,0,143.27610497751064,8.033612110187587,500,mild,639,257
True,1.600000000000001,1.600000000000001,8.627163707058559,0,12.998139660432289,7.087012171994266,80,mild,644,258
False,,9.999999999999876,4.914946671236024,0,508.000738373854,4.556822734860583,500,mild,645,259
False,,9.999999999999876,2.323819745434488,0,1280.4611713981121,2.114191731625527,500,mild,646,260
False,,9.999999999999876,5.892825436568433,0,85.65484136511614,3.586252056233546,500,mild,654,261
False,,9.999999999999876,2.801337560027894,0,400.08155559262013,2.16054100124335,500,mild,655,262
False,,9.999999999999876,3.9823953898608884,0,106150.39084708206,3.703451848603115,500,mild,661,263
False,,9.999999999999876,6.490873644609998,0,105.6432997564617,4.711618721017951,500,mild,662,264
False,,9.999999999999876,8.366788673310843,0,2268.7348063510467,8.261598874211678,500,mild,665,265
False,,9.999999999999876,8.265168901085573,0,52.412423395954356,6.935445964092398,500,mild,667,266
False,,9.999999999999876,5.181148999156512,0,392.9485015258682,4.491869258013491,500,mild,668,267
True,8.8799999999999,8.8799999999999,6.238530130329204,0,55.85710472014103,4.1359459210264955,444,mild,671,268
True,1.9400000000000013,1.9400000000000013,8.016291171941443,0,45.032494091856336,7.163877963650545,97,mild,672,269
False,,9.999999999999876,2.4572011291741407,0,543.8454751709149,1.6697457960861621,500,mild,675,270
False,,9.999999999999876,6.208678419648867,0,122.07364205078494,4.348529307123605,500,mild,676,271
False,,9.999999999999876,-1.5984782559013675,82,1394.3436569480634,-1.7886852306230354,500,mild,678,272
False,,9.999999999999876,2.6543027593686963,0,712.0111452453272,2.3589673256174795,500,mild,679,273
False,,9.999999999999876,2.7518672736234993,0,251.90162197391655,1.5471257937454448,500,mild,681,274
False,,9.999999999999876,6.332276631535037,0,172.9494168474793,3.9722255856103827,500,moderate,1,0
False,,9.999999999999876,-0.13270372311858045,3,2280.431106056762,-0.47643234797028833,500,moderate,2,1
False,,9.999999999999876,2.670993713326388,0,2944.68684294183,2.3162724489054742,500,moderate,4,2
False,,9.999999999999876,7.344260050891865,0,741.1348142633574,7.1460717902284125,500,moderate,6,3
False,,9.999999999999876,1.5199169367636556,0,1062.2378119226428,0.9526906687906382,500,moderate,7,4
False,,9.999999999999876,3.0779483271708967,0,1630.1356915802078,2.9109990876846807,500,moderate,10,5
False,,9.999999999999876,4.647196153301883,0,2126.712467045704,4.301599674706687,500,moderate,12,6
False,,9.999999999999876,6.456752111604861,0,1273.6114414412436,6.243564509788741,500,moderate,13,7
False,,9.999999999999876,9.564671303993368,0,569.1641070882437,9.209307941078139,500,moderate,15,8
False,,9.999999999999876,3.4962597388188486,0,1480.0950654603223,2.547164231160019,500,moderate,18,9
True,2.780000000000002,2.780000000000002,8.274326148717075,0,34.71009208410651,6.865874015178007,139,moderate,19,10
False,,9.999999999999876,1.2774315208429634,0,1032.3546019586738,1.1003213458987917,500,moderate,21,11
True,5.379999999999973,5.379999999999973,9.8233287873237,0,38.269110799120874,9.430921354589346,269,moderate,22,12
False,,9.999999999999876,8.146173752683245,0,836.6914544141139,7.814127909305808,500,moderate,23,13
False,,9.999999999999876,7.904033043573292,0,13.627285539444909,5.198739619389512,500,moderate,24,14
True,1.9600000000000013,1.9600000000000013,4.426836657773959,0,49.36462349714422,3.0250685296593702,98,moderate,26,15
False,,9.999999999999876,3.0591342249402675,0,902.2996160411759,2.672718903817313,500,moderate,29,16
False,,9.999999999999876,6.919716868716079,0,215.5504566092884,6.197215535618135,500,moderate,30,17
True,3.2200000000000024,3.2200000000000024,9.345095270738554,0,155.94730648148166,9.079813213560508,161,moderate,32,18
False,,9.999999999999876,2.0382634702848073,0,431.5031492790645,1.1997031085946288,500,moderate,37,19
False,,9.999999999999876,2.4327296036001353,0,211.48435185258313,0.6228556287150915,500,moderate,38,20
False,,9.999999999999876,5.859184244286685,0,1565.6362484446524,5.482789182547011,500,moderate,42,21
False,,9.999999999999876,3.9496843735538514,0,720.0611912483921,3.6500896169891246,500,moderate,43,22
True,3.3800000000000026,3.3800000000000026,6.4661655325458405,0,96.31725970888311,5.605982100701953,169,moderate,44,23
False,,9.999999999999876,4.223829097721753,0,635.6678672309436,3.81534160821424,500,moderate,47,24
False,,9.999999999999876,-0.5259662278667975,10,869.0448703949136,-1.2210935271852552,500,moderate,48,25
False,,9.999999999999876,7.518355719849724,0,143.55697445056708,6.989381544379517,500,moderate,53,26
True,6.93999999999994,6.93999999999994,0.7849591027362288,0,386.9273059864877,0.036369155899510563,347,moderate,54,27
False,,9.999999999999876,-1.5558289019749059,26,416.22263676499534,-2.9093777927157536,500,moderate,55,28
False,,9.999999999999876,8.999966921919544,0,6904.16259361598,8.980153380410831,500,moderate,56,29
False,,9.999999999999876,-0.5390086383466904,2,1243.5206362772922,-0.6454323206094176,500,moderate,60,30
False,,9.999999999999876,1.59232031047938,0,158.77238623099302,-2.5785388228151285,500,moderate,61,31
False,,9.999999999999876,-3.757079261933971,106,1106.8495630452423,-4.2271833657895135,500,moderate,62,32
True,5.959999999999961,5.959999999999961,5.144099195676479,0,85.6564862752562,2.9858803210412472,298,moderate,67,33
False,,9.999999999999876,-1.7261798403897735,39,1510.6536243231878,-3.0721350024236123,500,moderate,69,34
False,,9.999999999999876,0.8685926607380217,0,1283.7838344925765,0.44454149370658713,500,moderate,74,35
False,,9.999999999999876,4.1429051378643305,0,1430.0012021081222,3.399999020208629,500,moderate,77,36
True,9.039999999999896,9.039999999999896,3.9493743925365994,0,280.35414680544966,2.30016349019201,452,moderate,80,37
True,4.999999999999981,4.999999999999981,5.396027556179192,0,108.98084406445854,3.6971656497036958,250,moderate,81,38
False,,9.999999999999876,-1.1910962214790954,15,3486.0176140414246,-1.696962751167944,500,moderate,83,39
True,4.1000000000000005,4.1000000000000005,10.50137884862912,0,4.463095707961798,9.57522896170166,205,moderate,84,40
False,,9.999999999999876,0.15220958733618625,0,1594.9681908677528,-0.1671312571727228,500,moderate,90,41
False,,9.999999999999876,4.576277586709082,0,1203.611038717295,3.081089647425107,500,moderate,99,42
True,5.019999999999981,5.019999999999981,7.383281452857004,0,63.910842823938886,5.2194627397300515,251,moderate,101,43
True,2.5000000000000018,2.5000000000000018,2.3244316664006583,0,77.34748872579566,0.5347686713178001,125,moderate,102,44
False,,9.999999999999876,9.690547532294818,0,381.07544234637027,9.411915854693744,500,moderate,103,45
False,,9.999999999999876,8.130273346011025,0,876.4481138105468,7.96040812581315,500,moderate,109,46
False,,9.999999999999876,-2.188366652498512,54,2594.9898673074827,-2.433370755284463,500,moderate,111,47
False,,9.999999999999876,7.133808935772535,0,566.9835895451804,7.0707968697051164,500,moderate,112,48
True,6.699999999999945,6.699999999999945,9.00361611081657,0,35.33718293623618,7.441069970661921,335,moderate,116,49
False,,9.999999999999876,0.2552191543861207,0,208.78033926104177,-2.2954592885790124,500,moderate,117,50
True,8.439999999999909,8.439999999999909,6.698762031438217,0,95.79525321441305,5.005379370404401,422,moderate,118,51
False,,9.999999999999876,0.0996061478560864,0,957.4477139533768,-0.3238136957571887,500,moderate,119,52
False,,9.999999999999876,5.830905460885429,0,408.99987979562604,5.455691810688447,500,moderate,120,53
False,,9.999999999999876,8.535052819275501,0,1610.86320516583,8.440618457918417,500,moderate,123,54
True,7.119999999999936,7.119999999999936,9.442985513504132,0,16.943936655862696,8.085228097852044,356,moderate,126,55
True,1.4800000000000009,1.4800000000000009,5.283277528255119,0,31.399163148081144,2.821802914064465,74,moderate,132,56
False,,9.999999999999876,4.1731969020031885,0,295.5929828645374,3.170549819113739,500,moderate,134,57
True,9.33999999999989,9.33999999999989,8.799014297446783,0,343.6077312306519,8.095661379537246,467,moderate,135,58
True,6.47999999999995,6.47999999999995,4.6317950962738115,0,88.71127886144376,2.22795108495484,324,moderate,139,59
False,,9.999999999999876,2.301756964208816,0,1320.2846691016202,1.4585919752194738,500,moderate,140,60
False,,9.999999999999876,0.1741109594964489,0,10897.755764905221,-0.40499867043206184,500,moderate,148,61
False,,9.999999999999876,1.6448420513479332,0,2244.319575449946,0.4877430632976285,500,moderate,149,62
False,,9.999999999999876,6.604309789639098,0,281.52495018047597,4.909438725284257,500,moderate,150,63
False,,9.999999999999876,0.6287982716869503,0,1140.15698856719,0.07160867204657591,500,moderate,151,64
True,1.520000000000001,1.520000000000001,1.2495255273009604,0,240.11610798833297,0.745266272828593,76,moderate,152,65
False,,9.999999999999876,2.0049596437101083,0,1493.3660231903139,1.3084878814088245,500,moderate,154,66
True,9.679999999999882,9.679999999999882,2.95125405524507,0,148.52944262603455,0.815422801744301,484,moderate,157,67
True,2.0800000000000014,2.0800000000000014,3.2304298253008175,0,64.44909408880754,1.0554318619122132,104,moderate,158,68
False,,9.999999999999876,3.886727465599417,0,285.4656306500741,3.4976008085365935,500,moderate,159,69
False,,9.999999999999876,7.767378603287087,0,425.6018182330693,6.574682682392758,500,moderate,164,70
False,,9.999999999999876,0.8551259783500629,0,1078.7004073873318,0.590283941603312,500,moderate,165,71
True,3.000000000000002,3.000000000000002,5.933336963159932,0,51.62583412306405,2.8389238070276788,150,moderate,177,72
False,,9.999999999999876,5.822208715728817,0,571.0357021891624,5.464363634177102,500,moderate,178,73
False,,9.999999999999876,7.775566821308977,0,61.96025234758192,5.880507778145772,500,moderate,180,74
False,,9.999999999999876,2.7588183182855492,0,671.2225744598242,2.1425746810859656,500,moderate,181,75
False,,9.999999999999876,7.743498504472257,0,104.45962633964344,7.001768429535379,500,moderate,182,76
False,,9.999999999999876,2.5069448384454405,0,155.34810300291542,0.2994876089249807,500,moderate,183,77
True,7.819999999999921,7.819999999999921,6.493018423088962,0,598.0046830631394,6.1854770824642165,391,moderate,184,78
False,,9.999999999999876,9.800210289885854,0,63.65883387857014,9.199367421707667,500,moderate,185,79
False,,9.999999999999876,9.684780140341282,0,104.69454573377215,9.333466927630996,500,moderate,187,80
True,8.539999999999907,8.539999999999907,3.1342065238951533,0,173.41737149878344,1.1690995902928654,427,moderate,191,81
True,9.239999999999892,9.239999999999892,1.7075830703702666,0,334.12842060547655,0.4714613875268403,462,moderate,192,82
False,,9.999999999999876,8.44819414748942,0,337421.738499754,8.336174214725046,500,moderate,194,83
True,5.479999999999971,5.479999999999971,0.7045496956552134,0,2834.25494430379,-0.984029724252873,274,moderate,195,84
True,3.5400000000000027,3.5400000000000027,4.783582560202537,0,34.14213837842839,1.0508088010656298,177,moderate,196,85
False,,9.999999999999876,3.1743308056044386,0,680.507925445982,2.418270730832657,500,moderate,198,86
False,,9.999999999999876,3.9937503567364705,0,1279.8790626425505,3.5160693818797277,500,moderate,199,87
True,9.159999999999894,9.159999999999894,3.5614247113891784,0,171.1013270128262,1.7032466999262343,458,moderate,203,88
False,,9.999999999999876,2.2761390710944513,0,1041.7867677159854,1.6131555096437569,500,moderate,206,89
False,,9.999999999999876,3.911423770468477,0,653.5497674155599,3.5687450611836455,500,moderate,216,90
False,,9.999999999999876,0.6441086773509105,0,1000.2841216496385,0.3039757607681891,500,moderate,219,91
False,,9.999999999999876,8.805685342306267,0,252.55773406227385,8.06930202885397,500,moderate,220,92
False,,9.999999999999876,7.50109901630257,0,44.91733002415999,5.272642050123802,500,moderate,223,93
False,,9.999999999999876,2.198348796885991,0,388.65734422139917,0.86717983604285,500,moderate,226,94
False,,9.999999999999876,7.8963454830217055,0,443.8048556484095,7.755710445839727,500,moderate,230,95
False,,9.999999999999876,5.716819867513917,0,112.14047553597086,3.9472436281977266,500,moderate,233,96
False,,9.999999999999876,2.6010736403032384,0,834.3519328027769,1.8281168080263444,500,moderate,236,97
True,9.019999999999897,9.019999999999897,7.670191454641428,0,261.6143235578723,6.604465817330844,451,moderate,238,98
False,,9.999999999999876,2.155295810754832,0,5638.480991323883,2.1525085702291356,500,moderate,239,99
False,,9.999999999999876,0.8754452063156953,0,1260.0074955582566,0.5728263426211334,500,moderate,240,100
False,,9.999999999999876,6.870293920343653,0,1046.2228974880434,6.180067891160171,500,moderate,241,101
False,,9.999999999999876,8.648679500261549,0,483.52344165323484,7.696539899724527,500,moderate,242,102
True,1.580000000000001,1.580000000000001,1.5449407321236366,0,163.975820939418,1.012961159832993,79,moderate,244,103
False,,9.999999999999876,5.562129597051047,0,2764.686739885781,5.451333331556583,500,moderate,245,104
True,8.719999999999903,8.719999999999903,-5.016546773947779,88,2308426.5039244625,-5.690439107058548,436,moderate,246,105
True,9.239999999999892,9.239999999999892,8.82792865033292,0,76.282175910553,7.583268984510646,462,moderate,252,106
False,,9.999999999999876,0.0048487545520094,0,435.0511785733564,-1.02631215862107,500,moderate,253,107
False,,9.999999999999876,7.840369716885683,0,72.0501232790766,7.515052185629415,500,moderate,256,108
False,,9.999999999999876,9.587788639377184,0,343.0454337217848,9.468719752627331,500,moderate,258,109
True,9.959999999999877,9.959999999999877,-1.9239156521360394,29,5351.286634496039,-2.3320306746951305,498,moderate,262,110
True,9.639999999999883,9.639999999999883,8.57479664698558,0,12.38360446212965,5.474915024203366,482,moderate,265,111
False,,9.999999999999876,-0.3079678864516791,8,395.95012274057575,-1.1066947178003368,500,moderate,271,112
False,,9.999999999999876,1.902275459888489,0,839.3832980139241,1.0369316918201164,500,moderate,272,113
True,3.3400000000000025,3.3400000000000025,6.19519115391816,0,48.157335081213446,3.8299891171361433,167,moderate,275,114
False,,9.999999999999876,4.302097528389289,0,3669.596441345129,4.214977475797166,500,moderate,277,115
False,,9.999999999999876,1.6119860529842742,0,1103.0364833540045,0.812239939710528,500,moderate,278,116
False,,9.999999999999876,3.0638325974393577,0,7366.874219599566,2.6443761767658804,500,moderate,280,117
False,,9.999999999999876,5.303695561548962,0,1216.7385771824217,4.917605162164527,500,moderate,286,118
True,1.9800000000000013,1.9800000000000013,7.5767988760374765,0,15.655043877296194,4.852730840501291,99,moderate,288,119
False,,9.999999999999876,6.175780940307891,0,281.1225048473722,5.972915907201274,500,moderate,289,120
False,,9.999999999999876,-0.3261212420617738,5,508.993676480198,-1.5952852511683275,500,moderate,294,121
False,,9.999999999999876,-3.85140773080092,86,1470.8281706151947,-5.033949789449367,500,moderate,296,122
False,,9.999999999999876,5.7463088537242,0,217.14606150846362,5.02942384803137,500,moderate,297,123
False,,9.999999999999876,6.394541778568833,0,741.38997875199,5.483814098659153,500,moderate,299,124
True,2.740000000000002,2.740000000000002,8.491423182205766,0,8.28750400952864,4.322537717872549,137,moderate,301,125
True,9.539999999999885,9.539999999999885,10.091693172573152,0,42.4287692340088,9.34223372532714,477,moderate,302,126
True,4.499999999999992,4.499999999999992,7.652920169625719,0,78.02310844672849,6.198732537890705,225,moderate,310,127
True,2.660000000000002,2.660000000000002,5.205687850445236,0,112.34861853064169,4.714407168214797,133,moderate,311,128
True,1.8000000000000012,1.8000000000000012,9.738585709337197,0,6.971960645062745,7.991921532554086,90,moderate,318,129
True,2.840000000000002,2.840000000000002,10.519841295866229,0,2.4533210664000973,8.969287082919788,142,moderate,319,130
True,5.239999999999976,5.239999999999976,1.3332692249783686,0,176.78688683376976,-0.8712086772111189,262,moderate,322,131
False,,9.999999999999876,5.600241385592851,0,876.9795547778757,5.018372194777152,500,moderate,335,132
False,,9.999999999999876,-1.836006128685167,7,1062.023441177681,-1.88895407130476,500,moderate,336,133
True,8.939999999999898,8.939999999999898,9.532679196473497,0,112.4002677561969,9.199510989633254,447,moderate,338,134
False,,9.999999999999876,6.250159698764899,0,1644.605113322154,5.987572129835622,500,moderate,342,135
False,,9.999999999999876,-0.5354988882127226,15,1181.1273447175618,-1.144655741818716,500,moderate,348,136
False,,9.999999999999876,6.230523965685132,0,618.0610534794076,6.192848201832166,500,moderate,349,137
False,,9.999999999999876,0.45057620556491257,0,256.42605358920605,-1.3873965966161474,500,moderate,350,138
False,,9.999999999999876,-3.4449788892975026,55,827.4167598400842,-3.8068983012913096,500,moderate,351,139
False,,9.999999999999876,6.621907535982736,0,184.67654982999224,5.393761502375557,500,moderate,358,140
True,5.299999999999975,5.299999999999975,7.791043321969852,0,114.00882962608954,6.721034534188095,265,moderate,360,141
False,,9.999999999999876,2.287188628718265,0,620.8564656206742,1.3163978314692968,500,moderate,364,142
False,,9.999999999999876,-4.588747925309534,97,1582.0831036623263,-4.740219451464025,500,moderate,365,143
False,,9.999999999999876,7.007629378559074,0,163.73462238143398,6.590746749007433,500,moderate,366,144
False,,9.999999999999876,4.104862844920629,0,332.2566395310678,2.7398950795657258,500,moderate,367,145
True,6.439999999999951,6.439999999999951,-0.30438432686543293,10,5554.506699330203,-1.3390904602071236,322,moderate,368,146
False,,9.999999999999876,9.85683787182848,0,710.9425512314092,9.768548492276457,500,moderate,369,147
False,,9.999999999999876,8.691121327963756,0,377.97435330666497,8.456632841227744,500,moderate,372,148
False,,9.999999999999876,9.073319345393141,0,11965.617509970798,8.664158851734054,500,moderate,374,149
True,3.880000000000003,3.880000000000003,3.5636818270598996,0,170.99673822839208,1.7084885512530352,194,moderate,375,150
False,,9.999999999999876,9.493344075659184,0,6460.419945657492,9.447408751037962,500,moderate,380,151
False,,9.999999999999876,2.143309161669199,0,163.81502163635022,-0.5327310374200978,500,moderate,382,152
False,,9.999999999999876,3.2248407097999943,0,685.2356913780458,2.861240865981903,500,moderate,383,153
False,,9.999999999999876,8.558655772469947,0,2492.2651834665526,8.530519766602534,500,moderate,387,154
True,8.39999999999991,8.39999999999991,3.0124995942959365,0,110.45397405289775,-0.5624651619584409,420,moderate,388,155
True,3.4000000000000026,3.4000000000000026,7.981669654541546,0,31.785347376537185,6.017272973000699,170,moderate,391,156
True,4.59999999999999,4.59999999999999,4.842288878519101,0,36.091897413952296,1.1879708021846576,230,moderate,395,157
False,,9.999999999999876,4.568130551832443,0,206.09252901359233,3.9153985129155533,500,moderate,400,158
True,8.719999999999903,8.719999999999903,5.645116225485254,0,164.78240519291174,5.0105194946810405,436,moderate,401,159
True,2.620000000000002,2.620000000000002,9.342845155282987,0,5.992343565380559,4.364978020098657,131,moderate,402,160
False,,9.999999999999876,1.341144738983447,0,683.9937121340263,0.7786303509157224,500,moderate,405,161
True,8.779999999999902,8.779999999999902,6.212101504210485,0,108.78062973722074,4.981146199416635,439,moderate,408,162
False,,9.999999999999876,1.6881229454897542,0,390.83102892984766,1.467939567155611,500,moderate,409,163
False,,9.999999999999876,2.7599972992896227,0,1497.7402256166447,2.2842210709742234,500,moderate,412,164
False,,9.999999999999876,8.626201211016241,0,344.6369114737683,8.00461566274562,500,moderate,413,165
False,,9.999999999999876,9.958925546950443,0,95.67178275170725,9.88594934315624,500,moderate,415,166
False,,9.999999999999876,8.768762875157355,0,414.0153356973187,8.198519235659298,500,moderate,416,167
True,4.2399999999999975,4.2399999999999975,0.20840374989301247,0,229.83425274430377,-1.2288288048473843,212,moderate,417,168
True,8.35999999999991,8.35999999999991,7.67260200001586,0,16.95441415182658,4.349356148849591,418,moderate,419,169
True,8.719999999999903,8.719999999999903,9.027158936087513,0,108.85210546975857,8.565447875137597,436,moderate,425,170
True,7.1999999999999345,7.1999999999999345,2.0312206522203113,0,527.6652207150032,1.9508424680778105,360,moderate,426,171
True,4.779999999999986,4.779999999999986,10.291756154153642,0,40.43082038685906,10.060715811397273,239,moderate,429,172
True,2.580000000000002,2.580000000000002,7.488373052167194,0,1648.2897155211645,6.882656442434241,129,moderate,433,173
False,,9.999999999999876,7.430280264823419,0,963.8140509704449,7.19140349136042,500,moderate,434,174
False,,9.999999999999876,4.9899276669201775,0,714.9696395276877,4.696562348253709,500,moderate,435,175
False,,9.999999999999876,4.794019815823241,0,552.9335544879864,4.501640469529894,500,moderate,436,176
False,,9.999999999999876,5.98829479667061,0,273.5007988147233,4.720058583425732,500,moderate,439,177
True,4.379999999999995,4.379999999999995,5.4290927697660765,0,44.0169873195235,2.4483962689179926,219,moderate,444,178
False,,9.999999999999876,-1.9262209388207836,13,751.0646003523997,-2.9317019509625637,500,moderate,445,179
True,7.439999999999929,7.439999999999929,2.0419065870214923,0,156.80067623003106,1.0541002683211649,372,moderate,446,180
False,,9.999999999999876,1.1926342034300261,0,663.3326814090002,-0.258469488161519,500,moderate,447,181
True,9.599999999999884,9.599999999999884,10.407294390128667,0,40.92695555858685,10.187010885955676,480,moderate,448,182
True,0.5200000000000001,0.5200000000000001,4.940621567478974,0,30.6151726598921,4.598128157237303,26,moderate,449,183
True,3.940000000000003,3.940000000000003,1.8419910107553046,0,172.28750276575624,-0.24693169789272407,197,moderate,452,184
False,,9.999999999999876,6.164783028225512,0,782.8702205906876,6.093763757839623,500,moderate,453,185
False,,9.999999999999876,7.573293776163286,0,225.65922449416638,7.24402033058881,500,moderate,455,186
False,,9.999999999999876,-0.3038734291818966,6,18860.225709514227,-0.9358838174712871,500,moderate,456,187
False,,9.999999999999876,6.201271588392185,0,2020.4802428273306,6.116911853883688,500,moderate,458,188
False,,9.999999999999876,4.434669691751161,0,904.8700832397872,4.3930047576715765,500,moderate,459,189
True,8.559999999999906,8.559999999999906,6.065142726289041,0,250.42223730463593,4.607308938802263,428,moderate,462,190
True,4.8999999999999835,4.8999999999999835,8.715451510896893,0,59.82907136863535,8.023929168907763,245,moderate,465,191
True,8.299999999999912,8.299999999999912,5.550116033906987,0,670.6134102888901,4.728268469104373,415,moderate,466,192
False,,9.999999999999876,1.1197886939982644,0,537.3917866730934,0.3940408019722037,500,moderate,467,193
True,2.600000000000002,2.600000000000002,5.133799950123038,0,76.70557122457693,3.6814766587357024,130,moderate,468,194
False,,9.999999999999876,1.8473123763182675,0,774.1283092864505,1.0592750943810445,500,moderate,469,195
False,,9.999999999999876,4.670900552523076,0,211.0803430391993,2.3367589257580317,500,moderate,471,196
False,,9.999999999999876,4.542337862765583,0,274.552578088564,3.9040437054832,500,moderate,473,197
False,,9.999999999999876,-8.672831453387097,109,1014.5458512090865,-9.780379323061009,500,moderate,475,198
False,,9.999999999999876,0.2922440036527596,0,1610.169361686441,0.07593762849120707,500,moderate,476,199
False,,9.999999999999876,1.1892392624242158,0,2435.0625581004047,0.46690324969639363,500,moderate,478,200
False,,9.999999999999876,1.5416409067325385,0,990.9426186032903,1.2117225978752633,500,moderate,481,201
False,,9.999999999999876,4.0875841564004665,0,385.3312542663787,2.8089664852360423,500,moderate,485,202
False,,9.999999999999876,-1.5471013315857285,39,649.4388006092714,-3.2870518883709723,500,moderate,488,203
False,,9.999999999999876,2.135759076499627,0,1710.6046933421258,1.4543672166344161,500,moderate,489,204
True,1.620000000000001,1.620000000000001,10.25585010136809,0,1.5840678725760284,7.394467934651958,81,moderate,493,205
False,,9.999999999999876,0.4038078244691434,0,295.9114714776261,-1.031919732488045,500,moderate,498,206
True,1.8600000000000012,1.8600000000000012,3.8692669478405244,0,26.966332090422004,0.6080267017493959,93,moderate,502,207
True,7.799999999999922,7.799999999999922,4.674367150166928,0,114.39779130717135,1.3652575855424658,390,moderate,506,208
False,,9.999999999999876,7.250446573036492,0,67.41085052460481,6.1063061013478706,500,moderate,508,209
False,,9.999999999999876,3.3023001734123776,0,1816.920237871596,3.157465410269409,500,moderate,514,210
False,,9.999999999999876,7.695785151812309,0,945.5190022011751,7.256228082889834,500,moderate,517,211
False,,9.999999999999876,8.527509831974381,0,55.27496417399013,7.2817096808983655,500,moderate,519,212
False,,9.999999999999876,7.644747293986799,0,167.60728590012772,7.304639626163787,500,moderate,520,213
False,,9.999999999999876,10.01158754485611,0,496.5326261673711,9.969494420473126,500,moderate,521,214
False,,9.999999999999876,6.2824420748590395,0,216.69374285984352,5.131383497263107,500,moderate,522,215
False,,9.999999999999876,6.280661654018937,0,115.003261107758,5.31802802509047,500,moderate,523,216
False,,9.999999999999876,4.629360244329252,0,159.84135009399017,2.5665987610955345,500,moderate,528,217
False,,9.999999999999876,1.5848291803492158,0,724.9511463049017,1.5122051583285618,500,moderate,529,218
False,,9.999999999999876,4.228406994916219,0,802.0743087590427,3.737400508553552,500,moderate,536,219
False,,9.999999999999876,4.8281466376620505,0,351.60813800639636,4.3201280858854805,500,moderate,540,220
True,4.479999999999992,4.479999999999992,4.182618433136672,0,96.73247153322137,2.627093696618441,224,moderate,541,221
True,5.219999999999977,5.219999999999977,7.713401940241052,0,61.72250823675386,6.205745322538563,261,moderate,544,222
True,2.3400000000000016,2.3400000000000016,5.860092860971214,0,145.2658866073647,5.082727123145872,117,moderate,546,223
False,,9.999999999999876,7.419045781370725,0,588.5591038780839,7.075341276690936,500,moderate,548,224
True,3.940000000000003,3.940000000000003,9.509056123087209,0,15.048834304453017,7.337076273272667,197,moderate,550,225
False,,9.999999999999876,4.662444396939732,0,1675.2780260691425,4.657904465670131,500,moderate,553,226
True,6.599999999999947,6.599999999999947,3.0538930306285637,0,160.67659772765415,0.8401881996804379,330,moderate,554,227
True,0.23999999999999996,0.23999999999999996,1.4432833279215058,0,109.46721024350808,1.1297769514581906,12,moderate,556,228
False,,9.999999999999876,2.20280218433333,0,1708.3063355540796,1.984893074433286,500,moderate,559,229
True,1.8200000000000012,1.8200000000000012,0.6192591871452526,0,121.35802183715742,0.17389473263897037,91,moderate,562,230
False,,9.999999999999876,-0.8260210082104904,9,1124.1438448627277,-0.9981396068563664,500,moderate,563,231
True,5.279999999999975,5.279999999999975,5.974972621910219,0,164.45574151410761,4.515092576462825,264,moderate,567,232
False,,9.999999999999876,5.033539266559834,0,216.80809556765408,4.301155386208186,500,moderate,568,233
False,,9.999999999999876,1.4247853392859164,0,4329.567662694842,1.18539596790085,500,moderate,571,234
False,,9.999999999999876,-0.6873359397913772,3,1534.4346252747514,-1.186907572047855,500,moderate,574,235
False,,9.999999999999876,8.621591391966941,0,1895.317294615427,8.619341044179132,500,moderate,577,236
True,7.959999999999918,7.959999999999918,4.635217978252033,0,127.67144907537265,3.0976430048084302,398,moderate,581,237
False,,9.999999999999876,2.443782531991855,0,1303.095382356465,2.004639881130431,500,moderate,584,238
False,,9.999999999999876,4.508788826530333,0,1184.4020518325717,4.327839290128638,500,moderate,585,239
True,2.3600000000000017,2.3600000000000017,10.250692017011811,0,109.58806573968984,10.208353517949101,118,moderate,586,240
True,9.999999999999876,9.999999999999876,1.8711417106076893,0,204.78682873748738,-0.2149568788394447,500,moderate,591,241
False,,9.999999999999876,8.666509660847645,0,442.3887797161277,8.609720341968414,500,moderate,592,242
False,,9.999999999999876,-0.5870943555931292,12,771.1269953171685,-1.851438205665482,500,moderate,593,243
False,,9.999999999999876,4.8288445600735175,0,627.9744585233238,4.56397956953312,500,moderate,594,244
False,,9.999999999999876,6.850561831501327,0,870.0080556966296,6.305576367795136,500,moderate,597,245
False,,9.999999999999876,8.930785071517445,0,3731.448806455284,8.695893426177145,500,moderate,598,246
False,,9.999999999999876,-1.9771412188675501,59,1870.2922614356,-2.6221291072721513,500,moderate,600,247
False,,9.999999999999876,4.197562657755873,0,270.3066527488531,2.1969148915677597,500,moderate,604,248
True,2.4400000000000017,2.4400000000000017,9.311446446590342,0,18.809908383864713,7.867394819418124,122,moderate,606,249
False,,9.999999999999876,6.193756570040703,0,906.6030534389463,5.299331751372234,500,moderate,613,250
False,,9.999999999999876,-0.7594982252959359,5,1387.8416325732398,-0.8874640917089929,500,moderate,614,251
True,8.739999999999903,8.739999999999903,7.061034396998525,0,58.90864205388147,4.789494708776243,437,moderate,615,252
False,,9.999999999999876,8.460728387999216,0,1420.4883113382675,8.064710503936785,500,moderate,621,253
True,4.159999999999999,4.159999999999999,7.411909833745804,0,60.26441440379259,5.562022466623779,208,moderate,623,254
False,,9.999999999999876,3.2404674307707486,0,334.38970708044656,2.7230358260619982,500,moderate,631,255
False,,9.999999999999876,4.3569116507381604,0,109.28251910444781,0.36969007971034795,500,moderate,634,256
False,,9.999999999999876,7.9881804339656615,0,167.4114386008143,7.788506902833509,500,moderate,639,257
True,1.620000000000001,1.620000000000001,8.614849770756452,0,10.4043094244079,7.1164364423588395,81,moderate,644,258
False,,9.999999999999876,-0.4512489495856081,2,644.1794360585149,-0.9197592306302877,500,moderate,645,259
False,,9.999999999999876,1.7708604417433165,0,1203.0069192609699,1.2615366139569215,500,moderate,646,260
False,,9.999999999999876,4.032276111132163,0,111.65543932116488,0.9303755086785621,500,moderate,654,261
False,,9.999999999999876,0.862811775379639,0,628.5499959336881,-0.3450939057177129,500,moderate,655,262
False,,9.999999999999876,3.956152397508492,0,80017.79946954394,3.131909003164769,500,moderate,661,263
False,,9.999999999999876,4.135560679849933,0,113.99893190752762,2.1928141256573883,500,moderate,662,264
False,,9.999999999999876,7.941724536839631,0,1572.9345124498193,7.590921251367729,500,moderate,665,265
False,,9.999999999999876,6.373557764929676,0,115.8564373984222,5.269319066074179,500,moderate,667,266
False,,9.999999999999876,2.5767523807738506,0,499.5046919817488,2.3234246128514964,500,moderate,668,267
True,8.539999999999907,8.539999999999907,3.9902682681263317,0,86.6451176940028,1.2444702106931027,427,moderate,671,268
True,1.8800000000000012,1.8800000000000012,7.797844814305235,0,44.359685149645216,6.823364230164552,94,moderate,672,269
False,,9.999999999999876,2.4573462782431084,0,426.0442470834393,1.156717666903762,500,moderate,675,270
False,,9.999999999999876,3.8740950946691073,0,108.2858308946224,1.2871555926743856,500,moderate,676,271
False,,9.999999999999876,0.36271976166092057,0,739.2742781542,-0.6209319818420411,500,moderate,678,272
False,,9.999999999999876,-2.0940518893129845,29,1740.3198644606298,-2.2635119128764294,500,moderate,679,273
False,,9.999999999999876,1.551795625701774,0,251.88786525655013,0.09700176612015188,500,moderate,681,274
False,,9.999999999999876,3.908077096675464,0,216.31844979557454,1.275736295455924,500,strong,1,0
False,,9.999999999999876,-4.305783377760232,40,4221.106595194572,-6.067630906131824,500,strong,2,1
False,,9.999999999999876,-0.6171885548012941,9,7512.837218635549,-1.0045612149281329,500,strong,4,2
False,,9.999999999999876,7.131900087519775,0,707.2946368738396,6.9004646943511005,500,strong,6,3
False,,9.999999999999876,-1.7896355346276416,40,2112.76159879527,-2.640167464887392,500,strong,7,4
False,,9.999999999999876,3.0779483271708967,0,3717.9821008177087,2.8307096783553853,500,strong,10,5
False,,9.999999999999876,3.380926977239555,0,1073.0652449544748,2.9088333554022485,500,strong,12,6
False,,9.999999999999876,5.901011235053016,0,2246.7334025081595,5.659277459928779,500,strong,13,7
False,,9.999999999999876,8.90128823720368,0,898.7843043580941,8.560060996034657,500,strong,15,8
False,,9.999999999999876,1.0687042876420734,0,756.4089984732531,0.20904684154694309,500,strong,18,9
True,2.700000000000002,2.700000000000002,8.340126696699269,0,32.03753886443109,6.517559117234042,135,strong,19,10
False,,9.999999999999876,2.5450682920670817,0,1076.8562377664755,2.4546622831147484,500,strong,21,11
True,4.999999999999981,4.999999999999981,9.024266678727653,0,80.04962729365387,8.377584501693166,250,strong,22,12
False,,9.999999999999876,0.23662860629075086,0,2406.200759162743,-0.45463557310374925,500,strong,23,13
False,,9.999999999999876,7.297891904085706,0,22.48686732174413,5.237411078432776,500,strong,24,14
True,2.2000000000000015,2.2000000000000015,0.5181568418404943,0,111.60469357894313,-1.470485041622235,110,strong,26,15
False,,9.999999999999876,-1.6185982233495315,16,1487.7366938244795,-1.9085824339182396,500,strong,29,16
False,,9.999999999999876,6.494261463296642,0,202.1729571756351,5.886497640914953,500,strong,30,17
True,8.459999999999908,8.459999999999908,8.888108665204927,0,1052.6529444299733,8.27698539442893,423,strong,32,18
False,,9.999999999999876,4.887517635239574,0,701.7629502379206,3.443704360198079,500,strong,37,19
False,,9.999999999999876,3.223701789494199,0,174.02180433619938,1.8864916045350923,500,strong,38,20
False,,9.999999999999876,4.818980563985835,0,1334.1577324233413,4.444903306462047,500,strong,42,21
False,,9.999999999999876,5.644813467780546,0,607.5957906227338,5.329468668184521,500,strong,43,22
True,2.700000000000002,2.700000000000002,5.440611411872693,0,52.29253717174973,4.692403352712097,135,strong,44,23
False,,9.999999999999876,7.500963788019655,0,756.2328241213031,6.74483998459449,500,strong,47,24
False,,9.999999999999876,2.556753752874142,0,1648.9252429894784,2.326230313844898,500,strong,48,25
False,,9.999999999999876,5.965073094469126,0,164.08435819292987,4.103747868373759,500,strong,53,26
False,,9.999999999999876,-7.840049408947795,155,1011.6634564296891,-9.986894254862904,500,strong,54,27
False,,9.999999999999876,-4.36906659446167,52,1481.7576545142285,-4.583009499624635,500,strong,55,28
False,,9.999999999999876,4.745369756489372,0,1604.4862573390371,4.414714008505433,500,strong,56,29
False,,9.999999999999876,0.42719980902944926,0,1446.7319775521844,0.018135187473267707,500,strong,60,30
False,,9.999999999999876,-3.980957590462876,60,291.8112863391641,-5.554575823817439,500,strong,61,31
False,,9.999999999999876,-7.190486294042651,151,2685.627217381788,-7.672287302438524,500,strong,62,32
True,6.139999999999957,6.139999999999957,3.930975292826159,0,126.36141472436837,2.52367586481852,307,strong,67,33
False,,9.999999999999876,-6.895934444460319,137,1117.489688512637,-7.6425216565036855,500,strong,69,34
False,,9.999999999999876,1.5199062781875965,0,795.8777564985045,1.3956256854517437,500,strong,74,35
False,,9.999999999999876,4.881403004376898,0,4556.932192042464,4.876554189872702,500,strong,77,36
True,7.519999999999928,7.519999999999928,2.451605491225413,0,183.20218418039033,1.0048628762797471,376,strong,80,37
True,4.919999999999983,4.919999999999983,2.742943243553717,0,136.79707420326508,0.19874915709734697,246,strong,81,38
False,,9.999999999999876,-0.5122780921210396,5,1718.3260114350535,-1.4469771413197605,500,strong,83,39
True,4.040000000000002,4.040000000000002,10.20122195990174,0,6.227633871817003,9.088822238398128,202,strong,84,40
False,,9.999999999999876,-1.071794770299079,10,2528.139639800582,-1.6596824364058929,500,strong,90,41
True,0.19999999999999998,0.19999999999999998,5.405374457728866,0,165.84459258268217,5.102842607658053,10,strong,99,42
True,4.979999999999982,4.979999999999982,7.296750184148972,0,66.75318346538373,5.125905767408536,249,strong,101,43
True,2.660000000000002,2.660000000000002,2.8283973155623343,0,77.75089155539912,0.7663373621281855,133,strong,102,44
False,,9.999999999999876,9.281641071695006,0,1067.195965563244,9.222653691618588,500,strong,103,45
False,,9.999999999999876,4.901070561567129,0,1460.089877400612,4.105112168658528,500,strong,109,46
False,,9.999999999999876,-1.462009250495749,18,1412.368861437062,-3.340489143961453,500,strong,111,47
False,,9.999999999999876,4.812866943098751,0,508.8655612989767,4.730849226566313,500,strong,112,48
True,6.999999999999939,6.999999999999939,9.167693994211383,0,15.11432162465956,7.728231166790592,350,strong,116,49
False,,9.999999999999876,5.957302820186643,0,56.787986236464896,4.128758031993611,500,strong,117,50
True,9.35999999999989,9.35999999999989,-1.8199328184171133,14,327.1365938004148,-3.8819097363643547,468,strong,118,51
False,,9.999999999999876,-5.141579315005528,93,395.28561093638194,-6.77541626434901,500,strong,119,52
False,,9.999999999999876,6.8794894526351085,0,828.1776843158301,6.423842524295918,500,strong,120,53
False,,9.999999999999876,6.117420469608031,0,4370.9921641720675,5.770246707906628,500,strong,123,54
True,7.099999999999937,7.099999999999937,9.407288867598558,0,10.375279040832655,7.734445688532501,355,strong,126,55
True,1.560000000000001,1.560000000000001,4.385118270187866,0,39.02625562628966,2.424177440916666,78,strong,132,56
False,,9.999999999999876,6.267681090964403,0,187.82297185947166,4.05291400927758,500,strong,134,57
True,5.779999999999965,5.779999999999965,7.764862003951426,0,146.93039589905584,7.3913785730996375,289,strong,135,58
True,5.99999999999996,5.99999999999996,1.4583682656551236,0,95.44864808469927,-1.41775077077748,300,strong,139,59
False,,9.999999999999876,1.2926689970309453,0,613.988437901555,-0.9196731221113534,500,strong,140,60
False,,9.999999999999876,-2.7764905859328044,65,1117.3331025192997,-4.619910143016364,500,strong,148,61
False,,9.999999999999876,4.038140148328838,0,3415.023564117235,3.135848573730558,500,strong,149,62
False,,9.999999999999876,6.130404295103799,0,252.55587692046947,5.811196724177625,500,strong,150,63
False,,9.999999999999876,-8.226012576474751,60,1277.325070807388,-12.167788915286954,500,strong,151,64
True,0.8000000000000004,0.8000000000000004,-1.3310062598729298,4,159.37953423733143,-4.237935213632582,40,strong,152,65
False,,9.999999999999876,-0.5469458582450181,6,2007.99838383339,-1.7075516057979618,500,strong,154,66
False,,9.999999999999876,3.191353817375304,0,121.74937136415929,1.7368727437479519,500,strong,157,67
True,2.1800000000000015,2.1800000000000015,5.546618959630224,0,33.96238583151738,3.824017917433088,109,strong,158,68
False,,9.999999999999876,6.645065803848311,0,206.99494278581435,5.705797076837392,500,strong,159,69
False,,9.999999999999876,1.4212355673418282,0,1345.5585632806876,0.09732450937920056,500,strong,164,70
False,,9.999999999999876,-1.3118841134498078,22,1915.3008828530092,-2.267177821847066,500,strong,165,71
True,2.700000000000002,2.700000000000002,2.7372669001802787,0,57.353632828892124,0.16456633612700816,135,strong,177,72
False,,9.999999999999876,5.08958588861653,0,824.0250602638048,4.772917024598548,500,strong,178,73
False,,9.999999999999876,5.095027433545209,0,137.12392860736918,3.9149227379928804,500,strong,180,74
False,,9.999999999999876,2.057655341676706,0,684.3657550700019,0.2453368380694445,500,strong,181,75
False,,9.999999999999876,6.663307991635641,0,150.69043549060865,4.677575780706574,500,strong,182,76
False,,9.999999999999876,4.3570790858283965,0,111.68160992981598,2.351487931038482,500,strong,183,77
False,,9.999999999999876,0.2054153926004272,0,1152.1215805934155,-0.2835435346660842,500,strong,184,78
True,9.999999999999876,9.999999999999876,8.188199186902077,0,162.85906116864513,7.610328118772114,500,strong,185,79
False,,9.999999999999876,8.419311053800142,0,466.3670181790712,8.135777803981583,500,strong,187,80
True,8.279999999999912,8.279999999999912,0.17009509446174167,0,195.1210268160707,-1.5338084803710985,414,strong,191,81
True,8.619999999999905,8.619999999999905,3.316524847108902,0,129.11058550182727,2.380703174255993,431,strong,192,82
False,,9.999999999999876,7.230011388483992,0,1016.7986181340426,7.0627055466264705,500,strong,194,83
True,7.519999999999928,7.519999999999928,3.257696129136309,0,2721.4444716227904,3.224755399936795,376,strong,195,84
True,3.3200000000000025,3.3200000000000025,5.784142675538562,0,26.86858713657819,1.271474356548481,166,strong,196,85
False,,9.999999999999876,4.302458794293623,0,693.8045738067256,3.2364830175376103,500,strong,198,86
False,,9.999999999999876,2.1800546877964777,0,1050.5860095300488,1.8704316536273384,500,strong,199,87
True,9.499999999999886,9.499999999999886,1.484821777371294,0,173.5686815100397,-2.5088723185062634,475,strong,203,88
False,,9.999999999999876,3.2556737670978997,0,621.5923577700248,2.4645720549702372,500,strong,206,89
False,,9.999999999999876,5.9089822160341505,0,323.62724502063804,5.029781029663795,500,strong,216,90
False,,9.999999999999876,-8.405456022848343,146,39264.18202578821,-10.696180389175765,500,strong,219,91
False,,9.999999999999876,9.418525629792336,0,122.2857048753971,8.531547458293852,500,strong,220,92
False,,9.999999999999876,6.823707279995975,0,51.71271407775104,3.795795727876944,500,strong,223,93
False,,9.999999999999876,4.617003427942049,0,246.3801903560093,3.7761599614767194,500,strong,226,94
False,,9.999999999999876,7.567550846257539,0,389.11992639844055,7.183207297024135,500,strong,230,95
False,,9.999999999999876,5.321461073266317,0,131.43165912154205,3.203694834978797,500,strong,233,96
False,,9.999999999999876,0.06365632046682816,0,805.5134243341436,-1.089448989956778,500,strong,236,97
True,9.33999999999989,9.33999999999989,3.2129669249460058,0,545.0658368956327,1.6916712057045575,467,strong,238,98
False,,9.999999999999876,-1.4376731573902168,11,2801.4455919696284,-1.847942692512202,500,strong,239,99
False,,9.999999999999876,-2.2945770538132435,21,2723.435195257347,-3.278800875084592,500,strong,240,100
False,,9.999999999999876,6.033268296394146,0,6637.852897934873,5.8378463128349996,500,strong,241,101
False,,9.999999999999876,6.9656411033660035,0,496.3105375341175,5.737428029480999,500,strong,242,102
True,1.5000000000000009,1.5000000000000009,-0.0817528575241315,1,174.47148085684128,-2.6546048976686913,75,strong,244,103
False,,9.999999999999876,1.105942951138539,0,1236.1472878303207,-0.8578037414688859,500,strong,245,104
False,,9.999999999999876,-3.4682404920670766,33,2308791.6132358704,-3.649856571243651,500,strong,246,105
True,9.119999999999894,9.119999999999894,8.28502026725466,0,74.0849919261088,7.2030409155062936,456,strong,252,106
False,,9.999999999999876,0.3653786158516235,0,349.5031869187858,-0.9941170174256406,500,strong,253,107
False,,9.999999999999876,-2.3374414302636124,14,1316.3953192532274,-4.024575629597548,500,strong,256,108
False,,9.999999999999876,9.346184180594928,0,252.48912302227686,9.1036956186666,500,strong,258,109
True,0.9800000000000005,0.9800000000000005,0.2014861487305536,0,105.28209383615396,-0.16617196298642778,49,strong,262,110
True,8.979999999999897,8.979999999999897,6.709459666295638,0,30.83702627429293,3.4865284669544274,449,strong,265,111
False,,9.999999999999876,-0.25470713058751665,1,291.2347912253624,-5.775586417058517,500,strong,271,112
False,,9.999999999999876,4.345763062217197,0,303.25273453813423,3.8071123478285473,500,strong,272,113
True,3.4800000000000026,3.4800000000000026,6.250623284003249,0,29.943839872659446,3.849884556214321,174,strong,275,114
False,,9.999999999999876,-6.1530115502261395,98,3912.732075747964,-7.306768236494256,500,strong,277,115
False,,9.999999999999876,1.891598735365244,0,609.2240283169826,1.2525730920116138,500,strong,278,116
False,,9.999999999999876,-0.9430795910588889,12,11754.860333440523,-1.5448239613882015,500,strong,280,117
False,,9.999999999999876,7.813181206851571,0,809.1224760144112,7.471384612175425,500,strong,286,118
True,1.9600000000000013,1.9600000000000013,7.1891303878205575,0,17.27565131152788,3.6020712985449133,98,strong,288,119
False,,9.999999999999876,1.7168800520688556,0,572.5728448802935,0.8900188552193455,500,strong,289,120
False,,9.999999999999876,0.8508445187482199,0,896.8848594455706,-0.05265701040943778,500,strong,294,121
False,,9.999999999999876,1.359134889827433,0,918.7366603030351,1.0700022085972019,500,strong,296,122
False,,9.999999999999876,-7.068590310192071,101,463.98612953354285,-7.609686630546342,500,strong,297,123
False,,9.999999999999876,7.983474130738897,0,332.47433995339503,7.55833810757186,500,strong,299,124
True,2.780000000000002,2.780000000000002,8.101733739181448,0,8.779806774485877,4.049915378185737,139,strong,301,125
True,9.639999999999883,9.639999999999883,10.046615935745084,0,36.89784520570845,9.570186026093207,482,strong,302,126
True,4.559999999999991,4.559999999999991,7.14822617931776,0,67.24232738044003,5.765163495520122,228,strong,310,127
False,,9.999999999999876,-3.346747633929348,28,1636.0370789192043,-3.765626303736576,500,strong,311,128
True,1.9000000000000012,1.9000000000000012,9.605199000252746,0,12.93816281920776,7.8308011305700855,95,strong,318,129
True,2.780000000000002,2.780000000000002,10.09348293057727,0,6.137930146828024,8.581993126448202,139,strong,319,130
True,5.859999999999963,5.859999999999963,1.616973742869662,0,201.64275834925087,0.19120851084821977,293,strong,322,131
False,,9.999999999999876,5.253974238045392,0,529.316053735729,4.023357882333242,500,strong,335,132
False,,9.999999999999876,-1.7990637845857846,35,1076.5489310227929,-2.485589540487738,500,strong,336,133
True,8.35999999999991,8.35999999999991,9.279445352435163,0,124.77144850559411,9.044176578740027,418,strong,338,134
False,,9.999999999999876,6.014965422641375,0,840.5934116003401,5.181529906406356,500,strong,342,135
False,,9.999999999999876,-3.6964203432886102,85,1029.444148154431,-4.880361667902781,500,strong,348,136
False,,9.999999999999876,4.094106438603343,0,1328.346937962543,3.8857873640660325,500,strong,349,137
False,,9.999999999999876,1.1026074157368284,0,639.5444072010082,-0.4015602198983296,500,strong,350,138
True,9.459999999999887,9.459999999999887,-1.8274206305178642,33,453.254873462775,-2.7646351120512707,473,strong,351,139
False,,9.999999999999876,6.779199843609705,0,214.96750151178676,5.889390767351491,500,strong,358,140
True,5.839999999999963,5.839999999999963,3.034443618251933,0,310.9258273132774,1.1075615327244535,292,strong,360,141
False,,9.999999999999876,1.2608672267770147,0,572.7234367427747,0.181484047590053,500,strong,364,142
True,5.51999999999997,5.51999999999997,1.5095083700193612,0,326.5351942746832,0.3343958768359271,276,strong,365,143
False,,9.999999999999876,2.2844604619060385,0,324.9360064534097,1.0913818583330694,500,strong,366,144
False,,9.999999999999876,-5.498984289460629,116,766.4348725803868,-7.6483310356461285,500,strong,367,145
False,,9.999999999999876,-0.6695383798036386,17,1138.9444793515584,-2.0478452988934497,500,strong,368,146
False,,9.999999999999876,3.9312842173448677,0,3054.4402763428184,2.7253363041893155,500,strong,369,147
False,,9.999999999999876,5.655866135609961,0,495.04387780908166,5.259346234217479,500,strong,372,148
False,,9.999999999999876,3.6324956852720303,0,29478.35907994112,3.1272018157549377,500,strong,374,149
True,3.4000000000000026,3.4000000000000026,-0.5244843275544996,3,235.0719614421871,-0.9718540813315919,170,strong,375,150
False,,9.999999999999876,8.040353819316392,0,2222.1467099522765,7.945243177619175,500,strong,380,151
False,,9.999999999999876,4.09513406777377,0,186.14364899412632,3.219905278864373,500,strong,382,152
False,,9.999999999999876,-2.4617718967949016,22,776.7452149163068,-3.18924553050533,500,strong,383,153
False,,9.999999999999876,8.282225821847431,0,3436.012022518775,7.916570060078184,500,strong,387,154
True,8.499999999999908,8.499999999999908,-2.61885596266466,14,129.03756830173907,-5.408415255187104,425,strong,388,155
True,3.4600000000000026,3.4600000000000026,8.086297759956354,0,23.777690173676408,6.035074316047229,173,strong,391,156
True,4.8999999999999835,4.8999999999999835,4.916155741395016,0,41.25064675265823,2.033301920036191,245,strong,395,157
False,,9.999999999999876,6.132256394745479,0,184.13133909225502,5.2706864941069425,500,strong,400,158
False,,9.999999999999876,-1.236578387552648,13,539.7718247458449,-3.0025468533414896,500,strong,401,159
True,2.600000000000002,2.600000000000002,7.7852232663259455,0,9.75898501782595,2.8244372369766757,130,strong,402,160
False,,9.999999999999876,3.3354761584981287,0,447.83937877195785,2.980687773903563,500,strong,405,161
True,7.639999999999925,7.639999999999925,2.878175162947812,0,164.424007380521,0.4182866552986151,382,strong,408,162
False,,9.999999999999876,3.6886808950185106,0,258.2272605370942,3.0871858971136557,500,strong,409,163
False,,9.999999999999876,1.4141375007305268,0,721.1875431943897,1.1730194281262565,500,strong,412,164
False,,9.999999999999876,6.2154974087746515,0,628.7008687818457,5.595949870609745,500,strong,413,165
True,8.499999999999908,8.499999999999908,5.679477449591484,0,378.50273839418395,5.057059220566031,425,strong,415,166
False,,9.999999999999876,6.203277873443931,0,692.9783804811906,5.628139039484619,500,strong,416,167
True,4.679999999999988,4.679999999999988,3.079426793808817,0,216.0306757172806,2.3342979072833066,234,strong,417,168
True,9.059999999999896,9.059999999999896,5.6682846071392134,0,69.16111155807279,2.4836358493666255,453,strong,419,169
True,7.87999999999992,7.87999999999992,8.849150420585707,0,110.80879667573711,8.327777515027499,394,strong,425,170
False,,9.999999999999876,2.0312206522203113,0,670.0645326408218,1.8607567268963079,500,strong,426,171
True,5.579999999999969,5.579999999999969,9.735643265924795,0,130.5484709629013,9.36491614676456,279,strong,429,172
True,2.1600000000000015,2.1600000000000015,6.946939118785426,0,3804.163573422671,6.599779682295903,108,strong,433,173
False,,9.999999999999876,6.977612563867248,0,1439.3558313505314,6.621126495348166,500,strong,434,174
False,,9.999999999999876,-7.464785019465318,54,769.7808851576233,-9.195657022896837,500,strong,435,175
False,,9.999999999999876,7.582483235928149,0,1008.7506619916666,7.0604612031560645,500,strong,436,176
False,,9.999999999999876,5.975023383960467,0,162.08300544059333,4.548573289095971,500,strong,439,177
True,4.479999999999992,4.479999999999992,1.6902226836692953,0,69.83583334676017,-0.9941194316379078,224,strong,444,178
False,,9.999999999999876,6.376563224129046,0,434.17160329272315,4.947426748186304,500,strong,445,179
True,6.279999999999954,6.279999999999954,0.7324648973094298,0,143.1484041264085,-4.369606442884122,314,strong,446,180
False,,9.999999999999876,-10.255021844892894,191,1890.477920411305,-12.331227300619016,500,strong,447,181
True,7.919999999999919,7.919999999999919,9.747347318011531,0,88.44627613219036,9.566593795353013,396,strong,448,182
True,0.46000000000000013,0.46000000000000013,5.730947192355918,0,28.77202448203918,5.3754421132107115,23,strong,449,183
True,5.1799999999999775,5.1799999999999775,1.4309843866747765,0,217.63276351676507,0.7421644010114619,259,strong,452,184
False,,9.999999999999876,2.012795109794249,0,1313.9954502520154,1.782486900774609,500,strong,453,185
False,,9.999999999999876,6.758290328419689,0,496.1637156408918,6.31358585691294,500,strong,455,186
False,,9.999999999999876,0.2741838584828146,0,11646.771603411953,-0.17513754142053412,500,strong,456,187
True,3.920000000000003,3.920000000000003,9.748868597429983,0,148.39918276548875,9.229203566619955,196,strong,458,188
False,,9.999999999999876,-6.666915797292604,65,1045.7786780027466,-8.277043630848066,500,strong,459,189
True,8.299999999999912,8.299999999999912,7.015613325680972,0,122.38386195069933,6.437452458240279,415,strong,462,190
True,5.219999999999977,5.219999999999977,10.063298045804224,0,17.003600575019785,9.407095493668047,261,strong,465,191
True,7.8999999999999195,7.8999999999999195,6.309643526340588,0,540.7373393803775,6.269451689693081,395,strong,466,192
False,,9.999999999999876,1.5617906631786007,0,288.4865809835341,0.7607366793996122,500,strong,467,193
True,2.4200000000000017,2.4200000000000017,6.047094098809491,0,47.35891134385722,4.1750028327015904,121,strong,468,194
False,,9.999999999999876,-1.6606217916728607,18,1009.0889947680741,-2.2444022531929972,500,strong,469,195
False,,9.999999999999876,1.3454663913499119,0,241.4996926488294,0.2077364656828551,500,strong,471,196
False,,9.999999999999876,3.6159510252804057,0,338.8853756229952,1.9536400801661429,500,strong,473,197
False,,9.999999999999876,-6.8919906551016,99,407.2956722338392,-9.91265518817649,500,strong,475,198
False,,9.999999999999876,1.6723224860941257,0,1335.1821192628363,1.0446622795913503,500,strong,476,199
False,,9.999999999999876,2.5099817281566095,0,1366.5033436776007,2.3618851049494367,500,strong,478,200
False,,9.999999999999876,4.302260984512374,0,910.0755590206072,3.0750089049104825,500,strong,481,201
False,,9.999999999999876,-1.3914339264341156,21,519.6252571751156,-2.3476742109931252,500,strong,485,202
False,,9.999999999999876,2.7964177245733217,0,478.95529951424885,1.616371489704275,500,strong,488,203
False,,9.999999999999876,3.6588365935143967,0,1522.6015711374412,3.263799363886622,500,strong,489,204
True,1.700000000000001,1.700000000000001,9.901250765708676,0,3.8325240659469566,7.1716828580813035,85,strong,493,205
False,,9.999999999999876,0.7051102581630144,0,309.64942947849204,-0.1907714514116477,500,strong,498,206
True,1.8600000000000012,1.8600000000000012,6.751292941472354,0,18.3569657574611,2.42180266399302,93,strong,502,207
True,8.999999999999897,8.999999999999897,4.146895814315938,0,91.69477116668052,1.9023456642710648,450,strong,506,208
False,,9.999999999999876,7.763439251206349,0,37.2241170719269,6.279269334543402,500,strong,508,209
False,,9.999999999999876,-0.4501468040187916,2,1227.0546574056511,-1.9014652846063118,500,strong,514,210
False,,9.999999999999876,7.24779954228298,0,422.90056758851694,7.239117074738788,500,strong,517,211
False,,9.999999999999876,6.664032011782817,0,143.8354034225269,5.009340625667372,500,strong,519,212
False,,9.999999999999876,8.222627892950499,0,82.79141127623294,7.82386945596971,500,strong,520,213
False,,9.999999999999876,7.96625650418785,0,1802.3643353364537,7.470415301071506,500,strong,521,214
False,,9.999999999999876,4.661103789508578,0,266.5207153472783,3.351987764093601,500,strong,522,215
False,,9.999999999999876,5.440672897000846,0,118.7077695194386,2.8907051357642466,500,strong,523,216
False,,9.999999999999876,0.12813154767812532,0,278.938048347439,-3.2106024802673483,500,strong,528,217
False,,9.999999999999876,-0.6687865788806806,6,707.1973366047074,-2.798880713726198,500,strong,529,218
False,,9.999999999999876,4.554811857158849,0,1146.814638723481,4.436404611025957,500,strong,536,219
False,,9.999999999999876,2.4017123001420617,0,422.82598597556347,-1.1862068108500838,500,strong,540,220
True,4.639999999999989,4.639999999999989,-0.4504732834282178,1,155.20954642979282,-3.3852086015135665,232,strong,541,221
True,5.299999999999975,5.299999999999975,4.744588930894255,0,84.81678332402468,2.183410448869859,265,strong,544,222
True,2.3600000000000017,2.3600000000000017,4.991295350246754,0,145.90264611266744,4.5471309561522455,118,strong,546,223
False,,9.999999999999876,8.243662676174518,0,366.1843186752406,7.625685569860741,500,strong,548,224
True,4.020000000000002,4.020000000000002,8.954893146308834,0,26.142163701546128,6.7074542458982656,201,strong,550,225
False,,9.999999999999876,-0.18926433394820946,2,3837.902881324712,-0.5987401460744727,500,strong,553,226
True,8.099999999999916,8.099999999999916,5.184990101217468,0,156.8792755274228,3.393538636137828,405,strong,554,227
True,0.25999999999999995,0.25999999999999995,1.3431609977435597,0,110.73550095928908,1.1200931307907767,13,strong,556,228
False,,9.999999999999876,6.830646777661543,0,494.0310979969255,6.797977351705375,500,strong,559,229
True,1.8600000000000012,1.8600000000000012,0.12842892610766413,0,124.24383814551369,-0.7902088078940182,93,strong,562,230
False,,9.999999999999876,-17.357448516126333,175,880.4879085316817,-21.1436757251571,500,strong,563,231
True,5.579999999999969,5.579999999999969,3.1215846234310805,0,247.34182250189747,2.441528808631313,279,strong,567,232
False,,9.999999999999876,1.3748146030703807,0,236.75850226061684,0.5090177251963914,500,strong,568,233
False,,9.999999999999876,1.0321194337338246,0,1098.5081245399438,0.8393141322736465,500,strong,571,234
False,,9.999999999999876,0.40023006898193564,0,573.8163496897557,-0.4537808053458566,500,strong,574,235
False,,9.999999999999876,6.064208043728279,0,7138.789315827129,5.868151690397302,500,strong,577,236
True,7.4799999999999285,7.4799999999999285,1.0606066088658426,0,122.51444875717253,-0.4390313317148804,374,strong,581,237
False,,9.999999999999876,1.1924335524473624,0,1002.90400967769,0.7596748688306488,500,strong,584,238
False,,9.999999999999876,3.9084334816609907,0,1237.2584025865165,3.3622761899970985,500,strong,585,239
True,3.2800000000000025,3.2800000000000025,6.655393385297888,0,654.3899383728861,6.615040761162131,164,strong,586,240
False,,9.999999999999876,-0.10278851711576976,2,208.9717797746734,-1.8820678648623752,500,strong,591,241
False,,9.999999999999876,5.252806650159681,0,1172.9069548506757,5.053967236405397,500,strong,592,242
True,6.45999999999995,6.45999999999995,5.762283755571805,0,259.58558274065103,5.177165045302251,323,strong,593,243
False,,9.999999999999876,3.29697039214084,0,740.0502778529366,1.9251416945110014,500,strong,594,244
True,6.779999999999943,6.779999999999943,9.672260186505872,0,142.44199773153665,9.505709000266776,339,strong,597,245
False,,9.999999999999876,9.600668348044838,0,563.5466741085066,9.076502284177884,500,strong,598,246
True,9.159999999999894,9.159999999999894,-7.095498798485859,99,796.2860663243454,-7.865867400714109,458,strong,600,247
False,,9.999999999999876,4.510133506281561,0,222.81390939690124,3.479886542552099,500,strong,604,248
True,2.580000000000002,2.580000000000002,7.680300866220632,0,29.263429172139723,6.397371400428615,129,strong,606,249
False,,9.999999999999876,4.065059830111171,0,1680.660458490885,3.183019401646688,500,strong,613,250
False,,9.999999999999876,-4.075838835806374,45,1018.6868770885883,-4.778890589149448,500,strong,614,251
True,8.119999999999916,8.119999999999916,2.963101136909637,0,104.79674399599342,0.4370175313404525,406,strong,615,252
False,,9.999999999999876,2.610660341110262,0,1132.9156772863773,2.603339827029277,500,strong,621,253
True,3.960000000000003,3.960000000000003,7.7092150816179235,0,43.06150878939814,6.251527712359743,198,strong,623,254
False,,9.999999999999876,-1.107561099211192,4,422.21435267623843,-1.9691305058707327,500,strong,631,255
False,,9.999999999999876,4.3569116507381604,0,73.38168608119258,-0.807033829885702,500,strong,634,256
False,,9.999999999999876,7.8314735978096515,0,196.93603281515516,7.691047187737749,500,strong,639,257
True,1.660000000000001,1.660000000000001,8.627163707058559,0,14.282108785509147,6.61076942743709,83,strong,644,258
False,,9.999999999999876,3.631766357611522,0,495.0821825943752,3.299213664148952,500,strong,645,259
False,,9.999999999999876,2.9131096042349585,0,1264.3192040246422,2.4964332003305865,500,strong,646,260
True,9.499999999999886,9.499999999999886,2.0886908410054406,0,101.65960290528659,-0.887465766903003,475,strong,654,261
False,,9.999999999999876,-0.041022507639750405,1,529.7454466863718,-1.8315786109246708,500,strong,655,262
False,,9.999999999999876,2.3657034876758845,0,87098.42543444983,1.414957784959431,500,strong,661,263
False,,9.999999999999876,5.074522163733944,0,97.46038108572637,1.6994521051792333,500,strong,662,264
False,,9.999999999999876,6.125237684452671,0,2654.821797546724,5.954707307852701,500,strong,665,265
False,,9.999999999999876,7.234602388013247,0,53.654932406379366,4.495542887937235,500,strong,667,266
False,,9.999999999999876,3.3781468020792076,0,676.3939101803314,2.9097051787776644,500,strong,668,267
True,9.599999999999884,9.599999999999884,5.596555856459604,0,72.06676941566987,3.24039890836787,480,strong,671,268
True,2.1200000000000014,2.1200000000000014,5.356955529092189,0,74.01344358407304,4.223784415700502,106,strong,672,269
False,,9.999999999999876,-1.953547159331172,20,502.97406482563133,-3.7478577240798647,500,strong,675,270
False,,9.999999999999876,5.3949676774863695,0,84.3176712005503,2.722383600365063,500,strong,676,271
True,8.699999999999903,8.699999999999903,-4.559704215372204,100,606.8913824355346,-7.741750673844392,435,strong,678,272
False,,9.999999999999876,2.6978172434049,0,1265.238856601498,2.464941386730617,500,strong,679,273
False,,9.999999999999876,3.5603246081500157,0,125.01565289114583,1.596220622757395,500,strong,681,274
