success,time_to_target,sim_duration,min_safety_margin,n_safety_violations,control_effort,mpc_infeasible_steps,n_steps,level,ic_idx,traj_id,method,min_certificate
False,,0.6,-8.699324982947727e-06,1,19.0311422709189,1.0,12,nominal,1,0,Vanilla MPC,
True,1.2000000000000004,1.2000000000000004,7.65143036134488e-06,0,41.95191100894571,0.0,24,nominal,2,1,Vanilla MPC,
True,0.6,0.6,5.592582002116371,0,16.59878209813325,0.0,12,nominal,4,2,Vanilla MPC,
True,0.4999999999999999,0.4999999999999999,1.483735041001819,0,9.452975219109687,0.0,10,nominal,6,3,Vanilla MPC,
True,1.3500000000000003,1.3500000000000003,5.1559098412669565e-06,0,47.42795251900927,0.0,27,nominal,7,4,Vanilla MPC,
True,0.5499999999999999,0.5499999999999999,2.5211827235016138,0,8.854635725775594,0.0,11,nominal,10,5,Vanilla MPC,
True,0.9000000000000002,0.9000000000000002,3.2935356835093907,0,15.626238695276069,0.0,18,nominal,13,6,Vanilla MPC,
True,0.7500000000000001,0.7500000000000001,9.84984945715015e-06,0,19.808128829410563,0.0,15,nominal,15,7,Vanilla MPC,
True,1.0000000000000002,1.0000000000000002,4.24252177054764e-06,0,30.16542099900635,0.0,20,nominal,18,8,Vanilla MPC,
True,0.8000000000000002,0.8000000000000002,2.8012191058434275,0,19.55983289379385,0.0,16,nominal,19,9,Vanilla MPC,
True,0.3999999999999999,0.3999999999999999,2.525540701179929,0,10.918657677380308,0.0,8,nominal,21,10,Vanilla MPC,
True,0.7500000000000001,0.7500000000000001,1.064364859562402e-05,0,11.504402856820734,0.0,15,nominal,22,11,Vanilla MPC,
True,0.9000000000000002,0.9000000000000002,8.041092886983673e-06,0,23.69194470373804,0.0,18,nominal,23,12,Vanilla MPC,
True,1.2000000000000004,1.2000000000000004,4.520006585417976e-06,0,29.188244718472056,0.0,24,nominal,24,13,Vanilla MPC,
True,0.5499999999999999,0.5499999999999999,4.430663731677084,0,9.07666471552312,0.0,11,nominal,26,14,Vanilla MPC,
True,0.6,0.6,2.798480982029361,0,13.368073241618005,0.0,12,nominal,29,15,Vanilla MPC,
True,1.3500000000000003,1.3500000000000003,5.275131251390897e-06,0,44.858241596827845,0.0,27,nominal,30,16,Vanilla MPC,
True,0.5499999999999999,0.5499999999999999,5.160606553887988,0,12.172201424957803,0.0,11,nominal,32,17,Vanilla MPC,
True,0.6,0.6,8.697704682276449,0,12.415600429455878,0.0,12,nominal,37,18,Vanilla MPC,
True,1.3500000000000003,1.3500000000000003,7.64749896619628e-06,0,46.14626350477917,0.0,27,nominal,38,19,Vanilla MPC,
True,0.2,0.2,9.194602141979937,0,5.135041688061929,0.0,4,nominal,42,20,Vanilla MPC,
True,0.7000000000000001,0.7000000000000001,4.064460527233061e-06,0,9.928612511214451,0.0,14,nominal,44,21,Vanilla MPC,
True,1.1000000000000003,1.1000000000000003,5.008497631045541e-06,0,27.30575905789752,0.0,22,nominal,47,22,Vanilla MPC,
True,1.1000000000000003,1.1000000000000003,1.8424183302016808e-06,0,24.542666653147773,0.0,22,nominal,48,23,Vanilla MPC,
True,1.3500000000000003,1.3500000000000003,5.358338443163241e-06,0,45.96024414781651,0.0,27,nominal,53,24,Vanilla MPC,
True,1.0500000000000005,1.0500000000000005,5.440522475038251e-06,0,23.32364192327279,0.0,21,nominal,54,25,Vanilla MPC,
False,,0.3999999999999999,-6.925399005095148e-06,1,12.993596112906031,1.0,8,nominal,55,26,Vanilla MPC,
True,0.4999999999999999,0.4999999999999999,9.940917249919671,0,13.32275104600268,0.0,10,nominal,56,27,Vanilla MPC,
True,1.0500000000000005,1.0500000000000005,1.2753220056806528e-06,0,31.320286062800832,0.0,21,nominal,60,28,Vanilla MPC,
True,1.0500000000000005,1.0500000000000005,0.0005220364899908,0,23.1211347060622,0.0,21,nominal,61,29,Vanilla MPC,
True,0.7500000000000001,0.7500000000000001,2.914931228640692,0,13.312997041713489,0.0,15,nominal,66,30,Vanilla MPC,
True,1.1000000000000003,1.1000000000000003,1.2219039168553622e-06,0,27.446548929855897,0.0,22,nominal,67,31,Vanilla MPC,
True,1.4000000000000006,1.4000000000000006,-4.203408594135234e-06,1,40.150744752051615,0.0,28,nominal,69,32,Vanilla MPC,
True,1.2000000000000004,1.2000000000000004,3.7362693945640806e-06,0,29.19799211187902,0.0,24,nominal,74,33,Vanilla MPC,
True,0.3,0.3,4.681292662378758,0,6.584651019868741,0.0,6,nominal,77,34,Vanilla MPC,
True,1.2500000000000004,1.2500000000000004,3.2662905863915333e-06,0,34.32900705577067,0.0,25,nominal,80,35,Vanilla MPC,
True,1.0000000000000002,1.0000000000000002,4.0698127434867785e-06,0,24.989202161244027,0.0,20,nominal,81,36,Vanilla MPC,
True,0.65,0.65,4.464665868777059,0,11.208884353901947,0.0,13,nominal,83,37,Vanilla MPC,
True,0.8000000000000002,0.8000000000000002,4.055875048606608e-05,0,16.13168249827434,0.0,16,nominal,84,38,Vanilla MPC,
True,0.8000000000000002,0.8000000000000002,2.673384005496052,0,15.31352898484575,0.0,16,nominal,90,39,Vanilla MPC,
True,0.65,0.65,2.776283920842928,0,13.73656506271117,0.0,13,nominal,98,40,Vanilla MPC,
True,0.15,0.15,6.39708809158481,0,4.526224288615669,0.0,3,nominal,99,41,Vanilla MPC,
True,1.0500000000000005,1.0500000000000005,4.260593300006912e-06,0,25.632727546029383,0.0,21,nominal,101,42,Vanilla MPC,
True,0.7000000000000001,0.7000000000000001,3.5656581564030247,0,18.87261299787145,0.0,14,nominal,102,43,Vanilla MPC,
True,1.2500000000000004,1.2500000000000004,5.87764381382041e-06,0,41.25191599914814,0.0,25,nominal,103,44,Vanilla MPC,
True,0.65,0.65,9.5899150142695,0,10.927122237294176,0.0,13,nominal,109,45,Vanilla MPC,
True,0.65,0.65,2.483702729203322,0,10.978138160313096,0.0,13,nominal,111,46,Vanilla MPC,
True,1.3000000000000005,1.3000000000000005,1.0492700467845917e-08,0,37.78713059282892,0.0,26,nominal,112,47,Vanilla MPC,
False,,0.4999999999999999,-8.547497942505823e-06,1,18.977571669088928,1.0,10,nominal,115,48,Vanilla MPC,
True,1.2000000000000004,1.2000000000000004,4.111697182475274e-06,0,29.76777939423036,0.0,24,nominal,116,49,Vanilla MPC,
True,0.9500000000000004,0.9500000000000004,2.479626685824506,0,19.520235620933622,0.0,19,nominal,117,50,Vanilla MPC,
True,1.3000000000000005,1.3000000000000005,5.427122692623529e-06,0,43.73091882531561,0.0,26,nominal,118,51,Vanilla MPC,
True,1.1500000000000004,1.1500000000000004,3.013904076116135e-06,0,28.92297383608517,0.0,23,nominal,119,52,Vanilla MPC,
True,1.3500000000000003,1.3500000000000003,8.333775940867945e-06,0,46.389528769403526,0.0,27,nominal,120,53,Vanilla MPC,
True,1.0000000000000002,1.0000000000000002,1.2981049449648866e-06,0,19.57225830964478,0.0,20,nominal,122,54,Vanilla MPC,
True,0.6,0.6,3.628659814992353,0,14.543928006143156,0.0,12,nominal,123,55,Vanilla MPC,
True,1.2500000000000004,1.2500000000000004,4.883162781210557e-06,0,33.08297715456618,0.0,25,nominal,126,56,Vanilla MPC,
False,,0.4999999999999999,-8.170804893958692e-06,1,20.871654502984427,1.0,10,nominal,127,57,Vanilla MPC,
True,0.65,0.65,1.4313772727923713,0,16.63333519633984,0.0,13,nominal,132,58,Vanilla MPC,
True,1.4000000000000006,1.4000000000000006,8.46477642055758e-06,0,48.83176263370927,0.0,28,nominal,134,59,Vanilla MPC,
True,0.8500000000000002,0.8500000000000002,0.6629242637675121,0,22.69056349357385,0.0,17,nominal,135,60,Vanilla MPC,
False,,0.65,-3.1460648309024534e-06,1,26.620256706899124,1.0,13,nominal,139,61,Vanilla MPC,
True,0.7000000000000001,0.7000000000000001,5.654918521611963e-05,0,16.250151578762807,0.0,14,nominal,148,62,Vanilla MPC,
True,0.8000000000000002,0.8000000000000002,4.283529713147426e-06,0,12.771625233108916,0.0,16,nominal,149,63,Vanilla MPC,
False,,0.4999999999999999,-3.0847713773995407e-06,1,14.3685494516292,1.0,10,nominal,150,64,Vanilla MPC,
True,0.9000000000000002,0.9000000000000002,2.559012950825181e-06,0,24.131764057963288,0.0,18,nominal,151,65,Vanilla MPC,
True,0.3,0.3,1.5895489054684828,0,5.082964363233817,0.0,6,nominal,152,66,Vanilla MPC,
True,0.65,0.65,3.902549066872264,0,14.126456518198106,0.0,13,nominal,158,67,Vanilla MPC,
True,1.3000000000000005,1.3000000000000005,1.3306046385816074e-05,0,35.13821763944873,0.0,26,nominal,159,68,Vanilla MPC,
True,1.3500000000000003,1.3500000000000003,3.168679781015696e-06,0,34.98029919848836,0.0,27,nominal,161,69,Vanilla MPC,
True,0.65,0.65,1.9773945989160255e-05,0,14.32905924975327,0.0,13,nominal,164,70,Vanilla MPC,
True,1.3500000000000003,1.3500000000000003,4.917930634001512e-06,0,44.87160702681035,0.0,27,nominal,165,71,Vanilla MPC,
True,0.7500000000000001,0.7500000000000001,3.727846256683129e-06,0,16.087374868493022,0.0,15,nominal,177,72,Vanilla MPC,
True,1.3000000000000005,1.3000000000000005,6.824592213416498e-07,0,36.937525152890046,0.0,26,nominal,178,73,Vanilla MPC,
True,0.9500000000000004,0.9500000000000004,1.0483429870959783e-06,0,28.62468410901788,0.0,19,nominal,180,74,Vanilla MPC,
True,0.3,0.3,5.214707651058882,0,6.483610689298364,0.0,6,nominal,181,75,Vanilla MPC,
True,0.8000000000000002,0.8000000000000002,1.1471134666687364,0,18.464891079083763,0.0,16,nominal,184,76,Vanilla MPC,
True,1.1500000000000004,1.1500000000000004,1.664681057356466e-06,0,28.143382297105724,0.0,23,nominal,185,77,Vanilla MPC,
True,1.1500000000000004,1.1500000000000004,1.5706799266972196e-06,0,29.62552196463861,0.0,23,nominal,187,78,Vanilla MPC,
True,0.8500000000000002,0.8500000000000002,0.0453561605686381,0,16.71098776048965,0.0,17,nominal,190,79,Vanilla MPC,
False,,0.3999999999999999,-7.899077080343222e-06,1,14.620364264473272,1.0,8,nominal,192,80,Vanilla MPC,
True,0.9500000000000004,0.9500000000000004,2.72925493177867e-05,0,16.811694131106997,0.0,19,nominal,194,81,Vanilla MPC,
True,0.8500000000000002,0.8500000000000002,1.5200994395259378e-06,0,16.762450480700622,0.0,17,nominal,195,82,Vanilla MPC,
True,1.0500000000000005,1.0500000000000005,5.198991798957344e-06,0,27.37137706736402,0.0,21,nominal,196,83,Vanilla MPC,
True,1.4500000000000006,1.4500000000000006,8.504311245974273e-06,0,52.5782207155851,0.0,29,nominal,198,84,Vanilla MPC,
True,1.4000000000000006,1.4000000000000006,8.402743138098001e-06,0,49.223409854734605,0.0,28,nominal,199,85,Vanilla MPC,
True,0.3999999999999999,0.3999999999999999,7.620092577108419,0,9.449558406955584,0.0,8,nominal,206,86,Vanilla MPC,
True,0.9000000000000002,0.9000000000000002,6.430001725439428e-07,0,25.898194532129963,0.0,18,nominal,216,87,Vanilla MPC,
True,1.1500000000000004,1.1500000000000004,5.862788478511616e-06,0,27.047559241757625,0.0,23,nominal,220,88,Vanilla MPC,
True,1.0000000000000002,1.0000000000000002,1.3404589489440573e-06,0,29.88091145754104,0.0,20,nominal,223,89,Vanilla MPC,
True,1.2500000000000004,1.2500000000000004,9.774211094586432e-06,0,30.605385609454256,0.0,25,nominal,230,90,Vanilla MPC,
True,1.0500000000000005,1.0500000000000005,2.105375161774463e-06,0,33.373229627456055,0.0,21,nominal,233,91,Vanilla MPC,
True,0.9000000000000002,0.9000000000000002,3.502168604577249e-06,0,15.505766443710469,0.0,18,nominal,236,92,Vanilla MPC,
True,1.1000000000000003,1.1000000000000003,6.45117416935944e-06,0,31.4650286186139,0.0,22,nominal,238,93,Vanilla MPC,
True,0.6,0.6,3.7998730504321103,0,9.791557831724504,0.0,12,nominal,239,94,Vanilla MPC,
True,1.3500000000000003,1.3500000000000003,4.077297896169734e-07,0,35.55342653688735,0.0,27,nominal,242,95,Vanilla MPC,
True,0.4999999999999999,0.4999999999999999,3.98545780347908e-05,0,8.860435435550846,0.0,10,nominal,244,96,Vanilla MPC,
True,1.4500000000000006,1.4500000000000006,5.87602078360797e-06,0,52.312947553356295,0.0,29,nominal,245,97,Vanilla MPC,
True,0.9500000000000004,0.9500000000000004,9.312947109251372e-09,0,21.59775038231573,0.0,19,nominal,246,98,Vanilla MPC,
True,1.3000000000000005,1.3000000000000005,4.309598056534092e-06,0,34.293878056882924,0.0,26,nominal,252,99,Vanilla MPC,
True,1.0500000000000005,1.0500000000000005,1.503463477428908e-06,0,30.61630119889636,0.0,21,nominal,253,100,Vanilla MPC,
True,1.3000000000000005,1.3000000000000005,1.8344354273549308e-06,0,33.1976200871427,0.0,26,nominal,256,101,Vanilla MPC,
True,1.3000000000000005,1.3000000000000005,1.008665673505077e-05,0,44.01483100491177,0.0,26,nominal,258,102,Vanilla MPC,
True,0.4499999999999999,0.4499999999999999,0.4609568639769145,0,7.515628576424331,0.0,9,nominal,262,103,Vanilla MPC,
True,1.2500000000000004,1.2500000000000004,7.793583495810179e-07,0,32.64725816784203,0.0,25,nominal,272,104,Vanilla MPC,
True,0.9000000000000002,0.9000000000000002,6.709321273383936e-07,0,20.69989702283973,0.0,18,nominal,275,105,Vanilla MPC,
True,1.2000000000000004,1.2000000000000004,3.6919985493047808e-06,0,29.4314116517369,0.0,24,nominal,277,106,Vanilla MPC,
True,1.2500000000000004,1.2500000000000004,8.281476894308426e-06,0,30.17454338694592,0.0,25,nominal,278,107,Vanilla MPC,
True,1.0500000000000005,1.0500000000000005,3.044735534060442e-06,0,27.630056706546995,0.0,21,nominal,286,108,Vanilla MPC,
True,0.7500000000000001,0.7500000000000001,1.594897121495085,0,16.0971323366293,0.0,15,nominal,288,109,Vanilla MPC,
True,1.2500000000000004,1.2500000000000004,8.38056388087991e-06,0,41.32726735585978,0.0,25,nominal,289,110,Vanilla MPC,
True,0.8000000000000002,0.8000000000000002,6.9606443659520805,0,14.216683353795922,0.0,16,nominal,294,111,Vanilla MPC,
True,1.2500000000000004,1.2500000000000004,2.8681734378084684e-06,0,34.57395631184534,0.0,25,nominal,296,112,Vanilla MPC,
True,0.9500000000000004,0.9500000000000004,0.8397753815726479,0,16.238167252484587,0.0,19,nominal,297,113,Vanilla MPC,
True,0.4999999999999999,0.4999999999999999,7.615936252152264,0,10.544184033740429,0.0,10,nominal,299,114,Vanilla MPC,
True,0.9000000000000002,0.9000000000000002,3.83622633623428e-06,0,19.59672127257638,0.0,18,nominal,301,115,Vanilla MPC,
True,1.0500000000000005,1.0500000000000005,6.218804864873814e-06,0,24.298485836166225,0.0,21,nominal,302,116,Vanilla MPC,
True,0.9000000000000002,0.9000000000000002,2.7551176860706287e-06,0,18.772942095643664,0.0,18,nominal,310,117,Vanilla MPC,
True,0.65,0.65,5.205687850445236,0,11.474784692390871,0.0,13,nominal,311,118,Vanilla MPC,
True,0.65,0.65,9.475628101797582,0,14.330132906770912,0.0,13,nominal,318,119,Vanilla MPC,
True,0.7500000000000001,0.7500000000000001,2.420663350107912,0,15.050348128262035,0.0,15,nominal,319,120,Vanilla MPC,
True,1.0500000000000005,1.0500000000000005,5.019869615563493e-06,0,24.429791000320883,0.0,21,nominal,322,121,Vanilla MPC,
True,0.3999999999999999,0.3999999999999999,1.2947264729779853,0,8.866743743830902,0.0,8,nominal,332,122,Vanilla MPC,
True,0.25,0.25,9.443811769925194,0,6.997466966056354,0.0,5,nominal,335,123,Vanilla MPC,
True,1.2000000000000004,1.2000000000000004,1.7567561920764337e-06,0,31.400338510240594,0.0,24,nominal,336,124,Vanilla MPC,
True,0.9500000000000004,0.9500000000000004,3.827536669466394e-06,0,19.769325458861875,0.0,19,nominal,338,125,Vanilla MPC,
True,0.7500000000000001,0.7500000000000001,9.040578582588326,0,21.48557058735197,0.0,15,nominal,342,126,Vanilla MPC,
True,1.0500000000000005,1.0500000000000005,7.143146936882217e-06,0,20.903864336174923,0.0,21,nominal,348,127,Vanilla MPC,
True,1.2500000000000004,1.2500000000000004,8.217991179223492e-06,0,40.60037230516256,0.0,25,nominal,349,128,Vanilla MPC,
True,1.2500000000000004,1.2500000000000004,4.859513578272163e-06,0,41.75568579044257,0.0,25,nominal,350,129,Vanilla MPC,
True,1.3000000000000005,1.3000000000000005,6.675776200833583e-06,0,36.432113852346646,0.0,26,nominal,355,130,Vanilla MPC,
True,1.3000000000000005,1.3000000000000005,3.329253793423166e-07,0,35.6646598773176,0.0,26,nominal,358,131,Vanilla MPC,
True,0.8500000000000002,0.8500000000000002,0.0001461296734381,0,23.507708458815443,0.0,17,nominal,360,132,Vanilla MPC,
False,,0.4499999999999999,-2.832914306043026e-06,1,14.590429730801397,1.0,9,nominal,364,133,Vanilla MPC,
True,0.8500000000000002,0.8500000000000002,9.280827988712908e-07,0,19.37345482956924,0.0,17,nominal,365,134,Vanilla MPC,
True,0.8000000000000002,0.8000000000000002,0.814263736024882,0,14.179384362162772,0.0,16,nominal,368,135,Vanilla MPC,
True,0.5499999999999999,0.5499999999999999,9.34792199253401,0,11.45494581447689,0.0,11,nominal,369,136,Vanilla MPC,
True,0.7500000000000001,0.7500000000000001,5.4499379638173885e-05,0,19.06198737926008,0.0,15,nominal,372,137,Vanilla MPC,
True,0.6,0.6,0.0009612806870439,0,12.80658947785215,0.0,12,nominal,374,138,Vanilla MPC,
True,0.7500000000000001,0.7500000000000001,1.265083765316037e-05,0,16.949003394516733,0.0,15,nominal,375,139,Vanilla MPC,
True,0.6,0.6,5.193027031939742,0,11.537524171957658,0.0,12,nominal,380,140,Vanilla MPC,
True,1.4000000000000006,1.4000000000000006,1.2232384743759786e-05,0,51.60012507386211,0.0,28,nominal,383,141,Vanilla MPC,
True,0.7000000000000001,0.7000000000000001,7.941345215485031,0,16.75193152267274,0.0,14,nominal,387,142,Vanilla MPC,
True,0.8000000000000002,0.8000000000000002,5.579301879148819e-06,0,14.517412593318882,0.0,16,nominal,391,143,Vanilla MPC,
True,1.2000000000000004,1.2000000000000004,4.297784929116772e-06,0,31.64403414107109,0.0,24,nominal,395,144,Vanilla MPC,
True,0.7500000000000001,0.7500000000000001,4.726495757867258e-06,0,15.553137832207216,0.0,15,nominal,400,145,Vanilla MPC,
True,1.3000000000000005,1.3000000000000005,1.7115661297866337e-06,0,45.96775324946025,0.0,26,nominal,401,146,Vanilla MPC,
True,0.8500000000000002,0.8500000000000002,4.759328291973981e-06,0,17.867495737581756,0.0,17,nominal,402,147,Vanilla MPC,
False,,0.5499999999999999,-7.893410085990985e-06,1,22.814690677308743,1.0,11,nominal,405,148,Vanilla MPC,
False,,0.5499999999999999,-8.383932389882009e-06,1,21.03677694887677,1.0,11,nominal,408,149,Vanilla MPC,
True,0.6,0.6,1.1872476999093302,0,14.49308482014187,0.0,12,nominal,409,150,Vanilla MPC,
True,1.2000000000000004,1.2000000000000004,6.628213561015944e-06,0,38.20691959859918,0.0,24,nominal,413,151,Vanilla MPC,
True,0.9500000000000004,0.9500000000000004,4.807091251346149e-06,0,19.46971516948596,0.0,19,nominal,415,152,Vanilla MPC,
True,0.9500000000000004,0.9500000000000004,4.796126421969771e-05,0,18.377628202730744,0.0,19,nominal,416,153,Vanilla MPC,
True,0.8000000000000002,0.8000000000000002,3.072392696374724e-06,0,14.7973170760735,0.0,16,nominal,417,154,Vanilla MPC,
True,1.0500000000000005,1.0500000000000005,5.14029686682168e-06,0,23.03374969767036,0.0,21,nominal,425,155,Vanilla MPC,
True,1.0000000000000002,1.0000000000000002,4.984002910393197e-06,0,19.364637065951605,0.0,20,nominal,426,156,Vanilla MPC,
True,0.65,0.65,9.318786090628084,0,10.47551946165253,0.0,13,nominal,429,157,Vanilla MPC,
True,0.3,0.3,4.855643968948962,0,6.853242965770531,0.0,6,nominal,433,158,Vanilla MPC,
True,0.7500000000000001,0.7500000000000001,9.150422958538412,0,12.605214004152948,0.0,15,nominal,434,159,Vanilla MPC,
True,1.2500000000000004,1.2500000000000004,4.159580198843709e-06,0,30.23073109719032,0.0,25,nominal,435,160,Vanilla MPC,
True,0.4499999999999999,0.4499999999999999,3.670449465994424,0,9.69231275313799,0.0,9,nominal,436,161,Vanilla MPC,
True,0.3999999999999999,0.3999999999999999,9.709399899629618,0,9.532892005152402,0.0,8,nominal,439,162,Vanilla MPC,
True,1.1000000000000003,1.1000000000000003,8.02151735718179e-06,0,27.760780696807934,0.0,22,nominal,444,163,Vanilla MPC,
True,1.3500000000000003,1.3500000000000003,2.6112088539026084e-06,0,35.27442553243576,0.0,27,nominal,445,164,Vanilla MPC,
False,,0.5499999999999999,-4.5500225362484086e-06,1,15.563046859400965,1.0,11,nominal,446,165,Vanilla MPC,
True,1.1500000000000004,1.1500000000000004,8.375403825006375e-06,0,29.83578198656635,0.0,23,nominal,447,166,Vanilla MPC,
True,0.9000000000000002,0.9000000000000002,1.6597108637761033e-05,0,24.033629885209173,0.0,18,nominal,448,167,Vanilla MPC,
True,0.3,0.3,4.265343413416778,0,5.756440919956971,0.0,6,nominal,449,168,Vanilla MPC,
True,0.8500000000000002,0.8500000000000002,2.452768794920284e-06,0,16.950764442474693,0.0,17,nominal,452,169,Vanilla MPC,
True,1.1000000000000003,1.1000000000000003,1.5200376738944687e-06,0,34.62316965418049,0.0,22,nominal,455,170,Vanilla MPC,
True,0.35,0.35,3.51586007330208,0,8.203521164248254,0.0,7,nominal,456,171,Vanilla MPC,
True,0.5499999999999999,0.5499999999999999,2.0226805156228527,0,13.617575716297717,0.0,11,nominal,458,172,Vanilla MPC,
True,0.2,0.2,4.904673199184427,0,5.879123804596845,0.0,4,nominal,459,173,Vanilla MPC,
True,1.2000000000000004,1.2000000000000004,4.197835509037479e-06,0,30.922391931981537,0.0,24,nominal,462,174,Vanilla MPC,
True,0.8500000000000002,0.8500000000000002,5.194229190460155e-06,0,14.729765734217644,0.0,17,nominal,465,175,Vanilla MPC,
True,0.9000000000000002,0.9000000000000002,0.1212412091481927,0,20.9267284624155,0.0,18,nominal,466,176,Vanilla MPC,
True,0.6,0.6,5.050949796592535,0,13.38741097502164,0.0,12,nominal,468,177,Vanilla MPC,
False,,0.5499999999999999,-5.0395108838762255e-06,1,23.098315729120824,1.0,11,nominal,471,178,Vanilla MPC,
False,,0.5499999999999999,-8.295596442023137e-06,1,19.467110592478804,1.0,11,nominal,473,179,Vanilla MPC,
False,,0.5499999999999999,-7.615514748058722e-06,1,22.59777735261782,1.0,11,nominal,475,180,Vanilla MPC,
True,0.7500000000000001,0.7500000000000001,8.91222528118026,0,14.334912259261769,0.0,15,nominal,476,181,Vanilla MPC,
True,1.4000000000000006,1.4000000000000006,4.722758627147029e-06,0,38.80727175472787,0.0,28,nominal,478,182,Vanilla MPC,
True,1.1500000000000004,1.1500000000000004,3.0363277318823237e-06,0,31.759189093548244,0.0,23,nominal,481,183,Vanilla MPC,
True,1.0000000000000002,1.0000000000000002,4.65112075394648e-06,0,23.00676781179021,0.0,20,nominal,483,184,Vanilla MPC,
False,,0.4999999999999999,-3.0138093802326867e-06,1,14.14667974681518,1.0,10,nominal,485,185,Vanilla MPC,
True,0.65,0.65,7.598403169699262,0,13.391982840303088,0.0,13,nominal,493,186,Vanilla MPC,
True,0.7500000000000001,0.7500000000000001,1.912125282800836,0,17.2997889333006,0.0,15,nominal,502,187,Vanilla MPC,
True,0.7000000000000001,0.7000000000000001,3.416427547050553e-05,0,17.20541085080418,0.0,14,nominal,514,188,Vanilla MPC,
True,1.3500000000000003,1.3500000000000003,2.4912464336748453e-06,0,33.70560778629539,0.0,27,nominal,517,189,Vanilla MPC,
True,0.9000000000000002,0.9000000000000002,7.104985269477729,0,17.008485482216937,0.0,18,nominal,519,190,Vanilla MPC,
True,1.2500000000000004,1.2500000000000004,6.02275208859665e-06,0,31.45485707226208,0.0,25,nominal,520,191,Vanilla MPC,
True,0.9500000000000004,0.9500000000000004,6.4784106351900406e-06,0,23.536706726954108,0.0,19,nominal,521,192,Vanilla MPC,
True,1.4500000000000006,1.4500000000000006,2.680520009145377e-06,0,50.05909922843642,0.0,29,nominal,522,193,Vanilla MPC,
True,0.7500000000000001,0.7500000000000001,6.626932004619954,0,13.428857729108572,0.0,15,nominal,528,194,Vanilla MPC,
True,1.4500000000000006,1.4500000000000006,3.5326929356401663e-06,0,51.58421440033071,0.0,29,nominal,540,195,Vanilla MPC,
True,1.0000000000000002,1.0000000000000002,5.1402573447383645e-06,0,26.36040386115595,0.0,20,nominal,541,196,Vanilla MPC,
True,1.0000000000000002,1.0000000000000002,7.295521716101288e-06,0,28.34058972437704,0.0,20,nominal,544,197,Vanilla MPC,
True,0.4499999999999999,0.4499999999999999,4.683153818069148,0,7.195169006512431,0.0,9,nominal,546,198,Vanilla MPC,
True,1.1500000000000004,1.1500000000000004,4.934372082755856e-06,0,25.23931282844192,0.0,23,nominal,548,199,Vanilla MPC,
True,0.9500000000000004,0.9500000000000004,5.572370759226971e-06,0,23.00928661720576,0.0,19,nominal,550,200,Vanilla MPC,
True,1.0500000000000005,1.0500000000000005,2.938826184125763e-06,0,25.33719641816051,0.0,21,nominal,553,201,Vanilla MPC,
True,1.3000000000000005,1.3000000000000005,4.345495659030955e-06,0,44.99886720171998,0.0,26,nominal,554,202,Vanilla MPC,
True,0.25,0.25,1.3210023890441764,0,5.367429260759954,0.0,5,nominal,556,203,Vanilla MPC,
True,1.1500000000000004,1.1500000000000004,3.448022740257692e-06,0,27.17903227866399,0.0,23,nominal,559,204,Vanilla MPC,
True,0.4499999999999999,0.4499999999999999,1.595165162720177,0,6.719638659683056,0.0,9,nominal,562,205,Vanilla MPC,
True,0.4999999999999999,0.4999999999999999,3.100070290812647,0,8.985109510490672,0.0,10,nominal,563,206,Vanilla MPC,
True,0.9000000000000002,0.9000000000000002,7.674720423468092e-07,0,17.723084429591754,0.0,18,nominal,567,207,Vanilla MPC,
True,1.2500000000000004,1.2500000000000004,4.3431689639383214e-06,0,33.6061556786157,0.0,25,nominal,571,208,Vanilla MPC,
True,0.9500000000000004,0.9500000000000004,5.63420287759379e-06,0,21.856590819368428,0.0,19,nominal,573,209,Vanilla MPC,
True,1.2500000000000004,1.2500000000000004,1.7501939727470633e-06,0,39.71999013297047,0.0,25,nominal,574,210,Vanilla MPC,
False,,0.5499999999999999,-8.294534928753129e-06,1,16.520942080926744,1.0,11,nominal,581,211,Vanilla MPC,
True,1.2000000000000004,1.2000000000000004,5.840905923696075e-06,0,28.421271394814628,0.0,24,nominal,584,212,Vanilla MPC,
True,0.8000000000000002,0.8000000000000002,0.0005309523011373,0,17.998188494793997,0.0,16,nominal,585,213,Vanilla MPC,
True,0.3,0.3,8.826416338302511,0,5.352544031635664,0.0,6,nominal,586,214,Vanilla MPC,
True,0.6,0.6,0.1963262800713991,0,10.153053414177254,0.0,12,nominal,589,215,Vanilla MPC,
True,0.25,0.25,2.392223777380284,0,2.151007729331998,0.0,5,nominal,590,216,Vanilla MPC,
True,0.7000000000000001,0.7000000000000001,7.138120009077166,0,16.05969055532141,0.0,14,nominal,592,217,Vanilla MPC,
True,0.8500000000000002,0.8500000000000002,9.338176817665862e-07,0,16.399172988882185,0.0,17,nominal,593,218,Vanilla MPC,
False,,0.4999999999999999,-5.29255975585261e-07,1,13.620115905407678,1.0,10,nominal,594,219,Vanilla MPC,
True,0.7500000000000001,0.7500000000000001,7.794809913133832,0,17.022849597500645,0.0,15,nominal,597,220,Vanilla MPC,
True,0.8000000000000002,0.8000000000000002,4.375185650201779,0,14.990110538897095,0.0,16,nominal,598,221,Vanilla MPC,
True,0.7500000000000001,0.7500000000000001,2.888539485394609e-06,0,17.913883549019012,0.0,15,nominal,600,222,Vanilla MPC,
True,0.8500000000000002,0.8500000000000002,4.7476298874671485,0,14.734186529909458,0.0,17,nominal,604,223,Vanilla MPC,
True,0.7000000000000001,0.7000000000000001,3.581214268446175,0,10.104886267535546,0.0,14,nominal,606,224,Vanilla MPC,
True,0.4999999999999999,0.4999999999999999,7.68002917118485,0,10.627217062058422,0.0,10,nominal,613,225,Vanilla MPC,
True,1.4000000000000006,1.4000000000000006,1.5682801174844392e-06,0,47.521149796229885,0.0,28,nominal,614,226,Vanilla MPC,
True,0.7500000000000001,0.7500000000000001,0.0001503251195062,0,15.13808798824332,0.0,15,nominal,621,227,Vanilla MPC,
True,0.9000000000000002,0.9000000000000002,5.93107087860595e-06,0,18.424977411617267,0.0,18,nominal,623,228,Vanilla MPC,
True,0.9000000000000002,0.9000000000000002,4.35691165073816,0,18.52085646327202,0.0,18,nominal,634,229,Vanilla MPC,
True,1.0000000000000002,1.0000000000000002,3.7009100523116654e-06,0,28.961399405015115,0.0,20,nominal,637,230,Vanilla MPC,
True,1.0500000000000005,1.0500000000000005,1.0663790705826536e-05,0,20.020722058786497,0.0,21,nominal,639,231,Vanilla MPC,
True,0.65,0.65,8.627163707058559,0,9.89884379110407,0.0,13,nominal,644,232,Vanilla MPC,
True,1.1000000000000003,1.1000000000000003,3.4919277559046587e-06,0,30.25526150947336,0.0,22,nominal,646,233,Vanilla MPC,
True,1.1500000000000004,1.1500000000000004,1.9281307389811044e-06,0,35.98583144339031,0.0,23,nominal,654,234,Vanilla MPC,
True,0.7500000000000001,0.7500000000000001,2.1015490730213355,0,17.732720144638634,0.0,15,nominal,655,235,Vanilla MPC,
True,1.3000000000000005,1.3000000000000005,4.812066523953993e-06,0,36.62953005087299,0.0,26,nominal,662,236,Vanilla MPC,
True,0.7000000000000001,0.7000000000000001,1.1557023025481374,0,15.118911832166326,0.0,14,nominal,665,237,Vanilla MPC,
True,0.8500000000000002,0.8500000000000002,3.564319582967226e-06,0,22.97059756799584,0.0,17,nominal,667,238,Vanilla MPC,
True,0.7000000000000001,0.7000000000000001,5.025028045416351e-06,0,14.755543892204765,0.0,14,nominal,668,239,Vanilla MPC,
True,0.6,0.6,7.802127644952018,0,12.303901949462562,0.0,12,nominal,672,240,Vanilla MPC,
True,0.7500000000000001,0.7500000000000001,8.312682520378628e-06,0,20.328818204127256,0.0,15,nominal,676,241,Vanilla MPC,
True,1.3000000000000005,1.3000000000000005,4.119619566864033e-06,0,36.61688181616722,0.0,26,nominal,678,242,Vanilla MPC,
True,1.4500000000000006,1.4500000000000006,5.681722173616059e-06,0,52.55644382719048,0.0,29,nominal,679,243,Vanilla MPC,
True,1.0500000000000005,1.0500000000000005,0.004204629227976,0,19.2662332796797,0.0,21,nominal,681,244,Vanilla MPC,
False,,0.9000000000000002,-0.0096508064309493,1,27.921992478200615,1.0,18,mild,1,0,Vanilla MPC,
True,1.2000000000000004,1.2000000000000004,0.0082551527264202,0,42.00274734434793,0.0,24,mild,2,1,Vanilla MPC,
True,0.6,0.6,5.592582002116371,0,16.589391775830585,0.0,12,mild,4,2,Vanilla MPC,
True,0.4999999999999999,0.4999999999999999,2.4362776026776247,0,9.385395569510512,0.0,10,mild,6,3,Vanilla MPC,
True,1.3500000000000003,1.3500000000000003,0.0566507460324988,0,46.93904983810344,0.0,27,mild,7,4,Vanilla MPC,
True,0.5499999999999999,0.5499999999999999,1.931075553195324,0,8.849943981990194,0.0,11,mild,10,5,Vanilla MPC,
True,0.9000000000000002,0.9000000000000002,3.2756012774912238,0,15.661322875255882,0.0,18,mild,13,6,Vanilla MPC,
False,,0.4999999999999999,-0.0976697926938794,1,18.42383448554639,1.0,10,mild,15,7,Vanilla MPC,
False,,0.4499999999999999,-0.0859761361619188,1,18.151936317200796,1.0,9,mild,18,8,Vanilla MPC,
True,0.8000000000000002,0.8000000000000002,2.902198751798509,0,19.63964695077733,0.0,16,mild,19,9,Vanilla MPC,
True,0.3999999999999999,0.3999999999999999,2.5450682920670817,0,10.902205065170028,0.0,8,mild,21,10,Vanilla MPC,
True,0.7500000000000001,0.7500000000000001,0.0737144327969744,0,11.668434393024956,0.0,15,mild,22,11,Vanilla MPC,
False,,0.5499999999999999,-0.205317212854221,1,19.775956260598303,1.0,11,mild,23,12,Vanilla MPC,
False,,0.8500000000000002,-0.0775832211132454,1,23.92955865066332,1.0,17,mild,24,13,Vanilla MPC,
True,0.5499999999999999,0.5499999999999999,4.548765180466317,0,9.096851122186637,0.0,11,mild,26,14,Vanilla MPC,
True,0.6,0.6,2.8223950197235204,0,13.3706682263868,0.0,12,mild,29,15,Vanilla MPC,
True,1.3500000000000003,1.3500000000000003,0.0061821671462534,0,44.13652075213952,0.0,27,mild,30,16,Vanilla MPC,
True,0.4999999999999999,0.4999999999999999,5.247771013779821,0,11.893204238320411,0.0,10,mild,32,17,Vanilla MPC,
True,0.6,0.6,8.315789355854676,0,12.433144278876094,0.0,12,mild,37,18,Vanilla MPC,
True,1.3500000000000003,1.3500000000000003,0.0773116483850829,0,46.11791821766538,0.0,27,mild,38,19,Vanilla MPC,
True,0.2,0.2,9.194602141979937,0,5.12229068872325,0.0,4,mild,42,20,Vanilla MPC,
True,0.7000000000000001,0.7000000000000001,0.1254569107201917,0,9.983307106095992,0.0,14,mild,44,21,Vanilla MPC,
False,,0.8500000000000002,-0.1172439448047461,1,23.11825760431942,1.0,17,mild,47,22,Vanilla MPC,
False,,0.65,-0.0438518641622292,1,16.789157232182212,1.0,13,mild,48,23,Vanilla MPC,
False,,0.9000000000000002,-0.1856620235809053,1,32.02238534136413,1.0,18,mild,53,24,Vanilla MPC,
True,1.0500000000000005,1.0500000000000005,0.0663357475269719,0,23.27454501334816,0.0,21,mild,54,25,Vanilla MPC,
False,,0.3999999999999999,-0.0043707584446192,1,12.960202552950111,1.0,8,mild,55,26,Vanilla MPC,
True,0.4999999999999999,0.4999999999999999,10.172540060278964,0,13.346303189313527,0.0,10,mild,56,27,Vanilla MPC,
False,,0.3999999999999999,-0.0427004376245517,1,18.75833539255733,1.0,8,mild,60,28,Vanilla MPC,
False,,0.8000000000000002,-0.1749158151394946,1,21.190688747767023,1.0,16,mild,61,29,Vanilla MPC,
True,0.7500000000000001,0.7500000000000001,2.9621514135975158,0,13.31283377268478,0.0,15,mild,66,30,Vanilla MPC,
False,,0.4999999999999999,-0.1027395570504631,1,13.241319946495455,1.0,10,mild,67,31,Vanilla MPC,
False,,0.7000000000000001,-0.1417877474691784,1,22.67322913911197,1.0,14,mild,69,32,Vanilla MPC,
True,1.2000000000000004,1.2000000000000004,0.0048645759585238,0,29.048281775380016,0.0,24,mild,74,33,Vanilla MPC,
True,0.3,0.3,4.711271664618931,0,6.600051826164952,0.0,6,mild,77,34,Vanilla MPC,
False,,0.3999999999999999,-0.0343071649751514,1,13.062394921850906,1.0,8,mild,80,35,Vanilla MPC,
False,,0.4999999999999999,-0.0591662913841118,1,14.87737463189616,1.0,10,mild,81,36,Vanilla MPC,
True,0.65,0.65,4.486437843643157,0,11.17599134212496,0.0,13,mild,83,37,Vanilla MPC,
True,0.8000000000000002,0.8000000000000002,0.2172803924724509,0,16.119587837741626,0.0,16,mild,84,38,Vanilla MPC,
True,0.8000000000000002,0.8000000000000002,2.6229297494921835,0,15.391220522060973,0.0,16,mild,90,39,Vanilla MPC,
True,0.65,0.65,2.8410018588234527,0,13.691272262992362,0.0,13,mild,98,40,Vanilla MPC,
True,0.15,0.15,6.423269668304864,0,4.527772707197334,0.0,3,mild,99,41,Vanilla MPC,
True,1.0500000000000005,1.0500000000000005,0.0607662859367994,0,25.430964049707303,0.0,21,mild,101,42,Vanilla MPC,
True,0.7000000000000001,0.7000000000000001,3.4527886987255942,0,18.88077037453157,0.0,14,mild,102,43,Vanilla MPC,
True,1.2500000000000004,1.2500000000000004,0.0173617010463589,0,41.492879935461474,0.0,25,mild,103,44,Vanilla MPC,
True,0.65,0.65,9.616938175969214,0,10.975130399852674,0.0,13,mild,109,45,Vanilla MPC,
True,0.65,0.65,2.6368062418270943,0,11.030859960598017,0.0,13,mild,111,46,Vanilla MPC,
False,,0.4999999999999999,-0.0438927224696865,1,17.43288293412385,1.0,10,mild,112,47,Vanilla MPC,
False,,0.4499999999999999,-0.0420130429594022,1,16.033832369067,1.0,9,mild,115,48,Vanilla MPC,
False,,0.6,-0.0680040271902816,1,15.69776254902222,1.0,12,mild,116,49,Vanilla MPC,
True,0.9500000000000004,0.9500000000000004,2.0088440018316622,0,19.47220883331718,0.0,19,mild,117,50,Vanilla MPC,
False,,0.65,-0.1354061688019004,1,27.554538033675737,1.0,13,mild,118,51,Vanilla MPC,
False,,0.6,-0.0435071552390497,1,18.661389190729626,1.0,12,mild,119,52,Vanilla MPC,
False,,0.4499999999999999,0.1675263608681267,0,19.644536182412008,1.0,9,mild,120,53,Vanilla MPC,
False,,0.65,-0.1747937340738286,1,16.71590152008133,1.0,13,mild,122,54,Vanilla MPC,
True,0.6,0.6,3.9110792323076633,0,14.519730320728351,0.0,12,mild,123,55,Vanilla MPC,
False,,0.65,-0.1393224055854479,1,18.90045043896326,1.0,13,mild,126,56,Vanilla MPC,
False,,0.4999999999999999,-0.0566334651850669,1,20.735654187168304,1.0,10,mild,127,57,Vanilla MPC,
True,0.65,0.65,0.8732514435248834,0,16.625486588204875,0.0,13,mild,132,58,Vanilla MPC,
False,,0.7500000000000001,-0.011712400274782,1,32.044752064391695,1.0,15,mild,134,59,Vanilla MPC,
True,0.8500000000000002,0.8500000000000002,0.4043809115069227,0,22.65430551555282,0.0,17,mild,135,60,Vanilla MPC,
False,,0.65,-0.148609563189326,1,26.446511506996025,1.0,13,mild,139,61,Vanilla MPC,
False,,0.25,-0.328641094337016,1,9.484533118567414,1.0,5,mild,148,62,Vanilla MPC,
True,0.8000000000000002,0.8000000000000002,0.0963463968598405,0,13.002296509925763,0.0,16,mild,149,63,Vanilla MPC,
False,,0.4499999999999999,-0.1954997095921815,1,12.1017371789789,1.0,9,mild,150,64,Vanilla MPC,
False,,0.4999999999999999,-0.0164942076557876,1,21.08267062329348,1.0,10,mild,151,65,Vanilla MPC,
True,0.3,0.3,1.5895489054684828,0,5.074011039132495,0.0,6,mild,152,66,Vanilla MPC,
True,0.65,0.65,3.934853684612304,0,14.074232688776103,0.0,13,mild,158,67,Vanilla MPC,
False,,1.0000000000000002,-0.070704058142677,1,26.648287184466213,1.0,20,mild,159,68,Vanilla MPC,
False,,0.5499999999999999,-0.0423212003999236,1,17.23039463942488,1.0,11,mild,161,69,Vanilla MPC,
True,0.65,0.65,0.0640614584824016,0,14.21367807384243,0.0,13,mild,164,70,Vanilla MPC,
False,,0.7500000000000001,-0.0119074126387926,1,30.19070617150382,1.0,15,mild,165,71,Vanilla MPC,
False,,0.4499999999999999,-0.0048359694837161,1,12.947888056935431,1.0,9,mild,177,72,Vanilla MPC,
False,,0.4499999999999999,-0.011322156264725,1,14.443356500559757,1.0,9,mild,178,73,Vanilla MPC,
False,,0.4999999999999999,-0.1052414217030583,1,21.838030840256728,1.0,10,mild,180,74,Vanilla MPC,
True,0.3,0.3,5.056077497094081,0,6.503702530630866,0.0,6,mild,181,75,Vanilla MPC,
True,0.8000000000000002,0.8000000000000002,1.5542423206094111,0,18.46234810722405,0.0,16,mild,184,76,Vanilla MPC,
False,,0.7500000000000001,-0.0635263173433648,1,18.89583969435677,1.0,15,mild,185,77,Vanilla MPC,
False,,0.8000000000000002,-0.0593375073420091,1,22.624988828309625,1.0,16,mild,187,78,Vanilla MPC,
True,0.8000000000000002,0.8000000000000002,0.0453561605686381,0,16.3038799687767,0.0,16,mild,190,79,Vanilla MPC,
False,,0.35,-0.0584714214739112,1,12.446427285426472,1.0,7,mild,192,80,Vanilla MPC,
False,,0.65,-0.0193077497892267,1,14.573293523790747,1.0,13,mild,194,81,Vanilla MPC,
False,,0.4499999999999999,-0.0384470799287424,1,12.82661590580974,1.0,9,mild,195,82,Vanilla MPC,
False,,0.7500000000000001,-0.0685520311361523,1,18.72340103253709,1.0,15,mild,196,83,Vanilla MPC,
False,,1.1000000000000003,-0.1101640664379652,1,40.64510814860149,1.0,22,mild,198,84,Vanilla MPC,
False,,1.1000000000000003,-0.0725469925155172,1,39.62565815913671,1.0,22,mild,199,85,Vanilla MPC,
True,0.3999999999999999,0.3999999999999999,7.620092577108419,0,9.34151462869789,0.0,8,mild,206,86,Vanilla MPC,
False,,0.4999999999999999,-0.08792533327065,1,20.578301029863805,1.0,10,mild,216,87,Vanilla MPC,
False,,0.7500000000000001,-0.1699477672677361,1,17.955341124723077,1.0,15,mild,220,88,Vanilla MPC,
False,,0.4499999999999999,0.3167847444541002,0,20.219283401874478,1.0,9,mild,223,89,Vanilla MPC,
False,,0.5499999999999999,-0.1252349946966532,1,14.30223896049147,1.0,11,mild,230,90,Vanilla MPC,
False,,0.4499999999999999,0.0096774624763898,0,20.63284564704356,1.0,9,mild,233,91,Vanilla MPC,
True,0.9000000000000002,0.9000000000000002,0.096290272128641,0,15.547814151579525,0.0,18,mild,236,92,Vanilla MPC,
False,,0.8000000000000002,-0.010831646547721,1,23.894815113610537,1.0,16,mild,238,93,Vanilla MPC,
True,0.6,0.6,3.321335985707234,0,9.71865549676505,0.0,12,mild,239,94,Vanilla MPC,
False,,0.4999999999999999,-0.1369657306931307,1,13.6158630090211,1.0,10,mild,242,95,Vanilla MPC,
False,,0.1,0.1583185129853541,0,2.9093009009768,1.0,2,mild,244,96,Vanilla MPC,
False,,0.9000000000000002,-0.0484728907422621,1,36.34509157766836,1.0,18,mild,245,97,Vanilla MPC,
False,,0.4499999999999999,-0.1206435907973388,1,13.70578873638094,1.0,9,mild,246,98,Vanilla MPC,
False,,0.7000000000000001,-0.0088873985430737,1,20.06536619642876,1.0,14,mild,252,99,Vanilla MPC,
False,,0.4999999999999999,-0.1879563399626622,1,21.53547841672428,1.0,10,mild,253,100,Vanilla MPC,
False,,0.7500000000000001,-0.1661799102120217,1,19.65484743822311,1.0,15,mild,256,101,Vanilla MPC,
True,1.3000000000000005,1.3000000000000005,0.0620431712724712,0,43.9736950843784,0.0,26,mild,258,102,Vanilla MPC,
True,0.4499999999999999,0.4499999999999999,0.3936031427037813,0,7.600854567264894,0.0,9,mild,262,103,Vanilla MPC,
False,,0.4499999999999999,-0.0107947687643755,1,12.908638190293734,1.0,9,mild,272,104,Vanilla MPC,
False,,0.6,-0.0374854727638703,1,16.354460612963486,1.0,12,mild,275,105,Vanilla MPC,
True,1.1500000000000004,1.1500000000000004,0.0228175680283436,0,28.240230986043795,0.0,23,mild,277,106,Vanilla MPC,
False,,0.7000000000000001,-0.1566385641228883,1,18.332057876154643,1.0,14,mild,278,107,Vanilla MPC,
False,,0.7000000000000001,-0.1279627870531695,1,22.827728914644204,1.0,14,mild,286,108,Vanilla MPC,
True,0.7500000000000001,0.7500000000000001,1.270127156371871,0,16.11851318140856,0.0,15,mild,288,109,Vanilla MPC,
False,,0.9500000000000004,-0.0280608477936886,1,34.1837820324995,1.0,19,mild,289,110,Vanilla MPC,
True,0.8000000000000002,0.8000000000000002,7.273450152606157,0,14.237177059222264,0.0,16,mild,294,111,Vanilla MPC,
False,,0.2,-0.0525718298632949,1,8.141118000913494,1.0,4,mild,296,112,Vanilla MPC,
True,0.9500000000000004,0.9500000000000004,0.5215897781885763,0,16.181679549201696,0.0,19,mild,297,113,Vanilla MPC,
True,0.4999999999999999,0.4999999999999999,7.201673492438307,0,10.652089431547004,0.0,10,mild,299,114,Vanilla MPC,
False,,0.5499999999999999,-0.077225920618025,1,12.989683048491548,1.0,11,mild,301,115,Vanilla MPC,
False,,0.7500000000000001,-0.0562263737944745,1,18.518378590160157,1.0,15,mild,302,116,Vanilla MPC,
False,,0.5499999999999999,-0.0452213351188871,1,14.204428005889516,1.0,11,mild,310,117,Vanilla MPC,
True,0.65,0.65,5.205687850445236,0,11.492754489719156,0.0,13,mild,311,118,Vanilla MPC,
True,0.65,0.65,9.414672263842515,0,14.27743392404878,0.0,13,mild,318,119,Vanilla MPC,
True,0.7500000000000001,0.7500000000000001,2.7674781799109924,0,15.062760358396552,0.0,15,mild,319,120,Vanilla MPC,
False,,0.3999999999999999,-0.0772763667573523,1,10.322836608440712,1.0,8,mild,322,121,Vanilla MPC,
True,0.3999999999999999,0.3999999999999999,1.2947264729779853,0,8.911857177108654,0.0,8,mild,332,122,Vanilla MPC,
True,0.25,0.25,9.442099011950258,0,6.980608140406554,0.0,5,mild,335,123,Vanilla MPC,
False,,0.4499999999999999,-0.0170003135547378,1,12.98007339353966,1.0,9,mild,336,124,Vanilla MPC,
True,0.9500000000000004,0.9500000000000004,0.0203296369336615,0,19.641152666891244,0.0,19,mild,338,125,Vanilla MPC,
True,0.7500000000000001,0.7500000000000001,9.040578582588326,0,21.578599486684208,0.0,15,mild,342,126,Vanilla MPC,
True,1.0500000000000005,1.0500000000000005,0.059163679485657,0,20.924219534108364,0.0,21,mild,348,127,Vanilla MPC,
False,,0.9500000000000004,-0.0692005991028797,1,33.35974347168428,1.0,19,mild,349,128,Vanilla MPC,
False,,0.9500000000000004,-0.0947876557326751,1,36.59979626011632,1.0,19,mild,350,129,Vanilla MPC,
False,,0.8000000000000002,-0.0145444317803362,1,26.21568438659697,1.0,16,mild,355,130,Vanilla MPC,
False,,0.4499999999999999,-0.0740750614093528,1,12.555789236233846,1.0,9,mild,358,131,Vanilla MPC,
False,,0.6,-0.0610219325966242,1,20.5316986336877,1.0,12,mild,360,132,Vanilla MPC,
False,,0.3999999999999999,-0.0228550967359377,1,12.47317760517668,1.0,8,mild,364,133,Vanilla MPC,
False,,0.25,-0.009132747672177,1,9.644799520929944,1.0,5,mild,365,134,Vanilla MPC,
True,0.8000000000000002,0.8000000000000002,0.7342891436316022,0,14.167545775483154,0.0,16,mild,368,135,Vanilla MPC,
True,0.5499999999999999,0.5499999999999999,9.535948281359016,0,11.394865246182023,0.0,11,mild,369,136,Vanilla MPC,
True,0.7500000000000001,0.7500000000000001,0.1461334740346539,0,18.983088942225468,0.0,15,mild,372,137,Vanilla MPC,
True,0.6,0.6,0.5930839254286799,0,12.673293235994633,0.0,12,mild,374,138,Vanilla MPC,
True,0.7500000000000001,0.7500000000000001,0.0199203633964833,0,17.10609921907324,0.0,15,mild,375,139,Vanilla MPC,
True,0.6,0.6,5.013229895598498,0,11.54769768944447,0.0,12,mild,380,140,Vanilla MPC,
False,,1.0000000000000002,-0.0722075883920459,1,37.71440064683172,1.0,20,mild,383,141,Vanilla MPC,
True,0.7000000000000001,0.7000000000000001,8.472133494251393,0,16.784958844813715,0.0,14,mild,387,142,Vanilla MPC,
True,0.8000000000000002,0.8000000000000002,0.0838746929468167,0,14.779919439214272,0.0,16,mild,391,143,Vanilla MPC,
False,,0.4999999999999999,-0.0268482205339052,1,14.071223443399637,1.0,10,mild,395,144,Vanilla MPC,
False,,0.4499999999999999,-0.0915085309412659,1,14.26171287768318,1.0,9,mild,400,145,Vanilla MPC,
False,,0.9500000000000004,-0.1120004159280415,1,33.10353485088919,1.0,19,mild,401,146,Vanilla MPC,
False,,0.5499999999999999,-0.0727731611239072,1,12.43109180348916,1.0,11,mild,402,147,Vanilla MPC,
False,,0.4499999999999999,-0.0196752821471572,1,18.22520039431961,1.0,9,mild,405,148,Vanilla MPC,
False,,0.5499999999999999,-0.1722932290136059,1,21.071427784527373,1.0,11,mild,408,149,Vanilla MPC,
True,0.65,0.65,0.9343309102924904,0,15.00652544066834,0.0,13,mild,409,150,Vanilla MPC,
True,1.2000000000000004,1.2000000000000004,0.002196398568976,0,38.0932554597072,0.0,24,mild,413,151,Vanilla MPC,
True,0.9500000000000004,0.9500000000000004,0.0242401008897535,0,19.41271858109016,0.0,19,mild,415,152,Vanilla MPC,
True,0.9500000000000004,0.9500000000000004,0.0360653331370612,0,18.42826148701165,0.0,19,mild,416,153,Vanilla MPC,
False,,0.3999999999999999,-0.1561375021544585,1,10.94265973316523,1.0,8,mild,417,154,Vanilla MPC,
False,,0.7000000000000001,-0.0088730624982189,1,16.184934838162576,1.0,14,mild,425,155,Vanilla MPC,
False,,0.7000000000000001,-0.0504065311167241,1,14.936391161135148,1.0,14,mild,426,156,Vanilla MPC,
True,0.65,0.65,9.172967726907086,0,10.471902082121533,0.0,13,mild,429,157,Vanilla MPC,
True,0.3,0.3,4.815914067700267,0,6.938497587377719,0.0,6,mild,433,158,Vanilla MPC,
True,0.7500000000000001,0.7500000000000001,9.112861102450662,0,12.594785096880456,0.0,15,mild,434,159,Vanilla MPC,
True,1.2500000000000004,1.2500000000000004,0.0102976418431023,0,30.367461486942094,0.0,25,mild,435,160,Vanilla MPC,
True,0.4499999999999999,0.4499999999999999,3.9954963506991694,0,9.605847210271031,0.0,9,mild,436,161,Vanilla MPC,
True,0.3999999999999999,0.3999999999999999,9.709399899629618,0,9.553527229080109,0.0,8,mild,439,162,Vanilla MPC,
False,,0.3999999999999999,-0.1218835993214746,1,10.969411629647038,1.0,8,mild,444,163,Vanilla MPC,
False,,0.6,-0.0505352269814399,1,16.570296578620585,1.0,12,mild,445,164,Vanilla MPC,
False,,0.4999999999999999,-0.0824667614744944,1,13.417914540581863,1.0,10,mild,446,165,Vanilla MPC,
False,,0.4999999999999999,-0.0807097495581125,1,14.996063810092847,1.0,10,mild,447,166,Vanilla MPC,
True,0.9000000000000002,0.9000000000000002,0.0427039427576606,0,24.149174001827777,0.0,18,mild,448,167,Vanilla MPC,
True,0.25,0.25,5.014468350700674,0,5.33244387887571,0.0,5,mild,449,168,Vanilla MPC,
False,,0.4499999999999999,-0.034025560225804,1,11.56896752185032,1.0,9,mild,452,169,Vanilla MPC,
False,,0.4499999999999999,-0.1346705158068523,1,19.52708339544883,1.0,9,mild,455,170,Vanilla MPC,
True,0.35,0.35,3.51586007330208,0,8.196230426821456,0.0,7,mild,456,171,Vanilla MPC,
True,0.5499999999999999,0.5499999999999999,2.403235962656224,0,13.617329567905928,0.0,11,mild,458,172,Vanilla MPC,
True,0.2,0.2,4.904673199184427,0,5.888603601619908,0.0,4,mild,459,173,Vanilla MPC,
False,,0.7000000000000001,-0.0478173105996612,1,19.56762214917734,1.0,14,mild,462,174,Vanilla MPC,
False,,0.6,-0.0544134028359876,1,12.350970121810152,1.0,12,mild,465,175,Vanilla MPC,
True,0.9000000000000002,0.9000000000000002,0.2506969878227366,0,20.937769798461336,0.0,18,mild,466,176,Vanilla MPC,
True,0.65,0.65,5.122316637645692,0,13.78798576839688,0.0,13,mild,468,177,Vanilla MPC,
False,,0.5499999999999999,-0.1261619605864028,1,22.96559039011722,1.0,11,mild,471,178,Vanilla MPC,
False,,0.4499999999999999,-0.0212566268146648,1,14.398212733962051,1.0,9,mild,473,179,Vanilla MPC,
False,,0.5499999999999999,-0.0169291815202482,1,22.82805355120201,1.0,11,mild,475,180,Vanilla MPC,
True,0.7500000000000001,0.7500000000000001,9.063069681454555,0,14.398020985087795,0.0,15,mild,476,181,Vanilla MPC,
False,,0.8000000000000002,-0.084407626940094,1,23.87598081140517,1.0,16,mild,478,182,Vanilla MPC,
False,,0.6,-0.0388858674180535,1,19.754913393868456,1.0,12,mild,481,183,Vanilla MPC,
False,,0.65,-0.1185435426464634,1,14.142502605842502,1.0,13,mild,483,184,Vanilla MPC,
False,,0.4499999999999999,-0.0675633534622108,1,11.907584395696,1.0,9,mild,485,185,Vanilla MPC,
True,0.65,0.65,7.378378283369014,0,13.473629403078904,0.0,13,mild,493,186,Vanilla MPC,
True,0.7500000000000001,0.7500000000000001,2.136873443624612,0,17.246968573656435,0.0,15,mild,502,187,Vanilla MPC,
True,0.7000000000000001,0.7000000000000001,0.3386317759359019,0,16.789669012891448,0.0,14,mild,514,188,Vanilla MPC,
False,,0.7000000000000001,-0.074132587512882,1,18.341197402165903,1.0,14,mild,517,189,Vanilla MPC,
True,0.9000000000000002,0.9000000000000002,7.235054674188622,0,17.076743078306322,0.0,18,mild,519,190,Vanilla MPC,
False,,0.8000000000000002,-0.1568581040582021,1,22.49084403503405,1.0,16,mild,520,191,Vanilla MPC,
True,0.9500000000000004,0.9500000000000004,0.1350735629623952,0,23.45119875593853,0.0,19,mild,521,192,Vanilla MPC,
False,,0.8000000000000002,-0.0688135223073676,1,33.121741568223264,1.0,16,mild,522,193,Vanilla MPC,
True,0.7500000000000001,0.7500000000000001,6.691756027140397,0,13.455390971255664,0.0,15,mild,528,194,Vanilla MPC,
False,,0.8500000000000002,-0.0962506218846471,1,35.284894856560534,1.0,17,mild,540,195,Vanilla MPC,
False,,0.5499999999999999,-0.0766245141762037,1,17.44920734896263,1.0,11,mild,541,196,Vanilla MPC,
False,,0.7000000000000001,-0.0111489189786557,1,21.276411325768773,1.0,14,mild,544,197,Vanilla MPC,
True,0.4999999999999999,0.4999999999999999,4.439440818584476,0,7.444741969688952,0.0,10,mild,546,198,Vanilla MPC,
True,1.1500000000000004,1.1500000000000004,0.0044587252875823,0,25.243978292359145,0.0,23,mild,548,199,Vanilla MPC,
False,,0.65,-0.1534048937194883,1,17.505437278739446,1.0,13,mild,550,200,Vanilla MPC,
False,,0.4999999999999999,-0.0575669903198382,1,14.567025294079006,1.0,10,mild,553,201,Vanilla MPC,
True,1.3000000000000005,1.3000000000000005,0.0382737289108005,0,44.914775245128745,0.0,26,mild,554,202,Vanilla MPC,
True,0.25,0.25,1.4807005022252102,0,5.436877026723997,0.0,5,mild,556,203,Vanilla MPC,
False,,0.7000000000000001,-0.0965964915087295,1,18.212926170984023,1.0,14,mild,559,204,Vanilla MPC,
True,0.4499999999999999,0.4499999999999999,1.7243885287477854,0,6.684850641691444,0.0,9,mild,562,205,Vanilla MPC,
True,0.4999999999999999,0.4999999999999999,3.485809317550524,0,8.95907544936787,0.0,10,mild,563,206,Vanilla MPC,
True,0.9000000000000002,0.9000000000000002,0.0192579233440558,0,17.689434064299373,0.0,18,mild,567,207,Vanilla MPC,
False,,0.3999999999999999,-0.1376550149789508,1,13.218009364856186,1.0,8,mild,571,208,Vanilla MPC,
False,,0.3,-0.0072706751629941,1,8.080311533063895,1.0,6,mild,573,209,Vanilla MPC,
False,,0.3,-0.1480497705826758,1,12.904868090043896,1.0,6,mild,574,210,Vanilla MPC,
False,,0.4999999999999999,-0.0053728005458747,1,13.885864477749424,1.0,10,mild,581,211,Vanilla MPC,
True,1.2000000000000004,1.2000000000000004,0.1251305191714994,0,28.40596363063093,0.0,24,mild,584,212,Vanilla MPC,
False,,0.5499999999999999,-0.0319275801643205,1,17.20449677112523,1.0,11,mild,585,213,Vanilla MPC,
True,0.25,0.25,8.779426598264047,0,5.177379221126012,0.0,5,mild,586,214,Vanilla MPC,
False,,0.1,-0.0528014503327272,1,2.8413716985833206,1.0,2,mild,589,215,Vanilla MPC,
True,0.25,0.25,2.392223777380284,0,2.183345194906237,0.0,5,mild,590,216,Vanilla MPC,
True,0.7000000000000001,0.7000000000000001,7.45262455518312,0,16.093794888390335,0.0,14,mild,592,217,Vanilla MPC,
True,0.8500000000000002,0.8500000000000002,0.2225234459198699,0,16.542320530375505,0.0,17,mild,593,218,Vanilla MPC,
False,,0.4499999999999999,-0.0185526437650297,1,12.125723958550196,1.0,9,mild,594,219,Vanilla MPC,
True,0.7500000000000001,0.7500000000000001,7.813100436668708,0,17.118837936827163,0.0,15,mild,597,220,Vanilla MPC,
True,0.8000000000000002,0.8000000000000002,4.559606653029018,0,14.963907908725586,0.0,16,mild,598,221,Vanilla MPC,
False,,0.35,-0.0488800207304022,1,14.246600778589851,1.0,7,mild,600,222,Vanilla MPC,
True,0.9000000000000002,0.9000000000000002,4.308876860512333,0,15.201390530243817,0.0,18,mild,604,223,Vanilla MPC,
True,0.7000000000000001,0.7000000000000001,3.603601117475929,0,10.070321183783935,0.0,14,mild,606,224,Vanilla MPC,
True,0.4999999999999999,0.4999999999999999,7.18587326899751,0,10.707606043396575,0.0,10,mild,613,225,Vanilla MPC,
False,,0.65,-0.0622190657957419,1,28.461155365936666,1.0,13,mild,614,226,Vanilla MPC,
True,0.7500000000000001,0.7500000000000001,0.0884769343861514,0,15.309179040159382,0.0,15,mild,621,227,Vanilla MPC,
True,0.9000000000000002,0.9000000000000002,0.0156031768335144,0,18.45253263247317,0.0,18,mild,623,228,Vanilla MPC,
True,0.9000000000000002,0.9000000000000002,4.35691165073816,0,18.521612780833177,0.0,18,mild,634,229,Vanilla MPC,
False,,0.3999999999999999,0.0278654652303548,0,17.88664070666972,1.0,8,mild,637,230,Vanilla MPC,
False,,0.7000000000000001,-0.1742026465422016,1,16.39154998717953,1.0,14,mild,639,231,Vanilla MPC,
True,0.65,0.65,8.627163707058559,0,9.957838019083756,0.0,13,mild,644,232,Vanilla MPC,
False,,0.6,-0.1394853006665074,1,20.58149439726443,1.0,12,mild,646,233,Vanilla MPC,
False,,0.65,-0.1270948337821888,1,27.05546407662276,1.0,13,mild,654,234,Vanilla MPC,
True,0.7000000000000001,0.7000000000000001,2.116703803045872,0,17.14450608108886,0.0,14,mild,655,235,Vanilla MPC,
False,,0.8000000000000002,-0.1804285513735257,1,26.495913529870297,1.0,16,mild,662,236,Vanilla MPC,
True,0.7000000000000001,0.7000000000000001,0.8336661743352979,0,15.224733448518002,0.0,14,mild,665,237,Vanilla MPC,
False,,0.5499999999999999,-0.1367695727894437,1,21.247296249959703,1.0,11,mild,667,238,Vanilla MPC,
True,0.7000000000000001,0.7000000000000001,0.0062784223283526,0,14.546988895727736,0.0,14,mild,668,239,Vanilla MPC,
True,0.6,0.6,7.87034420183683,0,12.204648044695572,0.0,12,mild,672,240,Vanilla MPC,
False,,0.4999999999999999,-0.0535104912349541,1,18.925373984150028,1.0,10,mild,676,241,Vanilla MPC,
False,,0.6,-0.0398024533549617,1,19.01016949072469,1.0,12,mild,678,242,Vanilla MPC,
False,,0.9000000000000002,-0.0705395946735753,1,37.82946258414446,1.0,18,mild,679,243,Vanilla MPC,
True,1.0500000000000005,1.0500000000000005,0.1444637796254009,0,19.21538558989017,0.0,21,mild,681,244,Vanilla MPC,
True,1.4000000000000006,1.4000000000000006,0.0508278193520517,0,42.76240687091353,0.0,28,moderate,1,0,Vanilla MPC,
True,1.2000000000000004,1.2000000000000004,0.0321422859933056,0,42.34555325580228,0.0,24,moderate,2,1,Vanilla MPC,
True,0.6,0.6,5.592582002116371,0,16.265491035583732,0.0,12,moderate,4,2,Vanilla MPC,
False,,0.3,-1.180703688757147,1,7.893955388838167,1.0,6,moderate,6,3,Vanilla MPC,
False,,1.0500000000000005,-0.039435539737754,1,37.36800652870088,1.0,21,moderate,7,4,Vanilla MPC,
True,0.5499999999999999,0.5499999999999999,0.6619685655666908,0,8.845068789241434,0.0,11,moderate,10,5,Vanilla MPC,
True,0.9000000000000002,0.9000000000000002,3.246932187575708,0,15.7384085409481,0.0,18,moderate,13,6,Vanilla MPC,
False,,0.4499999999999999,-0.0136591604873284,1,18.041351904965996,1.0,9,moderate,15,7,Vanilla MPC,
False,,0.35,0.1759199750441407,0,14.191089188841412,1.0,7,moderate,18,8,Vanilla MPC,
True,0.8000000000000002,0.8000000000000002,3.263281383644947,0,19.81376715268217,0.0,16,moderate,19,9,Vanilla MPC,
True,0.3999999999999999,0.3999999999999999,2.5450682920670817,0,10.759274809194231,0.0,8,moderate,21,10,Vanilla MPC,
True,0.7500000000000001,0.7500000000000001,0.0995233059428778,0,11.50528502211614,0.0,15,moderate,22,11,Vanilla MPC,
True,0.9000000000000002,0.9000000000000002,0.02510984979181,0,23.92036224496947,0.0,18,moderate,23,12,Vanilla MPC,
False,,0.8000000000000002,-0.0429913674509721,1,23.63139963920507,1.0,16,moderate,24,13,Vanilla MPC,
True,0.5499999999999999,0.5499999999999999,4.600175060034846,0,9.205037321255498,0.0,11,moderate,26,14,Vanilla MPC,
True,0.6,0.6,4.898950514872436,0,13.332163919195484,0.0,12,moderate,29,15,Vanilla MPC,
False,,1.0500000000000005,-0.2697430995299267,1,37.03627409214333,1.0,21,moderate,30,16,Vanilla MPC,
True,0.4999999999999999,0.4999999999999999,2.7527017849172046,0,12.112870005106387,0.0,10,moderate,32,17,Vanilla MPC,
True,0.65,0.65,7.750615442052924,0,12.455555767772008,0.0,13,moderate,37,18,Vanilla MPC,
False,,1.0000000000000002,-0.1021860113682459,1,36.93328442746833,1.0,20,moderate,38,19,Vanilla MPC,
True,0.25,0.25,9.194602141979937,0,5.707627809985003,0.0,5,moderate,42,20,Vanilla MPC,
True,0.7000000000000001,0.7000000000000001,0.4028234063721325,0,9.757305209148628,0.0,14,moderate,44,21,Vanilla MPC,
True,1.1000000000000003,1.1000000000000003,0.2078882283730276,0,27.604378118636888,0.0,22,moderate,47,22,Vanilla MPC,
False,,0.5499999999999999,-0.0211873999945341,1,13.97490392162574,1.0,11,moderate,48,23,Vanilla MPC,
False,,0.7500000000000001,-0.3978273992449629,1,30.6876813104927,1.0,15,moderate,53,24,Vanilla MPC,
True,1.1000000000000003,1.1000000000000003,0.3125475979066779,0,24.7622131629996,0.0,22,moderate,54,25,Vanilla MPC,
False,,0.7000000000000001,-0.1947904874058701,1,24.26814725213208,1.0,14,moderate,55,26,Vanilla MPC,
True,0.4999999999999999,0.4999999999999999,10.223943650151345,0,13.405327507034052,0.0,10,moderate,56,27,Vanilla MPC,
False,,0.3999999999999999,-0.0326567453914857,1,17.912283756777278,1.0,8,moderate,60,28,Vanilla MPC,
False,,0.8500000000000002,-0.1653611278133953,1,21.0496629774312,1.0,17,moderate,61,29,Vanilla MPC,
True,0.7000000000000001,0.7000000000000001,2.942629476684171,0,13.236257989524534,0.0,14,moderate,66,30,Vanilla MPC,
False,,0.3999999999999999,-0.0427922472255958,1,11.002306947788096,1.0,8,moderate,67,31,Vanilla MPC,
False,,0.65,-0.212534696908251,1,21.700296433758982,1.0,13,moderate,69,32,Vanilla MPC,
True,1.2000000000000004,1.2000000000000004,0.1231482499698789,0,29.298661148509765,0.0,24,moderate,74,33,Vanilla MPC,
True,0.3,0.3,6.394600308014739,0,6.411726361320588,0.0,6,moderate,77,34,Vanilla MPC,
False,,0.4999999999999999,-0.0677909375575358,1,16.634319681168584,1.0,10,moderate,80,35,Vanilla MPC,
False,,0.3999999999999999,-0.1938467262368686,1,12.235031761154405,1.0,8,moderate,81,36,Vanilla MPC,
True,0.65,0.65,4.486437843643157,0,11.208246106066724,0.0,13,moderate,83,37,Vanilla MPC,
True,0.8000000000000002,0.8000000000000002,0.1020902445739337,0,16.55514172209001,0.0,16,moderate,84,38,Vanilla MPC,
True,0.8000000000000002,0.8000000000000002,2.673384005496052,0,15.26259935676339,0.0,16,moderate,90,39,Vanilla MPC,
True,0.65,0.65,2.728439658764631,0,13.659005342027989,0.0,13,moderate,98,40,Vanilla MPC,
True,0.2,0.2,6.344092435480385,0,5.52967346093288,0.0,4,moderate,99,41,Vanilla MPC,
True,1.0500000000000005,1.0500000000000005,0.1081567251849233,0,25.802106152288808,0.0,21,moderate,101,42,Vanilla MPC,
True,0.7000000000000001,0.7000000000000001,3.043086909651357,0,19.021230553498544,0.0,14,moderate,102,43,Vanilla MPC,
False,,1.0000000000000002,-0.1680245176189737,1,37.15542100608729,1.0,20,moderate,103,44,Vanilla MPC,
True,0.7000000000000001,0.7000000000000001,9.424355221995752,0,11.125914745309457,0.0,14,moderate,109,45,Vanilla MPC,
True,0.65,0.65,2.629631186145338,0,10.994994857195357,0.0,13,moderate,111,46,Vanilla MPC,
False,,0.4499999999999999,-0.3662882589101972,1,15.600640691637754,1.0,9,moderate,112,47,Vanilla MPC,
False,,0.2,-0.0548624187316754,1,6.796152477660551,1.0,4,moderate,115,48,Vanilla MPC,
False,,0.5499999999999999,-0.0921653925062871,1,14.384932554197988,1.0,11,moderate,116,49,Vanilla MPC,
True,0.9500000000000004,0.9500000000000004,3.903384298801548,0,19.47108657461328,0.0,19,moderate,117,50,Vanilla MPC,
False,,0.7000000000000001,-0.0313402687851274,1,28.96774722458824,1.0,14,moderate,118,51,Vanilla MPC,
False,,0.65,-0.2880228710390696,1,20.22155171994079,1.0,13,moderate,119,52,Vanilla MPC,
False,,1.0500000000000005,-0.0027961581322366,1,36.2031732369817,1.0,21,moderate,120,53,Vanilla MPC,
False,,0.65,-0.525790901205891,1,16.473193945653417,1.0,13,moderate,122,54,Vanilla MPC,
True,0.6,0.6,4.471587535603996,0,14.476614649263691,0.0,12,moderate,123,55,Vanilla MPC,
False,,0.65,-0.4006175826718435,1,18.905597862435577,1.0,13,moderate,126,56,Vanilla MPC,
False,,0.4999999999999999,-0.1714729012279045,1,20.56392348235116,1.0,10,moderate,127,57,Vanilla MPC,
True,0.65,0.65,0.2432747507680246,0,15.769949495656686,0.0,13,moderate,132,58,Vanilla MPC,
False,,0.9500000000000004,-0.033076671134347,1,34.21810530757695,1.0,19,moderate,134,59,Vanilla MPC,
False,,0.6,-0.215821836011819,1,20.68465626123949,1.0,12,moderate,135,60,Vanilla MPC,
False,,0.7000000000000001,-0.3689072771054887,1,28.70192408637537,1.0,14,moderate,139,61,Vanilla MPC,
False,,0.25,-0.9318272418541894,1,8.839523687143007,1.0,5,moderate,148,62,Vanilla MPC,
True,0.8000000000000002,0.8000000000000002,0.1515166519713464,0,13.492892748776312,0.0,16,moderate,149,63,Vanilla MPC,
False,,0.4499999999999999,-0.5829282986343172,1,12.159540028237316,1.0,9,moderate,150,64,Vanilla MPC,
False,,0.35,0.0497370547811765,0,15.014604673524545,1.0,7,moderate,151,65,Vanilla MPC,
True,0.35,0.35,1.5895489054684828,0,5.181913575280308,0.0,7,moderate,152,66,Vanilla MPC,
True,0.65,0.65,3.700408449902684,0,14.133363433433232,0.0,13,moderate,158,67,Vanilla MPC,
True,1.3000000000000005,1.3000000000000005,0.1126560531750323,0,34.90399207305643,0.0,26,moderate,159,68,Vanilla MPC,
False,,0.4499999999999999,-0.168141002295495,1,14.474277327004032,1.0,9,moderate,161,69,Vanilla MPC,
False,,0.3999999999999999,-0.221066044430148,1,13.742812944859969,1.0,8,moderate,164,70,Vanilla MPC,
False,,0.7000000000000001,-0.1464889457788133,1,28.680337264140597,1.0,14,moderate,165,71,Vanilla MPC,
False,,0.3999999999999999,-0.1266944768850101,1,12.787999473347543,1.0,8,moderate,177,72,Vanilla MPC,
False,,0.4499999999999999,-0.1765787695423093,1,14.079661652751,1.0,9,moderate,178,73,Vanilla MPC,
False,,0.5499999999999999,-0.3590071297471034,1,20.479967423201845,1.0,11,moderate,180,74,Vanilla MPC,
True,0.3,0.3,4.855192215717859,0,6.408059315352424,0.0,6,moderate,181,75,Vanilla MPC,
True,0.8000000000000002,0.8000000000000002,1.7163099187013968,0,18.51103012504228,0.0,16,moderate,184,76,Vanilla MPC,
False,,0.7000000000000001,-0.004571479015991,1,18.521621128631235,1.0,14,moderate,185,77,Vanilla MPC,
True,1.1000000000000003,1.1000000000000003,0.3147278340719993,0,28.73011753896005,0.0,22,moderate,187,78,Vanilla MPC,
False,,0.1,-0.3974823874593232,1,3.9326016869731264,1.0,2,moderate,190,79,Vanilla MPC,
False,,0.35,-0.2085500440903744,1,13.836852988507696,1.0,7,moderate,192,80,Vanilla MPC,
False,,0.65,-0.2368530294259246,1,15.19312016082382,1.0,13,moderate,194,81,Vanilla MPC,
False,,0.5499999999999999,-0.3065123795030515,1,14.598682373635786,1.0,11,moderate,195,82,Vanilla MPC,
False,,0.7000000000000001,-0.5412507165405602,1,17.225797516874554,1.0,14,moderate,196,83,Vanilla MPC,
False,,1.1500000000000004,-0.2474751412825144,1,42.89267048669731,1.0,23,moderate,198,84,Vanilla MPC,
True,1.4000000000000006,1.4000000000000006,0.7931536933411719,0,48.12792735981094,0.0,28,moderate,199,85,Vanilla MPC,
True,0.4499999999999999,0.4499999999999999,7.620092577108419,0,10.002429661303903,0.0,9,moderate,206,86,Vanilla MPC,
False,,0.3999999999999999,0.1707100521844693,0,16.321748783654076,1.0,8,moderate,216,87,Vanilla MPC,
False,,0.7000000000000001,-0.1298652718577454,1,17.644567201167,1.0,14,moderate,220,88,Vanilla MPC,
False,,0.3999999999999999,1.0264022501942962,0,15.674239726278923,1.0,8,moderate,223,89,Vanilla MPC,
False,,0.4999999999999999,-0.17525889149666,1,13.039716382314229,1.0,10,moderate,230,90,Vanilla MPC,
False,,0.8000000000000002,-0.1142107647161277,1,26.90545644920382,1.0,16,moderate,233,91,Vanilla MPC,
False,,0.6,-0.2606934697329814,1,14.60005451467648,1.0,12,moderate,236,92,Vanilla MPC,
True,1.1500000000000004,1.1500000000000004,0.1178399986042919,0,32.999986124076,0.0,23,moderate,238,93,Vanilla MPC,
True,0.6,0.6,2.259609096982466,0,9.656917540672026,0.0,12,moderate,239,94,Vanilla MPC,
False,,0.4999999999999999,-0.0846721147402583,1,14.603950771700507,1.0,10,moderate,242,95,Vanilla MPC,
False,,0.05,0.5266070741959206,0,1.3351865519259054,1.0,1,moderate,244,96,Vanilla MPC,
False,,0.7500000000000001,-0.1684391757854178,1,34.009074624801926,1.0,15,moderate,245,97,Vanilla MPC,
False,,0.2,0.184744695956521,0,7.174507996961703,1.0,4,moderate,246,98,Vanilla MPC,
False,,0.7000000000000001,-0.1663060577727965,1,20.325426349899956,1.0,14,moderate,252,99,Vanilla MPC,
False,,0.4499999999999999,-0.1979591752805383,1,19.562614883248035,1.0,9,moderate,253,100,Vanilla MPC,
False,,0.4999999999999999,-0.245188192330046,1,12.732647761541386,1.0,10,moderate,256,101,Vanilla MPC,
False,,1.0000000000000002,-0.2830647736272548,1,37.83764313081139,1.0,20,moderate,258,102,Vanilla MPC,
False,,0.25,-0.450459480862128,1,6.9211356597893126,1.0,5,moderate,262,103,Vanilla MPC,
False,,0.5499999999999999,-0.2797801015105714,1,15.437601767546605,1.0,11,moderate,272,104,Vanilla MPC,
False,,0.5499999999999999,-0.0376261472773525,1,14.60369628049376,1.0,11,moderate,275,105,Vanilla MPC,
True,1.2000000000000004,1.2000000000000004,0.2139261206200607,0,29.25146130701741,0.0,24,moderate,277,106,Vanilla MPC,
False,,0.3999999999999999,-0.3846804371728651,1,11.034632787023977,1.0,8,moderate,278,107,Vanilla MPC,
True,1.0500000000000005,1.0500000000000005,0.2268978901989233,0,28.11962169896026,0.0,21,moderate,286,108,Vanilla MPC,
True,0.7500000000000001,0.7500000000000001,1.5575194963851398,0,16.230314003272216,0.0,15,moderate,288,109,Vanilla MPC,
True,1.2500000000000004,1.2500000000000004,0.0139027523042217,0,40.79896153017184,0.0,25,moderate,289,110,Vanilla MPC,
True,0.8000000000000002,0.8000000000000002,6.765670667284368,0,14.47740313307214,0.0,16,moderate,294,111,Vanilla MPC,
False,,0.15,-0.2614606948465768,1,5.506663194590993,1.0,3,moderate,296,112,Vanilla MPC,
True,0.9500000000000004,0.9500000000000004,0.885307349609847,0,16.14438449457418,0.0,19,moderate,297,113,Vanilla MPC,
True,0.4999999999999999,0.4999999999999999,7.125021638031651,0,10.662374621498977,0.0,10,moderate,299,114,Vanilla MPC,
True,0.9000000000000002,0.9000000000000002,0.2766603016657962,0,20.23428462798188,0.0,18,moderate,301,115,Vanilla MPC,
True,1.0500000000000005,1.0500000000000005,0.2541871297243415,0,24.14690228696737,0.0,21,moderate,302,116,Vanilla MPC,
False,,0.5499999999999999,-0.465906208277456,1,13.996855112766296,1.0,11,moderate,310,117,Vanilla MPC,
True,0.65,0.65,4.749997564219505,0,11.524163387328418,0.0,13,moderate,311,118,Vanilla MPC,
True,0.65,0.65,8.353904119076674,0,14.427624980459912,0.0,13,moderate,318,119,Vanilla MPC,
True,0.7500000000000001,0.7500000000000001,3.515052264122132,0,15.185738129392652,0.0,15,moderate,319,120,Vanilla MPC,
False,,0.25,-0.0194085737940547,1,6.856776347648002,1.0,5,moderate,322,121,Vanilla MPC,
True,0.4499999999999999,0.4499999999999999,1.2947264729779853,0,8.950109188607712,0.0,9,moderate,332,122,Vanilla MPC,
True,0.25,0.25,9.529078807233253,0,6.868151050240959,0.0,5,moderate,335,123,Vanilla MPC,
False,,0.3999999999999999,-0.4255571401554855,1,11.641103236551151,1.0,8,moderate,336,124,Vanilla MPC,
True,0.9500000000000004,0.9500000000000004,0.048409593055437,0,19.801052070226717,0.0,19,moderate,338,125,Vanilla MPC,
True,0.7500000000000001,0.7500000000000001,9.040578582588326,0,21.226841855418872,0.0,15,moderate,342,126,Vanilla MPC,
True,1.0500000000000005,1.0500000000000005,0.4925842181148926,0,21.054130768172957,0.0,21,moderate,348,127,Vanilla MPC,
False,,0.3999999999999999,-0.5474971046796779,1,19.20835675054628,1.0,8,moderate,349,128,Vanilla MPC,
False,,0.9000000000000002,-0.1129306650587577,1,36.22825521019123,1.0,18,moderate,350,129,Vanilla MPC,
False,,0.7500000000000001,-0.0481379462929881,1,25.004536162988305,1.0,15,moderate,355,130,Vanilla MPC,
False,,0.3999999999999999,-0.4446524506268488,1,11.4886147663408,1.0,8,moderate,358,131,Vanilla MPC,
True,0.8500000000000002,0.8500000000000002,0.0267418328023492,0,23.665459135614185,0.0,17,moderate,360,132,Vanilla MPC,
False,,0.6,-0.5419214359082253,1,20.527145576943024,1.0,12,moderate,364,133,Vanilla MPC,
False,,0.25,-0.1818083322696513,1,9.053571040148388,1.0,5,moderate,365,134,Vanilla MPC,
True,0.8000000000000002,0.8000000000000002,0.7533255479777906,0,14.194038518328805,0.0,16,moderate,368,135,Vanilla MPC,
True,0.5499999999999999,0.5499999999999999,9.629837702750509,0,11.344842362065508,0.0,11,moderate,369,136,Vanilla MPC,
True,0.7500000000000001,0.7500000000000001,0.1840530636803289,0,18.899559289868197,0.0,15,moderate,372,137,Vanilla MPC,
False,,0.3999999999999999,-0.1160697391504659,1,11.602830439190267,1.0,8,moderate,374,138,Vanilla MPC,
False,,0.4499999999999999,-0.2288692945523103,1,15.48133529752836,1.0,9,moderate,375,139,Vanilla MPC,
True,0.6,0.6,4.307054694628367,0,11.533058317726235,0.0,12,moderate,380,140,Vanilla MPC,
False,,0.9500000000000004,-0.2143599600004164,1,37.53766162033493,1.0,19,moderate,383,141,Vanilla MPC,
True,0.7000000000000001,0.7000000000000001,7.01261781019676,0,16.74306891000196,0.0,14,moderate,387,142,Vanilla MPC,
True,0.8000000000000002,0.8000000000000002,0.0108552206621268,0,14.785506528945444,0.0,16,moderate,391,143,Vanilla MPC,
False,,0.4499999999999999,-0.2168420912404124,1,13.044113740034144,1.0,9,moderate,395,144,Vanilla MPC,
False,,0.35,1.7459891920729769,0,11.40716271549882,1.0,7,moderate,400,145,Vanilla MPC,
False,,0.9500000000000004,-0.2464289879460148,1,33.592825650453456,1.0,19,moderate,401,146,Vanilla MPC,
True,0.8500000000000002,0.8500000000000002,0.4119815452032961,0,18.467828967454487,0.0,17,moderate,402,147,Vanilla MPC,
False,,0.35,-0.2114728633450094,1,13.778319710371848,1.0,7,moderate,405,148,Vanilla MPC,
False,,0.8000000000000002,-0.1784486878537066,1,30.49972946348797,1.0,16,moderate,408,149,Vanilla MPC,
True,0.65,0.65,1.245158570498287,0,14.90408644272008,0.0,13,moderate,409,150,Vanilla MPC,
False,,0.9000000000000002,-0.4321587397405316,1,31.40652002273423,1.0,18,moderate,413,151,Vanilla MPC,
True,0.9500000000000004,0.9500000000000004,0.2280068073438906,0,19.13046816832933,0.0,19,moderate,415,152,Vanilla MPC,
True,0.9500000000000004,0.9500000000000004,0.3238224639616393,0,18.455504808114284,0.0,19,moderate,416,153,Vanilla MPC,
False,,0.35,-0.3708309521655926,1,10.504609124326077,1.0,7,moderate,417,154,Vanilla MPC,
True,1.0500000000000005,1.0500000000000005,0.1019877631303398,0,23.52587481130731,0.0,21,moderate,425,155,Vanilla MPC,
True,0.9500000000000004,0.9500000000000004,0.0891786190394626,0,19.76952273754912,0.0,19,moderate,426,156,Vanilla MPC,
True,0.6,0.6,8.565093861940928,0,10.165632068065204,0.0,12,moderate,429,157,Vanilla MPC,
True,0.35,0.35,4.548902624974916,0,7.339546295147656,0.0,7,moderate,433,158,Vanilla MPC,
True,0.7500000000000001,0.7500000000000001,9.185139359054537,0,12.47811481120057,0.0,15,moderate,434,159,Vanilla MPC,
False,,0.9000000000000002,-0.060739443544542,1,21.477958315476258,1.0,18,moderate,435,160,Vanilla MPC,
True,0.4499999999999999,0.4499999999999999,3.9677766615112935,0,9.789080516353437,0.0,9,moderate,436,161,Vanilla MPC,
True,0.4499999999999999,0.4499999999999999,9.709399899629618,0,9.683051786418648,0.0,9,moderate,439,162,Vanilla MPC,
False,,0.4999999999999999,-0.4249094045835102,1,13.555570964234576,1.0,10,moderate,444,163,Vanilla MPC,
False,,0.65,-0.0486165807653629,1,17.68781795027278,1.0,13,moderate,445,164,Vanilla MPC,
False,,0.6,-0.0872736055781855,1,18.477630677613355,1.0,12,moderate,446,165,Vanilla MPC,
False,,0.4499999999999999,-0.0973625820682546,1,14.302561602347128,1.0,9,moderate,447,166,Vanilla MPC,
True,0.9000000000000002,0.9000000000000002,0.285540556919874,0,24.01524806189816,0.0,18,moderate,448,167,Vanilla MPC,
True,0.35,0.35,3.323842346937157,0,6.028552109012547,0.0,7,moderate,449,168,Vanilla MPC,
True,0.8500000000000002,0.8500000000000002,0.1411686918660902,0,16.998490793511394,0.0,17,moderate,452,169,Vanilla MPC,
False,,0.65,-0.6135652412355487,1,26.585130664191084,1.0,13,moderate,455,170,Vanilla MPC,
True,0.35,0.35,3.51586007330208,0,8.09495831321578,0.0,7,moderate,456,171,Vanilla MPC,
True,0.5499999999999999,0.5499999999999999,2.463929009777948,0,13.713716393098942,0.0,11,moderate,458,172,Vanilla MPC,
True,0.2,0.2,4.904673199184427,0,5.909696472193757,0.0,4,moderate,459,173,Vanilla MPC,
False,,0.7500000000000001,-0.1423278175527714,1,20.04128563801547,1.0,15,moderate,462,174,Vanilla MPC,
True,0.8500000000000002,0.8500000000000002,0.080148966128434,0,14.822689224901472,0.0,17,moderate,465,175,Vanilla MPC,
True,0.9500000000000004,0.9500000000000004,0.1986872570588853,0,21.620035872737432,0.0,19,moderate,466,176,Vanilla MPC,
True,0.6,0.6,5.784245961470385,0,13.533056887897136,0.0,12,moderate,468,177,Vanilla MPC,
False,,0.4999999999999999,-0.4849790221807806,1,19.820082757422963,1.0,10,moderate,471,178,Vanilla MPC,
False,,0.3999999999999999,-0.1969869030378744,1,12.603130820430552,1.0,8,moderate,473,179,Vanilla MPC,
False,,0.65,-0.0070013399631307,1,27.485504652976083,1.0,13,moderate,475,180,Vanilla MPC,
True,0.8000000000000002,0.8000000000000002,8.39258764456338,0,14.584643989600814,0.0,16,moderate,476,181,Vanilla MPC,
False,,0.7000000000000001,-0.1944879217816747,1,21.14184611820918,1.0,14,moderate,478,182,Vanilla MPC,
False,,0.5499999999999999,-0.1263971811122748,1,18.58944333945353,1.0,11,moderate,481,183,Vanilla MPC,
False,,0.7000000000000001,-0.1166433190946659,1,16.66831562383167,1.0,14,moderate,483,184,Vanilla MPC,
False,,0.8000000000000002,-0.1693200853292305,1,25.07593766361516,1.0,16,moderate,485,185,Vanilla MPC,
True,0.65,0.65,7.459842333434022,0,13.42462093189572,0.0,13,moderate,493,186,Vanilla MPC,
True,0.7500000000000001,0.7500000000000001,1.579964312725304,0,17.254043825957716,0.0,15,moderate,502,187,Vanilla MPC,
False,,0.35,-1.0947902841907926,1,14.188026062515238,1.0,7,moderate,514,188,Vanilla MPC,
False,,0.8500000000000002,-0.1220126046718922,1,21.564160401915988,1.0,17,moderate,517,189,Vanilla MPC,
True,0.9000000000000002,0.9000000000000002,6.1008075153186505,0,17.036568373508235,0.0,18,moderate,519,190,Vanilla MPC,
False,,0.8500000000000002,-0.3897116727235212,1,22.615130479716097,1.0,17,moderate,520,191,Vanilla MPC,
False,,0.65,-0.2664463144961963,1,20.881093262103985,1.0,13,moderate,521,192,Vanilla MPC,
False,,0.7000000000000001,-0.3684681939912348,1,30.19499657844486,1.0,14,moderate,522,193,Vanilla MPC,
True,0.7500000000000001,0.7500000000000001,6.817826146585951,0,13.510289767784814,0.0,15,moderate,528,194,Vanilla MPC,
False,,0.8500000000000002,-0.2766882530264349,1,34.85483284839063,1.0,17,moderate,540,195,Vanilla MPC,
False,,0.5499999999999999,-0.2215528637971286,1,17.43078282534496,1.0,11,moderate,541,196,Vanilla MPC,
False,,0.7000000000000001,-0.0322155058068624,1,21.44472341681807,1.0,14,moderate,544,197,Vanilla MPC,
True,0.4999999999999999,0.4999999999999999,3.598560270643677,0,7.526608046635041,0.0,10,moderate,546,198,Vanilla MPC,
True,1.1500000000000004,1.1500000000000004,0.0163394616437392,0,25.79987806388677,0.0,23,moderate,548,199,Vanilla MPC,
False,,0.65,-0.4580825721590392,1,17.65689275253507,1.0,13,moderate,550,200,Vanilla MPC,
False,,0.4999999999999999,-0.0452627943867118,1,14.443122720984633,1.0,10,moderate,553,201,Vanilla MPC,
False,,0.7500000000000001,-0.1890035141634947,1,30.71504634486124,1.0,15,moderate,554,202,Vanilla MPC,
True,0.15,0.15,1.8252933417427517,0,3.863923044088406,0.0,3,moderate,556,203,Vanilla MPC,
False,,0.65,-0.4465258299925015,1,17.257242047039096,1.0,13,moderate,559,204,Vanilla MPC,
True,0.4999999999999999,0.4999999999999999,1.4282227817441964,0,6.850367466372709,0.0,10,moderate,562,205,Vanilla MPC,
True,0.4999999999999999,0.4999999999999999,3.655535677010665,0,8.928267729515465,0.0,10,moderate,563,206,Vanilla MPC,
False,,0.4999999999999999,-0.0798541243132341,1,12.310970655310154,1.0,10,moderate,567,207,Vanilla MPC,
False,,0.3999999999999999,-0.1395370966463479,1,13.344427893319862,1.0,8,moderate,571,208,Vanilla MPC,
False,,0.25,-0.0049369135918685,1,6.681666970626339,1.0,5,moderate,573,209,Vanilla MPC,
False,,0.3,-0.018082986756506,1,10.438653226503837,1.0,6,moderate,574,210,Vanilla MPC,
False,,0.5499999999999999,-0.0592515413481305,1,15.74520643433617,1.0,11,moderate,581,211,Vanilla MPC,
False,,0.8500000000000002,-0.3072811610435284,1,19.524022002041114,1.0,17,moderate,584,212,Vanilla MPC,
True,0.8000000000000002,0.8000000000000002,1.0787430063778498,0,18.02109615459597,0.0,16,moderate,585,213,Vanilla MPC,
True,0.3,0.3,9.792245748451457,0,5.421354479594319,0.0,6,moderate,586,214,Vanilla MPC,
False,,0.05,0.1020848528227115,0,1.3637226132116045,1.0,1,moderate,589,215,Vanilla MPC,
True,0.25,0.25,2.392223777380284,0,2.080124628407127,0.0,5,moderate,590,216,Vanilla MPC,
True,0.7000000000000001,0.7000000000000001,6.950875420583524,0,15.840157407191482,0.0,14,moderate,592,217,Vanilla MPC,
False,,0.5499999999999999,-9.88018984902438e-05,1,14.325624806294732,1.0,11,moderate,593,218,Vanilla MPC,
False,,0.4499999999999999,-0.070461352292995,1,13.53872209361096,1.0,9,moderate,594,219,Vanilla MPC,
True,0.7500000000000001,0.7500000000000001,8.633444866638726,0,17.064500424223226,0.0,15,moderate,597,220,Vanilla MPC,
True,0.8000000000000002,0.8000000000000002,5.4666420065735055,0,15.08205423627079,0.0,16,moderate,598,221,Vanilla MPC,
True,0.7500000000000001,0.7500000000000001,0.0094781476357495,0,16.451997294603323,0.0,15,moderate,600,222,Vanilla MPC,
True,0.8500000000000002,0.8500000000000002,4.62649482434443,0,14.620666260523924,0.0,17,moderate,604,223,Vanilla MPC,
True,0.7000000000000001,0.7000000000000001,4.934305928588585,0,9.96608069021307,0.0,14,moderate,606,224,Vanilla MPC,
True,0.4999999999999999,0.4999999999999999,6.539327004189458,0,10.780638591204465,0.0,10,moderate,613,225,Vanilla MPC,
False,,0.6,-0.5111770431119781,1,26.70885180284741,1.0,12,moderate,614,226,Vanilla MPC,
True,0.7000000000000001,0.7000000000000001,0.2193410593497325,0,14.793060807868027,0.0,14,moderate,621,227,Vanilla MPC,
True,0.8500000000000002,0.8500000000000002,0.052241221182389,0,17.95180980390736,0.0,17,moderate,623,228,Vanilla MPC,
True,0.9000000000000002,0.9000000000000002,4.35691165073816,0,18.37198308005901,0.0,18,moderate,634,229,Vanilla MPC,
False,,0.35,0.0644981093433607,0,15.308594615828705,1.0,7,moderate,637,230,Vanilla MPC,
False,,0.7000000000000001,-0.3341664549698231,1,16.781922810907883,1.0,14,moderate,639,231,Vanilla MPC,
True,0.65,0.65,8.627163707058559,0,10.056259659309235,0.0,13,moderate,644,232,Vanilla MPC,
False,,0.4499999999999999,-0.3922373638858857,1,16.685550870436597,1.0,9,moderate,646,233,Vanilla MPC,
False,,0.8500000000000002,-0.033414248292437,1,30.243579893740637,1.0,17,moderate,654,234,Vanilla MPC,
True,0.7500000000000001,0.7500000000000001,1.0924163727678735,0,17.366323780110047,0.0,15,moderate,655,235,Vanilla MPC,
False,,0.8500000000000002,-0.0547353952344104,1,27.73458377852584,1.0,17,moderate,662,236,Vanilla MPC,
True,0.7000000000000001,0.7000000000000001,0.5164794770208297,0,15.187561641660508,0.0,14,moderate,665,237,Vanilla MPC,
False,,0.5499999999999999,-0.3609717416604316,1,19.637389286031457,1.0,11,moderate,667,238,Vanilla MPC,
False,,0.3999999999999999,-0.2458146003664765,1,13.43023797001544,1.0,8,moderate,668,239,Vanilla MPC,
True,0.5499999999999999,0.5499999999999999,8.162099469754345,0,11.880047339829613,0.0,11,moderate,672,240,Vanilla MPC,
True,0.8000000000000002,0.8000000000000002,0.1061921834926333,0,20.794434735220342,0.0,16,moderate,676,241,Vanilla MPC,
False,,0.65,-0.2275038039485705,1,21.13911894528879,1.0,13,moderate,678,242,Vanilla MPC,
False,,1.0000000000000002,-0.2062504450755732,1,38.12734542590408,1.0,20,moderate,679,243,Vanilla MPC,
True,1.0500000000000005,1.0500000000000005,0.1797617266349944,0,19.44384320671072,0.0,21,moderate,681,244,Vanilla MPC,
True,1.4000000000000006,1.4000000000000006,0.0462639043901366,0,42.83772497433889,0.0,28,strong,1,0,Vanilla MPC,
True,1.2000000000000004,1.2000000000000004,0.1571001198936908,0,42.65124596556196,0.0,24,strong,2,1,Vanilla MPC,
True,0.5499999999999999,0.5499999999999999,5.592582002116371,0,15.873086062640017,0.0,11,strong,4,2,Vanilla MPC,
False,,0.3,-0.1863501894750207,1,8.64651006695788,1.0,6,strong,6,3,Vanilla MPC,
True,1.3500000000000003,1.3500000000000003,0.3952197782859948,0,47.73082613319116,0.0,27,strong,7,4,Vanilla MPC,
False,,0.2,-0.1544608908917282,1,6.845766993015992,1.0,4,strong,10,5,Vanilla MPC,
True,0.9000000000000002,0.9000000000000002,3.0776595870476458,0,15.843641793087532,0.0,18,strong,13,6,Vanilla MPC,
False,,0.5499999999999999,-0.6711447779746685,1,17.738458223790452,1.0,11,strong,15,7,Vanilla MPC,
False,,0.35,-0.2150356211077652,1,13.686327070240472,1.0,7,strong,18,8,Vanilla MPC,
True,0.8000000000000002,0.8000000000000002,3.570879776487921,0,19.99563558666249,0.0,16,strong,19,9,Vanilla MPC,
True,0.3999999999999999,0.3999999999999999,2.5450682920670817,0,10.66576894281871,0.0,8,strong,21,10,Vanilla MPC,
True,0.7500000000000001,0.7500000000000001,0.223400138420769,0,11.63140805834912,0.0,15,strong,22,11,Vanilla MPC,
True,0.9000000000000002,0.9000000000000002,0.0381827066188478,0,24.156161441132625,0.0,18,strong,23,12,Vanilla MPC,
False,,0.8000000000000002,-0.1936102117501945,1,23.9385762037595,1.0,16,strong,24,13,Vanilla MPC,
True,0.5499999999999999,0.5499999999999999,4.708965823094435,0,9.294413633904616,0.0,11,strong,26,14,Vanilla MPC,
True,0.6,0.6,5.9110196305367895,0,13.338118036595668,0.0,12,strong,29,15,Vanilla MPC,
False,,1.0500000000000005,-0.4981214552185857,1,37.23522929119065,1.0,21,strong,30,16,Vanilla MPC,
False,,0.25,0.3000157800310876,0,10.57868877691289,1.0,5,strong,32,17,Vanilla MPC,
True,0.65,0.65,7.136845879190337,0,12.762818267432964,0.0,13,strong,37,18,Vanilla MPC,
False,,1.1000000000000003,-0.3266541202358158,1,36.89541384139949,1.0,22,strong,38,19,Vanilla MPC,
True,0.15,0.15,9.194602141979937,0,4.1663516541861965,0.0,3,strong,42,20,Vanilla MPC,
False,,0.35,-0.6751464678224505,1,8.481902706727995,1.0,7,strong,44,21,Vanilla MPC,
False,,0.8000000000000002,-0.1239538164217873,1,23.551793753294096,1.0,16,strong,47,22,Vanilla MPC,
False,,0.4499999999999999,-0.0371575906340395,1,12.605399272521828,1.0,9,strong,48,23,Vanilla MPC,
False,,1.0000000000000002,-0.310855586000196,1,33.90367461557679,1.0,20,strong,53,24,Vanilla MPC,
False,,0.7000000000000001,-0.0020576910863366,1,16.060310178271653,1.0,14,strong,54,25,Vanilla MPC,
False,,0.8000000000000002,-0.5015138100444353,1,25.32780933126638,1.0,16,strong,55,26,Vanilla MPC,
True,0.4999999999999999,0.4999999999999999,9.364225157475255,0,13.298481893533438,0.0,10,strong,56,27,Vanilla MPC,
False,,0.4499999999999999,-0.8893816801997764,1,16.16506268488432,1.0,9,strong,60,28,Vanilla MPC,
True,1.1000000000000003,1.1000000000000003,0.896267155544773,0,24.346611833761663,0.0,22,strong,61,29,Vanilla MPC,
True,0.7500000000000001,0.7500000000000001,3.4507181151651567,0,13.55168279042378,0.0,15,strong,66,30,Vanilla MPC,
False,,0.3999999999999999,-0.2053158579457613,1,10.61050210484153,1.0,8,strong,67,31,Vanilla MPC,
False,,0.5499999999999999,-0.4432891415993075,1,17.47231499599343,1.0,11,strong,69,32,Vanilla MPC,
False,,0.9000000000000002,-0.2769251620222726,1,19.33520912521084,1.0,18,strong,74,33,Vanilla MPC,
True,0.3999999999999999,0.3999999999999999,1.623176639289971,0,7.919626856681071,0.0,8,strong,77,34,Vanilla MPC,
False,,0.4999999999999999,-0.0712137385394917,1,16.490720513772597,1.0,10,strong,80,35,Vanilla MPC,
False,,0.35,-0.184251416963823,1,11.6166749597824,1.0,7,strong,81,36,Vanilla MPC,
True,0.7000000000000001,0.7000000000000001,2.0373860558826378,0,11.756584407879789,0.0,14,strong,83,37,Vanilla MPC,
True,0.8500000000000002,0.8500000000000002,0.1264432406351995,0,16.89274072585552,0.0,17,strong,84,38,Vanilla MPC,
True,0.8000000000000002,0.8000000000000002,2.673384005496052,0,15.470064044912462,0.0,16,strong,90,39,Vanilla MPC,
True,0.65,0.65,2.459659137378265,0,14.004376320686417,0.0,13,strong,98,40,Vanilla MPC,
True,0.1,0.1,6.1499422308373255,0,3.282123553463922,0.0,2,strong,99,41,Vanilla MPC,
False,,0.6,-0.0201146489913152,1,16.6105883323682,1.0,12,strong,101,42,Vanilla MPC,
True,0.7000000000000001,0.7000000000000001,2.2286225260543087,0,18.903292370204937,0.0,14,strong,102,43,Vanilla MPC,
False,,0.9500000000000004,-0.4353854879518656,1,36.51237623345136,1.0,19,strong,103,44,Vanilla MPC,
True,0.7000000000000001,0.7000000000000001,9.3297462775625,0,11.348455163730153,0.0,14,strong,109,45,Vanilla MPC,
False,,0.3999999999999999,-0.2154683389735462,1,10.57673595122882,1.0,8,strong,111,46,Vanilla MPC,
False,,0.3999999999999999,-0.3389090015915718,1,14.57620679894528,1.0,8,strong,112,47,Vanilla MPC,
False,,0.15,0.225586485619735,0,6.104293970949716,1.0,3,strong,115,48,Vanilla MPC,
False,,0.7000000000000001,-0.2937246418009694,1,17.846146004464366,1.0,14,strong,116,49,Vanilla MPC,
True,0.9000000000000002,0.9000000000000002,3.6836797687781626,0,19.06802344486286,0.0,18,strong,117,50,Vanilla MPC,
False,,0.8000000000000002,-0.4387092031603569,1,30.48102570420688,1.0,16,strong,118,51,Vanilla MPC,
False,,0.4999999999999999,-0.2816980888815625,1,15.795112612386122,1.0,10,strong,119,52,Vanilla MPC,
False,,0.9500000000000004,-0.1856617762098713,1,34.04743736293412,1.0,19,strong,120,53,Vanilla MPC,
False,,0.35,0.0431594905026765,0,9.807584835600792,1.0,7,strong,122,54,Vanilla MPC,
True,0.6,0.6,5.259491521457658,0,14.336121892302778,0.0,12,strong,123,55,Vanilla MPC,
False,,0.6,-0.1485610042089606,1,17.84679973944462,1.0,12,strong,126,56,Vanilla MPC,
False,,0.4499999999999999,-0.1421724092143219,1,18.30198152429108,1.0,9,strong,127,57,Vanilla MPC,
True,0.7000000000000001,0.7000000000000001,1.7086620688729712,0,16.29009868646421,0.0,14,strong,132,58,Vanilla MPC,
False,,0.7000000000000001,-0.5039018174430471,1,30.79807215468652,1.0,14,strong,134,59,Vanilla MPC,
True,0.8500000000000002,0.8500000000000002,0.2344459627907131,0,22.645651072925247,0.0,17,strong,135,60,Vanilla MPC,
False,,0.65,-0.2191479812031417,1,25.949267399503903,1.0,13,strong,139,61,Vanilla MPC,
True,0.7000000000000001,0.7000000000000001,1.2232486901080464,0,16.523158839056254,0.0,14,strong,148,62,Vanilla MPC,
True,0.8000000000000002,0.8000000000000002,0.4886155998656066,0,12.83668838182954,0.0,16,strong,149,63,Vanilla MPC,
False,,0.3999999999999999,-0.2432504839329698,1,10.476272526021546,1.0,8,strong,150,64,Vanilla MPC,
False,,0.4999999999999999,-0.1538909800747354,1,19.040761063942387,1.0,10,strong,151,65,Vanilla MPC,
True,0.25,0.25,1.5895489054684828,0,5.051583258498338,0.0,5,strong,152,66,Vanilla MPC,
True,0.65,0.65,3.591427598887445,0,14.098586000101044,0.0,13,strong,158,67,Vanilla MPC,
False,,0.8500000000000002,-0.1193252803811406,1,25.279645255179844,1.0,17,strong,159,68,Vanilla MPC,
False,,0.4999999999999999,-0.4000103367564329,1,16.011282756659092,1.0,10,strong,161,69,Vanilla MPC,
True,0.6,0.6,0.814855668379188,0,13.23648596737773,0.0,12,strong,164,70,Vanilla MPC,
False,,0.8000000000000002,-0.4391777363212346,1,31.79029891048569,1.0,16,strong,165,71,Vanilla MPC,
False,,0.3999999999999999,-0.0824077424600355,1,13.06869470945059,1.0,8,strong,177,72,Vanilla MPC,
False,,0.6,-0.3637117802916824,1,19.45190798329637,1.0,12,strong,178,73,Vanilla MPC,
False,,0.4999999999999999,-0.0593272530462177,1,21.284330566470576,1.0,10,strong,180,74,Vanilla MPC,
True,0.35,0.35,4.959895314586765,0,7.144762590464405,0.0,7,strong,181,75,Vanilla MPC,
True,0.8000000000000002,0.8000000000000002,0.2225283982375913,0,18.73811649987821,0.0,16,strong,184,76,Vanilla MPC,
False,,0.5499999999999999,-0.4111698013405697,1,15.251008510888752,1.0,11,strong,185,77,Vanilla MPC,
False,,0.8500000000000002,-0.2156742188405953,1,24.15523853058702,1.0,17,strong,187,78,Vanilla MPC,
False,,0.05,-0.1656782289312799,1,1.8565587796396128,1.0,1,strong,190,79,Vanilla MPC,
False,,0.25,-0.2877284705262872,1,9.188412660558228,1.0,5,strong,192,80,Vanilla MPC,
False,,0.65,-0.0957062731141212,1,14.759025459217204,1.0,13,strong,194,81,Vanilla MPC,
False,,0.4499999999999999,-0.0132314165507594,1,13.192352781528871,1.0,9,strong,195,82,Vanilla MPC,
False,,0.7000000000000001,-0.063912353970235,1,18.22061070711504,1.0,14,strong,196,83,Vanilla MPC,
True,1.4000000000000006,1.4000000000000006,0.0101047274106972,0,50.6256463063264,0.0,28,strong,198,84,Vanilla MPC,
True,1.4000000000000006,1.4000000000000006,0.0580180227372573,0,48.99935125181891,0.0,28,strong,199,85,Vanilla MPC,
True,0.3999999999999999,0.3999999999999999,7.620092577108419,0,9.572178433761888,0.0,8,strong,206,86,Vanilla MPC,
False,,0.5499999999999999,-0.3720370823129217,1,21.426859277618785,1.0,11,strong,216,87,Vanilla MPC,
False,,0.8000000000000002,-0.1913051691116555,1,18.93580888268311,1.0,16,strong,220,88,Vanilla MPC,
False,,0.4999999999999999,-0.2626083619169798,1,19.64158744362745,1.0,10,strong,223,89,Vanilla MPC,
True,1.2500000000000004,1.2500000000000004,0.0796903065117893,0,31.131957534715987,0.0,25,strong,230,90,Vanilla MPC,
False,,0.8000000000000002,-0.3098059396002124,1,27.72788825312164,1.0,16,strong,233,91,Vanilla MPC,
False,,0.3999999999999999,-0.3893206213363834,1,10.615882022382127,1.0,8,strong,236,92,Vanilla MPC,
False,,0.7500000000000001,-0.0795515410940768,1,23.52231887036519,1.0,15,strong,238,93,Vanilla MPC,
True,0.6,0.6,3.3229665495377745,0,9.379416500155136,0.0,12,strong,239,94,Vanilla MPC,
False,,0.5499999999999999,-0.2223340169562197,1,15.254658072145244,1.0,11,strong,242,95,Vanilla MPC,
False,,0.05,-1.3016512032208754,1,1.3351865519259054,1.0,1,strong,244,96,Vanilla MPC,
False,,1.1500000000000004,-0.0763423737054106,1,42.318266718100766,1.0,23,strong,245,97,Vanilla MPC,
False,,0.3999999999999999,-0.1151394427684707,1,11.804630432549722,1.0,8,strong,246,98,Vanilla MPC,
True,1.3000000000000005,1.3000000000000005,0.0853710701000065,0,34.33413595885489,0.0,26,strong,252,99,Vanilla MPC,
False,,0.3999999999999999,0.1221084767724122,0,18.598060611591908,1.0,8,strong,253,100,Vanilla MPC,
False,,0.4999999999999999,-0.0937591629185214,1,13.985294800551742,1.0,10,strong,256,101,Vanilla MPC,
True,1.3000000000000005,1.3000000000000005,0.3549662072756644,0,43.54426804177662,0.0,26,strong,258,102,Vanilla MPC,
False,,0.25,-0.1245711286183403,1,6.928585609314677,1.0,5,strong,262,103,Vanilla MPC,
False,,0.35,-0.0618061466359978,1,9.400028023671,1.0,7,strong,272,104,Vanilla MPC,
False,,0.4499999999999999,-0.0564645684903907,1,13.447575487285537,1.0,9,strong,275,105,Vanilla MPC,
False,,0.9000000000000002,-0.0057178163403045,1,22.935556536640703,1.0,18,strong,277,106,Vanilla MPC,
False,,0.3,-0.575778983756125,1,8.523104961459737,1.0,6,strong,278,107,Vanilla MPC,
True,1.0000000000000002,1.0000000000000002,0.1365099509047196,0,27.886495831596363,0.0,20,strong,286,108,Vanilla MPC,
False,,0.5499999999999999,-0.3163865850609193,1,14.197444553292335,1.0,11,strong,288,109,Vanilla MPC,
False,,0.4499999999999999,-0.7640264860548689,1,18.035982806946063,1.0,9,strong,289,110,Vanilla MPC,
True,0.7500000000000001,0.7500000000000001,6.862970104859048,0,13.749781728394106,0.0,15,strong,294,111,Vanilla MPC,
False,,0.1,-0.517765447291938,1,3.079225209469518,1.0,2,strong,296,112,Vanilla MPC,
False,,0.7500000000000001,-0.1898009958383759,1,16.028290290001056,1.0,15,strong,297,113,Vanilla MPC,
True,0.4999999999999999,0.4999999999999999,7.973934957805392,0,10.134163195853365,0.0,10,strong,299,114,Vanilla MPC,
True,0.9000000000000002,0.9000000000000002,0.0551298276379564,0,19.86049954415228,0.0,18,strong,301,115,Vanilla MPC,
False,,0.65,-0.1039363181071841,1,17.27074022760949,1.0,13,strong,302,116,Vanilla MPC,
False,,0.4999999999999999,-0.459387046373907,1,13.765429353708436,1.0,10,strong,310,117,Vanilla MPC,
True,0.65,0.65,4.113347385609299,0,11.613549084375252,0.0,13,strong,311,118,Vanilla MPC,
True,0.65,0.65,10.015211211338944,0,13.9134493074635,0.0,13,strong,318,119,Vanilla MPC,
True,0.7500000000000001,0.7500000000000001,2.5802724815471665,0,15.076639273415994,0.0,15,strong,319,120,Vanilla MPC,
False,,0.2,-0.2853299187759898,1,5.5401489797211365,1.0,4,strong,322,121,Vanilla MPC,
True,0.4499999999999999,0.4499999999999999,1.2947264729779853,0,8.978727502435639,0.0,9,strong,332,122,Vanilla MPC,
True,0.25,0.25,9.856830712391757,0,7.36107061907669,0.0,5,strong,335,123,Vanilla MPC,
False,,0.35,-0.2496330194988121,1,11.521623397410377,1.0,7,strong,336,124,Vanilla MPC,
False,,0.5499999999999999,-0.5844922811609914,1,14.037759222021084,1.0,11,strong,338,125,Vanilla MPC,
True,0.7000000000000001,0.7000000000000001,9.040578582588326,0,21.31673704733647,0.0,14,strong,342,126,Vanilla MPC,
False,,0.7000000000000001,-0.3631543637281751,1,17.205895760865893,1.0,14,strong,348,127,Vanilla MPC,
False,,0.35,0.2404234661585643,0,15.396253764493942,1.0,7,strong,349,128,Vanilla MPC,
False,,0.9000000000000002,-0.4251997274092493,1,36.116318962784085,1.0,18,strong,350,129,Vanilla MPC,
False,,0.2,-0.047911244809433,1,8.860441558925737,1.0,4,strong,355,130,Vanilla MPC,
False,,0.3999999999999999,-0.8473238740226253,1,11.48432164081116,1.0,8,strong,358,131,Vanilla MPC,
True,0.9000000000000002,0.9000000000000002,0.6267738112646787,0,24.04841040324687,0.0,18,strong,360,132,Vanilla MPC,
False,,0.4999999999999999,-0.2461059060912697,1,15.391378904218408,1.0,10,strong,364,133,Vanilla MPC,
False,,0.15,-0.1165507787206499,1,6.482133058166961,1.0,3,strong,365,134,Vanilla MPC,
False,,0.35,-0.5003915337418665,1,10.375420224566705,1.0,7,strong,368,135,Vanilla MPC,
True,0.5499999999999999,0.5499999999999999,10.292705589545752,0,11.319954022834333,0.0,11,strong,369,136,Vanilla MPC,
True,0.7000000000000001,0.7000000000000001,2.2887000344657675,0,17.93908824796625,0.0,14,strong,372,137,Vanilla MPC,
False,,0.3,1.4128899131652717,0,9.795149254510685,1.0,6,strong,374,138,Vanilla MPC,
False,,0.4499999999999999,-0.4805359083498763,1,15.5079912030534,1.0,9,strong,375,139,Vanilla MPC,
True,0.5499999999999999,0.5499999999999999,6.337956604897079,0,10.97062705910738,0.0,11,strong,380,140,Vanilla MPC,
False,,0.9500000000000004,-0.6274810517264395,1,37.890399253931456,1.0,19,strong,383,141,Vanilla MPC,
True,0.7500000000000001,0.7500000000000001,5.882060099263959,0,17.29855998136012,0.0,15,strong,387,142,Vanilla MPC,
False,,0.3999999999999999,-0.0526767927777065,1,10.024443936901315,1.0,8,strong,391,143,Vanilla MPC,
False,,0.6,-0.5076031295664745,1,16.895235196943123,1.0,12,strong,395,144,Vanilla MPC,
True,0.7000000000000001,0.7000000000000001,1.1194526163877887,0,16.03963322229913,0.0,14,strong,400,145,Vanilla MPC,
False,,0.8500000000000002,-0.2864747666470751,1,31.82600686615172,1.0,17,strong,401,146,Vanilla MPC,
False,,0.5499999999999999,-0.3425916448344037,1,13.45298497633822,1.0,11,strong,402,147,Vanilla MPC,
False,,0.25,-0.3003405244222202,1,9.722861049696176,1.0,5,strong,405,148,Vanilla MPC,
False,,0.4499999999999999,-0.3310180684750805,1,16.856873808571898,1.0,9,strong,408,149,Vanilla MPC,
True,0.65,0.65,0.125741474923073,0,14.413833935544517,0.0,13,strong,409,150,Vanilla MPC,
False,,0.35,0.0858184657400254,0,15.085953672352726,1.0,7,strong,413,151,Vanilla MPC,
False,,0.5499999999999999,-0.2873994870160631,1,14.282492892799484,1.0,11,strong,415,152,Vanilla MPC,
True,0.9500000000000004,0.9500000000000004,1.961744439026599,0,18.42092322970308,0.0,19,strong,416,153,Vanilla MPC,
False,,0.35,-0.5799370087466047,1,9.861887319768954,1.0,7,strong,417,154,Vanilla MPC,
False,,0.5499999999999999,-0.072229605350717,1,14.47933185465714,1.0,11,strong,425,155,Vanilla MPC,
False,,0.6,-0.4495089088154148,1,14.179254043749772,1.0,12,strong,426,156,Vanilla MPC,
True,0.6,0.6,9.977548309991445,0,10.193956368748644,0.0,12,strong,429,157,Vanilla MPC,
True,0.3,0.3,3.993322602806017,0,6.88742417018246,0.0,6,strong,433,158,Vanilla MPC,
True,0.7500000000000001,0.7500000000000001,8.055030235005896,0,12.58751351162172,0.0,15,strong,434,159,Vanilla MPC,
False,,0.8000000000000002,-0.3165888843869748,1,20.69482736600145,1.0,16,strong,435,160,Vanilla MPC,
True,0.3999999999999999,0.3999999999999999,5.724001925901244,0,9.086992243564234,0.0,8,strong,436,161,Vanilla MPC,
True,0.4499999999999999,0.4499999999999999,9.190466622831128,0,10.141908286556983,0.0,9,strong,439,162,Vanilla MPC,
False,,0.4999999999999999,-0.0418417548825342,1,13.485868603335332,1.0,10,strong,444,163,Vanilla MPC,
False,,0.65,-0.4092165603920472,1,17.67232111937162,1.0,13,strong,445,164,Vanilla MPC,
False,,0.4999999999999999,-0.0104210173671639,1,13.402774984614778,1.0,10,strong,446,165,Vanilla MPC,
False,,0.3,-0.8072007984113024,1,10.3038025294678,1.0,6,strong,447,166,Vanilla MPC,
False,,0.65,-0.164677048886184,1,21.523664320540465,1.0,13,strong,448,167,Vanilla MPC,
True,0.25,0.25,5.021337946894793,0,5.402162758232534,0.0,5,strong,449,168,Vanilla MPC,
False,,0.3999999999999999,-0.5857834375395188,1,10.266290330259013,1.0,8,strong,452,169,Vanilla MPC,
True,1.1500000000000004,1.1500000000000004,0.1326088212403131,0,34.04820963001929,0.0,23,strong,455,170,Vanilla MPC,
True,0.3,0.3,3.51586007330208,0,7.685317400150058,0.0,6,strong,456,171,Vanilla MPC,
True,0.5499999999999999,0.5499999999999999,3.435592974087236,0,13.82736816358074,0.0,11,strong,458,172,Vanilla MPC,
True,0.25,0.25,4.904673199184427,0,6.688306057120464,0.0,5,strong,459,173,Vanilla MPC,
False,,0.5499999999999999,-0.0640774693158687,1,16.287393032664554,1.0,11,strong,462,174,Vanilla MPC,
True,0.8500000000000002,0.8500000000000002,0.0041801128203835,0,14.659488930983247,0.0,17,strong,465,175,Vanilla MPC,
True,0.9000000000000002,0.9000000000000002,0.4833248386166922,0,20.7107566030674,0.0,18,strong,466,176,Vanilla MPC,
True,0.6,0.6,6.689747696758831,0,13.567187448976034,0.0,12,strong,468,177,Vanilla MPC,
False,,0.4499999999999999,-0.0449786377393821,1,19.439060135457964,1.0,9,strong,471,178,Vanilla MPC,
False,,0.3999999999999999,-0.4977537907365807,1,13.24493016039773,1.0,8,strong,473,179,Vanilla MPC,
False,,0.6,-0.0689735780539343,1,24.33266378623021,1.0,12,strong,475,180,Vanilla MPC,
True,0.7500000000000001,0.7500000000000001,7.04918743370818,0,14.131047399920666,0.0,15,strong,476,181,Vanilla MPC,
False,,0.7000000000000001,-0.5649240628989918,1,20.89431666095221,1.0,14,strong,478,182,Vanilla MPC,
False,,0.7000000000000001,-0.0695282586232797,1,21.40893392973405,1.0,14,strong,481,183,Vanilla MPC,
False,,0.65,-0.3751404147882822,1,13.991732304808895,1.0,13,strong,483,184,Vanilla MPC,
False,,0.35,-0.2750087018706103,1,9.852779641147029,1.0,7,strong,485,185,Vanilla MPC,
True,0.65,0.65,6.860408161819183,0,13.85926462040015,0.0,13,strong,493,186,Vanilla MPC,
True,0.7500000000000001,0.7500000000000001,1.7701717395121903,0,17.438278724415152,0.0,15,strong,502,187,Vanilla MPC,
False,,0.25,0.0225468049203548,0,10.542597432165875,1.0,5,strong,514,188,Vanilla MPC,
False,,0.8000000000000002,-0.3871100212922567,1,20.86685072591112,1.0,16,strong,517,189,Vanilla MPC,
True,0.9000000000000002,0.9000000000000002,6.848771835966786,0,17.023452803183314,0.0,18,strong,519,190,Vanilla MPC,
False,,0.7500000000000001,-0.340441053497486,1,21.688118414070036,1.0,15,strong,520,191,Vanilla MPC,
False,,0.65,-0.0130092438785552,1,21.074059216238624,1.0,13,strong,521,192,Vanilla MPC,
False,,0.7500000000000001,-0.0126647327791092,1,31.250429284056874,1.0,15,strong,522,193,Vanilla MPC,
True,0.8000000000000002,0.8000000000000002,4.235946978284668,0,13.710955716545929,0.0,16,strong,528,194,Vanilla MPC,
False,,0.25,-0.7821109099847687,1,9.855298272317151,1.0,5,strong,540,195,Vanilla MPC,
False,,0.4499999999999999,-0.747954135419421,1,15.443103390869478,1.0,9,strong,541,196,Vanilla MPC,
False,,0.7500000000000001,-0.1628650302741738,1,23.20002228353343,1.0,15,strong,544,197,Vanilla MPC,
True,0.4499999999999999,0.4499999999999999,3.8690740442428417,0,7.333822325066715,0.0,9,strong,546,198,Vanilla MPC,
False,,0.9000000000000002,-0.0337794625694736,1,20.186904718197663,1.0,18,strong,548,199,Vanilla MPC,
False,,0.5499999999999999,-0.0793404612112979,1,16.430396629210442,1.0,11,strong,550,200,Vanilla MPC,
False,,0.7500000000000001,-0.0236081050122373,1,19.887822765996106,1.0,15,strong,553,201,Vanilla MPC,
False,,0.8500000000000002,-0.3833000394315694,1,30.92009551302104,1.0,17,strong,554,202,Vanilla MPC,
True,0.1,0.1,1.9551167993909024,0,2.9020389985812045,0.0,2,strong,556,203,Vanilla MPC,
False,,0.65,-0.84947423075251,1,17.60031719071052,1.0,13,strong,559,204,Vanilla MPC,
False,,0.35,-0.3363616565276694,1,6.511580728683701,1.0,7,strong,562,205,Vanilla MPC,
True,0.4999999999999999,0.4999999999999999,2.6368401700718707,0,9.035983090874549,0.0,10,strong,563,206,Vanilla MPC,
False,,0.6,-0.0927301562872649,1,17.040633542150267,1.0,12,strong,567,207,Vanilla MPC,
False,,0.35,-0.1322238924330371,1,12.244199039316868,1.0,7,strong,571,208,Vanilla MPC,
False,,0.35,-0.6519555476669917,1,9.194832800991342,1.0,7,strong,573,209,Vanilla MPC,
False,,0.2,0.2067982670419784,0,8.074490238171395,1.0,4,strong,574,210,Vanilla MPC,
False,,0.4999999999999999,-0.370544498806031,1,13.916694408147931,1.0,10,strong,581,211,Vanilla MPC,
False,,0.8500000000000002,-0.2039781231138707,1,20.217541176908824,1.0,17,strong,584,212,Vanilla MPC,
True,0.8500000000000002,0.8500000000000002,1.4673298490978273,0,18.79976761310258,0.0,17,strong,585,213,Vanilla MPC,
True,0.25,0.25,9.70811155842674,0,5.081494780843732,0.0,5,strong,586,214,Vanilla MPC,
False,,0.1,-0.1179290933257916,1,2.853495300711465,1.0,2,strong,589,215,Vanilla MPC,
True,0.25,0.25,2.392223777380284,0,2.2445608232518177,0.0,5,strong,590,216,Vanilla MPC,
True,0.7000000000000001,0.7000000000000001,7.07829931592429,0,16.61476617895158,0.0,14,strong,592,217,Vanilla MPC,
False,,0.4999999999999999,-0.9885997556098594,1,13.815736534703412,1.0,10,strong,593,218,Vanilla MPC,
False,,0.4499999999999999,-0.3572819285632403,1,12.022309491951107,1.0,9,strong,594,219,Vanilla MPC,
True,0.7500000000000001,0.7500000000000001,6.514649458770636,0,16.8206506176979,0.0,15,strong,597,220,Vanilla MPC,
True,0.8000000000000002,0.8000000000000002,3.477905018862882,0,14.82772131956777,0.0,16,strong,598,221,Vanilla MPC,
False,,0.35,-0.7229514818522935,1,13.83321580980644,1.0,7,strong,600,222,Vanilla MPC,
True,0.9000000000000002,0.9000000000000002,5.701679006653147,0,14.811287741709377,0.0,18,strong,604,223,Vanilla MPC,
True,0.7000000000000001,0.7000000000000001,3.696989044386346,0,10.010375633141578,0.0,14,strong,606,224,Vanilla MPC,
True,0.35,0.35,9.687619076945971,0,8.968322829287118,0.0,7,strong,613,225,Vanilla MPC,
False,,0.6,-0.2476678921688891,1,26.70349536421122,1.0,12,strong,614,226,Vanilla MPC,
False,,0.4499999999999999,-0.0978365223098664,1,13.649123107708109,1.0,9,strong,621,227,Vanilla MPC,
False,,0.4999999999999999,-0.4810411506882057,1,12.090288509915542,1.0,10,strong,623,228,Vanilla MPC,
True,0.9500000000000004,0.9500000000000004,1.2028477343262685,0,19.34464565598704,0.0,19,strong,634,229,Vanilla MPC,
False,,0.3999999999999999,-0.0608345592778126,1,18.14988680462617,1.0,8,strong,637,230,Vanilla MPC,
False,,0.7000000000000001,-0.1601525293479076,1,16.946204889205173,1.0,14,strong,639,231,Vanilla MPC,
True,0.6,0.6,8.11497998468681,0,9.953570648033716,0.0,12,strong,644,232,Vanilla MPC,
False,,0.5499999999999999,-0.1900966307490227,1,20.32965161635202,1.0,11,strong,646,233,Vanilla MPC,
False,,0.8000000000000002,-0.2976761529444442,1,30.213753644307666,1.0,16,strong,654,234,Vanilla MPC,
True,0.7000000000000001,0.7000000000000001,3.433722014135221,0,17.083946862847014,0.0,14,strong,655,235,Vanilla MPC,
False,,0.7500000000000001,-0.1048150975335717,1,26.110357490023244,1.0,15,strong,662,236,Vanilla MPC,
True,0.65,0.65,0.8049158720436785,0,14.9999948150146,0.0,13,strong,665,237,Vanilla MPC,
False,,0.4499999999999999,0.8952507708826395,0,19.214211046838443,1.0,9,strong,667,238,Vanilla MPC,
False,,0.3,0.7024490926137971,0,12.599207108229036,1.0,6,strong,668,239,Vanilla MPC,
True,0.6,0.6,6.262545196090084,0,12.392102384741838,0.0,12,strong,672,240,Vanilla MPC,
False,,0.4999999999999999,-0.111356285582522,1,19.003490781483404,1.0,10,strong,676,241,Vanilla MPC,
False,,0.7000000000000001,-0.3518939975058599,1,22.083798787602014,1.0,14,strong,678,242,Vanilla MPC,
False,,0.8000000000000002,-0.2878851113141628,1,35.46501197446572,1.0,16,strong,679,243,Vanilla MPC,
True,1.0000000000000002,1.0000000000000002,2.610525793987091,0,18.78468850395832,0.0,20,strong,681,244,Vanilla MPC,
True,1.4000000000000006,1.4000000000000006,-8.43682174457663e-06,1,42.18092442597444,0.0,28,nominal,1,0,RA-MPC,
True,1.2000000000000004,1.2000000000000004,7.651472511310185e-06,0,41.95207173085632,0.0,24,nominal,2,1,RA-MPC,
True,0.6,0.6,5.592582002116371,0,16.59878299928809,0.0,12,nominal,4,2,RA-MPC,
True,0.4999999999999999,0.4999999999999999,1.4837351838237405,0,9.452975976510457,0.0,10,nominal,6,3,RA-MPC,
True,1.3500000000000003,1.3500000000000003,6.512803517526042e-06,0,47.42792344723856,0.0,27,nominal,7,4,RA-MPC,
True,0.5499999999999999,0.5499999999999999,2.5211827164311624,0,8.854636444469747,0.0,11,nominal,10,5,RA-MPC,
True,1.4500000000000006,1.4500000000000006,3.707132536281262e-06,0,48.35509598665016,0.0,29,nominal,12,6,RA-MPC,
True,0.9000000000000002,0.9000000000000002,3.293105701907859,0,15.626622793638932,0.0,18,nominal,13,7,RA-MPC,
True,0.7500000000000001,0.7500000000000001,9.84902923119408e-06,0,19.808128861877336,0.0,15,nominal,15,8,RA-MPC,
True,1.0000000000000002,1.0000000000000002,4.100902784477681e-06,0,30.31159019661949,0.0,20,nominal,18,9,RA-MPC,
True,0.8000000000000002,0.8000000000000002,2.801216471810892,0,19.55982074719351,0.0,16,nominal,19,10,RA-MPC,
True,0.3999999999999999,0.3999999999999999,2.5255411844953386,0,10.918470259717218,0.0,8,nominal,21,11,RA-MPC,
True,0.7500000000000001,0.7500000000000001,1.0643952312363015e-05,0,11.504385062520694,0.0,15,nominal,22,12,RA-MPC,
True,0.9000000000000002,0.9000000000000002,8.041064771582908e-06,0,23.69194424984569,0.0,18,nominal,23,13,RA-MPC,
True,1.2000000000000004,1.2000000000000004,4.3426659803528746e-06,0,29.68262016069213,0.0,24,nominal,24,14,RA-MPC,
True,0.5499999999999999,0.5499999999999999,4.430663585700264,0,9.07666360085511,0.0,11,nominal,26,15,RA-MPC,
True,0.6,0.6,2.798481003831823,0,13.368073353137856,0.0,12,nominal,29,16,RA-MPC,
True,1.3500000000000003,1.3500000000000003,5.275133496102859e-06,0,44.85696509959972,0.0,27,nominal,30,17,RA-MPC,
True,0.5499999999999999,0.5499999999999999,5.161292062040133,0,12.171695735184413,0.0,11,nominal,32,18,RA-MPC,
True,1.5500000000000007,1.5500000000000007,5.85747883213612e-06,0,46.25173529269495,0.0,31,nominal,33,19,RA-MPC,
True,0.6,0.6,8.697704682276449,0,12.41560327357663,0.0,12,nominal,37,20,RA-MPC,
True,1.3500000000000003,1.3500000000000003,7.647320539633271e-06,0,46.14588859668479,0.0,27,nominal,38,21,RA-MPC,
True,0.2,0.2,9.194602141979937,0,5.135041816810711,0.0,4,nominal,42,22,RA-MPC,
True,0.7000000000000001,0.7000000000000001,8.745252291587448e-06,0,9.928610923033306,0.0,14,nominal,44,23,RA-MPC,
True,1.1000000000000003,1.1000000000000003,5.011375478347309e-06,0,27.306969118561653,0.0,22,nominal,47,24,RA-MPC,
True,1.1000000000000003,1.1000000000000003,1.8375915664720552e-06,0,24.530682758712807,0.0,22,nominal,48,25,RA-MPC,
True,1.3500000000000003,1.3500000000000003,5.355515837413786e-06,0,45.95892458903278,0.0,27,nominal,53,26,RA-MPC,
True,1.0500000000000005,1.0500000000000005,5.4390303662539136e-06,0,23.31691754406159,0.0,21,nominal,54,27,RA-MPC,
False,,0.3999999999999999,-3.432071010423993e-06,1,12.93980656006925,1.0,8,nominal,55,28,RA-MPC,
True,0.4999999999999999,0.4999999999999999,9.94091279810512,0,13.3227595374998,0.0,10,nominal,56,29,RA-MPC,
True,1.0500000000000005,1.0500000000000005,1.309864273420748e-06,0,31.429765838335587,0.0,21,nominal,60,30,RA-MPC,
True,1.0500000000000005,1.0500000000000005,0.0005304167628271,0,23.312574628027743,0.0,21,nominal,61,31,RA-MPC,
True,1.4500000000000006,1.4500000000000006,1.0192195487890051e-06,0,44.845560414732006,0.0,29,nominal,62,32,RA-MPC,
True,0.7500000000000001,0.7500000000000001,2.914931164344624,0,13.312994081711883,0.0,15,nominal,66,33,RA-MPC,
True,1.1000000000000003,1.1000000000000003,9.85274856631782e-06,0,27.549839283809067,0.0,22,nominal,67,34,RA-MPC,
False,,0.6,-2.9096896788208256e-06,1,19.029075938849708,1.0,12,nominal,69,35,RA-MPC,
True,1.2000000000000004,1.2000000000000004,3.740950260133085e-06,0,29.345474973371108,0.0,24,nominal,74,36,RA-MPC,
True,0.3,0.3,4.681308440417714,0,6.584640990501859,0.0,6,nominal,77,37,RA-MPC,
True,1.2500000000000004,1.2500000000000004,3.2589356718389016e-06,0,34.33948401023498,0.0,25,nominal,80,38,RA-MPC,
True,1.0000000000000002,1.0000000000000002,4.070666688179435e-06,0,25.027385117949294,0.0,20,nominal,81,39,RA-MPC,
True,0.65,0.65,4.464665864254797,0,11.20888554266892,0.0,13,nominal,83,40,RA-MPC,
True,0.8000000000000002,0.8000000000000002,3.67981480842932e-05,0,16.133015292021717,0.0,16,nominal,84,41,RA-MPC,
True,0.8000000000000002,0.8000000000000002,2.673384005496052,0,15.31352721095061,0.0,16,nominal,90,42,RA-MPC,
True,0.65,0.65,2.776278494028749,0,13.736564238580897,0.0,13,nominal,98,43,RA-MPC,
True,0.15,0.15,6.397097580926704,0,4.52631985165613,0.0,3,nominal,99,44,RA-MPC,
True,1.0500000000000005,1.0500000000000005,4.253626989254355e-06,0,25.58407936063291,0.0,21,nominal,101,45,RA-MPC,
True,0.7000000000000001,0.7000000000000001,3.5656582062334783,0,18.8726132626172,0.0,14,nominal,102,46,RA-MPC,
True,1.2500000000000004,1.2500000000000004,7.892383442848792e-06,0,42.177235344374175,0.0,25,nominal,103,47,RA-MPC,
True,0.65,0.65,9.589915016226156,0,10.927122869333555,0.0,13,nominal,109,48,RA-MPC,
True,0.9500000000000004,0.9500000000000004,0.1561570596998915,0,32.564407033738064,0.0,19,nominal,111,49,RA-MPC,
True,1.3000000000000005,1.3000000000000005,6.333515627914322e-07,0,37.85876191430058,0.0,26,nominal,112,50,RA-MPC,
False,,0.4999999999999999,-8.515354094657982e-06,1,18.98475169227872,1.0,10,nominal,115,51,RA-MPC,
True,1.2000000000000004,1.2000000000000004,5.496878881654457e-06,0,29.64591827098171,0.0,24,nominal,116,52,RA-MPC,
True,0.9500000000000004,0.9500000000000004,2.483305842529114,0,19.58731813107978,0.0,19,nominal,117,53,RA-MPC,
True,1.3000000000000005,1.3000000000000005,5.417438552117412e-06,0,43.732657475224585,0.0,26,nominal,118,54,RA-MPC,
True,1.1500000000000004,1.1500000000000004,3.02298077130136e-06,0,29.039378031094238,0.0,23,nominal,119,55,RA-MPC,
True,1.3500000000000003,1.3500000000000003,8.333602341370254e-06,0,46.38954152364393,0.0,27,nominal,120,56,RA-MPC,
True,1.0000000000000002,1.0000000000000002,1.3003699023096998e-06,0,19.588520471224115,0.0,20,nominal,122,57,RA-MPC,
True,0.6,0.6,3.6286600556098167,0,14.543928097690571,0.0,12,nominal,123,58,RA-MPC,
True,1.2500000000000004,1.2500000000000004,4.92242996024097e-06,0,32.930608561048224,0.0,25,nominal,126,59,RA-MPC,
False,,0.4999999999999999,-8.147803991538997e-06,1,20.89386751129529,1.0,10,nominal,127,60,RA-MPC,
True,0.65,0.65,1.4313772658820023,0,16.633334872358056,0.0,13,nominal,132,61,RA-MPC,
True,1.4000000000000006,1.4000000000000006,8.464608619159662e-06,0,48.83186831673103,0.0,28,nominal,134,62,RA-MPC,
True,0.8500000000000002,0.8500000000000002,0.6630332787599148,0,22.69260186153699,0.0,17,nominal,135,63,RA-MPC,
True,1.3500000000000003,1.3500000000000003,-3.1324135420842e-06,1,45.53071350445043,0.0,27,nominal,139,64,RA-MPC,
True,1.5000000000000009,1.5000000000000009,5.152773133700649e-06,0,50.402082114383305,0.0,30,nominal,140,65,RA-MPC,
True,0.7000000000000001,0.7000000000000001,5.6549451439748014e-05,0,16.250156840698438,0.0,14,nominal,148,66,RA-MPC,
True,0.8000000000000002,0.8000000000000002,4.283889426585205e-06,0,12.771650484867132,0.0,16,nominal,149,67,RA-MPC,
True,1.3500000000000003,1.3500000000000003,-3.5921406333900767e-06,1,36.635220707967065,0.0,27,nominal,150,68,RA-MPC,
True,0.9000000000000002,0.9000000000000002,2.559012466461258e-06,0,24.13175597956193,0.0,18,nominal,151,69,RA-MPC,
True,0.3,0.3,1.5895489054684828,0,5.082963690040546,0.0,6,nominal,152,70,RA-MPC,
False,,0.7000000000000001,-7.935453497526457e-06,1,19.69114048678083,1.0,14,nominal,154,71,RA-MPC,
True,1.4500000000000006,1.4500000000000006,4.438535263389081e-06,0,39.65034875729448,0.0,29,nominal,157,72,RA-MPC,
True,0.65,0.65,3.902549060417208,0,14.126456566609813,0.0,13,nominal,158,73,RA-MPC,
True,1.3000000000000005,1.3000000000000005,1.282313222834852e-05,0,34.97614397037108,0.0,26,nominal,159,74,RA-MPC,
True,1.3500000000000003,1.3500000000000003,2.9820714476902515e-06,0,36.443681832554,0.0,27,nominal,161,75,RA-MPC,
True,0.65,0.65,1.977315498729021e-05,0,14.32904949114651,0.0,13,nominal,164,76,RA-MPC,
True,1.3500000000000003,1.3500000000000003,1.713607808974178e-06,0,44.87168631359666,0.0,27,nominal,165,77,RA-MPC,
True,0.7500000000000001,0.7500000000000001,2.8160132571823056e-06,0,16.087378765624067,0.0,15,nominal,177,78,RA-MPC,
True,1.3000000000000005,1.3000000000000005,1.3903137457330274e-07,0,37.05145555181704,0.0,26,nominal,178,79,RA-MPC,
True,0.9500000000000004,0.9500000000000004,1.0328834652677204e-06,0,28.750020396660315,0.0,19,nominal,180,80,RA-MPC,
True,0.3,0.3,5.21470772459262,0,6.483610756750013,0.0,6,nominal,181,81,RA-MPC,
False,,0.9500000000000004,-2.079098684270853e-07,1,42.05315329545858,1.0,19,nominal,182,82,RA-MPC,
True,1.4500000000000006,1.4500000000000006,1.2449249374266648e-05,0,38.3732391549993,0.0,29,nominal,183,83,RA-MPC,
True,0.8000000000000002,0.8000000000000002,1.1471130013848752,0,18.464890365760795,0.0,16,nominal,184,84,RA-MPC,
True,1.1500000000000004,1.1500000000000004,2.93228713258704e-06,0,28.364224185190466,0.0,23,nominal,185,85,RA-MPC,
True,1.1500000000000004,1.1500000000000004,1.5799367724188797e-06,0,29.59890530629337,0.0,23,nominal,187,86,RA-MPC,
True,0.8500000000000002,0.8500000000000002,0.0453561605686381,0,16.710999857787755,0.0,17,nominal,190,87,RA-MPC,
False,,0.8000000000000002,-8.475782208193341e-06,1,35.185636229251294,1.0,16,nominal,191,88,RA-MPC,
False,,0.3999999999999999,-8.303684302034586e-06,1,14.633144362642968,1.0,8,nominal,192,89,RA-MPC,
True,0.9500000000000004,0.9500000000000004,1.5857408750410022e-05,0,16.811041055724118,0.0,19,nominal,194,90,RA-MPC,
True,0.8500000000000002,0.8500000000000002,1.5187752360915589e-06,0,16.762491393085984,0.0,17,nominal,195,91,RA-MPC,
True,1.0500000000000005,1.0500000000000005,5.185363063460945e-06,0,27.31032453491387,0.0,21,nominal,196,92,RA-MPC,
True,1.4500000000000006,1.4500000000000006,1.1887862495115862e-05,0,52.09345247186884,0.0,29,nominal,198,93,RA-MPC,
True,1.4000000000000006,1.4000000000000006,8.148007228032253e-06,0,50.53912003074574,0.0,28,nominal,199,94,RA-MPC,
False,,0.65,-4.303878760623421e-06,1,28.639618103198718,1.0,13,nominal,203,95,RA-MPC,
True,0.3999999999999999,0.3999999999999999,7.620092577108419,0,9.449557399455555,0.0,8,nominal,206,96,RA-MPC,
True,0.9000000000000002,0.9000000000000002,5.799113488275237e-07,0,25.93140371066419,0.0,18,nominal,216,97,RA-MPC,
True,1.5500000000000007,1.5500000000000007,-4.89406668180257e-07,1,51.20389514903647,0.0,31,nominal,219,98,RA-MPC,
True,1.1500000000000004,1.1500000000000004,5.232508208578661e-06,0,26.947322989397687,0.0,23,nominal,220,99,RA-MPC,
True,1.0000000000000002,1.0000000000000002,1.4173643215778432e-06,0,30.027376848531663,0.0,20,nominal,223,100,RA-MPC,
False,,0.7500000000000001,-2.089426812125077e-07,1,30.656901267280663,1.0,15,nominal,226,101,RA-MPC,
True,1.2500000000000004,1.2500000000000004,1.24488691037288e-05,0,30.75551588165676,0.0,25,nominal,230,102,RA-MPC,
True,1.0500000000000005,1.0500000000000005,2.1593268794650194e-06,0,33.6290708150522,0.0,21,nominal,233,103,RA-MPC,
True,1.0500000000000005,1.0500000000000005,3.553001999036862,0,33.947001937555484,0.0,21,nominal,236,104,RA-MPC,
True,1.1000000000000003,1.1000000000000003,6.447567333909164e-06,0,31.458826619302677,0.0,22,nominal,238,105,RA-MPC,
True,0.6,0.6,3.799872981385088,0,9.791557888092129,0.0,12,nominal,239,106,RA-MPC,
True,1.5000000000000009,1.5000000000000009,3.272669937895549e-06,0,51.81314816846321,0.0,30,nominal,240,107,RA-MPC,
True,1.4500000000000006,1.4500000000000006,2.9021068959153163e-06,0,40.53440483319261,0.0,29,nominal,241,108,RA-MPC,
True,1.3500000000000003,1.3500000000000003,6.15413263244732e-07,0,35.626296592666655,0.0,27,nominal,242,109,RA-MPC,
True,0.4999999999999999,0.4999999999999999,3.985439258724368e-05,0,8.860436941213331,0.0,10,nominal,244,110,RA-MPC,
True,1.4500000000000006,1.4500000000000006,3.62364652127298e-06,0,50.47891962093007,0.0,29,nominal,245,111,RA-MPC,
False,,0.4999999999999999,-1.1667448090520588e-08,1,15.300766287570696,1.0,10,nominal,246,112,RA-MPC,
True,1.3000000000000005,1.3000000000000005,5.321273415912848e-06,0,34.16727403563462,0.0,26,nominal,252,113,RA-MPC,
True,1.0500000000000005,1.0500000000000005,1.509458532124831e-06,0,30.61769702401698,0.0,21,nominal,253,114,RA-MPC,
True,1.3000000000000005,1.3000000000000005,2.375040041986392e-06,0,32.94564657290144,0.0,26,nominal,256,115,RA-MPC,
True,1.3000000000000005,1.3000000000000005,8.88077739243237e-06,0,43.449096985372734,0.0,26,nominal,258,116,RA-MPC,
True,0.4499999999999999,0.4499999999999999,0.461239364103327,0,7.515941066925694,0.0,9,nominal,262,117,RA-MPC,
True,1.4000000000000006,1.4000000000000006,1.1615669522250254e-05,0,38.88421914570361,0.0,28,nominal,265,118,RA-MPC,
True,1.5000000000000009,1.5000000000000009,4.622965211080601e-06,0,42.17555200177148,0.0,30,nominal,271,119,RA-MPC,
True,1.2500000000000004,1.2500000000000004,8.067029145469329e-07,0,32.719336629817576,0.0,25,nominal,272,120,RA-MPC,
True,0.9000000000000002,0.9000000000000002,6.709260680717789e-07,0,20.69990562691205,0.0,18,nominal,275,121,RA-MPC,
True,1.2000000000000004,1.2000000000000004,3.908070723480364e-06,0,29.31968630318972,0.0,24,nominal,277,122,RA-MPC,
True,1.2500000000000004,1.2500000000000004,8.306704017209562e-06,0,30.16351816344597,0.0,25,nominal,278,123,RA-MPC,
False,,0.6,-7.570517142035091e-06,1,18.62194240920801,1.0,12,nominal,280,124,RA-MPC,
True,1.0500000000000005,1.0500000000000005,3.044734076361642e-06,0,27.63005044888845,0.0,21,nominal,286,125,RA-MPC,
True,0.7500000000000001,0.7500000000000001,1.5949004416899348,0,16.09712804372438,0.0,15,nominal,288,126,RA-MPC,
True,1.2500000000000004,1.2500000000000004,8.380501106907237e-06,0,41.33120404377345,0.0,25,nominal,289,127,RA-MPC,
True,0.8000000000000002,0.8000000000000002,6.960644178003861,0,14.21668693242251,0.0,16,nominal,294,128,RA-MPC,
True,1.2500000000000004,1.2500000000000004,2.868195423973588e-06,0,34.57608232991392,0.0,25,nominal,296,129,RA-MPC,
True,0.9500000000000004,0.9500000000000004,0.8400067364040731,0,16.243095849872773,0.0,19,nominal,297,130,RA-MPC,
True,0.4999999999999999,0.4999999999999999,7.615988751592488,0,10.544177849440532,0.0,10,nominal,299,131,RA-MPC,
True,0.9000000000000002,0.9000000000000002,3.836381039220864e-06,0,19.59581638790492,0.0,18,nominal,301,132,RA-MPC,
True,1.0500000000000005,1.0500000000000005,6.233001382507271e-06,0,24.28370439136036,0.0,21,nominal,302,133,RA-MPC,
True,0.9000000000000002,0.9000000000000002,2.7555034504269704e-06,0,18.77258623650194,0.0,18,nominal,310,134,RA-MPC,
True,0.65,0.65,5.205687850445236,0,11.474411796896376,0.0,13,nominal,311,135,RA-MPC,
True,0.65,0.65,9.475629046035056,0,14.33018277942566,0.0,13,nominal,318,136,RA-MPC,
True,0.7500000000000001,0.7500000000000001,2.4206624713801235,0,15.05032169920511,0.0,15,nominal,319,137,RA-MPC,
True,1.0500000000000005,1.0500000000000005,5.020635815085903e-06,0,24.419610116839937,0.0,21,nominal,322,138,RA-MPC,
True,0.3999999999999999,0.3999999999999999,1.2947264729779853,0,8.866748350395163,0.0,8,nominal,332,139,RA-MPC,
True,0.25,0.25,9.4438101098744,0,6.997436117125531,0.0,5,nominal,335,140,RA-MPC,
True,1.2000000000000004,1.2000000000000004,1.750619032419714e-06,0,31.478719033126232,0.0,24,nominal,336,141,RA-MPC,
True,0.9500000000000004,0.9500000000000004,3.824442235326972e-06,0,19.768577440964485,0.0,19,nominal,338,142,RA-MPC,
True,0.7500000000000001,0.7500000000000001,9.040578582588326,0,21.485767452479752,0.0,15,nominal,342,143,RA-MPC,
True,1.0500000000000005,1.0500000000000005,7.142305205273008e-06,0,20.905783060964705,0.0,21,nominal,348,144,RA-MPC,
True,1.2500000000000004,1.2500000000000004,8.21794147292934e-06,0,40.60029029593685,0.0,25,nominal,349,145,RA-MPC,
True,1.2000000000000004,1.2000000000000004,6.267246752609728e-06,0,40.32917983324159,0.0,24,nominal,350,146,RA-MPC,
True,1.3000000000000005,1.3000000000000005,2.8764888818954728e-06,0,36.51678089057808,0.0,26,nominal,355,147,RA-MPC,
True,1.3000000000000005,1.3000000000000005,-1.5918192300272607e-06,1,35.64455177289751,0.0,26,nominal,358,148,RA-MPC,
True,0.8500000000000002,0.8500000000000002,0.0001463203604278,0,23.50770849849961,0.0,17,nominal,360,149,RA-MPC,
False,,0.4499999999999999,-2.173158904672376e-06,1,14.698428944572443,1.0,9,nominal,364,150,RA-MPC,
True,0.8500000000000002,0.8500000000000002,9.267679575018736e-07,0,19.373456245669143,0.0,17,nominal,365,151,RA-MPC,
True,1.7000000000000008,1.7000000000000008,4.88161303659193e-06,0,61.646559849670695,0.0,34,nominal,366,152,RA-MPC,
True,1.6000000000000008,1.6000000000000008,1.2392481751875752e-05,0,56.68711011979418,0.0,32,nominal,367,153,RA-MPC,
True,0.8000000000000002,0.8000000000000002,0.8142635863488831,0,14.179378007363177,0.0,16,nominal,368,154,RA-MPC,
True,0.5499999999999999,0.5499999999999999,9.347922200258909,0,11.454948061432622,0.0,11,nominal,369,155,RA-MPC,
True,0.7500000000000001,0.7500000000000001,5.450817707487331e-05,0,19.062021983124367,0.0,15,nominal,372,156,RA-MPC,
True,0.6,0.6,0.0009613157881914,0,12.806589557628948,0.0,12,nominal,374,157,RA-MPC,
True,0.7500000000000001,0.7500000000000001,1.2653017025340748e-05,0,16.949000365292306,0.0,15,nominal,375,158,RA-MPC,
True,0.6,0.6,5.193033699807192,0,11.537530803536344,0.0,12,nominal,380,159,RA-MPC,
True,1.4000000000000006,1.4000000000000006,3.5636893047421703e-06,0,44.70550071453379,0.0,28,nominal,382,160,RA-MPC,
True,1.4500000000000006,1.4500000000000006,3.3361574000574542e-06,0,52.09321139122088,0.0,29,nominal,383,161,RA-MPC,
True,0.7000000000000001,0.7000000000000001,7.941345490875899,0,16.751949613655626,0.0,14,nominal,387,162,RA-MPC,
True,1.5500000000000007,1.5500000000000007,4.475222905144081e-06,0,52.43280923833434,0.0,31,nominal,388,163,RA-MPC,
True,0.8000000000000002,0.8000000000000002,5.579296505049657e-06,0,14.517412708033705,0.0,16,nominal,391,164,RA-MPC,
True,1.2000000000000004,1.2000000000000004,4.0206846768406965e-06,0,31.525455283313143,0.0,24,nominal,395,165,RA-MPC,
True,0.7500000000000001,0.7500000000000001,4.726212342015622e-06,0,15.553141197154492,0.0,15,nominal,400,166,RA-MPC,
True,1.3000000000000005,1.3000000000000005,1.8017361792020075e-06,0,45.96717149561689,0.0,26,nominal,401,167,RA-MPC,
True,0.8500000000000002,0.8500000000000002,4.76048004160233e-06,0,17.867368658586674,0.0,17,nominal,402,168,RA-MPC,
False,,10.000000000000009,2.1090137489906397e-06,0,3.37516601260237,0.0,200,nominal,405,169,RA-MPC,
False,,0.5499999999999999,-8.313704553849385e-06,1,20.868248246096293,1.0,11,nominal,408,170,RA-MPC,
True,0.6,0.6,1.1872477527883698,0,14.49308421414062,0.0,12,nominal,409,171,RA-MPC,
True,1.5500000000000007,1.5500000000000007,7.42080235916025e-06,0,55.006018178373424,0.0,31,nominal,412,172,RA-MPC,
True,1.2000000000000004,1.2000000000000004,6.628227740651607e-06,0,38.2057277967235,0.0,24,nominal,413,173,RA-MPC,
True,0.9500000000000004,0.9500000000000004,4.80391348946178e-06,0,19.472370148431263,0.0,19,nominal,415,174,RA-MPC,
True,0.9500000000000004,0.9500000000000004,3.1993368294019905e-05,0,18.378128518960747,0.0,19,nominal,416,175,RA-MPC,
True,0.8000000000000002,0.8000000000000002,3.060159568625575e-06,0,14.79731709093222,0.0,16,nominal,417,176,RA-MPC,
True,1.4500000000000006,1.4500000000000006,1.3798103427357772e-05,0,41.98949059640943,0.0,29,nominal,419,177,RA-MPC,
True,1.0500000000000005,1.0500000000000005,5.124022010557042e-06,0,23.03729553151116,0.0,21,nominal,425,178,RA-MPC,
True,1.0000000000000002,1.0000000000000002,4.987520678187671e-06,0,19.36038610778085,0.0,20,nominal,426,179,RA-MPC,
True,0.65,0.65,9.318786663807291,0,10.47552111691506,0.0,13,nominal,429,180,RA-MPC,
True,0.3,0.3,4.854909309834646,0,6.851661590623145,0.0,6,nominal,433,181,RA-MPC,
True,0.7500000000000001,0.7500000000000001,9.150422958730331,0,12.605214493664109,0.0,15,nominal,434,182,RA-MPC,
True,1.2500000000000004,1.2500000000000004,4.018527080730813e-06,0,30.09570525897804,0.0,25,nominal,435,183,RA-MPC,
True,0.4499999999999999,0.4499999999999999,3.670478157713852,0,9.692305974332337,0.0,9,nominal,436,184,RA-MPC,
True,0.3999999999999999,0.3999999999999999,9.709399899629618,0,9.532899454134672,0.0,8,nominal,439,185,RA-MPC,
True,1.1000000000000003,1.1000000000000003,8.250854883087928e-06,0,27.721860419095695,0.0,22,nominal,444,186,RA-MPC,
True,1.3500000000000003,1.3500000000000003,3.702341577774973e-07,0,35.450248754006914,0.0,27,nominal,445,187,RA-MPC,
False,,0.5499999999999999,-3.21539407403897e-06,1,14.956085714653234,1.0,11,nominal,446,188,RA-MPC,
True,1.1500000000000004,1.1500000000000004,7.97670197113899e-06,0,29.872530740747266,0.0,23,nominal,447,189,RA-MPC,
True,0.9000000000000002,0.9000000000000002,1.660699954805061e-05,0,24.033606207052724,0.0,18,nominal,448,190,RA-MPC,
True,0.3,0.3,4.265369820541109,0,5.756410334624183,0.0,6,nominal,449,191,RA-MPC,
True,0.8500000000000002,0.8500000000000002,2.451825769120894e-06,0,16.950693596457985,0.0,17,nominal,452,192,RA-MPC,
False,,0.7000000000000001,-8.526527159899396e-06,1,22.31307266766905,1.0,14,nominal,453,193,RA-MPC,
True,1.1000000000000003,1.1000000000000003,1.6042456988674466e-06,0,35.03013837089967,0.0,22,nominal,455,194,RA-MPC,
True,0.35,0.35,3.51586007330208,0,8.203739694736631,0.0,7,nominal,456,195,RA-MPC,
True,0.5499999999999999,0.5499999999999999,2.0227067259977853,0,13.617561380335522,0.0,11,nominal,458,196,RA-MPC,
True,0.2,0.2,4.904673199184427,0,5.879136424748622,0.0,4,nominal,459,197,RA-MPC,
True,1.2000000000000004,1.2000000000000004,4.20247074610591e-06,0,30.85365433626394,0.0,24,nominal,462,198,RA-MPC,
True,0.8500000000000002,0.8500000000000002,5.193886650703207e-06,0,14.72976525019544,0.0,17,nominal,465,199,RA-MPC,
True,0.9000000000000002,0.9000000000000002,0.1210231002517305,0,20.926848285323,0.0,18,nominal,466,200,RA-MPC,
True,0.6,0.6,5.050949692784794,0,13.387411047420326,0.0,12,nominal,468,201,RA-MPC,
True,1.6000000000000008,1.6000000000000008,4.404300967882535e-06,0,54.9161948903657,0.0,32,nominal,469,202,RA-MPC,
False,,0.5499999999999999,-5.542847882641876e-06,1,23.09397639974924,1.0,11,nominal,471,203,RA-MPC,
True,1.4000000000000006,1.4000000000000006,-8.311555138316703e-06,1,43.64433668906292,0.0,28,nominal,473,204,RA-MPC,
False,,0.5499999999999999,-7.987298913922079e-06,1,22.625703869362013,1.0,11,nominal,475,205,RA-MPC,
True,0.7500000000000001,0.7500000000000001,8.912225176988615,0,14.334913048942944,0.0,15,nominal,476,206,RA-MPC,
True,1.4000000000000006,1.4000000000000006,2.9097435418050783e-06,0,38.502858928564166,0.0,28,nominal,478,207,RA-MPC,
True,1.1500000000000004,1.1500000000000004,2.8149520825275734e-06,0,31.748711615530155,0.0,23,nominal,481,208,RA-MPC,
True,1.0000000000000002,1.0000000000000002,4.645430341829802e-06,0,23.013433947950958,0.0,20,nominal,483,209,RA-MPC,
False,,0.4999999999999999,-3.847695499946664e-06,1,13.79775546072207,1.0,10,nominal,485,210,RA-MPC,
True,1.5500000000000007,1.5500000000000007,3.531171901082161e-07,0,55.35860479761745,0.0,31,nominal,488,211,RA-MPC,
False,,0.7000000000000001,-8.623610064651239e-06,1,28.64867358940298,1.0,14,nominal,489,212,RA-MPC,
True,0.65,0.65,7.598403085327258,0,13.3919819532906,0.0,13,nominal,493,213,RA-MPC,
False,,1.0500000000000005,-1.0021694113214696e-06,1,44.69178925201462,1.0,21,nominal,498,214,RA-MPC,
True,0.7500000000000001,0.7500000000000001,1.912119567210007,0,17.299559109775533,0.0,15,nominal,502,215,RA-MPC,
False,,0.7500000000000001,-8.516046283841624e-06,1,32.61107569218514,1.0,15,nominal,506,216,RA-MPC,
False,,0.6,-8.256640517983948e-06,1,28.8606247626362,1.0,12,nominal,508,217,RA-MPC,
True,0.7000000000000001,0.7000000000000001,3.416431802578614e-05,0,17.20541142116448,0.0,14,nominal,514,218,RA-MPC,
True,1.3500000000000003,1.3500000000000003,2.4600140472921527e-06,0,33.5504308705047,0.0,27,nominal,517,219,RA-MPC,
True,0.8500000000000002,0.8500000000000002,4.245985668618274e-06,0,23.367846412602496,0.0,17,nominal,519,220,RA-MPC,
True,1.2500000000000004,1.2500000000000004,6.176902567144102e-06,0,31.54961162444944,0.0,25,nominal,520,221,RA-MPC,
True,0.9500000000000004,0.9500000000000004,6.4781802764843945e-06,0,23.53670863525082,0.0,19,nominal,521,222,RA-MPC,
True,1.4500000000000006,1.4500000000000006,2.6790581426588933e-06,0,50.05681231563459,0.0,29,nominal,522,223,RA-MPC,
True,1.5000000000000009,1.5000000000000009,3.609673665178585e-06,0,52.36089157427242,0.0,30,nominal,523,224,RA-MPC,
True,0.7500000000000001,0.7500000000000001,6.626931535999646,0,13.42885873842576,0.0,15,nominal,528,225,RA-MPC,
True,1.5500000000000007,1.5500000000000007,6.857519367694005e-06,0,44.75181798284712,0.0,31,nominal,535,226,RA-MPC,
True,1.4000000000000006,1.4000000000000006,4.783920657712478e-06,0,35.60400267177137,0.0,28,nominal,536,227,RA-MPC,
True,1.4500000000000006,1.4500000000000006,-1.80785515908757e-08,1,51.38522391992271,0.0,29,nominal,540,228,RA-MPC,
True,1.0000000000000002,1.0000000000000002,5.139895964619117e-06,0,26.36006888523835,0.0,20,nominal,541,229,RA-MPC,
True,1.0000000000000002,1.0000000000000002,7.295520475584784e-06,0,28.33898380040413,0.0,20,nominal,544,230,RA-MPC,
True,0.4499999999999999,0.4499999999999999,4.682997167915379,0,7.195049718819614,0.0,9,nominal,546,231,RA-MPC,
True,1.1500000000000004,1.1500000000000004,4.951337610756188e-06,0,25.20899387885608,0.0,23,nominal,548,232,RA-MPC,
True,0.9500000000000004,0.9500000000000004,5.572372696178072e-06,0,23.009343244567827,0.0,19,nominal,550,233,RA-MPC,
True,1.0500000000000005,1.0500000000000005,2.5542118851349534e-06,0,25.379798134351155,0.0,21,nominal,553,234,RA-MPC,
True,1.3000000000000005,1.3000000000000005,4.343914724243605e-06,0,44.99927492793456,0.0,26,nominal,554,235,RA-MPC,
True,0.25,0.25,1.3206372146776562,0,5.366589487526325,0.0,5,nominal,556,236,RA-MPC,
True,1.4000000000000006,1.4000000000000006,3.443756016548853e-06,0,38.69745645312275,0.0,28,nominal,558,237,RA-MPC,
True,1.1500000000000004,1.1500000000000004,3.483157202091137e-06,0,27.119471360849705,0.0,23,nominal,559,238,RA-MPC,
True,0.4499999999999999,0.4499999999999999,1.5951652756675838,0,6.719637026967549,0.0,9,nominal,562,239,RA-MPC,
True,0.4999999999999999,0.4999999999999999,3.100070140016133,0,8.985109531498342,0.0,10,nominal,563,240,RA-MPC,
True,0.9000000000000002,0.9000000000000002,7.678353124970768e-07,0,17.722460543730588,0.0,18,nominal,567,241,RA-MPC,
False,,0.65,-8.093953629741778e-06,1,28.503340451837857,1.0,13,nominal,568,242,RA-MPC,
True,1.2500000000000004,1.2500000000000004,4.343144599026491e-06,0,33.63002488522248,0.0,25,nominal,571,243,RA-MPC,
True,0.9500000000000004,0.9500000000000004,5.635161683580566e-06,0,21.85350539550463,0.0,19,nominal,573,244,RA-MPC,
True,1.2500000000000004,1.2500000000000004,1.740475465983052e-06,0,39.72009987250157,0.0,25,nominal,574,245,RA-MPC,
False,,0.6,-8.08600034833281e-06,1,21.230451675718705,1.0,12,nominal,577,246,RA-MPC,
False,,0.5499999999999999,-7.913710233901351e-06,1,15.751464676055866,1.0,11,nominal,581,247,RA-MPC,
True,1.2000000000000004,1.2000000000000004,5.809552024504655e-06,0,28.31286569996477,0.0,24,nominal,584,248,RA-MPC,
True,0.8000000000000002,0.8000000000000002,0.0005306536654772,0,17.998160150319627,0.0,16,nominal,585,249,RA-MPC,
True,0.3,0.3,8.82641604525998,0,5.3525442309960125,0.0,6,nominal,586,250,RA-MPC,
True,0.6,0.6,0.196327952635201,0,10.153051342010215,0.0,12,nominal,589,251,RA-MPC,
True,0.25,0.25,2.392223777380284,0,2.151007668242017,0.0,5,nominal,590,252,RA-MPC,
True,1.4500000000000006,1.4500000000000006,7.92203954890672e-06,0,47.34750957281491,0.0,29,nominal,591,253,RA-MPC,
True,0.7000000000000001,0.7000000000000001,7.138119704238823,0,16.05969230969081,0.0,14,nominal,592,254,RA-MPC,
True,0.8500000000000002,0.8500000000000002,9.337974132391924e-07,0,16.399177583172392,0.0,17,nominal,593,255,RA-MPC,
True,1.4000000000000006,1.4000000000000006,2.9400284820633894e-07,0,37.358680165412565,0.0,28,nominal,594,256,RA-MPC,
True,0.7500000000000001,0.7500000000000001,7.794809075910883,0,17.022851106281884,0.0,15,nominal,597,257,RA-MPC,
True,0.8000000000000002,0.8000000000000002,4.375187109259531,0,14.990106821645808,0.0,16,nominal,598,258,RA-MPC,
True,0.7500000000000001,0.7500000000000001,2.8885304189376256e-06,0,17.913882381759997,0.0,15,nominal,600,259,RA-MPC,
True,0.8500000000000002,0.8500000000000002,4.747667888110541,0,14.734212952547924,0.0,17,nominal,604,260,RA-MPC,
True,0.7000000000000001,0.7000000000000001,3.5812132730618345,0,10.10488607201715,0.0,14,nominal,606,261,RA-MPC,
True,0.4999999999999999,0.4999999999999999,7.6800286482952815,0,10.627217329614032,0.0,10,nominal,613,262,RA-MPC,
True,1.4000000000000006,1.4000000000000006,1.5692772994178836e-06,0,47.52365345513614,0.0,28,nominal,614,263,RA-MPC,
True,1.6500000000000008,1.6500000000000008,4.606668459750142e-06,0,59.76569229084522,0.0,33,nominal,615,264,RA-MPC,
True,0.7500000000000001,0.7500000000000001,0.0001501190402915,0,15.138088159552137,0.0,15,nominal,621,265,RA-MPC,
True,0.9000000000000002,0.9000000000000002,5.935500999279083e-06,0,18.425417697472056,0.0,18,nominal,623,266,RA-MPC,
True,1.5500000000000007,1.5500000000000007,5.670706340402468e-06,0,55.92476067196693,0.0,31,nominal,631,267,RA-MPC,
True,0.9000000000000002,0.9000000000000002,4.35691165073816,0,18.548208575685663,0.0,18,nominal,634,268,RA-MPC,
True,1.0000000000000002,1.0000000000000002,3.701126425748012e-06,0,28.96143745347283,0.0,20,nominal,637,269,RA-MPC,
True,1.0500000000000005,1.0500000000000005,1.0652606028372558e-05,0,20.021550121192806,0.0,21,nominal,639,270,RA-MPC,
True,0.65,0.65,8.627163707058559,0,9.898855348964908,0.0,13,nominal,644,271,RA-MPC,
True,1.5500000000000007,1.5500000000000007,1.1143120191517852e-05,0,55.80843657335609,0.0,31,nominal,645,272,RA-MPC,
True,1.1000000000000003,1.1000000000000003,3.491857669004185e-06,0,30.25555302972719,0.0,22,nominal,646,273,RA-MPC,
True,1.1500000000000004,1.1500000000000004,1.9276554666246582e-06,0,36.017926477373265,0.0,23,nominal,654,274,RA-MPC,
True,0.7500000000000001,0.7500000000000001,2.101549048171982,0,17.732720222724097,0.0,15,nominal,655,275,RA-MPC,
False,,0.7500000000000001,-8.23611939979905e-06,1,29.93158824176449,1.0,15,nominal,661,276,RA-MPC,
True,1.3000000000000005,1.3000000000000005,4.826557818102448e-06,0,36.973956615349664,0.0,26,nominal,662,277,RA-MPC,
True,0.7000000000000001,0.7000000000000001,1.1557031671553468,0,15.11891235693248,0.0,14,nominal,665,278,RA-MPC,
True,0.8500000000000002,0.8500000000000002,3.5643162019951546e-06,0,22.97059977800488,0.0,17,nominal,667,279,RA-MPC,
True,0.7000000000000001,0.7000000000000001,5.0249382239859694e-06,0,14.755541979498808,0.0,14,nominal,668,280,RA-MPC,
True,1.5500000000000007,1.5500000000000007,8.256860147129197e-06,0,43.2343995368188,0.0,31,nominal,671,281,RA-MPC,
True,0.6,0.6,7.802127938144134,0,12.303906545673575,0.0,12,nominal,672,282,RA-MPC,
True,1.5000000000000009,1.5000000000000009,2.5157211801081687e-06,0,50.8958250767348,0.0,30,nominal,675,283,RA-MPC,
True,0.7500000000000001,0.7500000000000001,8.312606009677294e-06,0,20.32882467868112,0.0,15,nominal,676,284,RA-MPC,
True,1.3000000000000005,1.3000000000000005,5.2818386588105794e-06,0,36.97995775611759,0.0,26,nominal,678,285,RA-MPC,
True,1.4500000000000006,1.4500000000000006,5.858433858565491e-06,0,50.335093821331945,0.0,29,nominal,679,286,RA-MPC,
True,1.0500000000000005,1.0500000000000005,0.0042487037652249,0,19.293706300348813,0.0,21,nominal,681,287,RA-MPC,
False,,0.9000000000000002,-0.0103861237675015,1,27.38429126684944,1.0,18,mild,1,0,RA-MPC,
True,1.2000000000000004,1.2000000000000004,0.008255153418525,0,42.00289466068114,0.0,24,mild,2,1,RA-MPC,
True,0.6,0.6,5.592582002116371,0,16.589392370713753,0.0,12,mild,4,2,RA-MPC,
True,0.4999999999999999,0.4999999999999999,2.436276677231172,0,9.385395691190256,0.0,10,mild,6,3,RA-MPC,
True,1.3500000000000003,1.3500000000000003,0.0566508305672622,0,46.93907336222742,0.0,27,mild,7,4,RA-MPC,
True,0.5499999999999999,0.5499999999999999,1.9310755597386149,0,8.849944761867443,0.0,11,mild,10,5,RA-MPC,
False,,0.3999999999999999,-0.3388785999937878,1,18.998052903841234,1.0,8,mild,12,6,RA-MPC,
True,0.9000000000000002,0.9000000000000002,3.432794325581072,0,15.578741802416006,0.0,18,mild,13,7,RA-MPC,
True,0.7500000000000001,0.7500000000000001,0.1586132691924626,0,20.405748671200023,0.0,15,mild,15,8,RA-MPC,
False,,0.4499999999999999,-0.0118046801356151,1,19.724833154246483,1.0,9,mild,18,9,RA-MPC,
True,0.8000000000000002,0.8000000000000002,2.837533413106037,0,19.52063616218932,0.0,16,mild,19,10,RA-MPC,
True,0.3999999999999999,0.3999999999999999,2.487378245305644,0,10.827119439582402,0.0,8,mild,21,11,RA-MPC,
True,0.7500000000000001,0.7500000000000001,0.0356507883851336,0,11.515625485609966,0.0,15,mild,22,12,RA-MPC,
True,0.9000000000000002,0.9000000000000002,0.041471616294638,0,23.640106237062398,0.0,18,mild,23,13,RA-MPC,
False,,0.8500000000000002,-0.0851743044642085,1,24.659415776732363,1.0,17,mild,24,14,RA-MPC,
True,0.5499999999999999,0.5499999999999999,4.523784211801325,0,9.11835475334659,0.0,11,mild,26,15,RA-MPC,
True,0.6,0.6,2.1694331997508707,0,13.38055296983721,0.0,12,mild,29,16,RA-MPC,
True,1.3500000000000003,1.3500000000000003,0.0126025042226187,0,44.86862827416064,0.0,27,mild,30,17,RA-MPC,
True,0.4999999999999999,0.4999999999999999,4.877323517306649,0,12.049104355533451,0.0,10,mild,32,18,RA-MPC,
False,,1.1500000000000004,-0.0043770479278905,1,33.41350006977144,1.0,23,mild,33,19,RA-MPC,
True,0.6,0.6,8.697704682276449,0,12.520469872900014,0.0,12,mild,37,20,RA-MPC,
True,1.4000000000000006,1.4000000000000006,0.0366652499715316,0,47.27681322305166,0.0,28,mild,38,21,RA-MPC,
True,0.2,0.2,9.194602141979937,0,5.108300176131926,0.0,4,mild,42,22,RA-MPC,
False,,0.3999999999999999,-0.0641543878737368,1,8.664486801661742,1.0,8,mild,44,23,RA-MPC,
True,1.1500000000000004,1.1500000000000004,0.0950239251493189,0,28.6392806597087,0.0,23,mild,47,24,RA-MPC,
False,,0.4499999999999999,-0.1395186409259964,1,11.668837918557076,1.0,9,mild,48,25,RA-MPC,
False,,0.8500000000000002,-0.1020727941196697,1,31.9849661077212,1.0,17,mild,53,26,RA-MPC,
True,1.0500000000000005,1.0500000000000005,0.0808625795411572,0,23.516834005007237,0.0,21,mild,54,27,RA-MPC,
False,,0.5499999999999999,-0.086142483972545,1,19.714202590848828,1.0,11,mild,55,28,RA-MPC,
True,0.4999999999999999,0.4999999999999999,9.830160767762942,0,13.367955483550665,0.0,10,mild,56,29,RA-MPC,
False,,0.5499999999999999,-0.029981078767578,1,22.78051303616336,1.0,11,mild,60,30,RA-MPC,
False,,0.8000000000000002,-0.0553676763804565,1,21.49803732163896,1.0,16,mild,61,31,RA-MPC,
False,,0.4999999999999999,-0.0543067025923081,1,19.176807112217794,1.0,10,mild,62,32,RA-MPC,
True,0.7500000000000001,0.7500000000000001,2.7655977536348257,0,13.19556289045164,0.0,15,mild,66,33,RA-MPC,
False,,0.6,-0.1200862035646289,1,15.833331529564878,1.0,12,mild,67,34,RA-MPC,
False,,0.5499999999999999,-0.050504293979978,1,16.94850625643866,1.0,11,mild,69,35,RA-MPC,
True,1.2000000000000004,1.2000000000000004,0.1121382859700638,0,29.494700635521507,0.0,24,mild,74,36,RA-MPC,
True,0.3,0.3,4.437604793873636,0,6.645520320706972,0.0,6,mild,77,37,RA-MPC,
False,,0.3999999999999999,-0.0391610790874841,1,13.330893141569234,1.0,8,mild,80,38,RA-MPC,
False,,0.4999999999999999,-0.0292004258047025,1,14.831476653371915,1.0,10,mild,81,39,RA-MPC,
True,0.65,0.65,4.486437843643157,0,11.167284632678347,0.0,13,mild,83,40,RA-MPC,
True,0.8000000000000002,0.8000000000000002,0.1116304863936253,0,16.15491877330693,0.0,16,mild,84,41,RA-MPC,
True,0.8000000000000002,0.8000000000000002,2.306020074447932,0,15.281303275038058,0.0,16,mild,90,42,RA-MPC,
True,0.65,0.65,2.3593440904107488,0,13.83728261043897,0.0,13,mild,98,43,RA-MPC,
True,0.15,0.15,6.300230716720952,0,4.53305884176958,0.0,3,mild,99,44,RA-MPC,
True,1.0500000000000005,1.0500000000000005,0.0381921607452017,0,25.60841490328518,0.0,21,mild,101,45,RA-MPC,
True,0.7000000000000001,0.7000000000000001,3.591716032270205,0,18.79230983072873,0.0,14,mild,102,46,RA-MPC,
True,1.2500000000000004,1.2500000000000004,0.0730816637237509,0,42.27898756508019,0.0,25,mild,103,47,RA-MPC,
True,0.65,0.65,9.451073925247243,0,10.913532354584047,0.0,13,mild,109,48,RA-MPC,
True,0.9500000000000004,0.9500000000000004,0.3285316567496978,0,32.76529370717219,0.0,19,mild,111,49,RA-MPC,
False,,0.4999999999999999,-0.0900912353053544,1,17.156290286147676,1.0,10,mild,112,50,RA-MPC,
True,1.3500000000000003,1.3500000000000003,0.0186062045573091,0,43.693643391561714,0.0,27,mild,115,51,RA-MPC,
False,,0.9000000000000002,-0.0366413101059825,1,20.54775651136221,1.0,18,mild,116,52,RA-MPC,
True,0.9500000000000004,0.9500000000000004,2.606841653688532,0,19.530602341813864,0.0,19,mild,117,53,RA-MPC,
False,,0.8000000000000002,-0.074124958282889,1,30.658565316255384,1.0,16,mild,118,54,RA-MPC,
False,,0.6,-0.1282976714830158,1,18.647559164850183,1.0,12,mild,119,55,RA-MPC,
False,,1.0500000000000005,-0.0911762073794426,1,34.99035407632857,1.0,21,mild,120,56,RA-MPC,
False,,0.65,-0.0203403227826687,1,16.950700649873152,1.0,13,mild,122,57,RA-MPC,
True,0.6,0.6,3.7211170528873416,0,14.558650960338388,0.0,12,mild,123,58,RA-MPC,
False,,0.8500000000000002,-0.0651518272497289,1,21.11114355665105,1.0,17,mild,126,59,RA-MPC,
False,,0.4499999999999999,-0.0469694975376929,1,18.20102418218309,1.0,9,mild,127,60,RA-MPC,
True,0.65,0.65,1.940813097786942,0,16.605161148886335,0.0,13,mild,132,61,RA-MPC,
False,,0.8500000000000002,-0.0704019586451007,1,34.10626724109075,1.0,17,mild,134,62,RA-MPC,
True,0.8500000000000002,0.8500000000000002,0.8608412432894225,0,22.75768122205596,0.0,17,mild,135,63,RA-MPC,
False,,0.6,-0.0073407120489838,1,24.5356306966149,1.0,12,mild,139,64,RA-MPC,
False,,1.1000000000000003,-0.0883375419017539,1,36.17140997211602,1.0,22,mild,140,65,RA-MPC,
True,0.7000000000000001,0.7000000000000001,0.0065906550140656,0,15.491081054450264,0.0,14,mild,148,66,RA-MPC,
False,,0.4499999999999999,-0.1455687981683865,1,10.991594421196016,1.0,9,mild,149,67,RA-MPC,
False,,0.6,-0.173150464957711,1,17.962167436742014,1.0,12,mild,150,68,RA-MPC,
False,,0.3999999999999999,-0.113287753187749,1,17.46325663814145,1.0,8,mild,151,69,RA-MPC,
True,0.3,0.3,1.5895489054684828,0,5.124226333714517,0.0,6,mild,152,70,RA-MPC,
False,,0.7000000000000001,-0.0437592463226561,1,19.527697379429064,1.0,14,mild,154,71,RA-MPC,
False,,0.9500000000000004,-0.0609606429916217,1,27.89798153086553,1.0,19,mild,157,72,RA-MPC,
True,0.65,0.65,4.14247226976711,0,14.14909622083498,0.0,13,mild,158,73,RA-MPC,
False,,1.0000000000000002,-0.0077229699365404,1,26.85398594470588,1.0,20,mild,159,74,RA-MPC,
False,,0.65,-0.0197714418156199,1,21.293532610725965,1.0,13,mild,161,75,RA-MPC,
True,0.65,0.65,0.0343306975501292,0,14.23114311727927,0.0,13,mild,164,76,RA-MPC,
False,,0.7500000000000001,-0.032070862407663,1,30.27123715782233,1.0,15,mild,165,77,RA-MPC,
True,0.7500000000000001,0.7500000000000001,0.0643911074808787,0,16.184388185968942,0.0,15,mild,177,78,RA-MPC,
False,,0.4499999999999999,-0.0920358233162746,1,14.592450662273738,1.0,9,mild,178,79,RA-MPC,
False,,0.65,-0.0063084452886843,1,24.969047943550144,1.0,13,mild,180,80,RA-MPC,
True,0.3,0.3,5.189877462128666,0,6.490846480109244,0.0,6,mild,181,81,RA-MPC,
False,,0.9500000000000004,-0.0041670518033617,1,41.84602028279182,1.0,19,mild,182,82,RA-MPC,
False,,0.8500000000000002,-0.0014105345202457,1,23.80490309358409,1.0,17,mild,183,83,RA-MPC,
True,0.8000000000000002,0.8000000000000002,1.0566304692497126,0,18.403668345014804,0.0,16,mild,184,84,RA-MPC,
False,,0.8500000000000002,-0.1240003116342104,1,21.09923494052754,1.0,17,mild,185,85,RA-MPC,
True,1.1500000000000004,1.1500000000000004,0.0078631640163757,0,29.60974148287166,0.0,23,mild,187,86,RA-MPC,
True,0.8500000000000002,0.8500000000000002,0.0453561605686381,0,16.69456126144089,0.0,17,mild,190,87,RA-MPC,
False,,0.5499999999999999,-0.0686765804315521,1,23.68135769853764,1.0,11,mild,191,88,RA-MPC,
False,,0.4999999999999999,-0.0617260951337387,1,19.248274921846697,1.0,10,mild,192,89,RA-MPC,
False,,0.65,-0.1049556254950586,1,14.502764378568934,1.0,13,mild,194,90,RA-MPC,
False,,0.4999999999999999,-0.0331593394879461,1,13.81046550716834,1.0,10,mild,195,91,RA-MPC,
True,1.1000000000000003,1.1000000000000003,0.0851187276205306,0,28.38782349548747,0.0,22,mild,196,92,RA-MPC,
False,,0.9500000000000004,-0.1578474410907878,1,37.80709951048701,1.0,19,mild,198,93,RA-MPC,
False,,1.1000000000000003,-0.1373299018398255,1,40.92757466130938,1.0,22,mild,199,94,RA-MPC,
False,,0.4499999999999999,-0.1520637444666691,1,18.871026923754467,1.0,9,mild,203,95,RA-MPC,
True,0.3999999999999999,0.3999999999999999,7.620092577108419,0,9.409308722821844,0.0,8,mild,206,96,RA-MPC,
False,,0.6,-0.1011624479301549,1,23.777150724843786,1.0,12,mild,216,97,RA-MPC,
False,,0.4499999999999999,-0.0650046107681283,1,19.917466708429995,1.0,9,mild,219,98,RA-MPC,
False,,0.7500000000000001,-0.0573114456907245,1,17.866011429234554,1.0,15,mild,220,99,RA-MPC,
False,,0.4499999999999999,0.3036216434416564,0,18.05106275028459,1.0,9,mild,223,100,RA-MPC,
False,,0.25,-0.3347449511906046,1,11.15302700278152,1.0,5,mild,226,101,RA-MPC,
False,,0.9500000000000004,-0.0326383194252401,1,21.929725964220943,1.0,19,mild,230,102,RA-MPC,
False,,0.4499999999999999,0.0359010052113944,0,19.890166897518004,1.0,9,mild,233,103,RA-MPC,
True,1.0500000000000005,1.0500000000000005,3.553001999036862,0,33.9204359518665,0.0,21,mild,236,104,RA-MPC,
True,1.1000000000000003,1.1000000000000003,0.0440477440410841,0,31.55925776912524,0.0,22,mild,238,105,RA-MPC,
True,0.6,0.6,4.078448420203625,0,9.834845335942422,0.0,12,mild,239,106,RA-MPC,
False,,0.35,-0.025671973967036,1,17.230276138985147,1.0,7,mild,240,107,RA-MPC,
False,,0.8500000000000002,-0.0497737878826291,1,25.697344288251635,1.0,17,mild,241,108,RA-MPC,
False,,0.5499999999999999,-0.0652634396556207,1,15.35843467015167,1.0,11,mild,242,109,RA-MPC,
True,0.5499999999999999,0.5499999999999999,0.2056034385574169,0,8.09983130048325,0.0,11,mild,244,110,RA-MPC,
False,,0.9000000000000002,-0.0548494328538866,1,35.58377557680958,1.0,18,mild,245,111,RA-MPC,
False,,0.6,-0.0619169676806665,1,17.82171758152291,1.0,12,mild,246,112,RA-MPC,
False,,0.65,-0.1302762567761562,1,18.51757890444249,1.0,13,mild,252,113,RA-MPC,
False,,0.6,-0.0443999354880505,1,24.832825266339626,1.0,12,mild,253,114,RA-MPC,
False,,0.6,-0.1060499468961422,1,15.605020093550271,1.0,12,mild,256,115,RA-MPC,
True,1.3000000000000005,1.3000000000000005,0.059500317387115,0,43.42514942135571,0.0,26,mild,258,116,RA-MPC,
True,0.4499999999999999,0.4499999999999999,0.1660474227484288,0,7.559413395292099,0.0,9,mild,262,117,RA-MPC,
False,,1.1500000000000004,-0.0208658165542455,1,32.19974945486654,1.0,23,mild,265,118,RA-MPC,
False,,0.9500000000000004,-0.0056413415212545,1,29.426151697109884,1.0,19,mild,271,119,RA-MPC,
False,,0.4999999999999999,-0.0205403516003321,1,14.408857343265908,1.0,10,mild,272,120,RA-MPC,
False,,0.4999999999999999,-0.062047697328635,1,14.014723808437854,1.0,10,mild,275,121,RA-MPC,
False,,0.9000000000000002,-0.0037971970151881,1,22.05423558676473,1.0,18,mild,277,122,RA-MPC,
False,,0.4999999999999999,-0.0853543658007034,1,13.208147031401516,1.0,10,mild,278,123,RA-MPC,
False,,0.6,-0.0694844499261289,1,18.43750257266084,1.0,12,mild,280,124,RA-MPC,
False,,0.7000000000000001,-0.096176019977497,1,22.8178452454124,1.0,14,mild,286,125,RA-MPC,
True,0.7500000000000001,0.7500000000000001,1.5971694714136746,0,16.136927199221283,0.0,15,mild,288,126,RA-MPC,
False,,0.9500000000000004,-0.0349439742077995,1,33.48992812007361,1.0,19,mild,289,127,RA-MPC,
True,0.7500000000000001,0.7500000000000001,7.0154451355274885,0,13.976614852148998,0.0,15,mild,294,128,RA-MPC,
False,,0.2,-0.1392224401227174,1,6.757788133980565,1.0,4,mild,296,129,RA-MPC,
True,0.9500000000000004,0.9500000000000004,0.7507792102435911,0,16.34130497232529,0.0,19,mild,297,130,RA-MPC,
True,0.4999999999999999,0.4999999999999999,7.2406750362215,0,10.609960127965456,0.0,10,mild,299,131,RA-MPC,
False,,0.5499999999999999,-0.1402485495009729,1,13.050887470535422,1.0,11,mild,301,132,RA-MPC,
True,1.0500000000000005,1.0500000000000005,0.104153146267955,0,24.36143283092928,0.0,21,mild,302,133,RA-MPC,
False,,0.5499999999999999,-0.0136839930731045,1,14.715061647243722,1.0,11,mild,310,134,RA-MPC,
True,0.65,0.65,5.205687850445236,0,11.471840772199524,0.0,13,mild,311,135,RA-MPC,
True,0.65,0.65,9.397380215332648,0,14.291005209419144,0.0,13,mild,318,136,RA-MPC,
True,0.7500000000000001,0.7500000000000001,2.1686126438104885,0,15.078503755345697,0.0,15,mild,319,137,RA-MPC,
False,,0.4499999999999999,-0.0284763965807997,1,11.401010066751144,1.0,9,mild,322,138,RA-MPC,
True,0.3999999999999999,0.3999999999999999,1.2947264729779853,0,8.859133107658213,0.0,8,mild,332,139,RA-MPC,
True,0.25,0.25,9.603223521547802,0,6.945983279332979,0.0,5,mild,335,140,RA-MPC,
False,,0.3,-0.0550763592168261,1,8.779074393880254,1.0,6,mild,336,141,RA-MPC,
True,0.9500000000000004,0.9500000000000004,0.0106072384127749,0,20.046984421334788,0.0,19,mild,338,142,RA-MPC,
True,0.7500000000000001,0.7500000000000001,9.040578582588326,0,21.63367341407949,0.0,15,mild,342,143,RA-MPC,
True,1.0500000000000005,1.0500000000000005,0.0376643258325866,0,21.02001566192767,0.0,21,mild,348,144,RA-MPC,
False,,0.3999999999999999,-0.5221925828635167,1,17.683544657880883,1.0,8,mild,349,145,RA-MPC,
False,,0.9500000000000004,-0.152628578207167,1,35.82206352332002,1.0,19,mild,350,146,RA-MPC,
False,,0.8500000000000002,-0.1276985463822413,1,27.665157498414658,1.0,17,mild,355,147,RA-MPC,
False,,0.4499999999999999,-0.0786483064640992,1,12.72523239748532,1.0,9,mild,358,148,RA-MPC,
True,0.8500000000000002,0.8500000000000002,0.1313157228423377,0,23.62443017297229,0.0,17,mild,360,149,RA-MPC,
False,,0.4499999999999999,-0.0861740200626121,1,14.683661127899532,1.0,9,mild,364,150,RA-MPC,
False,,0.25,-0.0359288422422974,1,9.229082462429318,1.0,5,mild,365,151,RA-MPC,
False,,1.0500000000000005,-0.1543675386827205,1,45.10035560372696,1.0,21,mild,366,152,RA-MPC,
False,,1.2500000000000004,-0.0284208595818312,1,44.07895308891406,1.0,25,mild,367,153,RA-MPC,
True,0.8000000000000002,0.8000000000000002,0.6090873719173848,0,14.105486869226151,0.0,16,mild,368,154,RA-MPC,
True,0.5499999999999999,0.5499999999999999,9.443928215476516,0,11.421774585593871,0.0,11,mild,369,155,RA-MPC,
True,0.7500000000000001,0.7500000000000001,0.0664657759800502,0,19.110262886369423,0.0,15,mild,372,156,RA-MPC,
False,,0.3999999999999999,-0.2364425332551479,1,11.676728753327142,1.0,8,mild,374,157,RA-MPC,
False,,0.4499999999999999,-0.0011714437163832,1,15.18320899310764,1.0,9,mild,375,158,RA-MPC,
True,0.6,0.6,5.241225034166126,0,11.573747022831418,0.0,12,mild,380,159,RA-MPC,
False,,0.3999999999999999,0.2555733867295622,0,18.20911711908817,1.0,8,mild,382,160,RA-MPC,
False,,1.1000000000000003,-0.0386197727085359,1,40.01260213568242,1.0,22,mild,383,161,RA-MPC,
True,0.7000000000000001,0.7000000000000001,8.245035674639801,0,16.805346946834366,0.0,14,mild,387,162,RA-MPC,
False,,1.2500000000000004,-0.1199265644130615,1,41.89865539508409,1.0,25,mild,388,163,RA-MPC,
False,,0.4999999999999999,-0.0238642583028761,1,11.038286873052204,1.0,10,mild,391,164,RA-MPC,
False,,0.4499999999999999,-0.1140530355542751,1,12.669539343237664,1.0,9,mild,395,165,RA-MPC,
True,0.7500000000000001,0.7500000000000001,0.0669470373619266,0,15.346599749946998,0.0,15,mild,400,166,RA-MPC,
False,,0.9500000000000004,-0.0219859248280462,1,33.340913312087864,1.0,19,mild,401,167,RA-MPC,
False,,0.5499999999999999,-0.0691753093878563,1,12.533724545134202,1.0,11,mild,402,168,RA-MPC,
False,,0.35,-0.0489158313076935,1,3.252723625273592,1.0,7,mild,405,169,RA-MPC,
False,,0.8000000000000002,-0.1449737843489826,1,29.743712665220848,1.0,16,mild,408,170,RA-MPC,
True,0.65,0.65,1.6707649717625497,0,14.905347862632292,0.0,13,mild,409,171,RA-MPC,
False,,0.3,0.2853031668119477,0,13.6039436240459,1.0,6,mild,412,172,RA-MPC,
False,,1.0000000000000002,-0.0708736543060753,1,31.69110914851276,1.0,20,mild,413,173,RA-MPC,
False,,0.65,-0.2191373156130181,1,15.510784363769249,1.0,13,mild,415,174,RA-MPC,
True,0.9500000000000004,0.9500000000000004,0.0466929352562217,0,18.412334832021543,0.0,19,mild,416,175,RA-MPC,
False,,0.35,-0.0326213199666861,1,10.128464110901298,1.0,7,mild,417,176,RA-MPC,
False,,0.9500000000000004,-0.0781069091738408,1,30.602982346427115,1.0,19,mild,419,177,RA-MPC,
True,1.0500000000000005,1.0500000000000005,0.104015098522599,0,23.093096237310437,0.0,21,mild,425,178,RA-MPC,
True,1.0000000000000002,1.0000000000000002,0.0438835671768887,0,19.20647558108365,0.0,20,mild,426,179,RA-MPC,
True,0.65,0.65,9.186003800848844,0,10.54327575392914,0.0,13,mild,429,180,RA-MPC,
True,0.3,0.3,4.992912959512682,0,6.851195151884535,0.0,6,mild,433,181,RA-MPC,
True,0.7500000000000001,0.7500000000000001,9.202740369536402,0,12.674465658049906,0.0,15,mild,434,182,RA-MPC,
True,1.2500000000000004,1.2500000000000004,0.0360055817965601,0,29.89939529291803,0.0,25,mild,435,183,RA-MPC,
True,0.4499999999999999,0.4499999999999999,3.29583540377553,0,9.792793442432066,0.0,9,mild,436,184,RA-MPC,
True,0.4499999999999999,0.4499999999999999,9.709399899629618,0,9.836051175405242,0.0,9,mild,439,185,RA-MPC,
False,,0.5499999999999999,-0.0612250794818338,1,14.698782732853278,1.0,11,mild,444,186,RA-MPC,
False,,0.5499999999999999,-0.140479919873923,1,15.12054571835472,1.0,11,mild,445,187,RA-MPC,
False,,0.4999999999999999,-0.0506716813383331,1,12.883013754694762,1.0,10,mild,446,188,RA-MPC,
False,,0.3999999999999999,-0.1339019940825108,1,12.422541652390652,1.0,8,mild,447,189,RA-MPC,
True,0.9000000000000002,0.9000000000000002,0.0672412261304292,0,24.155230922971462,0.0,18,mild,448,190,RA-MPC,
True,0.3,0.3,4.226469820408331,0,5.770840980675376,0.0,6,mild,449,191,RA-MPC,
False,,0.35,-0.1247412910802142,1,8.934715668621779,1.0,7,mild,452,192,RA-MPC,
False,,0.65,-0.0228935325127473,1,19.440496497010795,1.0,13,mild,453,193,RA-MPC,
False,,0.6,-0.0109271438562627,1,25.07291305372077,1.0,12,mild,455,194,RA-MPC,
True,0.35,0.35,3.51586007330208,0,8.206627272294691,0.0,7,mild,456,195,RA-MPC,
True,0.5499999999999999,0.5499999999999999,2.015692515673135,0,13.620383067707936,0.0,11,mild,458,196,RA-MPC,
True,0.2,0.2,4.904673199184427,0,5.8686678185510806,0.0,4,mild,459,197,RA-MPC,
False,,0.7500000000000001,-0.0213720477167295,1,19.863556007563847,1.0,15,mild,462,198,RA-MPC,
True,0.8500000000000002,0.8500000000000002,0.0678721992987512,0,14.925129770522917,0.0,17,mild,465,199,RA-MPC,
True,0.9000000000000002,0.9000000000000002,0.7272855571190102,0,20.905797036655777,0.0,18,mild,466,200,RA-MPC,
True,0.65,0.65,4.677731629313081,0,13.77774219391043,0.0,13,mild,468,201,RA-MPC,
False,,0.35,-0.0286240876701892,1,14.433859601153523,1.0,7,mild,469,202,RA-MPC,
False,,0.5499999999999999,-0.1624355699774093,1,23.17374120728013,1.0,11,mild,471,203,RA-MPC,
False,,0.3999999999999999,-0.1029970851472539,1,13.064137813899212,1.0,8,mild,473,204,RA-MPC,
False,,0.5499999999999999,-0.1520776497662689,1,22.41530593098218,1.0,11,mild,475,205,RA-MPC,
True,0.7500000000000001,0.7500000000000001,8.603139030819426,0,14.321546984533803,0.0,15,mild,476,206,RA-MPC,
False,,0.8000000000000002,-0.001742465721417,1,24.24010989561825,1.0,16,mild,478,207,RA-MPC,
False,,0.6,-0.0416137627486109,1,19.83421484752279,1.0,12,mild,481,208,RA-MPC,
True,1.0000000000000002,1.0000000000000002,0.0875808452941939,0,23.14464562749012,0.0,20,mild,483,209,RA-MPC,
False,,0.65,-0.0140519588835163,1,20.88112890812355,1.0,13,mild,485,210,RA-MPC,
False,,0.8000000000000002,-0.0724344523563086,1,34.84298196789912,1.0,16,mild,488,211,RA-MPC,
False,,0.3999999999999999,-0.0856605600695277,1,18.304637213753253,1.0,8,mild,489,212,RA-MPC,
True,0.65,0.65,7.753133743895335,0,13.47231339774802,0.0,13,mild,493,213,RA-MPC,
False,,1.1500000000000004,-0.0076471360102751,1,47.37643800193501,1.0,23,mild,498,214,RA-MPC,
True,0.7500000000000001,0.7500000000000001,1.85473479171767,0,17.24917550458717,0.0,15,mild,502,215,RA-MPC,
False,,0.4499999999999999,-0.1360950695746273,1,21.488551785512115,1.0,9,mild,506,216,RA-MPC,
False,,1.1000000000000003,-0.2016796323444681,1,39.95410181455087,1.0,22,mild,508,217,RA-MPC,
False,,0.25,0.928782416090252,0,10.066690786348776,1.0,5,mild,514,218,RA-MPC,
False,,0.7000000000000001,-0.168803873459819,1,18.2660714681763,1.0,14,mild,517,219,RA-MPC,
False,,0.5499999999999999,-0.0295284942292532,1,21.728854332956924,1.0,11,mild,519,220,RA-MPC,
False,,0.9500000000000004,-0.0088263807924623,1,25.46139395166253,1.0,19,mild,520,221,RA-MPC,
False,,0.65,-0.0182972882033675,1,20.598162453538084,1.0,13,mild,521,222,RA-MPC,
True,1.4500000000000006,1.4500000000000006,0.0148572937002837,0,50.163472801332034,0.0,29,mild,522,223,RA-MPC,
False,,0.4499999999999999,1.1200577529033435,0,20.662330955325643,1.0,9,mild,523,224,RA-MPC,
True,0.7500000000000001,0.7500000000000001,6.421196008979498,0,13.422984708439088,0.0,15,mild,528,225,RA-MPC,
False,,0.8500000000000002,-0.1382637129882855,1,27.241636422568572,1.0,17,mild,535,226,RA-MPC,
False,,0.6,-0.1008502168261826,1,15.95466011578837,1.0,12,mild,536,227,RA-MPC,
False,,0.9500000000000004,-0.0082677977570457,1,35.55486029408814,1.0,19,mild,540,228,RA-MPC,
False,,0.6,-0.1443412597717447,1,17.89152852117574,1.0,12,mild,541,229,RA-MPC,
True,1.0000000000000002,1.0000000000000002,0.0422320751628592,0,28.376121693598154,0.0,20,mild,544,230,RA-MPC,
True,0.4499999999999999,0.4499999999999999,4.937954754753899,0,7.133305504050936,0.0,9,mild,546,231,RA-MPC,
True,1.1500000000000004,1.1500000000000004,0.0023642468412045,0,25.04317701316669,0.0,23,mild,548,232,RA-MPC,
False,,0.6,-0.0214356140578895,1,16.61811005325972,1.0,12,mild,550,233,RA-MPC,
False,,0.6,-0.156331937680811,1,17.203413533523847,1.0,12,mild,553,234,RA-MPC,
False,,0.9500000000000004,-0.100140340040235,1,32.7011369349391,1.0,19,mild,554,235,RA-MPC,
True,0.25,0.25,1.308759403877381,0,5.328230876307441,0.0,5,mild,556,236,RA-MPC,
False,,0.3999999999999999,-0.0349461058117731,1,14.832856646831624,1.0,8,mild,558,237,RA-MPC,
False,,0.65,-0.12558589456059,1,17.167052884073136,1.0,13,mild,559,238,RA-MPC,
True,0.4499999999999999,0.4499999999999999,1.6066193558460735,0,6.760855861251828,0.0,9,mild,562,239,RA-MPC,
True,0.4999999999999999,0.4999999999999999,2.8452917737313856,0,9.007655508201251,0.0,10,mild,563,240,RA-MPC,
False,,0.6,-0.115877760774275,1,14.32383222875865,1.0,12,mild,567,241,RA-MPC,
False,,0.6,-0.0505069514639122,1,25.06400905012037,1.0,12,mild,568,242,RA-MPC,
False,,0.7000000000000001,-0.0477706942172084,1,20.896489897957075,1.0,14,mild,571,243,RA-MPC,
False,,0.3,-0.0241717657037847,1,7.990831263526049,1.0,6,mild,573,244,RA-MPC,
False,,0.3,-0.0219258233529771,1,13.025221543264236,1.0,6,mild,574,245,RA-MPC,
False,,0.5499999999999999,-0.0691675158579066,1,19.53067305491441,1.0,11,mild,577,246,RA-MPC,
False,,0.8000000000000002,-0.0689030368266752,1,24.58834168685312,1.0,16,mild,581,247,RA-MPC,
False,,0.8500000000000002,-0.0398646745283586,1,19.585834220673416,1.0,17,mild,584,248,RA-MPC,
True,0.8000000000000002,0.8000000000000002,0.2683067169432491,0,18.01228272638469,0.0,16,mild,585,249,RA-MPC,
True,0.3,0.3,8.792055187236782,0,5.369504906391351,0.0,6,mild,586,250,RA-MPC,
True,0.5499999999999999,0.5499999999999999,0.2183443197902548,0,10.02294129925299,0.0,11,mild,589,251,RA-MPC,
True,0.25,0.25,2.392223777380284,0,2.146546815352436,0.0,5,mild,590,252,RA-MPC,
False,,0.4499999999999999,-0.0349135332710215,1,19.92367677520831,1.0,9,mild,591,253,RA-MPC,
True,0.7000000000000001,0.7000000000000001,6.9978541433762445,0,16.105943210943924,0.0,14,mild,592,254,RA-MPC,
False,,0.4999999999999999,-0.1099818722203166,1,13.710477671633845,1.0,10,mild,593,255,RA-MPC,
False,,0.4999999999999999,-0.0042190876822683,1,13.065055517314534,1.0,10,mild,594,256,RA-MPC,
True,0.7500000000000001,0.7500000000000001,7.506068396358705,0,16.953287422760752,0.0,15,mild,597,257,RA-MPC,
True,0.8000000000000002,0.8000000000000002,4.402558164336298,0,14.937041343479656,0.0,16,mild,598,258,RA-MPC,
False,,0.3,0.3300489508429483,0,13.163566726690366,1.0,6,mild,600,259,RA-MPC,
True,0.8500000000000002,0.8500000000000002,4.862871362105466,0,14.741688613011569,0.0,17,mild,604,260,RA-MPC,
True,0.7000000000000001,0.7000000000000001,3.3660114104711063,0,10.164299757542596,0.0,14,mild,606,261,RA-MPC,
True,0.4999999999999999,0.4999999999999999,6.879097929030422,0,10.744549160639243,0.0,10,mild,613,262,RA-MPC,
False,,0.6,-0.0248367910439315,1,26.650788211618465,1.0,12,mild,614,263,RA-MPC,
False,,1.0500000000000005,-0.0002073074048398,1,44.58525300040528,1.0,21,mild,615,264,RA-MPC,
True,0.7500000000000001,0.7500000000000001,0.0321362388085522,0,15.106327475261743,0.0,15,mild,621,265,RA-MPC,
False,,0.5499999999999999,-0.1395884868191594,1,12.749530174664494,1.0,11,mild,623,266,RA-MPC,
False,,0.9000000000000002,-0.1210285145423348,1,39.313544733243205,1.0,18,mild,631,267,RA-MPC,
True,0.9000000000000002,0.9000000000000002,4.35691165073816,0,18.536298933272278,0.0,18,mild,634,268,RA-MPC,
False,,0.65,-0.1273453076483826,1,24.36304866945563,1.0,13,mild,637,269,RA-MPC,
True,1.0500000000000005,1.0500000000000005,0.0768959448787267,0,20.226221146346305,0.0,21,mild,639,270,RA-MPC,
True,0.65,0.65,8.627163707058559,0,9.914284144984828,0.0,13,mild,644,271,RA-MPC,
False,,1.0000000000000002,-0.0995000465422085,1,41.76737533368917,1.0,20,mild,645,272,RA-MPC,
False,,0.8000000000000002,-0.0777608291598393,1,23.838774356291644,1.0,16,mild,646,273,RA-MPC,
False,,0.5499999999999999,-0.1788792262156726,1,24.90272097952807,1.0,11,mild,654,274,RA-MPC,
True,0.7500000000000001,0.7500000000000001,2.1115365647872624,0,17.760284014189562,0.0,15,mild,655,275,RA-MPC,
False,,0.7500000000000001,-0.1175149524201036,1,29.99059925623056,1.0,15,mild,661,276,RA-MPC,
False,,0.9000000000000002,-0.1178826523445159,1,28.544074112317936,1.0,18,mild,662,277,RA-MPC,
True,0.7000000000000001,0.7000000000000001,0.6340892998787185,0,15.173865811005808,0.0,14,mild,665,278,RA-MPC,
False,,0.5499999999999999,-0.092486779748957,1,20.87200322171209,1.0,11,mild,667,279,RA-MPC,
False,,0.35,-0.0480175163933774,1,13.16662839326946,1.0,7,mild,668,280,RA-MPC,
False,,1.2500000000000004,-0.0870865600414129,1,33.40300744401257,1.0,25,mild,671,281,RA-MPC,
True,0.6,0.6,7.841551615954844,0,12.28081108148285,0.0,12,mild,672,282,RA-MPC,
False,,0.9500000000000004,-0.0486686061247722,1,36.22894754366734,1.0,19,mild,675,283,RA-MPC,
False,,0.4999999999999999,-0.0303194955509141,1,18.60616313403477,1.0,10,mild,676,284,RA-MPC,
False,,0.5499999999999999,-0.0312845977646677,1,17.77456425704196,1.0,11,mild,678,285,RA-MPC,
False,,0.8500000000000002,-0.0647424953060651,1,35.11545237902959,1.0,17,mild,679,286,RA-MPC,
True,1.0500000000000005,1.0500000000000005,0.2983002953402301,0,19.28786244615164,0.0,21,mild,681,287,RA-MPC,
True,1.4000000000000006,1.4000000000000006,0.0518203185946511,0,42.39137100845284,0.0,28,moderate,1,0,RA-MPC,
True,1.2000000000000004,1.2000000000000004,0.0321447993398455,0,42.34567586828234,0.0,24,moderate,2,1,RA-MPC,
True,0.6,0.6,5.592582002116371,0,16.265491779350814,0.0,12,moderate,4,2,RA-MPC,
False,,0.3,-1.180704680599455,1,7.893956389081557,1.0,6,moderate,6,3,RA-MPC,
False,,1.0500000000000005,-0.0394895068162499,1,37.36726014546073,1.0,21,moderate,7,4,RA-MPC,
True,0.5499999999999999,0.5499999999999999,0.6619685726425086,0,8.845069402603015,0.0,11,moderate,10,5,RA-MPC,
False,,0.3999999999999999,-1.0412462891600989,1,18.54432619543234,1.0,8,moderate,12,6,RA-MPC,
True,0.9000000000000002,0.9000000000000002,3.4991185599237413,0,15.499436277886286,0.0,18,moderate,13,7,RA-MPC,
False,,0.3999999999999999,-0.1512034834717002,1,19.250523069201247,1.0,8,moderate,15,8,RA-MPC,
False,,0.35,0.1864672494383481,0,14.82045451903879,1.0,7,moderate,18,9,RA-MPC,
True,0.8000000000000002,0.8000000000000002,3.158755240649091,0,19.606991983966605,0.0,16,moderate,19,10,RA-MPC,
True,0.3999999999999999,0.3999999999999999,2.325211822548498,0,10.934901166310688,0.0,8,moderate,21,11,RA-MPC,
False,,0.4999999999999999,-0.1624742776244502,1,10.216672690637829,1.0,10,moderate,22,12,RA-MPC,
False,,0.6,-0.5183542947856669,1,20.70154307086812,1.0,12,moderate,23,13,RA-MPC,
False,,0.8500000000000002,-0.1951743601719877,1,24.331833520429736,1.0,17,moderate,24,14,RA-MPC,
True,0.5499999999999999,0.5499999999999999,4.783679289557483,0,9.13574654623399,0.0,11,moderate,26,15,RA-MPC,
True,0.6,0.6,2.625488432304432,0,13.38845241062089,0.0,12,moderate,29,16,RA-MPC,
False,,1.1500000000000004,-0.481520550692157,1,39.30034138872569,1.0,23,moderate,30,17,RA-MPC,
True,0.4999999999999999,0.4999999999999999,1.491863255684049,0,12.097083605112308,0.0,10,moderate,32,18,RA-MPC,
False,,0.05,-0.0293197638303089,1,2.499985925905535,1.0,1,moderate,33,19,RA-MPC,
True,0.65,0.65,7.75061513913228,0,12.45555598919993,0.0,13,moderate,37,20,RA-MPC,
False,,1.0000000000000002,-0.1021864505837491,1,36.93329067497574,1.0,20,moderate,38,21,RA-MPC,
True,0.25,0.25,9.194602141979937,0,5.707629540861732,0.0,5,moderate,42,22,RA-MPC,
True,0.7000000000000001,0.7000000000000001,0.4028243338757419,0,9.757284998628691,0.0,14,moderate,44,23,RA-MPC,
True,1.1000000000000003,1.1000000000000003,0.2079035862801784,0,27.60647690640091,0.0,22,moderate,47,24,RA-MPC,
False,,0.5499999999999999,-0.0196047372831595,1,13.963401714440842,1.0,11,moderate,48,25,RA-MPC,
False,,0.7500000000000001,-0.3976631503118595,1,30.686895219989744,1.0,15,moderate,53,26,RA-MPC,
True,1.1000000000000003,1.1000000000000003,0.3112486436869638,0,24.757325687837028,0.0,22,moderate,54,27,RA-MPC,
False,,0.7000000000000001,-0.1912235558021812,1,24.1721502637779,1.0,14,moderate,55,28,RA-MPC,
True,0.4999999999999999,0.4999999999999999,10.223943650151345,0,13.405336008691965,0.0,10,moderate,56,29,RA-MPC,
False,,0.3999999999999999,-0.038551034315129,1,17.91931880802821,1.0,8,moderate,60,30,RA-MPC,
False,,0.8500000000000002,-0.1633787350531856,1,21.235923595980047,1.0,17,moderate,61,31,RA-MPC,
False,,0.25,0.1256825362973793,0,11.588498201360952,1.0,5,moderate,62,32,RA-MPC,
True,0.7000000000000001,0.7000000000000001,2.421833010557992,0,13.117550221896916,0.0,14,moderate,66,33,RA-MPC,
False,,0.35,-0.034764488039612,1,9.59404446545672,1.0,7,moderate,67,34,RA-MPC,
False,,0.6,-0.0383314096694724,1,19.226336287010906,1.0,12,moderate,69,35,RA-MPC,
False,,0.8500000000000002,-0.0022338548361227,1,19.98617379977384,1.0,17,moderate,74,36,RA-MPC,
True,0.3,0.3,4.878555509437261,0,6.6942584729428525,0.0,6,moderate,77,37,RA-MPC,
False,,0.4499999999999999,-0.4966306476071825,1,15.094910320971692,1.0,9,moderate,80,38,RA-MPC,
False,,0.6,-0.3507657592004781,1,16.183290125161964,1.0,12,moderate,81,39,RA-MPC,
True,0.65,0.65,4.486437843643157,0,11.244840359878074,0.0,13,moderate,83,40,RA-MPC,
False,,0.5499999999999999,-0.1767274795087036,1,14.447484717429656,1.0,11,moderate,84,41,RA-MPC,
True,0.8000000000000002,0.8000000000000002,2.673384005496052,0,15.394161160053118,0.0,16,moderate,90,42,RA-MPC,
True,0.65,0.65,2.083612560268175,0,13.99573895146273,0.0,13,moderate,98,43,RA-MPC,
True,0.2,0.2,6.423269668304864,0,5.587108816812049,0.0,4,moderate,99,44,RA-MPC,
False,,0.65,-0.183775309648202,1,16.900758774998035,1.0,13,moderate,101,45,RA-MPC,
True,0.7500000000000001,0.7500000000000001,5.013130554527963,0,19.545162024276703,0.0,15,moderate,102,46,RA-MPC,
False,,0.9500000000000004,-0.1352589876220893,1,36.09465955470976,1.0,19,moderate,103,47,RA-MPC,
True,0.65,0.65,9.3507835892075,0,11.070112237160252,0.0,13,moderate,109,48,RA-MPC,
True,0.9500000000000004,0.9500000000000004,0.4358962748228688,0,32.63957835607936,0.0,19,moderate,111,49,RA-MPC,
False,,0.4499999999999999,-0.3429459883872991,1,15.746943679489917,1.0,9,moderate,112,50,RA-MPC,
False,,0.15,-0.1734137935125609,1,6.719962892971939,1.0,3,moderate,115,51,RA-MPC,
False,,0.7500000000000001,-0.0843226198111172,1,18.47391740316945,1.0,15,moderate,116,52,RA-MPC,
True,0.9500000000000004,0.9500000000000004,2.035551140649602,0,19.43850779549169,0.0,19,moderate,117,53,RA-MPC,
False,,1.0000000000000002,-0.2189293002294209,1,33.06380122555709,1.0,20,moderate,118,54,RA-MPC,
False,,0.65,-0.2882493216201803,1,20.334077815992917,1.0,13,moderate,119,55,RA-MPC,
False,,1.0500000000000005,-0.0027762521550234,1,36.20308841965356,1.0,21,moderate,120,56,RA-MPC,
False,,0.65,-0.5258010920827506,1,16.48791428691361,1.0,13,moderate,122,57,RA-MPC,
True,0.6,0.6,4.471587720895941,0,14.476614688407649,0.0,12,moderate,123,58,RA-MPC,
False,,0.65,-0.3731316470216982,1,18.754174552932287,1.0,13,moderate,126,59,RA-MPC,
False,,0.4999999999999999,-0.1714672307364726,1,20.60568133189065,1.0,10,moderate,127,60,RA-MPC,
True,0.65,0.65,0.2432747507866886,0,15.769940686110452,0.0,13,moderate,132,61,RA-MPC,
False,,0.9500000000000004,-0.0330766969399183,1,34.21826244178779,1.0,19,moderate,134,62,RA-MPC,
False,,0.6,-0.2158216726637117,1,20.6864954424154,1.0,12,moderate,135,63,RA-MPC,
False,,0.7000000000000001,-0.3688931341181425,1,28.6895066519915,1.0,14,moderate,139,64,RA-MPC,
False,,0.8500000000000002,-0.0279259759144079,1,34.20495201602051,1.0,17,moderate,140,65,RA-MPC,
True,0.7000000000000001,0.7000000000000001,2.6920562252946434,0,16.231516679949518,0.0,14,moderate,148,66,RA-MPC,
False,,0.4499999999999999,-0.108069766376655,1,11.131769767055255,1.0,9,moderate,149,67,RA-MPC,
False,,0.4999999999999999,-0.3255188411608856,1,14.250526096284114,1.0,10,moderate,150,68,RA-MPC,
True,0.9000000000000002,0.9000000000000002,0.4970291458436794,0,21.760167555655386,0.0,18,moderate,151,69,RA-MPC,
True,0.3,0.3,1.5895489054684828,0,5.0180338999035445,0.0,6,moderate,152,70,RA-MPC,
False,,1.0000000000000002,-0.2296802511467754,1,28.770407939166933,1.0,20,moderate,154,71,RA-MPC,
False,,0.7000000000000001,-0.387826378883113,1,22.568896469769417,1.0,14,moderate,157,72,RA-MPC,
True,0.65,0.65,3.276944756490637,0,14.057610240492496,0.0,13,moderate,158,73,RA-MPC,
False,,1.0000000000000002,-0.1000662702323921,1,26.363354836820484,1.0,20,moderate,159,74,RA-MPC,
False,,0.7000000000000001,-0.0411725370142415,1,22.533195197445995,1.0,14,moderate,161,75,RA-MPC,
True,0.65,0.65,1.0292200394193556,0,13.873035276878426,0.0,13,moderate,164,76,RA-MPC,
False,,0.8000000000000002,-0.4093400813031231,1,31.8358506451916,1.0,16,moderate,165,77,RA-MPC,
True,0.7500000000000001,0.7500000000000001,0.3201056969207259,0,16.1280719472186,0.0,15,moderate,177,78,RA-MPC,
True,1.3000000000000005,1.3000000000000005,0.0156549273130671,0,38.29047441170086,0.0,26,moderate,178,79,RA-MPC,
True,0.9500000000000004,0.9500000000000004,0.2691212237091894,0,27.50112815093537,0.0,19,moderate,180,80,RA-MPC,
True,0.3,0.3,5.154720346958081,0,6.5919337616060005,0.0,6,moderate,181,81,RA-MPC,
False,,0.9500000000000004,-0.1166225919946251,1,41.92976755768688,1.0,19,moderate,182,82,RA-MPC,
False,,0.9500000000000004,-0.2460502880135978,1,25.703343442530382,1.0,19,moderate,183,83,RA-MPC,
True,0.8000000000000002,0.8000000000000002,1.412761024682619,0,18.5595055715289,0.0,16,moderate,184,84,RA-MPC,
False,,0.7500000000000001,-0.3677964925218742,1,18.885946151227092,1.0,15,moderate,185,85,RA-MPC,
False,,0.8000000000000002,-0.0507093732172766,1,22.443566286341344,1.0,16,moderate,187,86,RA-MPC,
False,,0.05,-1.255465658716096,1,1.856608654413076,1.0,1,moderate,190,87,RA-MPC,
False,,0.5499999999999999,-0.4142089003329388,1,24.2832746240906,1.0,11,moderate,191,88,RA-MPC,
False,,0.3,-0.2431558734174755,1,10.470559451705387,1.0,6,moderate,192,89,RA-MPC,
True,0.9500000000000004,0.9500000000000004,0.3482000207167843,0,17.54246863635293,0.0,19,moderate,194,90,RA-MPC,
False,,0.4499999999999999,-0.0753604224042357,1,12.956188840851578,1.0,9,moderate,195,91,RA-MPC,
False,,0.65,-0.2544026588231741,1,17.134516895552657,1.0,13,moderate,196,92,RA-MPC,
False,,1.1000000000000003,-0.3123574963613399,1,40.23616992688519,1.0,22,moderate,198,93,RA-MPC,
True,1.4000000000000006,1.4000000000000006,0.0438664989119674,0,49.71016024610272,0.0,28,moderate,199,94,RA-MPC,
False,,0.4999999999999999,-0.072068688123961,1,21.89226011685597,1.0,10,moderate,203,95,RA-MPC,
True,0.4499999999999999,0.4499999999999999,7.620092577108419,0,9.854394615807564,0.0,9,moderate,206,96,RA-MPC,
False,,0.5499999999999999,-0.5381902949345321,1,19.92877916674896,1.0,11,moderate,216,97,RA-MPC,
False,,0.4499999999999999,-0.0867003653257436,1,18.574004999449148,1.0,9,moderate,219,98,RA-MPC,
False,,0.8000000000000002,-0.2101115170238541,1,17.935663576426975,1.0,16,moderate,220,99,RA-MPC,
False,,0.4999999999999999,-0.1179404662143945,1,21.957363614266438,1.0,10,moderate,223,100,RA-MPC,
False,,0.2,0.178670606469085,0,9.181225955823894,1.0,4,moderate,226,101,RA-MPC,
False,,0.8500000000000002,-0.0050888236763461,1,19.96592078258521,1.0,17,moderate,230,102,RA-MPC,
False,,0.4999999999999999,-0.4179867775796684,1,21.831994170975907,1.0,10,moderate,233,103,RA-MPC,
True,1.0500000000000005,1.0500000000000005,2.7050838746292176,0,33.89170173260541,0.0,21,moderate,236,104,RA-MPC,
False,,0.7500000000000001,-0.0649101141398612,1,23.148675307166798,1.0,15,moderate,238,105,RA-MPC,
True,0.6,0.6,3.667104279031383,0,9.819566892890782,0.0,12,moderate,239,106,RA-MPC,
False,,0.9500000000000004,-0.4482099754112492,1,36.51955394492244,1.0,19,moderate,240,107,RA-MPC,
False,,0.9500000000000004,-0.4454634156396045,1,27.432264045070085,1.0,19,moderate,241,108,RA-MPC,
False,,0.6,-0.3140302864518143,1,16.50172560481778,1.0,12,moderate,242,109,RA-MPC,
False,,0.1,-1.1567082295294722,1,2.7069690508544086,1.0,2,moderate,244,110,RA-MPC,
False,,0.9500000000000004,-0.0900969910876846,1,35.283625843002405,1.0,19,moderate,245,111,RA-MPC,
False,,0.25,-0.2852978099808752,1,9.0540809592496,1.0,5,moderate,246,112,RA-MPC,
True,1.2500000000000004,1.2500000000000004,0.0754982466580352,0,33.52383301997618,0.0,25,moderate,252,113,RA-MPC,
True,1.0500000000000005,1.0500000000000005,0.1494737852505961,0,29.81410987955092,0.0,21,moderate,253,114,RA-MPC,
False,,0.5499999999999999,-0.2871922392192724,1,14.54593471012732,1.0,11,moderate,256,115,RA-MPC,
True,1.3000000000000005,1.3000000000000005,0.5352655929443795,0,43.11487342034876,0.0,26,moderate,258,116,RA-MPC,
True,0.3999999999999999,0.3999999999999999,0.9563936961005548,0,7.415898063769576,0.0,8,moderate,262,117,RA-MPC,
False,,1.0000000000000002,-0.3032944638509477,1,28.654193108567583,1.0,20,moderate,265,118,RA-MPC,
False,,0.65,-0.2182182528220285,1,21.54519940011425,1.0,13,moderate,271,119,RA-MPC,
False,,0.35,-0.4641050396282756,1,10.228248369011329,1.0,7,moderate,272,120,RA-MPC,
False,,0.6,-0.1983766458479513,1,17.60805834622996,1.0,12,moderate,275,121,RA-MPC,
False,,0.8500000000000002,-0.0863102481427326,1,20.372336784826032,1.0,17,moderate,277,122,RA-MPC,
False,,0.4999999999999999,-0.1910583354827999,1,13.426684095014046,1.0,10,moderate,278,123,RA-MPC,
False,,0.4499999999999999,-0.1358975447040036,1,12.867935109718864,1.0,9,moderate,280,124,RA-MPC,
True,1.0000000000000002,1.0000000000000002,0.2782272034360898,0,26.511765968266783,0.0,20,moderate,286,125,RA-MPC,
True,0.7500000000000001,0.7500000000000001,1.8994501009548488,0,16.165147802620815,0.0,15,moderate,288,126,RA-MPC,
False,,0.9500000000000004,-0.0862669492896918,1,34.170445957570536,1.0,19,moderate,289,127,RA-MPC,
True,0.7500000000000001,0.7500000000000001,7.076573410460717,0,14.010327183616766,0.0,15,moderate,294,128,RA-MPC,
False,,0.6,-0.4633271907995934,1,18.420806492363564,1.0,12,moderate,296,129,RA-MPC,
False,,0.7000000000000001,-0.1108229829625054,1,15.319118561059437,1.0,14,moderate,297,130,RA-MPC,
True,0.5499999999999999,0.5499999999999999,4.279899124055648,0,10.975621737874174,0.0,11,moderate,299,131,RA-MPC,
False,,0.4999999999999999,-0.0608380257613076,1,11.980920750229274,1.0,10,moderate,301,132,RA-MPC,
True,1.0500000000000005,1.0500000000000005,0.1226325744657224,0,24.649932175673552,0.0,21,moderate,302,133,RA-MPC,
True,0.9000000000000002,0.9000000000000002,0.0454208918760593,0,19.43271478149085,0.0,18,moderate,310,134,RA-MPC,
True,0.65,0.65,5.205687850445236,0,11.413071226459294,0.0,13,moderate,311,135,RA-MPC,
True,0.65,0.65,9.258066909844242,0,14.398284791776126,0.0,13,moderate,318,136,RA-MPC,
True,0.7500000000000001,0.7500000000000001,3.0868031327831167,0,15.054104431546335,0.0,15,moderate,319,137,RA-MPC,
False,,0.3,-0.0019872668069287,1,7.631426325621867,1.0,6,moderate,322,138,RA-MPC,
True,0.3999999999999999,0.3999999999999999,1.2947264729779853,0,9.048386457300618,0.0,8,moderate,332,139,RA-MPC,
True,0.25,0.25,9.409016293522294,0,6.953009495842337,0.0,5,moderate,335,140,RA-MPC,
False,,0.4499999999999999,-0.4980366686575545,1,12.976074737276232,1.0,9,moderate,336,141,RA-MPC,
False,,0.4999999999999999,-0.4385010862391167,1,13.334682499750429,1.0,10,moderate,338,142,RA-MPC,
True,0.7500000000000001,0.7500000000000001,9.040578582588326,0,21.561466817423263,0.0,15,moderate,342,143,RA-MPC,
False,,0.8000000000000002,-0.4056333268758482,1,18.213102313462823,1.0,16,moderate,348,144,RA-MPC,
False,,0.3999999999999999,-0.1165927773259412,1,17.657520679120097,1.0,8,moderate,349,145,RA-MPC,
False,,1.0000000000000002,-0.1260385783623791,1,36.56354334367431,1.0,20,moderate,350,146,RA-MPC,
False,,0.8000000000000002,-0.0771547191050111,1,26.274604814000035,1.0,16,moderate,355,147,RA-MPC,
False,,0.65,-0.2497725513717149,1,19.640847283051443,1.0,13,moderate,358,148,RA-MPC,
True,0.8500000000000002,0.8500000000000002,0.2178726334982264,0,24.08142537715885,0.0,17,moderate,360,149,RA-MPC,
False,,0.4499999999999999,-0.1680886145297607,1,14.134490701422385,1.0,9,moderate,364,150,RA-MPC,
False,,0.2,-0.0604407640241424,1,8.155466349607686,1.0,4,moderate,365,151,RA-MPC,
False,,1.1000000000000003,-0.0072221697710723,1,47.29791567628029,1.0,22,moderate,366,152,RA-MPC,
False,,0.4499999999999999,-0.4815463666592984,1,20.97784996973485,1.0,9,moderate,367,153,RA-MPC,
True,0.8000000000000002,0.8000000000000002,0.3959085935462568,0,14.24629273157966,0.0,16,moderate,368,154,RA-MPC,
True,0.5499999999999999,0.5499999999999999,8.799707573583209,0,11.386044331912458,0.0,11,moderate,369,155,RA-MPC,
True,0.7000000000000001,0.7000000000000001,0.4742354221971698,0,17.76179118102158,0.0,14,moderate,372,156,RA-MPC,
False,,0.35,-0.6001508528213205,1,10.376969009315197,1.0,7,moderate,374,157,RA-MPC,
False,,0.3999999999999999,-0.4735727418918605,1,14.84603472409206,1.0,8,moderate,375,158,RA-MPC,
True,0.6,0.6,5.975581748913456,0,11.480625221520588,0.0,12,moderate,380,159,RA-MPC,
False,,1.1000000000000003,-0.0228065900565034,1,37.06284836702734,1.0,22,moderate,382,160,RA-MPC,
False,,0.9000000000000002,-0.187800926085117,1,38.17683450286538,1.0,18,moderate,383,161,RA-MPC,
True,0.7000000000000001,0.7000000000000001,7.703799019896818,0,16.492018782313554,0.0,14,moderate,387,162,RA-MPC,
False,,0.5499999999999999,-0.9100452509254612,1,23.63602039011324,1.0,11,moderate,388,163,RA-MPC,
True,0.8000000000000002,0.8000000000000002,0.1851820646764695,0,15.262283519903043,0.0,16,moderate,391,164,RA-MPC,
False,,0.3999999999999999,-0.0305979996869057,1,11.429972143165967,1.0,8,moderate,395,165,RA-MPC,
False,,0.4999999999999999,-0.1737531328703572,1,15.09898135769126,1.0,10,moderate,400,166,RA-MPC,
False,,0.9000000000000002,-0.0499190043967793,1,32.38776999879102,1.0,18,moderate,401,167,RA-MPC,
True,0.9000000000000002,0.9000000000000002,0.1063222601873412,0,18.830348260202843,0.0,18,moderate,402,168,RA-MPC,
False,,0.2,0.6582165530385353,0,2.327272671815461,1.0,4,moderate,405,169,RA-MPC,
False,,0.5499999999999999,-0.2581739155143898,1,20.995233784807027,1.0,11,moderate,408,170,RA-MPC,
True,0.65,0.65,0.1217312849502448,0,15.06569957366772,0.0,13,moderate,409,171,RA-MPC,
False,,0.9000000000000002,-0.2783601591382361,1,37.41457094623418,1.0,18,moderate,412,172,RA-MPC,
False,,0.9500000000000004,-0.3858965651786096,1,30.45425030000664,1.0,19,moderate,413,173,RA-MPC,
False,,0.5499999999999999,-0.3367251220445375,1,14.114898654996594,1.0,11,moderate,415,174,RA-MPC,
True,0.9500000000000004,0.9500000000000004,0.0416915799826999,0,18.885090994508523,0.0,19,moderate,416,175,RA-MPC,
False,,0.3,-0.4369339667987569,1,9.554734750654788,1.0,6,moderate,417,176,RA-MPC,
False,,0.9000000000000002,-0.1128891983591948,1,29.28443384136552,1.0,18,moderate,419,177,RA-MPC,
True,1.0500000000000005,1.0500000000000005,0.0057010397373268,0,23.321447906571358,0.0,21,moderate,425,178,RA-MPC,
False,,0.7500000000000001,-5.508677245920232e-05,1,15.390299541502902,1.0,15,moderate,426,179,RA-MPC,
True,0.65,0.65,9.254088559841913,0,10.47811279999628,0.0,13,moderate,429,180,RA-MPC,
True,0.3,0.3,5.4502393303377445,0,6.876978836718785,0.0,6,moderate,433,181,RA-MPC,
True,0.7000000000000001,0.7000000000000001,9.0779385442962,0,12.36804301739441,0.0,14,moderate,434,182,RA-MPC,
False,,0.7500000000000001,-0.1019602657772548,1,19.467467715432598,1.0,15,moderate,435,183,RA-MPC,
True,0.4499999999999999,0.4499999999999999,3.6469938280407095,0,9.671645250966098,0.0,9,moderate,436,184,RA-MPC,
True,0.4499999999999999,0.4499999999999999,8.943983536607622,0,9.856109684482522,0.0,9,moderate,439,185,RA-MPC,
True,1.1000000000000003,1.1000000000000003,0.0320217767289305,0,28.29433829360593,0.0,22,moderate,444,186,RA-MPC,
True,1.3500000000000003,1.3500000000000003,0.0393095364172859,0,37.37073512150639,0.0,27,moderate,445,187,RA-MPC,
False,,0.8500000000000002,-0.1435326001766035,1,23.66295954073925,1.0,17,moderate,446,188,RA-MPC,
False,,0.25,-0.2582290329426438,1,8.966652402320243,1.0,5,moderate,447,189,RA-MPC,
True,0.9000000000000002,0.9000000000000002,0.1645302342601043,0,24.20817992707837,0.0,18,moderate,448,190,RA-MPC,
True,0.3,0.3,4.042516456366546,0,5.803177880359125,0.0,6,moderate,449,191,RA-MPC,
False,,0.25,-0.256886318577843,1,6.437468165666085,1.0,5,moderate,452,192,RA-MPC,
False,,0.7500000000000001,-0.5414148131482479,1,24.70318108974297,1.0,15,moderate,453,193,RA-MPC,
False,,0.65,-0.2387792517430034,1,25.760298648746957,1.0,13,moderate,455,194,RA-MPC,
True,0.35,0.35,3.3533846744144613,0,8.209198073883483,0.0,7,moderate,456,195,RA-MPC,
True,0.5499999999999999,0.5499999999999999,2.926231958573354,0,13.47849785405936,0.0,11,moderate,458,196,RA-MPC,
True,0.25,0.25,4.904673199184427,0,6.871466425332066,0.0,5,moderate,459,197,RA-MPC,
False,,0.6,-0.1802883506179582,1,17.713234563091596,1.0,12,moderate,462,198,RA-MPC,
True,0.8500000000000002,0.8500000000000002,0.1757776735933335,0,15.189634545397736,0.0,17,moderate,465,199,RA-MPC,
True,0.9000000000000002,0.9000000000000002,0.4332727024704851,0,21.069586718328445,0.0,18,moderate,466,200,RA-MPC,
True,0.65,0.65,3.9669925434457536,0,13.853286365389518,0.0,13,moderate,468,201,RA-MPC,
False,,0.25,-0.0727004345023688,1,10.123669792725623,1.0,5,moderate,469,202,RA-MPC,
False,,0.4999999999999999,-0.0491724487442672,1,21.211092771391503,1.0,10,moderate,471,203,RA-MPC,
False,,0.35,-0.1769930711944775,1,11.813573624740236,1.0,7,moderate,473,204,RA-MPC,
False,,0.8000000000000002,-0.5539261641981854,1,30.79083740163526,1.0,16,moderate,475,205,RA-MPC,
True,0.8000000000000002,0.8000000000000002,8.322031632349931,0,14.637090498483436,0.0,16,moderate,476,206,RA-MPC,
False,,0.65,-0.4026305906409815,1,19.746294694215383,1.0,13,moderate,478,207,RA-MPC,
False,,0.5499999999999999,-0.1529262030397616,1,18.67659673550426,1.0,11,moderate,481,208,RA-MPC,
False,,0.6,-0.3787649272047281,1,14.2021856755912,1.0,12,moderate,483,209,RA-MPC,
False,,0.7500000000000001,-0.0387479080334152,1,23.705714001512074,1.0,15,moderate,485,210,RA-MPC,
False,,0.8000000000000002,-0.2131779187780743,1,33.032889853592415,1.0,16,moderate,488,211,RA-MPC,
False,,0.3999999999999999,-0.1958459580488421,1,18.60472134634607,1.0,8,moderate,489,212,RA-MPC,
True,0.65,0.65,8.145250526903862,0,13.566508705827165,0.0,13,moderate,493,213,RA-MPC,
False,,1.2500000000000004,-0.3256018820211934,1,48.17092602482157,1.0,25,moderate,498,214,RA-MPC,
True,0.7500000000000001,0.7500000000000001,2.111422137872176,0,17.21601332299675,0.0,15,moderate,502,215,RA-MPC,
False,,0.3999999999999999,0.0902401078179864,0,17.630718711216094,1.0,8,moderate,506,216,RA-MPC,
False,,0.4499999999999999,-0.3524787385360574,1,19.40391763485393,1.0,9,moderate,508,217,RA-MPC,
False,,0.25,0.5869465338102979,0,10.439978404275594,1.0,5,moderate,514,218,RA-MPC,
False,,0.65,-0.5231310158128911,1,17.233490271341637,1.0,13,moderate,517,219,RA-MPC,
True,0.8500000000000002,0.8500000000000002,0.3657979207041902,0,23.16322758921756,0.0,17,moderate,519,220,RA-MPC,
True,1.2500000000000004,1.2500000000000004,0.0647708631104951,0,31.132675106773927,0.0,25,moderate,520,221,RA-MPC,
False,,0.65,-0.459656356719996,1,20.587095159901583,1.0,13,moderate,521,222,RA-MPC,
False,,0.2,-0.4239445953933905,1,9.27624021658558,1.0,4,moderate,522,223,RA-MPC,
False,,1.1500000000000004,-0.2612616901206199,1,38.83466334783296,1.0,23,moderate,523,224,RA-MPC,
True,0.8000000000000002,0.8000000000000002,6.373179277727049,0,13.956862973475925,0.0,16,moderate,528,225,RA-MPC,
False,,0.1,-0.3163723180156356,1,4.192810463236383,1.0,2,moderate,535,226,RA-MPC,
False,,0.65,-0.0342625515354401,1,17.906241374685624,1.0,13,moderate,536,227,RA-MPC,
False,,0.9000000000000002,-0.295725496641633,1,35.50476319888937,1.0,18,moderate,540,228,RA-MPC,
False,,0.4999999999999999,-0.1797165484162938,1,16.453712296719083,1.0,10,moderate,541,229,RA-MPC,
False,,0.65,-0.0104520619193836,1,20.66017507563787,1.0,13,moderate,544,230,RA-MPC,
True,0.4499999999999999,0.4499999999999999,4.271309054677047,0,7.0876237465960825,0.0,9,moderate,546,231,RA-MPC,
True,1.1500000000000004,1.1500000000000004,0.1065183227187791,0,25.23859415227895,0.0,23,moderate,548,232,RA-MPC,
False,,0.6,-0.1415183250128691,1,16.69899347586897,1.0,12,moderate,550,233,RA-MPC,
False,,0.4499999999999999,-0.4618901406953556,1,13.65719734178046,1.0,9,moderate,553,234,RA-MPC,
False,,0.7500000000000001,-0.0898703647260277,1,31.116818678075056,1.0,15,moderate,554,235,RA-MPC,
True,0.25,0.25,1.4557519105293804,0,5.31889557086617,0.0,5,moderate,556,236,RA-MPC,
False,,0.4999999999999999,-0.0178250265215249,1,18.049257278971396,1.0,10,moderate,558,237,RA-MPC,
False,,0.8000000000000002,-0.3302877924902735,1,19.592962188199525,1.0,16,moderate,559,238,RA-MPC,
True,0.4499999999999999,0.4499999999999999,1.3647680706680452,0,6.6498477743706745,0.0,9,moderate,562,239,RA-MPC,
True,0.4999999999999999,0.4999999999999999,3.658569087539004,0,8.833547781200755,0.0,10,moderate,563,240,RA-MPC,
False,,0.4999999999999999,-0.157714985554568,1,12.24945159724114,1.0,10,moderate,567,241,RA-MPC,
False,,0.3999999999999999,-0.0416658057898291,1,17.273368052075313,1.0,8,moderate,568,242,RA-MPC,
False,,0.4499999999999999,-0.2144676172612751,1,15.02262433145717,1.0,9,moderate,571,243,RA-MPC,
False,,0.35,-0.0106039701070142,1,9.53239547027783,1.0,7,moderate,573,244,RA-MPC,
False,,0.25,-0.0306006698449552,1,11.378495796691498,1.0,5,moderate,574,245,RA-MPC,
False,,0.5499999999999999,-0.10443052134778,1,18.63012867921838,1.0,11,moderate,577,246,RA-MPC,
False,,0.8500000000000002,-0.1395690730142144,1,25.73689277688051,1.0,17,moderate,581,247,RA-MPC,
False,,0.9000000000000002,-0.3116026186785086,1,21.396658629986725,1.0,18,moderate,584,248,RA-MPC,
False,,0.4999999999999999,-0.1777472969342341,1,17.30904505110597,1.0,10,moderate,585,249,RA-MPC,
True,0.3,0.3,8.297903130418682,0,5.2764488228668736,0.0,6,moderate,586,250,RA-MPC,
False,,0.05,0.0351173943250513,0,1.3637312362049494,1.0,1,moderate,589,251,RA-MPC,
True,0.2,0.2,2.392223777380284,0,2.14085763124564,0.0,4,moderate,590,252,RA-MPC,
True,1.5500000000000007,1.5500000000000007,0.1620779004173397,0,51.62862959484457,0.0,31,moderate,591,253,RA-MPC,
True,0.7000000000000001,0.7000000000000001,6.534450281525252,0,15.74937316780522,0.0,14,moderate,592,254,RA-MPC,
False,,0.4999999999999999,-0.444187770722007,1,14.337050118546166,1.0,10,moderate,593,255,RA-MPC,
False,,0.6,-0.3259447655931664,1,17.73096730799603,1.0,12,moderate,594,256,RA-MPC,
True,0.7500000000000001,0.7500000000000001,8.330137881796174,0,17.15510848663529,0.0,15,moderate,597,257,RA-MPC,
True,0.8000000000000002,0.8000000000000002,6.652278034138127,0,15.025554918655894,0.0,16,moderate,598,258,RA-MPC,
False,,0.3,-0.1843837452923327,1,11.528043392730922,1.0,6,moderate,600,259,RA-MPC,
True,0.8500000000000002,0.8500000000000002,3.648454602924896,0,14.705859044019896,0.0,17,moderate,604,260,RA-MPC,
True,0.65,0.65,3.542149119316104,0,9.310045234432936,0.0,13,moderate,606,261,RA-MPC,
True,0.5499999999999999,0.5499999999999999,5.0403433996244775,0,11.34159856870216,0.0,11,moderate,613,262,RA-MPC,
False,,0.9000000000000002,-0.0439230409188988,1,33.672689338828974,1.0,18,moderate,614,263,RA-MPC,
False,,1.2500000000000004,-0.0561245324386854,1,46.94651156698958,1.0,25,moderate,615,264,RA-MPC,
False,,0.4499999999999999,-0.3918040462212674,1,13.612454031771724,1.0,9,moderate,621,265,RA-MPC,
False,,0.5499999999999999,-0.1320566652816833,1,12.257424590339705,1.0,11,moderate,623,266,RA-MPC,
False,,1.0000000000000002,-0.5201379420727356,1,42.61083692088249,1.0,20,moderate,631,267,RA-MPC,
True,0.9000000000000002,0.9000000000000002,3.730756288256967,0,18.595296768209543,0.0,18,moderate,634,268,RA-MPC,
False,,0.15,-0.2044635150811382,1,7.499984518710339,1.0,3,moderate,637,269,RA-MPC,
True,1.0500000000000005,1.0500000000000005,0.423697630220517,0,20.16887028298038,0.0,21,moderate,639,270,RA-MPC,
True,0.65,0.65,8.505101648258401,0,9.597428970874256,0.0,13,moderate,644,271,RA-MPC,
False,,1.0000000000000002,-0.1291408742413195,1,41.38635257142544,1.0,20,moderate,645,272,RA-MPC,
False,,0.6,-0.5573226519808808,1,20.93884866370133,1.0,12,moderate,646,273,RA-MPC,
False,,0.6,-0.2217769019666378,1,24.498713476066584,1.0,12,moderate,654,274,RA-MPC,
True,0.7000000000000001,0.7000000000000001,2.8144033657591137,0,17.074199217387463,0.0,14,moderate,655,275,RA-MPC,
False,,1.0500000000000005,-0.4009152400970796,1,39.46855365062643,1.0,21,moderate,661,276,RA-MPC,
False,,0.9500000000000004,-0.236864646917864,1,29.65610300222852,1.0,19,moderate,662,277,RA-MPC,
True,0.65,0.65,1.6702939496522358,0,14.907511184045468,0.0,13,moderate,665,278,RA-MPC,
True,0.8500000000000002,0.8500000000000002,0.0198249198445374,0,21.732823930821866,0.0,17,moderate,667,279,RA-MPC,
False,,0.3999999999999999,-0.1578153275757869,1,13.27869385124594,1.0,8,moderate,668,280,RA-MPC,
False,,0.9000000000000002,-0.0908332306543617,1,27.790373866433416,1.0,18,moderate,671,281,RA-MPC,
True,0.6,0.6,7.581550101603197,0,12.262330267553748,0.0,12,moderate,672,282,RA-MPC,
False,,0.8000000000000002,-0.3963239953919408,1,30.893024978625743,1.0,16,moderate,675,283,RA-MPC,
False,,0.4999999999999999,-0.1766107584740152,1,19.54563897425141,1.0,10,moderate,676,284,RA-MPC,
False,,0.7000000000000001,-0.0829902601883041,1,22.4923179816707,1.0,14,moderate,678,285,RA-MPC,
False,,0.7500000000000001,-0.2360304655034721,1,32.74384770796117,1.0,15,moderate,679,286,RA-MPC,
True,1.0500000000000005,1.0500000000000005,0.2535499961437572,0,19.34448133604843,0.0,21,moderate,681,287,RA-MPC,
True,1.4000000000000006,1.4000000000000006,0.080550042444404,0,42.65391124509193,0.0,28,strong,1,0,RA-MPC,
True,1.2000000000000004,1.2000000000000004,0.1571320259771343,0,42.65108473238686,0.0,24,strong,2,1,RA-MPC,
True,0.5499999999999999,0.5499999999999999,5.592582002116371,0,15.873086410231648,0.0,11,strong,4,2,RA-MPC,
False,,0.3,-0.1863503757298914,1,8.646514104909839,1.0,6,strong,6,3,RA-MPC,
True,1.3500000000000003,1.3500000000000003,0.3952164355526912,0,47.73084032568301,0.0,27,strong,7,4,RA-MPC,
False,,0.2,-0.1544608439067537,1,6.845767067206644,1.0,4,strong,10,5,RA-MPC,
True,1.4500000000000006,1.4500000000000006,0.1907269471228431,0,47.485497751928136,0.0,29,strong,12,6,RA-MPC,
True,0.9000000000000002,0.9000000000000002,4.348227821921344,0,15.597875787523796,0.0,18,strong,13,7,RA-MPC,
False,,0.6,-0.0616966774626179,1,18.145783497901974,1.0,12,strong,15,8,RA-MPC,
True,1.0000000000000002,1.0000000000000002,0.0054793938662046,0,30.71037493170697,0.0,20,strong,18,9,RA-MPC,
True,0.8000000000000002,0.8000000000000002,2.062193042218478,0,19.49697596011359,0.0,16,strong,19,10,RA-MPC,
True,0.3999999999999999,0.3999999999999999,2.5450682920670817,0,10.726320242212749,0.0,8,strong,21,11,RA-MPC,
True,0.8000000000000002,0.8000000000000002,0.2159281826759379,0,12.8607860331018,0.0,16,strong,22,12,RA-MPC,
False,,0.6,-0.1370558097478627,1,20.373149979784625,1.0,12,strong,23,13,RA-MPC,
False,,0.9000000000000002,-0.0961391622631268,1,25.48116898144048,1.0,18,strong,24,14,RA-MPC,
True,0.6,0.6,3.648423098903335,0,9.159275605120396,0.0,12,strong,26,15,RA-MPC,
True,0.6,0.6,3.339664751986181,0,13.366049160328377,0.0,12,strong,29,16,RA-MPC,
False,,1.0500000000000005,-1.022281222750211,1,35.88392366975786,1.0,21,strong,30,17,RA-MPC,
False,,0.35,-1.067811893905862,1,11.617121169852116,1.0,7,strong,32,18,RA-MPC,
False,,0.05,-1.0895258799602243,1,2.499985925905535,1.0,1,strong,33,19,RA-MPC,
True,0.6,0.6,8.697704682276449,0,11.826049880047448,0.0,12,strong,37,20,RA-MPC,
False,,1.0000000000000002,-0.5803546128529722,1,35.58968898734446,1.0,20,strong,38,21,RA-MPC,
True,0.25,0.25,9.194602141979937,0,5.670004655607998,0.0,5,strong,42,22,RA-MPC,
True,0.7000000000000001,0.7000000000000001,0.2416894358614388,0,10.1659930488718,0.0,14,strong,44,23,RA-MPC,
False,,0.8000000000000002,-0.2931068527514371,1,22.493959235743517,1.0,16,strong,47,24,RA-MPC,
False,,0.65,-0.4412713172432877,1,16.611691569629684,1.0,13,strong,48,25,RA-MPC,
False,,0.7500000000000001,-0.8637727228084745,1,30.88857133597505,1.0,15,strong,53,26,RA-MPC,
True,1.1000000000000003,1.1000000000000003,0.2328845137702555,0,25.63379543092592,0.0,22,strong,54,27,RA-MPC,
False,,0.9000000000000002,-0.4215390746768258,1,28.336676403984967,1.0,18,strong,55,28,RA-MPC,
True,0.5499999999999999,0.5499999999999999,8.211967222484818,0,13.4434312027894,0.0,11,strong,56,29,RA-MPC,
False,,0.4999999999999999,-0.0561812798362185,1,20.02828583764694,1.0,10,strong,60,30,RA-MPC,
False,,0.2,-1.6335549459467962,1,7.809622654294324,1.0,4,strong,61,31,RA-MPC,
False,,0.4499999999999999,-0.3929491969690283,1,15.719636029541,1.0,9,strong,62,32,RA-MPC,
True,0.7500000000000001,0.7500000000000001,0.2708419881224594,0,13.33686985551039,0.0,15,strong,66,33,RA-MPC,
False,,0.3999999999999999,-0.3022111478380812,1,10.81491453937815,1.0,8,strong,67,34,RA-MPC,
False,,0.5499999999999999,-0.3159161358127613,1,18.801680882786137,1.0,11,strong,69,35,RA-MPC,
False,,0.9000000000000002,-0.5223293840329398,1,20.894491127353227,1.0,18,strong,74,36,RA-MPC,
True,0.35,0.35,2.575345493712311,0,7.281487135641197,0.0,7,strong,77,37,RA-MPC,
False,,0.4999999999999999,-0.5865797710124845,1,15.98335395565043,1.0,10,strong,80,38,RA-MPC,
False,,0.35,-0.1857699758709336,1,11.216800628687263,1.0,7,strong,81,39,RA-MPC,
True,0.65,0.65,4.486437843643157,0,11.149353501927092,0.0,13,strong,83,40,RA-MPC,
False,,0.6,-0.0476365149169859,1,14.35619323393012,1.0,12,strong,84,41,RA-MPC,
True,0.7500000000000001,0.7500000000000001,1.583995111895674,0,14.72682117480575,0.0,15,strong,90,42,RA-MPC,
True,0.6,0.6,4.572840183692817,0,13.12749247504575,0.0,12,strong,98,43,RA-MPC,
True,0.15,0.15,6.423269668304864,0,4.444013921964641,0.0,3,strong,99,44,RA-MPC,
False,,0.7000000000000001,-0.1383333608912292,1,18.077664094402067,1.0,14,strong,101,45,RA-MPC,
True,0.7000000000000001,0.7000000000000001,0.5294309502730058,0,18.62139731583816,0.0,14,strong,102,46,RA-MPC,
True,1.2500000000000004,1.2500000000000004,0.2541053581055499,0,43.7104024232063,0.0,25,strong,103,47,RA-MPC,
True,0.65,0.65,8.611143242605879,0,11.120425976845151,0.0,13,strong,109,48,RA-MPC,
True,0.9500000000000004,0.9500000000000004,0.5544501880793192,0,32.51155971452389,0.0,19,strong,111,49,RA-MPC,
False,,0.35,0.6096785223468804,0,13.256916045967856,1.0,7,strong,112,50,RA-MPC,
False,,0.15,-0.3882055726346614,1,6.63538826466547,1.0,3,strong,115,51,RA-MPC,
True,1.2000000000000004,1.2000000000000004,0.2396859139178173,0,28.900140749067827,0.0,24,strong,116,52,RA-MPC,
True,0.9000000000000002,0.9000000000000002,4.332313498810764,0,19.14889952917844,0.0,18,strong,117,53,RA-MPC,
False,,0.65,-0.0021025083040271,1,27.555257837701348,1.0,13,strong,118,54,RA-MPC,
False,,0.35,-0.7379578254418298,1,11.8538650839708,1.0,7,strong,119,55,RA-MPC,
False,,1.0000000000000002,-0.1708036552646971,1,35.913620710906024,1.0,20,strong,120,56,RA-MPC,
False,,0.4999999999999999,-0.0412471433548218,1,13.348237752298944,1.0,10,strong,122,57,RA-MPC,
True,0.6,0.6,3.346059688784752,0,14.383581293586712,0.0,12,strong,123,58,RA-MPC,
True,1.2500000000000004,1.2500000000000004,0.0938086145586959,0,32.93002895613345,0.0,25,strong,126,59,RA-MPC,
False,,0.35,-0.0267670748931756,1,15.091843825780606,1.0,7,strong,127,60,RA-MPC,
False,,0.15,0.3801696278464848,0,7.499959992797633,1.0,3,strong,132,61,RA-MPC,
False,,0.7500000000000001,-0.5883848987971433,1,32.59806190069872,1.0,15,strong,134,62,RA-MPC,
True,0.8500000000000002,0.8500000000000002,3.0207836365112364,0,22.36657554404559,0.0,17,strong,135,63,RA-MPC,
False,,0.6,-0.1307787426626637,1,24.19400554636724,1.0,12,strong,139,64,RA-MPC,
False,,1.0000000000000002,-0.3884110286857513,1,35.738517139493794,1.0,20,strong,140,65,RA-MPC,
False,,0.2,0.0263358240864123,0,8.593543678682815,1.0,4,strong,148,66,RA-MPC,
False,,0.35,-0.0428947898312235,1,8.785515476810943,1.0,7,strong,149,67,RA-MPC,
False,,0.4499999999999999,-0.0703512899191064,1,12.597853069182234,1.0,9,strong,150,68,RA-MPC,
False,,0.35,-0.4992887324875372,1,14.785358846664469,1.0,7,strong,151,69,RA-MPC,
True,0.3,0.3,1.5895489054684828,0,5.143829736291006,0.0,6,strong,152,70,RA-MPC,
False,,0.65,-0.133905270326386,1,17.787600108964313,1.0,13,strong,154,71,RA-MPC,
False,,0.8000000000000002,-0.4724188421146427,1,24.89569942009212,1.0,16,strong,157,72,RA-MPC,
True,0.6,0.6,2.7793126842161078,0,13.355184186461342,0.0,12,strong,158,73,RA-MPC,
False,,0.8500000000000002,-0.1580725143408794,1,24.908634612297494,1.0,17,strong,159,74,RA-MPC,
False,,1.1000000000000003,-0.0960086750590022,1,31.79189976987813,1.0,22,strong,161,75,RA-MPC,
True,0.6,0.6,1.942027287855522,0,13.249860490542146,0.0,12,strong,164,76,RA-MPC,
False,,0.8000000000000002,-0.1352149806927036,1,31.70810969905485,1.0,16,strong,165,77,RA-MPC,
False,,0.4499999999999999,-0.1063544182126212,1,13.461307766059294,1.0,9,strong,177,78,RA-MPC,
False,,0.4999999999999999,-0.145866491879141,1,18.87500092852094,1.0,10,strong,178,79,RA-MPC,
True,0.9500000000000004,0.9500000000000004,0.7813076358111827,0,29.08882121825384,0.0,19,strong,180,80,RA-MPC,
True,0.25,0.25,5.364237699567573,0,5.790930201402173,0.0,5,strong,181,81,RA-MPC,
False,,0.9000000000000002,-0.7871014161762816,1,40.338819334649465,1.0,18,strong,182,82,RA-MPC,
False,,0.8000000000000002,-0.42941678079719,1,22.483222950055957,1.0,16,strong,183,83,RA-MPC,
True,0.8000000000000002,0.8000000000000002,0.3492400438185447,0,18.190270501866834,0.0,16,strong,184,84,RA-MPC,
False,,0.7500000000000001,-0.1764944265470729,1,19.239149044399262,1.0,15,strong,185,85,RA-MPC,
False,,0.9000000000000002,-0.2648355193538685,1,24.61499109356739,1.0,18,strong,187,86,RA-MPC,
False,,0.05,-0.8702299532202011,1,1.856608654413076,1.0,1,strong,190,87,RA-MPC,
False,,0.6,-0.3171188241946324,1,22.863546356807262,1.0,12,strong,191,88,RA-MPC,
False,,0.3,-0.4103968578104555,1,10.771275546057316,1.0,6,strong,192,89,RA-MPC,
False,,0.65,-0.5088421572227056,1,14.81120099282946,1.0,13,strong,194,90,RA-MPC,
False,,0.25,-0.3934737179806978,1,7.681562578102817,1.0,5,strong,195,91,RA-MPC,
False,,0.6,-0.5661460128774114,1,17.84179147895362,1.0,12,strong,196,92,RA-MPC,
False,,1.1000000000000003,-0.0980378708350593,1,41.22359683083722,1.0,22,strong,198,93,RA-MPC,
False,,1.0500000000000005,-0.5024343498568371,1,39.052607653058935,1.0,21,strong,199,94,RA-MPC,
False,,0.8000000000000002,-0.3177436400000848,1,34.2245427886674,1.0,16,strong,203,95,RA-MPC,
True,0.4499999999999999,0.4499999999999999,7.620092577108419,0,9.8924186023438,0.0,9,strong,206,96,RA-MPC,
False,,0.6,-0.3061457020060709,1,20.286059683287714,1.0,12,strong,216,97,RA-MPC,
False,,0.3999999999999999,0.0179022284111291,0,18.39069439403276,1.0,8,strong,219,98,RA-MPC,
False,,0.7000000000000001,-0.0075200429880581,1,17.73617362610833,1.0,14,strong,220,99,RA-MPC,
False,,0.4999999999999999,-0.426332012284396,1,21.776091360004507,1.0,10,strong,223,100,RA-MPC,
False,,0.7000000000000001,-0.0853911292399992,1,28.845968619353,1.0,14,strong,226,101,RA-MPC,
False,,0.7500000000000001,-0.5337863393847766,1,19.28822399483052,1.0,15,strong,230,102,RA-MPC,
False,,0.9000000000000002,-0.1091384100376736,1,29.353928533255186,1.0,18,strong,233,103,RA-MPC,
True,1.1000000000000003,1.1000000000000003,3.3530819652718518,0,35.24826804740456,0.0,22,strong,236,104,RA-MPC,
False,,0.7500000000000001,-0.184803090437535,1,23.205217090456877,1.0,15,strong,238,105,RA-MPC,
True,0.6,0.6,2.4577542105955987,0,9.853925581125692,0.0,12,strong,239,106,RA-MPC,
False,,0.9000000000000002,-0.3358977828731235,1,36.226836461223165,1.0,18,strong,240,107,RA-MPC,
False,,0.7000000000000001,-0.1641935559271803,1,23.17306885347456,1.0,14,strong,241,108,RA-MPC,
False,,0.4999999999999999,-0.7589575145605508,1,14.280998609463092,1.0,10,strong,242,109,RA-MPC,
True,0.4999999999999999,0.4999999999999999,0.2971672809569628,0,8.41824232082609,0.0,10,strong,244,110,RA-MPC,
False,,1.0000000000000002,-0.4749919433716663,1,36.23076647745782,1.0,20,strong,245,111,RA-MPC,
False,,0.35,-0.1458674284452908,1,10.843868867009668,1.0,7,strong,246,112,RA-MPC,
False,,0.65,-0.8072797772982109,1,19.158904581983816,1.0,13,strong,252,113,RA-MPC,
False,,0.5499999999999999,-0.2096629065550928,1,20.23246976937196,1.0,11,strong,253,114,RA-MPC,
False,,0.4999999999999999,-0.3925399148278152,1,12.888299204297576,1.0,10,strong,256,115,RA-MPC,
True,1.3000000000000005,1.3000000000000005,1.325378928384702,0,42.91743071118077,0.0,26,strong,258,116,RA-MPC,
False,,0.15,-0.5153083011972723,1,6.182569157842373,1.0,3,strong,262,117,RA-MPC,
False,,0.7000000000000001,0.0456589062189274,0,22.45915094529797,1.0,14,strong,265,118,RA-MPC,
False,,0.7500000000000001,-0.1755817191325484,1,24.199401850562552,1.0,15,strong,271,119,RA-MPC,
False,,0.3,-0.0974648706832058,1,9.602815583241805,1.0,6,strong,272,120,RA-MPC,
False,,0.4999999999999999,-0.2551981278032073,1,13.76762286698457,1.0,10,strong,275,121,RA-MPC,
False,,0.7000000000000001,-0.2157747851261501,1,19.118930191469925,1.0,14,strong,277,122,RA-MPC,
False,,0.3999999999999999,-0.0038306262406444,1,10.742340073108124,1.0,8,strong,278,123,RA-MPC,
False,,0.3999999999999999,0.1284859576901894,0,11.67221591554869,1.0,8,strong,280,124,RA-MPC,
False,,0.7500000000000001,-0.4326369766790749,1,23.78872689825157,1.0,15,strong,286,125,RA-MPC,
True,0.7500000000000001,0.7500000000000001,0.4253729417067892,0,16.562107008948544,0.0,15,strong,288,126,RA-MPC,
True,1.2500000000000004,1.2500000000000004,0.2382586079252188,0,41.01160896072249,0.0,25,strong,289,127,RA-MPC,
True,0.7500000000000001,0.7500000000000001,8.141876176848792,0,13.957774017786264,0.0,15,strong,294,128,RA-MPC,
False,,0.6,-0.0505033640150557,1,19.12777881850576,1.0,12,strong,296,129,RA-MPC,
True,0.9000000000000002,0.9000000000000002,1.3864901090108497,0,15.66027783638998,0.0,18,strong,297,130,RA-MPC,
True,0.4999999999999999,0.4999999999999999,8.365971131332776,0,10.324981982710693,0.0,10,strong,299,131,RA-MPC,
False,,0.4499999999999999,-0.11614534911372,1,11.84985926987362,1.0,9,strong,301,132,RA-MPC,
False,,0.7000000000000001,-0.0620632851635269,1,17.41136388251126,1.0,14,strong,302,133,RA-MPC,
False,,0.6,-0.0906418094524589,1,16.009283956223154,1.0,12,strong,310,134,RA-MPC,
True,0.65,0.65,5.172883443610347,0,11.3481640690789,0.0,13,strong,311,135,RA-MPC,
True,0.65,0.65,9.3779820498335,0,14.715157211784671,0.0,13,strong,318,136,RA-MPC,
True,0.7000000000000001,0.7000000000000001,1.768740135227414,0,14.618276414340013,0.0,14,strong,319,137,RA-MPC,
False,,0.3999999999999999,-0.5305596176347585,1,10.24210736896648,1.0,8,strong,322,138,RA-MPC,
True,0.3999999999999999,0.3999999999999999,1.2947264729779853,0,8.81604844750276,0.0,8,strong,332,139,RA-MPC,
True,0.3,0.3,9.452959667797034,0,7.623954957499678,0.0,6,strong,335,140,RA-MPC,
False,,0.7000000000000001,-0.1910358596319527,1,20.235387917404143,1.0,14,strong,336,141,RA-MPC,
True,1.0000000000000002,1.0000000000000002,0.0897142785916082,0,22.98024051790956,0.0,20,strong,338,142,RA-MPC,
True,0.7500000000000001,0.7500000000000001,9.040578582588326,0,21.653042584913816,0.0,15,strong,342,143,RA-MPC,
False,,0.7000000000000001,-0.0599611596472252,1,17.584308588452426,1.0,14,strong,348,144,RA-MPC,
False,,0.3999999999999999,-1.1396600408854645,1,18.86362853480528,1.0,8,strong,349,145,RA-MPC,
False,,0.9500000000000004,-0.5775428329911066,1,35.83031808191029,1.0,19,strong,350,146,RA-MPC,
False,,0.4499999999999999,-0.0977221318677025,1,17.323549997104426,1.0,9,strong,355,147,RA-MPC,
False,,0.4999999999999999,-0.2706067397244491,1,15.775248834534032,1.0,10,strong,358,148,RA-MPC,
False,,0.5499999999999999,-0.4485205175982694,1,20.60939434124878,1.0,11,strong,360,149,RA-MPC,
False,,0.5499999999999999,-0.5134609976539443,1,18.44955328583861,1.0,11,strong,364,150,RA-MPC,
False,,0.15,-0.0609231067599098,1,6.2118149122252575,1.0,3,strong,365,151,RA-MPC,
False,,1.0500000000000005,-0.0676629925770658,1,44.71441775465541,1.0,21,strong,366,152,RA-MPC,
False,,0.3999999999999999,-0.2696511585425083,1,17.620563531962514,1.0,8,strong,367,153,RA-MPC,
False,,0.2,-0.133875348836387,1,6.060560217281785,1.0,4,strong,368,154,RA-MPC,
True,0.6,0.6,8.044521882713195,0,12.020037248797856,0.0,12,strong,369,155,RA-MPC,
True,0.7000000000000001,0.7000000000000001,1.1292889764115182,0,18.88729482603392,0.0,14,strong,372,156,RA-MPC,
True,0.5499999999999999,0.5499999999999999,3.956323206449504,0,12.196492466307337,0.0,11,strong,374,157,RA-MPC,
True,0.7500000000000001,0.7500000000000001,0.7128955605302121,0,17.08479987350959,0.0,15,strong,375,158,RA-MPC,
True,0.6,0.6,4.339211963017805,0,11.797920511015729,0.0,12,strong,380,159,RA-MPC,
False,,0.3999999999999999,-2.651918210130126,1,16.330080171342132,1.0,8,strong,382,160,RA-MPC,
False,,1.0000000000000002,-0.2725341708492474,1,38.891752010819474,1.0,20,strong,383,161,RA-MPC,
True,0.7000000000000001,0.7000000000000001,6.815109800397633,0,16.435526568940386,0.0,14,strong,387,162,RA-MPC,
False,,1.1000000000000003,-0.4120941222965836,1,40.41340244723345,1.0,22,strong,388,163,RA-MPC,
False,,0.4499999999999999,-0.1599629966267202,1,10.705810307955398,1.0,9,strong,391,164,RA-MPC,
False,,0.3999999999999999,-0.1338611741214483,1,11.374341033661564,1.0,8,strong,395,165,RA-MPC,
False,,0.3999999999999999,0.0086694033300708,0,13.999140548268066,1.0,8,strong,400,166,RA-MPC,
False,,1.0000000000000002,-0.2779229360502478,1,35.72000674136028,1.0,20,strong,401,167,RA-MPC,
False,,0.5499999999999999,-0.3141069507293603,1,13.066586674414593,1.0,11,strong,402,168,RA-MPC,
False,,0.25,-0.0879411368945124,1,3.206953103904195,1.0,5,strong,405,169,RA-MPC,
False,,0.4999999999999999,-0.0682391132362636,1,18.344750535091432,1.0,10,strong,408,170,RA-MPC,
True,0.65,0.65,0.3783921953683354,0,14.8628535406441,0.0,13,strong,409,171,RA-MPC,
False,,0.8500000000000002,-0.0919450724739784,1,36.236744928289696,1.0,17,strong,412,172,RA-MPC,
True,1.2000000000000004,1.2000000000000004,0.6631707130657106,0,37.83335957607539,0.0,24,strong,413,173,RA-MPC,
False,,0.5499999999999999,-0.8222444840067493,1,14.628489401585176,1.0,11,strong,415,174,RA-MPC,
True,1.0000000000000002,1.0000000000000002,0.5357246328487416,0,19.230832832886303,0.0,20,strong,416,175,RA-MPC,
False,,0.3,-0.0071322386201372,1,8.886155225879117,1.0,6,strong,417,176,RA-MPC,
False,,0.9500000000000004,-0.5875504490883352,1,30.828100148680864,1.0,19,strong,419,177,RA-MPC,
False,,0.65,-0.2921228042336665,1,15.398439361777548,1.0,13,strong,425,178,RA-MPC,
False,,0.7500000000000001,-0.1107777757976238,1,16.626720875825836,1.0,15,strong,426,179,RA-MPC,
True,0.6,0.6,9.563915700965556,0,10.251149110823429,0.0,12,strong,429,180,RA-MPC,
True,0.35,0.35,2.944191381192282,0,7.357978216069491,0.0,7,strong,433,181,RA-MPC,
True,0.7000000000000001,0.7000000000000001,9.022198666269114,0,12.267011540850785,0.0,14,strong,434,182,RA-MPC,
False,,0.7500000000000001,-0.5454249702190695,1,19.65057758883103,1.0,15,strong,435,183,RA-MPC,
True,0.4999999999999999,0.4999999999999999,2.296125593872905,0,10.310513978423751,0.0,10,strong,436,184,RA-MPC,
True,0.4499999999999999,0.4499999999999999,9.709399899629618,0,9.969720866211784,0.0,9,strong,439,185,RA-MPC,
False,,0.65,-0.3714086317734287,1,16.26630205965056,1.0,13,strong,444,186,RA-MPC,
False,,0.7000000000000001,-0.0423115093203229,1,18.996766357082404,1.0,14,strong,445,187,RA-MPC,
False,,0.4999999999999999,-0.3685490961294223,1,13.355981876609007,1.0,10,strong,446,188,RA-MPC,
False,,0.65,-0.0692187161251581,1,19.44932454849002,1.0,13,strong,447,189,RA-MPC,
False,,0.7000000000000001,-0.2541361712485624,1,22.29173810887981,1.0,14,strong,448,190,RA-MPC,
True,0.25,0.25,7.3301245656557725,0,5.17519871772031,0.0,5,strong,449,191,RA-MPC,
False,,0.35,-0.1298690386852983,1,8.992020500536555,1.0,7,strong,452,192,RA-MPC,
False,,0.65,-0.0241478783671671,1,19.707174630283745,1.0,13,strong,453,193,RA-MPC,
True,1.1500000000000004,1.1500000000000004,0.1414062146728328,0,31.508377445598057,0.0,23,strong,455,194,RA-MPC,
True,0.35,0.35,3.51586007330208,0,8.33292497246642,0.0,7,strong,456,195,RA-MPC,
False,,0.35,-0.2733453371608301,1,12.833268680320296,1.0,7,strong,458,196,RA-MPC,
True,0.15,0.15,4.904673199184427,0,4.68312684141956,0.0,3,strong,459,197,RA-MPC,
False,,0.4499999999999999,-0.6470738997406601,1,13.489365861911324,1.0,9,strong,462,198,RA-MPC,
False,,0.5499999999999999,-0.1506262989287283,1,12.201399568078507,1.0,11,strong,465,199,RA-MPC,
True,0.9000000000000002,0.9000000000000002,0.6677648210067156,0,21.197632388909632,0.0,18,strong,466,200,RA-MPC,
True,0.6,0.6,4.651562739029235,0,13.430119525142263,0.0,12,strong,468,201,RA-MPC,
False,,0.3,-0.5124005637819228,1,12.200084155908142,1.0,6,strong,469,202,RA-MPC,
False,,0.9500000000000004,-0.6166075227987532,1,33.83217298047812,1.0,19,strong,471,203,RA-MPC,
False,,0.4499999999999999,-0.4115074189809705,1,14.607208196688497,1.0,9,strong,473,204,RA-MPC,
False,,0.8500000000000002,-0.5842339595673111,1,32.07790511532455,1.0,17,strong,475,205,RA-MPC,
True,0.8000000000000002,0.8000000000000002,6.4925641976459465,0,14.769983375349618,0.0,16,strong,476,206,RA-MPC,
False,,0.65,-0.1964386981528657,1,19.73594559020752,1.0,13,strong,478,207,RA-MPC,
False,,0.9000000000000002,-0.1560100375321806,1,26.059214268199376,1.0,18,strong,481,208,RA-MPC,
False,,0.65,-1.0339725722788011,1,14.300568211299687,1.0,13,strong,483,209,RA-MPC,
False,,0.3999999999999999,-0.1392204503703197,1,10.3753994794583,1.0,8,strong,485,210,RA-MPC,
False,,0.25,1.2441481764542388,0,10.778599043211988,1.0,5,strong,488,211,RA-MPC,
False,,0.3999999999999999,-0.3335083547807057,1,17.550534553205416,1.0,8,strong,489,212,RA-MPC,
True,0.65,0.65,7.338658870239934,0,13.56431946661696,0.0,13,strong,493,213,RA-MPC,
False,,0.3999999999999999,1.4016840893493312,0,17.150360348717918,1.0,8,strong,498,214,RA-MPC,
True,0.7500000000000001,0.7500000000000001,0.8414115751555776,0,17.56860045791835,0.0,15,strong,502,215,RA-MPC,
False,,0.7000000000000001,-0.042929046101963,1,27.069142404991126,1.0,14,strong,506,216,RA-MPC,
False,,0.35,0.531595543095227,0,15.021667422467663,1.0,7,strong,508,217,RA-MPC,
False,,0.2,0.9811847692267448,0,8.413909120424321,1.0,4,strong,514,218,RA-MPC,
False,,0.65,-0.0642689712681195,1,17.37482721837148,1.0,13,strong,517,219,RA-MPC,
False,,0.5499999999999999,0.1137880336799681,0,20.95857843013372,1.0,11,strong,519,220,RA-MPC,
True,1.2500000000000004,1.2500000000000004,0.3080750015324293,0,32.40235013114661,0.0,25,strong,520,221,RA-MPC,
True,0.9000000000000002,0.9000000000000002,0.3204295892537435,0,22.747346189902363,0.0,18,strong,521,222,RA-MPC,
False,,0.15,-0.4968357258372282,1,6.992318546997564,1.0,3,strong,522,223,RA-MPC,
False,,1.2500000000000004,-0.338709478702571,1,42.02022920234873,1.0,25,strong,523,224,RA-MPC,
True,0.8000000000000002,0.8000000000000002,2.713907874580708,0,13.660573569779263,0.0,16,strong,528,225,RA-MPC,
False,,0.8500000000000002,-0.0648181001657995,1,27.336108570532264,1.0,17,strong,535,226,RA-MPC,
False,,0.6,-0.083655923342641,1,16.753438942377244,1.0,12,strong,536,227,RA-MPC,
False,,1.1500000000000004,-1.0404090413824256,1,42.36728656862456,1.0,23,strong,540,228,RA-MPC,
True,1.0000000000000002,1.0000000000000002,0.4375144859071168,0,25.611257542321702,0.0,20,strong,541,229,RA-MPC,
True,1.0000000000000002,1.0000000000000002,0.1542033824052522,0,28.284070106812703,0.0,20,strong,544,230,RA-MPC,
True,0.4999999999999999,0.4999999999999999,3.742163451187481,0,7.563009803685424,0.0,10,strong,546,231,RA-MPC,
False,,0.7500000000000001,-0.0058871308018017,1,18.661412980184288,1.0,15,strong,548,232,RA-MPC,
False,,0.7000000000000001,-0.8673878139998696,1,18.268659185284065,1.0,14,strong,550,233,RA-MPC,
False,,0.25,-0.4609270390417216,1,9.019475315854788,1.0,5,strong,553,234,RA-MPC,
False,,0.9500000000000004,-0.6735054301488577,1,32.1705587393928,1.0,19,strong,554,235,RA-MPC,
True,0.25,0.25,1.784005710820158,0,5.490017524548285,0.0,5,strong,556,236,RA-MPC,
False,,0.3999999999999999,-0.4692047643307888,1,14.63519561035331,1.0,8,strong,558,237,RA-MPC,
False,,0.5499999999999999,-0.4509814246993447,1,14.76615856982914,1.0,11,strong,559,238,RA-MPC,
True,0.4499999999999999,0.4499999999999999,2.015637099465313,0,6.740177102330144,0.0,9,strong,562,239,RA-MPC,
True,0.6,0.6,3.100069369664322,0,9.539514564677845,0.0,12,strong,563,240,RA-MPC,
False,,0.4999999999999999,-0.0576782975224131,1,12.910943580630818,1.0,10,strong,567,241,RA-MPC,
False,,0.4499999999999999,-0.440369639733481,1,19.476503190147223,1.0,9,strong,568,242,RA-MPC,
False,,0.7000000000000001,-0.7977264608245734,1,21.440262639543008,1.0,14,strong,571,243,RA-MPC,
False,,0.2,-0.0351913971168928,1,5.405826269472037,1.0,4,strong,573,244,RA-MPC,
False,,0.4999999999999999,-0.4740370843919921,1,17.182624456281978,1.0,10,strong,574,245,RA-MPC,
False,,0.5499999999999999,-0.1199894737524558,1,18.174327429433305,1.0,11,strong,577,246,RA-MPC,
False,,0.4999999999999999,-0.2862583633271677,1,13.28888764028929,1.0,10,strong,581,247,RA-MPC,
False,,0.9500000000000004,-0.0245601559377044,1,22.552520109333425,1.0,19,strong,584,248,RA-MPC,
False,,0.5499999999999999,-1.010053802902961,1,17.645644713398045,1.0,11,strong,585,249,RA-MPC,
True,0.25,0.25,9.23425998882141,0,5.189432171281847,0.0,5,strong,586,250,RA-MPC,
True,0.5499999999999999,0.5499999999999999,0.156189131891505,0,10.628460742232528,0.0,11,strong,589,251,RA-MPC,
True,0.2,0.2,2.392223777380284,0,2.0827843843275,0.0,4,strong,590,252,RA-MPC,
False,,0.05,0.8076606587628274,0,2.499998972777266,1.0,1,strong,591,253,RA-MPC,
True,0.7000000000000001,0.7000000000000001,7.565743288603484,0,15.780784750448534,0.0,14,strong,592,254,RA-MPC,
True,0.8500000000000002,0.8500000000000002,0.5265643430871576,0,16.8446955023459,0.0,17,strong,593,255,RA-MPC,
False,,0.5499999999999999,-0.8657806659753039,1,16.644755897866876,1.0,11,strong,594,256,RA-MPC,
True,0.7500000000000001,0.7500000000000001,8.630531120663273,0,17.395757651815046,0.0,15,strong,597,257,RA-MPC,
True,0.8500000000000002,0.8500000000000002,3.08971162636459,0,15.521734531136929,0.0,17,strong,598,258,RA-MPC,
False,,0.3999999999999999,-0.7162099221776286,1,14.96867775540993,1.0,8,strong,600,259,RA-MPC,
True,0.9000000000000002,0.9000000000000002,3.0279179086253505,0,15.128812140280765,0.0,18,strong,604,260,RA-MPC,
True,0.7000000000000001,0.7000000000000001,1.61149366500555,0,10.120730992330058,0.0,14,strong,606,261,RA-MPC,
True,0.5499999999999999,0.5499999999999999,4.505840496524665,0,11.210721465047568,0.0,11,strong,613,262,RA-MPC,
False,,0.7000000000000001,-0.4565691996115581,1,29.682101110173544,1.0,14,strong,614,263,RA-MPC,
False,,1.0500000000000005,-0.6739440600180951,1,44.70398666109924,1.0,21,strong,615,264,RA-MPC,
True,0.7000000000000001,0.7000000000000001,0.8330002033964636,0,15.193464416621817,0.0,14,strong,621,265,RA-MPC,
True,0.8500000000000002,0.8500000000000002,1.0069502167845383,0,17.24499378986865,0.0,17,strong,623,266,RA-MPC,
False,,0.8500000000000002,-0.2475456480290433,1,38.10345920764818,1.0,17,strong,631,267,RA-MPC,
True,0.9500000000000004,0.9500000000000004,3.212140125171832,0,19.614188068191734,0.0,19,strong,634,268,RA-MPC,
True,0.9500000000000004,0.9500000000000004,0.2180121570397411,0,23.62443982425973,0.0,19,strong,637,269,RA-MPC,
False,,0.65,-0.5812643844352867,1,16.21011008666394,1.0,13,strong,639,270,RA-MPC,
True,0.6,0.6,8.600533586394775,0,9.925205601338524,0.0,12,strong,644,271,RA-MPC,
True,1.6000000000000008,1.6000000000000008,0.1865378380069352,0,57.29852253395859,0.0,32,strong,645,272,RA-MPC,
False,,0.7000000000000001,-0.805864430204494,1,22.599085872121226,1.0,14,strong,646,273,RA-MPC,
False,,0.4499999999999999,-0.560929913246958,1,19.38420273868385,1.0,9,strong,654,274,RA-MPC,
True,0.7000000000000001,0.7000000000000001,3.23225624808239,0,16.876031688757358,0.0,14,strong,655,275,RA-MPC,
False,,1.1000000000000003,-0.1229208950291453,1,40.98417523432581,1.0,22,strong,661,276,RA-MPC,
False,,0.8000000000000002,-0.4894603175945881,1,27.957030847769825,1.0,16,strong,662,277,RA-MPC,
True,0.65,0.65,3.410033840022827,0,14.48155258842222,0.0,13,strong,665,278,RA-MPC,
False,,0.4999999999999999,-0.1468682163469687,1,19.931540829955537,1.0,10,strong,667,279,RA-MPC,
False,,0.3999999999999999,-0.362138591194668,1,11.307364102035857,1.0,8,strong,668,280,RA-MPC,
False,,0.8000000000000002,-0.1912411943795526,1,24.89592166689844,1.0,16,strong,671,281,RA-MPC,
True,0.6,0.6,5.10436433670135,0,12.307186076973888,0.0,12,strong,672,282,RA-MPC,
False,,0.8000000000000002,-0.37774655860514,1,31.23837759015783,1.0,16,strong,675,283,RA-MPC,
False,,0.4999999999999999,-0.3209707510039231,1,19.729068262421958,1.0,10,strong,676,284,RA-MPC,
False,,0.6,-0.0061856449578009,1,19.362764361600032,1.0,12,strong,678,285,RA-MPC,
False,,0.7500000000000001,-0.7218309456240681,1,32.528814843785945,1.0,15,strong,679,286,RA-MPC,
False,,0.9000000000000002,-0.0120430231836225,1,18.096587974950992,1.0,18,strong,681,287,RA-MPC,
False,,9.999999999999876,7.648063415698943,0,126.67661265743752,,500,nominal,1,0,Unconstrained,7.205834925438471
False,,9.999999999999876,3.500520515604109,0,769.3291954088744,,500,nominal,2,1,Unconstrained,3.4781286490757504
False,,9.999999999999876,5.489754490209357,0,19549.416091212766,,500,nominal,4,2,Unconstrained,5.489632536081866
False,,9.999999999999876,7.49152434084093,0,1708.6130692419545,,500,nominal,6,3,Unconstrained,7.490464355780537
False,,9.999999999999876,3.888556954895851,0,1228.2718474546227,,500,nominal,7,4,Unconstrained,3.8880600888862062
False,,9.999999999999876,3.0338956207151786,0,1479.855382700724,,500,nominal,10,5,Unconstrained,3.030205306846257
False,,9.999999999999876,6.160655068332468,0,1860.5569301654464,,500,nominal,12,6,Unconstrained,6.15920377891834
False,,9.999999999999876,7.0494640942582825,0,2337.2043699509018,,500,nominal,13,7,Unconstrained,7.048642138796785
False,,9.999999999999876,9.868327633253571,0,975.867830622186,,500,nominal,15,8,Unconstrained,9.86816771023285
False,,9.999999999999876,5.080133895263442,0,918.0543157376874,,500,nominal,18,9,Unconstrained,5.075366769486678
True,2.900000000000002,2.900000000000002,8.150869879479751,0,40.99846596073888,,145,nominal,19,10,Unconstrained,7.038779770939497
False,,9.999999999999876,2.456670777807642,0,1976.5263477547348,,500,nominal,21,11,Unconstrained,2.4546622831147484
True,5.259999999999976,5.259999999999976,9.831912703283429,0,72.56931381085947,,263,nominal,22,12,Unconstrained,9.477748022954946
False,,9.999999999999876,7.827232291726874,0,2528.532726532667,,500,nominal,23,13,Unconstrained,7.826306606760052
False,,9.999999999999876,8.783184112688325,0,7.251415249344215,,500,nominal,24,14,Unconstrained,6.433606859666703
True,2.0800000000000014,2.0800000000000014,4.202415397560195,0,71.32944972070635,,104,nominal,26,15,Unconstrained,3.070464781944504
False,,9.999999999999876,6.0226712609384885,0,3071.909980445421,,500,nominal,29,16,Unconstrained,6.022136294987105
False,,9.999999999999876,7.587411600276879,0,217.1010179099808,,500,nominal,30,17,Unconstrained,7.324305746079437
True,3.3800000000000026,3.3800000000000026,9.498043584434798,0,197.47518178290343,,169,nominal,32,18,Unconstrained,9.431132949822029
False,,9.999999999999876,4.403433013503123,0,378.9796377079787,,500,nominal,37,19,Unconstrained,4.082622033311056
False,,9.999999999999876,7.210018165081895,0,85.3620810811907,,500,nominal,38,20,Unconstrained,6.020836253018936
False,,9.999999999999876,6.206248997655369,0,1617.8659489825916,,500,nominal,42,21,Unconstrained,6.203918837495519
False,,9.999999999999876,7.176278969593179,0,531.9515705642376,,500,nominal,43,22,Unconstrained,7.083244789533371
True,3.4000000000000026,3.4000000000000026,6.640748027253457,0,104.05859706597953,,170,nominal,44,23,Unconstrained,5.994696032539333
False,,9.999999999999876,7.0549205047249695,0,750.3982507433101,,500,nominal,47,24,Unconstrained,7.029864335272969
False,,9.999999999999876,2.366874427657869,0,745.6912694707775,,500,nominal,48,25,Unconstrained,2.3470883229458224
True,9.959999999999877,9.959999999999877,7.748048596550018,0,144.41165063679546,,498,nominal,53,26,Unconstrained,7.537186066203939
True,6.95999999999994,6.95999999999994,0.6160124913218509,0,427.3452687656481,,348,nominal,54,27,Unconstrained,0.2935130014903014
False,,9.999999999999876,4.546937987285391,0,279.3153117306363,,500,nominal,55,28,Unconstrained,3.968003748284321
False,,9.999999999999876,10.00986537913646,0,2161.043657524581,,500,nominal,56,29,Unconstrained,10.009130432740104
False,,9.999999999999876,2.480324111246623,0,6133.445002877725,,500,nominal,60,30,Unconstrained,2.47822920018426
False,,9.999999999999876,2.662729122953888,0,151.08655297120563,,500,nominal,61,31,Unconstrained,0.6034956815946222
False,,9.999999999999876,0.7783587850620887,0,1090.0805752172955,,500,nominal,62,32,Unconstrained,0.7737866809798895
True,6.079999999999958,6.079999999999958,5.342996021606475,0,133.18954508012246,,304,nominal,67,33,Unconstrained,4.157394984224286
False,,9.999999999999876,2.317476998895105,0,692.4084809988568,,500,nominal,69,34,Unconstrained,2.308752856258451
False,,9.999999999999876,2.9639553973035677,0,1071.5473430815598,,500,nominal,74,35,Unconstrained,2.9144185493785733
False,,9.999999999999876,7.179395259029781,0,2763.411587155236,,500,nominal,77,36,Unconstrained,7.178181911999752
True,8.739999999999903,8.739999999999903,4.877123337962688,0,251.2276195637673,,437,nominal,80,37,Unconstrained,4.415124766291024
True,5.139999999999978,5.139999999999978,6.193797579892848,0,108.77450682954306,,257,nominal,81,38,Unconstrained,5.112918213032693
False,,9.999999999999876,4.343780678051509,0,1364.105959512881,,500,nominal,83,39,Unconstrained,4.333013184492675
True,4.040000000000002,4.040000000000002,10.537947066518436,0,2.1623167596637,,202,nominal,84,40,Unconstrained,9.728807730608118
False,,9.999999999999876,2.624279008328506,0,1445.5706456433131,,500,nominal,90,41,Unconstrained,2.6238904187406416
True,0.2199999999999999,0.2199999999999999,6.342496692600179,0,170.90714196540594,,11,nominal,99,42,Unconstrained,6.335044661350205
True,5.099999999999979,5.099999999999979,8.252060099249249,0,55.07029082339709,,255,nominal,101,43,Unconstrained,7.018169145230517
True,2.600000000000002,2.600000000000002,3.3652801132699235,0,78.47409307558067,,130,nominal,102,44,Unconstrained,2.110022976486113
False,,9.999999999999876,9.606707036369938,0,506.0865995926729,,500,nominal,103,45,Unconstrained,9.60558918048824
False,,9.999999999999876,9.445852466578964,0,743.9235089271064,,500,nominal,109,46,Unconstrained,9.443881093142606
False,,9.999999999999876,1.498933360375947,0,1667.4004922855252,,500,nominal,111,47,Unconstrained,1.4943662412271983
False,,9.999999999999876,8.209580975801467,0,436.31834905347904,,500,nominal,112,48,Unconstrained,8.15911697477995
True,6.699999999999945,6.699999999999945,9.195741591130886,0,26.3416601211052,,335,nominal,116,49,Unconstrained,8.22834894005068
False,,9.999999999999876,5.872138404750031,0,109.10538268458808,,500,nominal,117,50,Unconstrained,4.356893726526311
True,9.81999999999988,9.81999999999988,5.88251635731886,0,242.5095779556914,,491,nominal,118,51,Unconstrained,5.432473511292966
False,,9.999999999999876,0.9913506727258417,0,709.7397053567897,,500,nominal,119,52,Unconstrained,0.986856764306844
False,,9.999999999999876,7.525630278535421,0,503.44470853378834,,500,nominal,120,53,Unconstrained,7.522539403398597
False,,9.999999999999876,9.827736530738306,0,1546.2724891853168,,500,nominal,123,54,Unconstrained,9.827124472778296
True,7.179999999999935,7.179999999999935,9.442985513504132,0,2.186573249310288,,359,nominal,126,55,Unconstrained,8.845295242416126
True,1.4600000000000009,1.4600000000000009,5.634992171568476,0,29.49028040615953,,73,nominal,132,56,Unconstrained,3.8559173074475375
False,,9.999999999999876,7.515989491613473,0,150.60124146172132,,500,nominal,134,57,Unconstrained,7.257965203442625
True,7.359999999999931,7.359999999999931,9.774716606934405,0,139.5013791719397,,368,nominal,135,58,Unconstrained,9.64763687194527
True,6.499999999999949,6.499999999999949,4.90688666792628,0,82.51100396683492,,325,nominal,139,59,Unconstrained,3.4167005023889137
False,,9.999999999999876,3.460724376062459,0,3953.975865981253,,500,nominal,140,60,Unconstrained,3.459335904252196
False,,9.999999999999876,3.760345385277739,0,1140.5700156351895,,500,nominal,148,61,Unconstrained,3.757614140796964
False,,9.999999999999876,4.0043711888884985,0,1144.2973747072526,,500,nominal,149,62,Unconstrained,3.996453034714528
False,,9.999999999999876,7.448225931994454,0,234.13259909793385,,500,nominal,150,63,Unconstrained,7.373722405506328
True,4.559999999999991,4.559999999999991,0.3919957911652822,0,243.59872548849293,,228,nominal,151,64,Unconstrained,0.3757426105091881
True,1.620000000000001,1.620000000000001,0.778741580774267,0,287.89409851914223,,81,nominal,152,65,Unconstrained,0.745266272828593
False,,9.999999999999876,4.304481570503701,0,1590.9270495898058,,500,nominal,154,66,Unconstrained,4.278769034813771
True,9.939999999999875,9.939999999999875,4.036840718039629,0,148.66245424872463,,497,nominal,157,67,Unconstrained,2.72085729342684
True,2.200000000000001,2.200000000000001,4.994493239307495,0,55.73375777233092,,110,nominal,158,68,Unconstrained,4.071490828665739
False,,9.999999999999876,6.215361223148356,0,342.4034708278761,,500,nominal,159,69,Unconstrained,5.965269767595361
False,,9.999999999999876,6.819379647936341,0,374.7692014502338,,500,nominal,164,70,Unconstrained,6.6990432497397325
False,,9.999999999999876,4.920818983970484,0,2711.2379056144114,,500,nominal,165,71,Unconstrained,4.91981697933922
True,3.0800000000000023,3.0800000000000023,4.759430524351668,0,72.35466593294993,,154,nominal,177,72,Unconstrained,3.264114307778113
False,,9.999999999999876,7.028418742922527,0,1117.842904895677,,500,nominal,178,73,Unconstrained,7.027423742456852
False,,9.999999999999876,7.389252265770246,0,95.88000638729667,,500,nominal,180,74,Unconstrained,6.406883025176411
False,,9.999999999999876,4.862130134270468,0,694.8897586921915,,500,nominal,181,75,Unconstrained,4.802883739656531
False,,9.999999999999876,8.270294718299713,0,94.71573912743176,,500,nominal,182,76,Unconstrained,7.773212136751636
False,,9.999999999999876,4.855012821196231,0,154.2121156138878,,500,nominal,183,77,Unconstrained,3.648571818621957
True,9.079999999999895,9.079999999999895,8.44147018851803,0,705.7507643877252,,454,nominal,184,78,Unconstrained,8.436966955120477
False,,9.999999999999876,9.83903833792795,0,55.2844845064307,,500,nominal,185,79,Unconstrained,9.82798379046056
False,,9.999999999999876,9.426962490085256,0,524.4621110121395,,500,nominal,187,80,Unconstrained,9.425543521841796
True,8.139999999999915,8.139999999999915,3.9691434857181735,0,150.93298648804551,,407,nominal,191,81,Unconstrained,2.469072307201964
False,,9.999999999999876,2.86340823709852,0,397.30460579727406,,500,nominal,192,82,Unconstrained,2.380703174255993
False,,9.999999999999876,9.77574477791514,0,863.9533386808043,,500,nominal,194,83,Unconstrained,9.7744921372621
False,,9.999999999999876,3.257696129136309,0,3671.819444351735,,500,nominal,195,84,Unconstrained,3.257061316982853
True,3.5000000000000027,3.5000000000000027,5.817159216152478,0,29.05015881699323,,175,nominal,196,85,Unconstrained,2.448248398245699
False,,9.999999999999876,3.3748813806636653,0,1482.8301012269158,,500,nominal,198,86,Unconstrained,3.3697225958121004
False,,9.999999999999876,5.839565888336113,0,689.8465960406196,,500,nominal,199,87,Unconstrained,5.838806334596318
True,9.77999999999988,9.77999999999988,5.183265642289895,0,171.4676307378304,,489,nominal,203,88,Unconstrained,3.877729414007365
False,,9.999999999999876,5.064055212924468,0,828.9584594112391,,500,nominal,206,89,Unconstrained,5.045856687886706
False,,9.999999999999876,7.190620304755144,0,390.2930610078035,,500,nominal,216,90,Unconstrained,7.183282371507364
False,,9.999999999999876,0.3798484161511276,0,2212.9876841287287,,500,nominal,219,91,Unconstrained,0.376472479900051
False,,9.999999999999876,9.765891349727012,0,95.63801913847854,,500,nominal,220,92,Unconstrained,9.761431472913394
False,,9.999999999999876,7.630012847839982,0,50.17151956833363,,500,nominal,223,93,Unconstrained,5.878872463849673
False,,9.999999999999876,5.812802092816346,0,302.1839451547657,,500,nominal,226,94,Unconstrained,5.6043674415831815
False,,9.999999999999876,8.580408291981545,0,382.7238637512671,,500,nominal,230,95,Unconstrained,8.577229279823447
False,,9.999999999999876,5.779024752457946,0,139.34157044825224,,500,nominal,233,96,Unconstrained,4.766714524640548
False,,9.999999999999876,2.0894165807717195,0,884.3739699332,,500,nominal,236,97,Unconstrained,1.9800004436642689
True,8.8199999999999,8.8199999999999,8.18181876129283,0,235.05196183547747,,441,nominal,238,98,Unconstrained,8.056848872882822
False,,9.999999999999876,4.049209191425031,0,2107.1519129334984,,500,nominal,239,99,Unconstrained,4.044176868447681
False,,9.999999999999876,4.108040280734281,0,1252.0942166392315,,500,nominal,240,100,Unconstrained,4.106206931574293
False,,9.999999999999876,7.491281818371763,0,927.1377019548196,,500,nominal,241,101,Unconstrained,7.489799393336768
False,,9.999999999999876,8.840643900084489,0,339.69544426896306,,500,nominal,242,102,Unconstrained,8.840025096367752
True,1.540000000000001,1.540000000000001,1.789063385067586,0,164.06031935820602,,77,nominal,244,103,Unconstrained,1.5490739579546826
False,,9.999999999999876,6.532223864984728,0,2154.185574626729,,500,nominal,245,104,Unconstrained,6.530766520446138
False,,9.999999999999876,2.419676650140488,0,2309717.249808268,,500,nominal,246,105,Unconstrained,2.4196763962144723
True,8.979999999999897,8.979999999999897,9.236275330277431,0,19.07699446807962,,449,nominal,252,106,Unconstrained,9.020023631003523
False,,9.999999999999876,1.3497396209347157,0,643.4987896656324,,500,nominal,253,107,Unconstrained,1.2749572313876738
False,,9.999999999999876,8.051864019781595,0,136.59045511271435,,500,nominal,256,108,Unconstrained,7.8759221262413455
False,,9.999999999999876,9.744892236524487,0,319.5105373256292,,500,nominal,258,109,Unconstrained,9.743485518973472
False,,9.999999999999876,2.012658450736384,0,1079.2928537496102,,500,nominal,262,110,Unconstrained,2.0053857923048777
True,9.439999999999888,9.439999999999888,8.39284502154735,0,11.662820733754764,,472,nominal,265,111,Unconstrained,5.881299118825435
False,,9.999999999999876,2.54678173994994,0,297.56411343154525,,500,nominal,271,112,Unconstrained,1.7734998039853718
False,,9.999999999999876,4.804484837712597,0,448.1671083096357,,500,nominal,272,113,Unconstrained,4.620658159513248
True,3.3600000000000025,3.3600000000000025,6.145697312367581,0,53.65286522302918,,168,nominal,275,114,Unconstrained,4.184817726080803
False,,9.999999999999876,4.360709199408476,0,4938.713806462074,,500,nominal,277,115,Unconstrained,4.360218621770067
False,,9.999999999999876,1.364673961926612,0,781.0383834002539,,500,nominal,278,116,Unconstrained,1.338007171993186
False,,9.999999999999876,5.049882657015195,0,10309.941088150666,,500,nominal,280,117,Unconstrained,5.049253836736967
False,,9.999999999999876,8.148851981206077,0,1080.6760020918562,,500,nominal,286,118,Unconstrained,8.146133895937622
True,2.0000000000000013,2.0000000000000013,7.621513077793053,0,17.625221664849104,,100,nominal,288,119,Unconstrained,5.235262691052403
False,,9.999999999999876,7.486571537441833,0,261.8614833826556,,500,nominal,289,120,Unconstrained,7.318964416923803
False,,9.999999999999876,4.100610870973943,0,424.6014652562772,,500,nominal,294,121,Unconstrained,3.760163842196677
False,,9.999999999999876,1.0837117613759564,0,998.7398418892152,,500,nominal,296,122,Unconstrained,1.070002208597202
False,,9.999999999999876,6.066923932731022,0,258.5260085218072,,500,nominal,297,123,Unconstrained,5.778555003968118
False,,9.999999999999876,7.786773701149952,0,1624.7814504826936,,500,nominal,299,124,Unconstrained,7.784175883492415
True,2.680000000000002,2.680000000000002,9.253625482989465,0,5.022718916347353,,134,nominal,301,125,Unconstrained,5.129486515691832
True,9.379999999999889,9.379999999999889,10.171024001345668,0,12.683578863610116,,469,nominal,302,126,Unconstrained,10.101265043133488
True,4.499999999999992,4.499999999999992,9.20542877281556,0,45.86410977997945,,225,nominal,310,127,Unconstrained,8.213189951583555
True,2.3000000000000016,2.3000000000000016,5.183545035841648,0,101.54197629103705,,115,nominal,311,128,Unconstrained,4.714407168214797
True,1.8200000000000007,1.8200000000000007,9.859124991532717,0,6.838997301974713,,91,nominal,318,129,Unconstrained,8.253411524458556
True,2.720000000000002,2.720000000000002,10.526039322676468,0,2.394753539004002,,136,nominal,319,130,Unconstrained,9.051003847911078
True,5.139999999999978,5.139999999999978,3.008980515312842,0,161.7422855186563,,257,nominal,322,131,Unconstrained,1.7821548197971375
False,,9.999999999999876,8.860706861756862,0,696.8126853753998,,500,nominal,335,132,Unconstrained,8.855364548935944
False,,9.999999999999876,2.2231893997144647,0,790.7419200600833,,500,nominal,336,133,Unconstrained,2.2190284186304794
True,8.599999999999905,8.599999999999905,9.66706593290256,0,144.76201567717536,,430,nominal,338,134,Unconstrained,9.569432922897349
False,,9.999999999999876,8.69174295691203,0,1313.1673322431664,,500,nominal,342,135,Unconstrained,8.690029668570961
False,,9.999999999999876,3.7891331465299114,0,832.4786514454095,,500,nominal,348,136,Unconstrained,3.782406173639676
False,,9.999999999999876,8.022006605861053,0,780.6388005930313,,500,nominal,349,137,Unconstrained,8.019307111237593
False,,9.999999999999876,1.6644506876127263,0,271.01610840071334,,500,nominal,350,138,Unconstrained,0.4751365006793091
False,,9.999999999999876,0.3400706136667448,0,1298.8838810322954,,500,nominal,351,139,Unconstrained,0.3341209457571161
False,,9.999999999999876,7.101808311716543,0,210.3407035866803,,500,nominal,358,140,Unconstrained,6.973617209737586
True,5.05999999999998,5.05999999999998,7.304333040184581,0,140.1530558561929,,253,nominal,360,141,Unconstrained,6.828898448727699
False,,9.999999999999876,5.143923709238667,0,688.5747739228647,,500,nominal,364,142,Unconstrained,5.139899323131214
True,6.999999999999939,6.999999999999939,2.157214943115635,0,641.0084243343183,,350,nominal,365,143,Unconstrained,2.123126894152056
False,,9.999999999999876,7.577184641258274,0,202.7321104149721,,500,nominal,366,144,Unconstrained,7.223457022112004
False,,9.999999999999876,3.928090672324113,0,855.6851301350557,,500,nominal,367,145,Unconstrained,3.851153294511127
False,,9.999999999999876,1.0350268876142583,0,1016.4622165994316,,500,nominal,368,146,Unconstrained,1.02654230086267
False,,9.999999999999876,10.0173429403481,0,936.8743427121012,,500,nominal,369,147,Unconstrained,10.016840071573668
False,,9.999999999999876,9.356555338443192,0,3437.54266300518,,500,nominal,372,148,Unconstrained,9.356434034853557
False,,9.999999999999876,8.771783077965406,0,642.1887292393313,,500,nominal,374,149,Unconstrained,8.767023696777327
True,3.3800000000000026,3.3800000000000026,2.4878088549974477,0,165.98200307774886,,169,nominal,375,150,Unconstrained,2.0177240066635678
False,,9.999999999999876,9.911725226640147,0,11497.096411691564,,500,nominal,380,151,Unconstrained,9.911673424532845
False,,9.999999999999876,4.910622686666136,0,163.24191632119363,,500,nominal,382,152,Unconstrained,3.850798831718447
False,,9.999999999999876,4.167064323038378,0,804.6839069044399,,500,nominal,383,153,Unconstrained,4.159180450108338
False,,9.999999999999876,8.82388518529105,0,1192.2344012453084,,500,nominal,387,154,Unconstrained,8.821850410630354
True,8.35999999999991,8.35999999999991,4.830454822388805,0,85.36782651623767,,418,nominal,388,155,Unconstrained,2.138070856434595
True,3.4200000000000026,3.4200000000000026,8.050553709739479,0,40.68921188308381,,171,nominal,391,156,Unconstrained,6.614871342489884
True,4.799999999999986,4.799999999999986,6.179186672567716,0,44.5301366746822,,240,nominal,395,157,Unconstrained,3.317349155983366
False,,9.999999999999876,7.136311936593496,0,193.61245583112347,,500,nominal,400,158,Unconstrained,6.927991988784384
True,8.339999999999911,8.339999999999911,6.273771846733768,0,169.5759336160632,,417,nominal,401,159,Unconstrained,5.885095563859609
True,2.520000000000002,2.520000000000002,8.974491873773955,0,8.435112659626087,,126,nominal,402,160,Unconstrained,4.364978020098657
False,,9.999999999999876,3.883997594626303,0,569.8468719677799,,500,nominal,405,161,Unconstrained,3.792957552431134
True,8.559999999999906,8.559999999999906,6.3935406139790905,0,116.73137602744174,,428,nominal,408,162,Unconstrained,5.466228587425493
False,,9.999999999999876,5.564494047696394,0,322.0464220411477,,500,nominal,409,163,Unconstrained,5.486858946528496
False,,9.999999999999876,4.057287457289849,0,664.3269373256755,,500,nominal,412,164,Unconstrained,4.049391234273431
False,,9.999999999999876,9.734932672450292,0,340.8062343921731,,500,nominal,413,165,Unconstrained,9.73380715146584
True,9.999999999999876,9.999999999999876,10.18808712380208,0,105.19094538695552,,500,nominal,415,166,Unconstrained,10.156071717854896
False,,9.999999999999876,8.711679845115443,0,576.8832017108186,,500,nominal,416,167,Unconstrained,8.710320050735877
True,4.2399999999999975,4.2399999999999975,4.197444718093134,0,204.4298642295509,,212,nominal,417,168,Unconstrained,3.996862596545766
True,8.459999999999908,8.459999999999908,8.398091993997891,0,13.58613395588278,,423,nominal,419,169,Unconstrained,4.929027272220686
True,8.559999999999906,8.559999999999906,8.950102538583744,0,173.53409075934425,,428,nominal,425,170,Unconstrained,8.774724293105688
True,8.179999999999914,8.179999999999914,2.010089295284049,0,789.8178110234055,,409,nominal,426,171,Unconstrained,1.9508424680778105
True,4.619999999999989,4.619999999999989,10.720964525246956,0,2.7556888700595774,,231,nominal,429,172,Unconstrained,10.569806192756946
False,,9.999999999999876,7.423603916952874,0,2015.5420510383865,,500,nominal,433,173,Unconstrained,7.422067873565904
False,,9.999999999999876,8.715056002117464,0,60911.5486048118,,500,nominal,434,174,Unconstrained,8.71502862648732
False,,9.999999999999876,7.237691320419827,0,586.077584957979,,500,nominal,435,175,Unconstrained,7.23365004045413
False,,9.999999999999876,8.945665056926712,0,4838.5374158862005,,500,nominal,436,176,Unconstrained,8.945367900454498
False,,9.999999999999876,6.301503381175622,0,290.91264731999735,,500,nominal,439,177,Unconstrained,6.026185118883111
True,4.439999999999993,4.439999999999993,5.437051145258247,0,55.827359240954905,,222,nominal,444,178,Unconstrained,2.717758799040575
False,,9.999999999999876,6.286709380948284,0,464.617235333292,,500,nominal,445,179,Unconstrained,6.2671426200485865
True,7.279999999999933,7.279999999999933,2.4217698252772464,0,177.21616567876265,,364,nominal,446,180,Unconstrained,1.7290736478937745
False,,9.999999999999876,0.3605922575531725,0,1631.2252763014735,,500,nominal,447,181,Unconstrained,0.3262134280544341
True,9.219999999999892,9.219999999999892,10.385522287568794,0,55.50181641684202,,461,nominal,448,182,Unconstrained,10.316668142544891
True,0.5000000000000001,0.5000000000000001,5.837816942619464,0,29.04405535386884,,25,nominal,449,183,Unconstrained,5.596275605459812
True,4.060000000000001,4.060000000000001,2.4496284967658664,0,169.09049410948018,,203,nominal,452,184,Unconstrained,1.8192807635846848
False,,9.999999999999876,6.604340104840089,0,1055.5459028861196,,500,nominal,453,185,Unconstrained,6.5714888494021295
False,,9.999999999999876,7.764012628780862,0,264.75172574133813,,500,nominal,455,186,Unconstrained,7.700433005166297
False,,9.999999999999876,3.51586007330208,0,11578.6393891322,,500,nominal,456,187,Unconstrained,3.515857488537751
False,,9.999999999999876,9.22933741488691,0,11342.047043697805,,500,nominal,458,188,Unconstrained,9.229203566619956
False,,9.999999999999876,4.478713251230058,0,924.517401247011,,500,nominal,459,189,Unconstrained,4.462802645776251
True,8.579999999999906,8.579999999999906,7.315836384578884,0,206.8622884547045,,429,nominal,462,190,Unconstrained,7.008386128110087
True,5.0399999999999805,5.0399999999999805,10.132645985324528,0,28.04997268336875,,252,nominal,465,191,Unconstrained,9.493503088999235
True,8.499999999999908,8.499999999999908,6.277196913398735,0,750.7595816749222,,425,nominal,466,192,Unconstrained,6.269451689693081
False,,9.999999999999876,1.9680503105237013,0,506.1159649873693,,500,nominal,467,193,Unconstrained,1.6163674888976258
True,2.220000000000001,2.220000000000001,5.281322007278835,0,57.629499159466015,,111,nominal,468,194,Unconstrained,4.4134198594957645
False,,9.999999999999876,3.871892286625681,0,661.0336685184092,,500,nominal,469,195,Unconstrained,3.8700605906324834
False,,9.999999999999876,5.490181752347217,0,184.06979619298053,,500,nominal,471,196,Unconstrained,4.664295480159414
False,,9.999999999999876,4.553328206931068,0,361.3909371373643,,500,nominal,473,197,Unconstrained,4.383670670297071
True,9.459999999999887,9.459999999999887,0.8824653136868434,0,281.57103842407804,,473,nominal,475,198,Unconstrained,0.0591351174119194
False,,9.999999999999876,6.348033232691698,0,1066.521295786015,,500,nominal,476,199,Unconstrained,6.344399511278446
False,,9.999999999999876,4.053703182310988,0,2191.701215141977,,500,nominal,478,200,Unconstrained,4.0510560367295305
False,,9.999999999999876,4.743267700788432,0,798.6684781176941,,500,nominal,481,201,Unconstrained,4.687231172509604
False,,9.999999999999876,6.41584935470678,0,298.8575912941687,,500,nominal,485,202,Unconstrained,6.285602413078141
False,,9.999999999999876,4.739636443323542,0,526.8336934582707,,500,nominal,488,203,Unconstrained,4.573115779072087
False,,9.999999999999876,4.922776012317813,0,1995.7302136849044,,500,nominal,489,204,Unconstrained,4.914632464183264
True,1.640000000000001,1.640000000000001,10.349675855462795,0,1.6109200375325952,,82,nominal,493,205,Unconstrained,7.498127391630241
True,9.999999999999876,9.999999999999876,5.887198654054011,0,160.37229331226993,,500,nominal,498,206,Unconstrained,4.837556539950851
True,1.8000000000000012,1.8000000000000012,5.667929046218873,0,21.29667965814805,,90,nominal,502,207,Unconstrained,2.42180266399302
True,7.459999999999929,7.459999999999929,4.654835975626433,0,102.99332214567563,,373,nominal,506,208,Unconstrained,2.869779089160449
False,,9.999999999999876,7.565315115471986,0,86.7725072399863,,500,nominal,508,209,Unconstrained,6.564646450038941
False,,9.999999999999876,5.324832327448818,0,869.7130315702216,,500,nominal,514,210,Unconstrained,5.31957611724564
False,,9.999999999999876,8.840065488873963,0,1476.0621371725,,500,nominal,517,211,Unconstrained,8.839939329584379
False,,9.999999999999876,7.931687674437643,0,105.68081612533736,,500,nominal,519,212,Unconstrained,7.401384780284624
False,,9.999999999999876,8.817178493183931,0,62.664759740754185,,500,nominal,520,213,Unconstrained,8.570602229213378
False,,9.999999999999876,10.270832725156025,0,364.3167195235397,,500,nominal,521,214,Unconstrained,10.270492113610604
False,,9.999999999999876,6.348473708326428,0,274.1478578661726,,500,nominal,522,215,Unconstrained,6.194381879065855
False,,9.999999999999876,7.08489763572988,0,123.42317391797565,,500,nominal,523,216,Unconstrained,6.182417883978034
False,,9.999999999999876,6.098098678122244,0,144.62976725263098,,500,nominal,528,217,Unconstrained,5.099255754762927
False,,9.999999999999876,1.56590628340965,0,762.8107757652019,,500,nominal,529,218,Unconstrained,1.5122051583285618
False,,9.999999999999876,4.950736333506562,0,817.2178895413174,,500,nominal,536,219,Unconstrained,4.946559058643071
False,,9.999999999999876,6.9564891449168575,0,240.89352449234585,,500,nominal,540,220,Unconstrained,6.863297885907091
True,4.479999999999992,4.479999999999992,5.490387868476202,0,96.12308103010454,,224,nominal,541,221,Unconstrained,4.010431977136042
True,5.219999999999977,5.219999999999977,7.641153562941198,0,85.66823917369997,,261,nominal,544,222,Unconstrained,6.444093332789881
True,2.4200000000000017,2.4200000000000017,6.199577485684232,0,147.0881587684594,,121,nominal,546,223,Unconstrained,6.023498256075441
False,,9.999999999999876,9.097804886232067,0,328.2762212397406,,500,nominal,548,224,Unconstrained,9.096148301970754
True,4.1000000000000005,4.1000000000000005,9.99129796707346,0,9.03837872842689,,205,nominal,550,225,Unconstrained,8.281887318870982
False,,9.999999999999876,4.662444396939732,0,1725.6487686012554,,500,nominal,553,226,Unconstrained,4.66183748406721
True,7.699999999999924,7.699999999999924,4.213309292047215,0,194.50314456625452,,385,nominal,554,227,Unconstrained,3.689215430926045
True,0.2599999999999999,0.2599999999999999,1.1419746809873037,0,109.75981719923723,,13,nominal,556,228,Unconstrained,1.1297769514581906
False,,9.999999999999876,6.800361339616714,0,1247.2783134474228,,500,nominal,559,229,Unconstrained,6.797977351705375
True,1.7600000000000011,1.7600000000000011,2.5509942102514827,0,107.3406396157596,,88,nominal,562,230,Unconstrained,2.19780622666951
False,,9.999999999999876,3.529986236611968,0,1287.0235044988167,,500,nominal,563,231,Unconstrained,3.526073187667467
True,5.279999999999975,5.279999999999975,7.453714133087896,0,134.5946427506911,,264,nominal,567,232,Unconstrained,6.996136064905901
False,,9.999999999999876,5.682870803445914,0,271.40652649633074,,500,nominal,568,233,Unconstrained,5.209950295609091
False,,9.999999999999876,2.268894728529129,0,1574.1768607819486,,500,nominal,571,234,Unconstrained,2.267008534610141
False,,9.999999999999876,2.298166412562272,0,826.5848836965595,,500,nominal,574,235,Unconstrained,2.2818887764097213
False,,9.999999999999876,8.619456981868526,0,4536.320704958729,,500,nominal,577,236,Unconstrained,8.619341044179132
True,7.699999999999924,7.699999999999924,4.591199392135773,0,142.4197188920695,,385,nominal,581,237,Unconstrained,3.3682075934926106
False,,9.999999999999876,3.99927056768367,0,1062.7519309917143,,500,nominal,584,238,Unconstrained,3.9976152998381433
True,7.559999999999927,7.559999999999927,4.468974529003369,0,574.912709983673,,378,nominal,585,239,Unconstrained,4.447448466570654
True,2.3600000000000017,2.3600000000000017,10.228715767853782,0,181.85486501517045,,118,nominal,586,240,Unconstrained,10.2083535179491
False,,9.999999999999876,1.795125580163158,0,218.16035993560615,,500,nominal,591,241,Unconstrained,0.901049227811745
False,,9.999999999999876,8.765084654932343,0,1050.934388944961,,500,nominal,592,242,Unconstrained,8.762889006508303
True,5.9799999999999605,5.9799999999999605,6.826070441553673,0,263.4581473765422,,299,nominal,593,243,Unconstrained,6.70025574647749
False,,9.999999999999876,6.912944206500852,0,588.059587257129,,500,nominal,594,244,Unconstrained,6.91079110131143
True,8.279999999999912,8.279999999999912,10.406855545491076,0,158.13374697471704,,414,nominal,597,245,Unconstrained,10.360649305866929
False,,9.999999999999876,10.349686270178344,0,149.054250411668,,500,nominal,598,246,Unconstrained,10.349465091630115
False,,9.999999999999876,1.820015418215104,0,1226.9388854031492,,500,nominal,600,247,Unconstrained,1.806128337129493
False,,9.999999999999876,4.889080593791834,0,254.5710908048228,,500,nominal,604,248,Unconstrained,4.119191394489968
True,2.5000000000000018,2.5000000000000018,9.466519197466022,0,18.804081356501705,,125,nominal,606,249,Unconstrained,8.330092140364203
False,,9.999999999999876,7.915913493133869,0,1052.8809761403268,,500,nominal,613,250,Unconstrained,7.914729035642896
False,,9.999999999999876,3.026367576529389,0,532.5462488660839,,500,nominal,614,251,Unconstrained,2.970083819031117
True,8.479999999999908,8.479999999999908,6.659249211967472,0,73.68662410305208,,424,nominal,615,252,Unconstrained,4.954191441592375
False,,9.999999999999876,8.511148653923632,0,3618.768630179729,,500,nominal,621,253,Unconstrained,8.510522854579222
True,4.199999999999998,4.199999999999998,8.364385536413291,0,49.85832134119644,,210,nominal,623,254,Unconstrained,7.077419574653934
False,,9.999999999999876,3.88644756120268,0,348.87165799473155,,500,nominal,631,255,Unconstrained,3.4682358010598144
True,9.999999999999876,9.999999999999876,3.8318087913045593,0,92.51772552037612,,500,nominal,634,256,Unconstrained,1.0565559948965886
False,,9.999999999999876,8.265894689790173,0,172.22821362023117,,500,nominal,639,257,Unconstrained,8.190634329942117
True,1.620000000000001,1.620000000000001,8.627163707058559,0,14.333137350245368,,81,nominal,644,258,Unconstrained,7.269173714331812
False,,9.999999999999876,4.805842996179844,0,532.1621649308498,,500,nominal,645,259,Unconstrained,4.609418699229648
False,,9.999999999999876,2.9131096042349585,0,2444.72520775622,,500,nominal,646,260,Unconstrained,2.909866064072178
False,,9.999999999999876,5.986732044462115,0,90.7928273890585,,500,nominal,654,261,Unconstrained,4.0678330180199485
False,,9.999999999999876,3.963605038042192,0,368.17909415469217,,500,nominal,655,262,Unconstrained,3.56549647683038
False,,9.999999999999876,4.23793482784244,0,81900.03290882688,,500,nominal,661,263,Unconstrained,4.237902282529668
False,,9.999999999999876,6.380035884288647,0,109.70966323038763,,500,nominal,662,264,Unconstrained,4.845779566147948
False,,9.999999999999876,8.967935867460097,0,4881.602888340058,,500,nominal,665,265,Unconstrained,8.967707937034277
False,,9.999999999999876,8.012206135621366,0,65.61682719235642,,500,nominal,667,266,Unconstrained,6.957960259155698
False,,9.999999999999876,5.196747044854747,0,407.51113857184765,,500,nominal,668,267,Unconstrained,5.017573241949818
True,8.899999999999899,8.899999999999899,6.462477633302682,0,61.19726156716807,,445,nominal,671,268,Unconstrained,4.491614721460026
True,1.8800000000000008,1.8800000000000008,8.377645478653445,0,39.592856470086765,,94,nominal,672,269,Unconstrained,7.639304530337049
False,,9.999999999999876,3.640468014711457,0,506.4922295899983,,500,nominal,675,270,Unconstrained,3.5080569515330406
False,,9.999999999999876,5.841226709116913,0,138.43593127799758,,500,nominal,676,271,Unconstrained,4.514069578114295
False,,9.999999999999876,0.0296692091238149,0,748.0449216161148,,500,nominal,678,272,Unconstrained,0.0240826187345953
False,,9.999999999999876,2.4818361093247234,0,629.781039098664,,500,nominal,679,273,Unconstrained,2.464941386730617
False,,9.999999999999876,4.066334507128511,0,214.28913890088623,,500,nominal,681,274,Unconstrained,3.137836987534
False,,9.999999999999876,7.321365494116795,0,139.39140356967903,,500,mild,1,0,Unconstrained,6.433747510133576
False,,9.999999999999876,2.3019776384948125,0,1638.288996777437,,500,mild,2,1,Unconstrained,2.224492915101839
False,,9.999999999999876,4.90143188048576,0,1953.5856903487231,,500,mild,4,2,Unconstrained,4.700688300157889
False,,9.999999999999876,7.497018973267934,0,1387.7310390218304,,500,mild,6,3,Unconstrained,7.378881323912324
False,,9.999999999999876,3.2106067158964784,0,1899.8915602148456,,500,mild,7,4,Unconstrained,2.9619049211615565
False,,9.999999999999876,3.0779483271708967,0,1033.510900659445,,500,mild,10,5,Unconstrained,2.9906331558067287
False,,9.999999999999876,5.709054034105059,0,934.0110596307788,,500,mild,12,6,Unconstrained,5.545498004351471
False,,9.999999999999876,6.927823678422122,0,2472.5840977386697,,500,mild,13,7,Unconstrained,6.7915257428538425
False,,9.999999999999876,9.853561651898868,0,467.1598084014536,,500,mild,15,8,Unconstrained,9.690217080279105
False,,9.999999999999876,4.602189855558665,0,638.7039654968919,,500,mild,18,9,Unconstrained,4.352017211340625
True,2.860000000000002,2.860000000000002,8.197134510732127,0,38.548456508485856,,143,mild,19,10,Unconstrained,6.994703297568611
False,,9.999999999999876,1.6855743752725212,0,1127.241010918693,,500,mild,21,11,Unconstrained,1.3269216218739732
True,5.319999999999975,5.319999999999975,9.874808690884096,0,48.60253959714157,,266,mild,22,12,Unconstrained,9.477748022954946
False,,9.999999999999876,7.884481936938751,0,960.9743533757716,,500,mild,23,13,Unconstrained,7.826306606760052
False,,9.999999999999876,8.690856503380484,0,7.871398424946374,,500,mild,24,14,Unconstrained,6.114817186050187
True,2.0400000000000014,2.0400000000000014,4.260853097759189,0,62.968628221426975,,102,mild,26,15,Unconstrained,3.0585405221132547
False,,9.999999999999876,6.009514510410351,0,1733.904921667878,,500,mild,29,16,Unconstrained,5.718324590029275
False,,9.999999999999876,7.363729473824688,0,212.5803588295473,,500,mild,30,17,Unconstrained,7.089737664948819
True,3.3200000000000025,3.3200000000000025,9.465467744420764,0,189.9499799431337,,166,mild,32,18,Unconstrained,9.337532633677128
False,,9.999999999999876,3.2005228816150906,0,388.1895046462901,,500,mild,37,19,Unconstrained,2.4371511067293987
False,,9.999999999999876,6.704842953384047,0,101.5714681167694,,500,mild,38,20,Unconstrained,5.205424661458937
False,,9.999999999999876,5.758078026530633,0,1285.6087340843872,,500,mild,42,21,Unconstrained,5.5812785494946615
False,,9.999999999999876,6.3674370794160025,0,590.3717222880782,,500,mild,43,22,Unconstrained,6.183429270146483
True,3.3800000000000026,3.3800000000000026,6.199367636944478,0,107.72674180677495,,169,mild,44,23,Unconstrained,5.377314236056016
False,,9.999999999999876,6.697678834520556,0,683.0666170872547,,500,mild,47,24,Unconstrained,6.504843733732209
False,,9.999999999999876,1.937094783249333,0,1045.5474352040144,,500,mild,48,25,Unconstrained,1.5640976924872547
False,,9.999999999999876,7.675794710551622,0,151.7455198199051,,500,mild,53,26,Unconstrained,7.25169759544143
True,8.339999999999911,8.339999999999911,-0.0166339331725333,1,668.2002150359014,,417,mild,54,27,Unconstrained,-0.5097708127686822
False,,9.999999999999876,3.5611499957800588,0,341.58664664255315,,500,mild,55,28,Unconstrained,2.4659813594790805
False,,9.999999999999876,9.831862204676447,0,3435.9920968002643,,500,mild,56,29,Unconstrained,9.825242861793024
False,,9.999999999999876,2.8330492103241536,0,16793.517826879313,,500,mild,60,30,Unconstrained,2.4029964134556465
False,,9.999999999999876,2.3398026598387194,0,149.8980150079512,,500,mild,61,31,Unconstrained,-0.2874850262913848
False,,9.999999999999876,-0.178400893856936,2,1772.703597462273,,500,mild,62,32,Unconstrained,-0.3446192508115036
True,6.099999999999958,6.099999999999958,5.289107648707465,0,131.68709465682429,,305,mild,67,33,Unconstrained,3.384845555010234
False,,9.999999999999876,1.827875328057643,0,642.2787720564593,,500,mild,69,34,Unconstrained,1.801807819027881
False,,9.999999999999876,3.1051987920671604,0,853.1942661740766,,500,mild,74,35,Unconstrained,2.9144185493785733
False,,9.999999999999876,7.248233244395212,0,1895.8395015461176,,500,mild,77,36,Unconstrained,7.131972638604835
True,8.659999999999904,8.659999999999904,4.873217839852844,0,238.62221557695543,,433,mild,80,37,Unconstrained,4.1625392582445055
True,5.159999999999978,5.159999999999978,5.949713224640998,0,110.07176913380935,,258,mild,81,38,Unconstrained,4.554558017301783
False,,9.999999999999876,2.954049165944338,0,1325.4442684391197,,500,mild,83,39,Unconstrained,2.869921163356464
True,4.020000000000002,4.020000000000002,10.537947066518436,0,1.9594819536858208,,201,mild,84,40,Unconstrained,9.681771678145022
False,,9.999999999999876,1.3429090798077352,0,3387.0865682637013,,500,mild,90,41,Unconstrained,1.2117248685855966
True,0.2199999999999999,0.2199999999999999,6.345839761938285,0,170.4284124108064,,11,mild,99,42,Unconstrained,6.278659144009572
True,5.119999999999979,5.119999999999979,8.007276830774533,0,62.57463723249965,,256,mild,101,43,Unconstrained,6.454889957604009
True,2.620000000000002,2.620000000000002,3.355751494283203,0,80.19548548671337,,131,mild,102,44,Unconstrained,1.6007968252744424
False,,9.999999999999876,9.10629088200422,0,642.7195452750273,,500,mild,103,45,Unconstrained,8.815890699847735
False,,9.999999999999876,9.266456900431656,0,1157.5301277155154,,500,mild,109,46,Unconstrained,9.181547810747698
True,6.6799999999999455,6.6799999999999455,0.1243019098306276,0,3517.100910425778,,334,mild,111,47,Unconstrained,-0.3749582613983939
False,,9.999999999999876,8.296186947102466,0,287.93926237306255,,500,mild,112,48,Unconstrained,8.149037879601382
True,6.859999999999942,6.859999999999942,9.062408166643907,0,47.03041267853127,,343,mild,116,49,Unconstrained,7.581242065832734
False,,9.999999999999876,5.805704762706967,0,110.21923105975208,,500,mild,117,50,Unconstrained,3.7446965806935344
True,9.73999999999988,9.73999999999988,5.766489382977813,0,228.9184050347219,,487,mild,118,51,Unconstrained,5.282973956120911
False,,9.999999999999876,0.4877976903647704,0,6664.579705158142,,500,mild,119,52,Unconstrained,-0.2426178201825186
False,,9.999999999999876,6.825187785462001,0,857.0750775754757,,500,mild,120,53,Unconstrained,6.590833797245748
False,,9.999999999999876,8.878093654113592,0,2062.5295429874354,,500,mild,123,54,Unconstrained,8.770854318351388
True,7.199999999999935,7.199999999999935,9.442985513504132,0,4.684230828808816,,360,mild,126,55,Unconstrained,8.744043882666007
True,1.4400000000000008,1.4400000000000008,5.546504970765761,0,28.62112126123117,,72,mild,132,56,Unconstrained,3.69776581358338
False,,9.999999999999876,7.374063099829322,0,141.793104945021,,500,mild,134,57,Unconstrained,7.034608968316854
True,7.179999999999935,7.179999999999935,9.767296790368295,0,115.76239397156615,,359,mild,135,58,Unconstrained,9.622225405178048
True,6.499999999999949,6.499999999999949,4.846862941790812,0,89.0747113226497,,325,mild,139,59,Unconstrained,2.3452300572355664
False,,9.999999999999876,3.1766037067064805,0,996.162981241049,,500,mild,140,60,Unconstrained,2.990387093769776
False,,9.999999999999876,3.175949640838249,0,8962.886081293875,,500,mild,148,61,Unconstrained,2.74404592263573
False,,9.999999999999876,2.3940197771535945,0,1256.899368343074,,500,mild,149,62,Unconstrained,2.1820954750138024
False,,9.999999999999876,7.418879851121968,0,244.84863731093805,,500,mild,150,63,Unconstrained,6.895975027419841
True,5.219999999999977,5.219999999999977,-0.5472839269725287,5,8234.459346821135,,261,mild,151,64,Unconstrained,-0.5548572805716657
True,1.560000000000001,1.560000000000001,0.3901577911429943,0,253.88595978570072,,78,mild,152,65,Unconstrained,0.054687131943524
False,,9.999999999999876,4.247454802869764,0,1540.66461529425,,500,mild,154,66,Unconstrained,4.188836614677041
True,9.419999999999888,9.419999999999888,2.9786500007327605,0,148.200385655295,,471,mild,157,67,Unconstrained,1.0735711489596014
True,2.160000000000001,2.160000000000001,4.585873357927717,0,59.65630644738503,,108,mild,158,68,Unconstrained,3.1170036891415496
False,,9.999999999999876,6.397678664954298,0,330.29267530470725,,500,mild,159,69,Unconstrained,5.91958045820202
False,,9.999999999999876,5.933729633581706,0,397.2478937615315,,500,mild,164,70,Unconstrained,5.650479188885619
False,,9.999999999999876,4.749764899857323,0,3996.674948754329,,500,mild,165,71,Unconstrained,4.64592385548218
True,2.720000000000002,2.720000000000002,5.105678252142217,0,48.99320542331376,,136,mild,177,72,Unconstrained,3.1494452885231463
False,,9.999999999999876,6.810083547532808,0,840.5137005899117,,500,mild,178,73,Unconstrained,6.503634167103419
False,,9.999999999999876,6.1392332422920735,0,133.5512124642485,,500,mild,180,74,Unconstrained,5.15281198775314
False,,9.999999999999876,4.898814123135107,0,591.1746731752795,,500,mild,181,75,Unconstrained,4.521861126310147
False,,9.999999999999876,8.107483912819822,0,107.75804016858626,,500,mild,182,76,Unconstrained,7.374988908505592
False,,9.999999999999876,4.89900577200476,0,160.2726818874161,,500,mild,183,77,Unconstrained,2.975872881277256
True,8.719999999999903,8.719999999999903,8.44147018851803,0,581.1253715971891,,436,mild,184,78,Unconstrained,8.416081589402863
False,,9.999999999999876,9.757515306161254,0,85.88237944924393,,500,mild,185,79,Unconstrained,9.67150009823246
False,,9.999999999999876,9.3640073052103,0,516.5142254781357,,500,mild,187,80,Unconstrained,9.194570122052564
True,7.959999999999918,7.959999999999918,3.494296245453774,0,152.57453268594807,,398,mild,191,81,Unconstrained,1.4782117757555435
False,,9.999999999999876,2.030575221474922,0,412.9260842132787,,500,mild,192,82,Unconstrained,1.1381506187722827
False,,9.999999999999876,9.916407190888622,0,738.3504518467602,,500,mild,194,83,Unconstrained,9.688622988026449
False,,9.999999999999876,3.2271842796017824,0,3562.5387455751884,,500,mild,195,84,Unconstrained,3.195329808093001
True,3.5000000000000027,3.5000000000000027,5.989917001480717,0,29.738394179639837,,175,mild,196,85,Unconstrained,2.115587172904652
False,,9.999999999999876,3.055218770310764,0,1051.6961918070192,,500,mild,198,86,Unconstrained,2.732109998051006
False,,9.999999999999876,5.129543883956762,0,4569.993674588198,,500,mild,199,87,Unconstrained,4.94376587446217
True,9.399999999999888,9.399999999999888,4.586116411541319,0,162.63054899771217,,470,mild,203,88,Unconstrained,2.368408043568638
False,,9.999999999999876,3.634147330266489,0,787.9421638687816,,500,mild,206,89,Unconstrained,3.5830061462752405
False,,9.999999999999876,6.607072308984437,0,473.94755629651695,,500,mild,216,90,Unconstrained,6.320797327483959
False,,9.999999999999876,0.194639346011337,0,1670.4670476311082,,500,mild,219,91,Unconstrained,0.0315633484441555
False,,9.999999999999876,9.765043624593668,0,85.57362926007626,,500,mild,220,92,Unconstrained,9.697851977635832
False,,9.999999999999876,7.747813778823365,0,46.323726533153454,,500,mild,223,93,Unconstrained,5.678135264138346
False,,9.999999999999876,5.663951567044356,0,291.141845211737,,500,mild,226,94,Unconstrained,5.312252651002002
False,,9.999999999999876,8.533268493314436,0,397.78350905618345,,500,mild,230,95,Unconstrained,8.437689210421796
False,,9.999999999999876,5.684976686676284,0,147.51325226433195,,500,mild,233,96,Unconstrained,4.204714995417896
False,,9.999999999999876,1.4210281569927754,0,809.0674064728884,,500,mild,236,97,Unconstrained,1.0450204091295785
True,8.8599999999999,8.8599999999999,8.184612653159634,0,220.0682778053592,,443,mild,238,98,Unconstrained,7.948134538642997
False,,9.999999999999876,2.9706862745948537,0,2552.2118971037767,,500,mild,239,99,Unconstrained,2.922736182007116
False,,9.999999999999876,3.183998130760199,0,1954.9776857059064,,500,mild,240,100,Unconstrained,3.1576561257818447
False,,9.999999999999876,7.413337146408698,0,1566.4402180210518,,500,mild,241,101,Unconstrained,7.311130614092899
False,,9.999999999999876,8.838080777123658,0,334.3419750479599,,500,mild,242,102,Unconstrained,8.65073817260485
True,1.540000000000001,1.540000000000001,1.7162974534334683,0,161.4809916305371,,77,mild,244,103,Unconstrained,1.106278347372342
False,,9.999999999999876,5.682428187485335,0,2392.2072891045186,,500,mild,245,104,Unconstrained,5.515000957268294
True,9.33999999999989,9.33999999999989,2.419676650140488,0,2309054.46307336,,467,mild,246,105,Unconstrained,2.4196763962144723
True,8.939999999999898,8.939999999999898,9.221223040222954,0,29.88633669099377,,447,mild,252,106,Unconstrained,8.74867827838072
False,,9.999999999999876,2.193199219979358,0,367.7424405641326,,500,mild,253,107,Unconstrained,1.2159348187980934
False,,9.999999999999876,8.097617381043124,0,136.96819095877487,,500,mild,256,108,Unconstrained,7.512843433068805
False,,9.999999999999876,9.687105976698128,0,309.15256328914245,,500,mild,258,109,Unconstrained,9.63305001942516
False,,9.999999999999876,1.624634017378474,0,12626.33041249879,,500,mild,262,110,Unconstrained,1.2314373892039765
True,9.379999999999889,9.379999999999889,8.160165142638832,0,14.664502586502325,,469,mild,265,111,Unconstrained,5.5779693809252615
False,,9.999999999999876,2.2001508883045435,0,294.7107303719575,,500,mild,271,112,Unconstrained,0.9167217617971228
False,,9.999999999999876,4.564576315455677,0,433.36910247092,,500,mild,272,113,Unconstrained,4.1913304399499625
True,3.3200000000000025,3.3200000000000025,5.928747731367966,0,53.66143061164325,,166,mild,275,114,Unconstrained,3.7542495923781782
False,,9.999999999999876,3.7142687037423774,0,3220.80876271704,,500,mild,277,115,Unconstrained,3.5462268063525424
False,,9.999999999999876,1.3220931261748912,0,756.9591114633239,,500,mild,278,116,Unconstrained,0.875102697722701
False,,9.999999999999876,4.659770370295989,0,3845.667498048343,,500,mild,280,117,Unconstrained,4.361420567431832
False,,9.999999999999876,7.849781606960973,0,1437.4767062516123,,500,mild,286,118,Unconstrained,7.701580190209616
True,2.0000000000000013,2.0000000000000013,7.353453957802308,0,17.928154204213428,,100,mild,288,119,Unconstrained,4.890075578487335
False,,9.999999999999876,6.572185570139984,0,432.3938528910001,,500,mild,289,120,Unconstrained,6.401078910402303
False,,9.999999999999876,3.114304913327482,0,546.5019802691131,,500,mild,294,121,Unconstrained,2.433980336416835
False,,9.999999999999876,1.0521694674773394,0,997.5937390065284,,500,mild,296,122,Unconstrained,0.9336095036941532
False,,9.999999999999876,4.484201532536683,0,317.00753652495183,,500,mild,297,123,Unconstrained,4.140435940870125
False,,9.999999999999876,7.617131478865022,0,1045.5461993477245,,500,mild,299,124,Unconstrained,7.34380268017043
True,2.700000000000002,2.700000000000002,9.258790798540794,0,5.268997364804952,,135,mild,301,125,Unconstrained,5.019090990612957
True,9.439999999999888,9.439999999999888,10.171024001345668,0,7.861916675695268,,472,mild,302,126,Unconstrained,10.081436833534555
True,4.499999999999992,4.499999999999992,9.078812193013492,0,47.48939345743269,,225,mild,310,127,Unconstrained,7.932218037126939
True,2.780000000000002,2.780000000000002,3.9902619300080207,0,177.04606645930195,,139,mild,311,128,Unconstrained,3.5811329185133367
True,1.8400000000000007,1.8400000000000007,9.86534269608384,0,6.669209731732212,,92,mild,318,129,Unconstrained,8.202046869857998
True,2.680000000000002,2.680000000000002,10.520032903196368,0,2.024765816844928,,134,mild,319,130,Unconstrained,8.941611748973987
True,5.239999999999976,5.239999999999976,3.063845483803149,0,161.84649849313288,,262,mild,322,131,Unconstrained,1.6653152804096472
False,,9.999999999999876,8.712596215088768,0,657.0825174146581,,500,mild,335,132,Unconstrained,8.41742574950717
False,,9.999999999999876,2.513897437160564,0,3241.694615780872,,500,mild,336,133,Unconstrained,2.1773602757448693
True,8.279999999999912,8.279999999999912,9.363719536386595,0,174.97292308371445,,414,mild,338,134,Unconstrained,8.918926652560433
False,,9.999999999999876,8.002813547041061,0,1634.7015190081536,,500,mild,342,135,Unconstrained,7.819646405241342
False,,9.999999999999876,3.2364262742624064,0,704.4257155778729,,500,mild,348,136,Unconstrained,2.794740106035736
False,,9.999999999999876,7.447268096524906,0,4162.531637086367,,500,mild,349,137,Unconstrained,7.361129735143597
False,,9.999999999999876,0.4653540739678415,0,300.8927017389735,,500,mild,350,138,Unconstrained,-1.2377931825938144
False,,9.999999999999876,-0.2344768685688269,10,889.8413681807572,,500,mild,351,139,Unconstrained,-0.4883274213663422
False,,9.999999999999876,7.085199249411879,0,204.32393271576544,,500,mild,358,140,Unconstrained,6.556043039856277
True,5.07999999999998,5.07999999999998,7.212735787727366,0,142.71054412953114,,254,mild,360,141,Unconstrained,6.431208008511053
False,,9.999999999999876,4.217781336186701,0,817.6073136869377,,500,mild,364,142,Unconstrained,3.614381225447766
False,,9.999999999999876,1.4712854270384996,0,2183.9369550638144,,500,mild,365,143,Unconstrained,1.130829885278975
False,,9.999999999999876,6.865682270694388,0,230.22261533997903,,500,mild,366,144,Unconstrained,6.450394428521455
False,,9.999999999999876,2.9928092525876515,0,818.0345789387842,,500,mild,367,145,Unconstrained,2.513037794813897
False,,9.999999999999876,1.1396432936380894,0,5639.731463722946,,500,mild,368,146,Unconstrained,0.8696036421396902
False,,9.999999999999876,9.878616172725758,0,1166.1840420352137,,500,mild,369,147,Unconstrained,9.733761547995968
False,,9.999999999999876,9.416995893331208,0,313.0308122407994,,500,mild,372,148,Unconstrained,9.343987665105956
False,,9.999999999999876,8.184201377294322,0,718.3289527794346,,500,mild,374,149,Unconstrained,8.098276296065416
True,3.3800000000000026,3.3800000000000026,2.525151610001612,0,163.64802561047065,,169,mild,375,150,Unconstrained,1.8044648548225335
False,,9.999999999999876,9.544534370873668,0,3043.6113759256523,,500,mild,380,151,Unconstrained,9.54042070305207
False,,9.999999999999876,4.737204177329271,0,183.04587436394831,,500,mild,382,152,Unconstrained,2.9699830717082527
False,,9.999999999999876,4.320136907746575,0,898.7702437733959,,500,mild,383,153,Unconstrained,4.0126425712345295
False,,9.999999999999876,8.848353427967256,0,1922.7875040651743,,500,mild,387,154,Unconstrained,8.795444231238987
True,8.39999999999991,8.39999999999991,4.645821825510891,0,85.34115369241493,,420,mild,388,155,Unconstrained,1.8467388804485945
True,3.4200000000000026,3.4200000000000026,7.621735773106927,0,48.01095582858927,,171,mild,391,156,Unconstrained,5.69809196678705
True,4.899999999999984,4.899999999999984,6.515963554193526,0,42.33745815004107,,245,mild,395,157,Unconstrained,3.317349155983366
False,,9.999999999999876,7.440057024995831,0,191.61173018324132,,500,mild,400,158,Unconstrained,6.822142937192208
True,8.35999999999991,8.35999999999991,6.35162608728154,0,159.39114801550434,,418,mild,401,159,Unconstrained,5.780779141783599
True,2.520000000000002,2.520000000000002,8.861428720405662,0,9.351527462820885,,126,mild,402,160,Unconstrained,4.0414727845401535
False,,9.999999999999876,3.479282626387356,0,573.7313021477646,,500,mild,405,161,Unconstrained,3.1910560933388994
True,8.8199999999999,8.8199999999999,6.618873443031758,0,120.6722065764002,,441,mild,408,162,Unconstrained,5.29242866177635
False,,9.999999999999876,5.719418222803212,0,321.43803134854136,,500,mild,409,163,Unconstrained,5.429504432829821
False,,9.999999999999876,3.870667380307308,0,664.1310779920556,,500,mild,412,164,Unconstrained,3.765568156411164
False,,9.999999999999876,9.58632729835506,0,378.63036905162585,,500,mild,413,165,Unconstrained,9.575285219610317
True,9.999999999999876,9.999999999999876,10.136742799036435,0,121.5808053931248,,500,mild,415,166,Unconstrained,9.870139041429956
False,,9.999999999999876,8.748297315619117,0,806.3572940321023,,500,mild,416,167,Unconstrained,8.440706309768801
True,4.219999999999998,4.219999999999998,4.074811588525036,0,198.1901872167608,,211,mild,417,168,Unconstrained,3.711648868695041
True,8.439999999999909,8.439999999999909,8.314594462884362,0,13.71476638580309,,422,mild,419,169,Unconstrained,4.754128186371593
True,8.539999999999907,8.539999999999907,8.1204434965716,0,205.22118570377305,,427,mild,425,170,Unconstrained,7.318470468762344
True,7.619999999999925,7.619999999999925,1.697966801349572,0,710.553442581535,,381,mild,426,171,Unconstrained,1.1850079536029383
True,4.679999999999988,4.679999999999988,10.700632412517416,0,11.699987836577924,,234,mild,429,172,Unconstrained,10.49852405161472
False,,9.999999999999876,6.016871286788812,0,1311.0003513783483,,500,mild,433,173,Unconstrained,5.872409942233799
False,,9.999999999999876,8.528334962828122,0,634.9971638507009,,500,mild,434,174,Unconstrained,8.450024882479019
False,,9.999999999999876,7.446152690029139,0,1037.9352139811756,,500,mild,435,175,Unconstrained,7.175453583163545
False,,9.999999999999876,8.829020220629628,0,1657.976885535619,,500,mild,436,176,Unconstrained,8.553579517639871
False,,9.999999999999876,6.092594351182289,0,303.0054723820592,,500,mild,439,177,Unconstrained,5.612697808295862
True,4.459999999999993,4.459999999999993,5.115327096906072,0,58.40898313997475,,223,mild,444,178,Unconstrained,2.117088523057487
False,,9.999999999999876,5.241197417819708,0,681.9116052446959,,500,mild,445,179,Unconstrained,5.013234099774931
True,8.059999999999917,8.059999999999917,2.769691107927389,0,234.82493130001168,,403,mild,446,180,Unconstrained,1.2051639292657326
False,,9.999999999999876,0.0457052766079941,0,2075.744757371958,,500,mild,447,181,Unconstrained,-0.4363338087260308
True,9.279999999999893,9.279999999999893,10.35327941030227,0,47.81439092281694,,464,mild,448,182,Unconstrained,10.281729686745315
True,0.5200000000000001,0.5200000000000001,6.056221634748554,0,28.75509440242988,,26,mild,449,183,Unconstrained,5.526563757742358
True,4.060000000000001,4.060000000000001,2.4496284967658664,0,168.323810417514,,203,mild,452,184,Unconstrained,1.2118255443340118
False,,9.999999999999876,6.288615406624963,0,1050.2631516701413,,500,mild,453,185,Unconstrained,6.222633672240644
False,,9.999999999999876,7.887005288783754,0,259.2693485755409,,500,mild,455,186,Unconstrained,7.658401219997145
False,,9.999999999999876,2.068677167107597,0,11763.289801607863,,500,mild,456,187,Unconstrained,1.8561560077894992
False,,9.999999999999876,8.920213064842695,0,1607.5522514251704,,500,mild,458,188,Unconstrained,8.913124458857306
False,,9.999999999999876,4.559471719243921,0,949.5333461883224,,500,mild,459,189,Unconstrained,4.29812590682407
True,8.599999999999905,8.599999999999905,7.253595085951487,0,190.4874622774235,,430,mild,462,190,Unconstrained,6.834974383451394
True,5.019999999999981,5.019999999999981,10.092609235901511,0,28.36559671861288,,251,mild,465,191,Unconstrained,9.409409861244352
True,9.159999999999894,9.159999999999894,6.302191535052626,0,831.7187251274943,,458,mild,466,192,Unconstrained,6.129970205422068
False,,9.999999999999876,1.6281657981622168,0,475.9718327359079,,500,mild,467,193,Unconstrained,0.9430020751299464
True,2.220000000000001,2.220000000000001,5.1829204713699175,0,56.83749374456741,,111,mild,468,194,Unconstrained,4.140378089021827
False,,9.999999999999876,3.9058202281701537,0,851.3998494506651,,500,mild,469,195,Unconstrained,3.716324316827401
False,,9.999999999999876,5.352399308457231,0,178.05118860448306,,500,mild,471,196,Unconstrained,4.417677000040834
False,,9.999999999999876,4.281756621125263,0,353.56465651644334,,500,mild,473,197,Unconstrained,3.7732704514127806
False,,9.999999999999876,0.9153376677250384,0,315.06450470578847,,500,mild,475,198,Unconstrained,-0.1219356077077096
False,,9.999999999999876,6.769710491154429,0,623.7898815111782,,500,mild,476,199,Unconstrained,5.985113215484219
False,,9.999999999999876,4.035164972640117,0,1947.8801212513476,,500,mild,478,200,Unconstrained,3.836544051777421
False,,9.999999999999876,4.095309372304361,0,839.5213329377547,,500,mild,481,201,Unconstrained,3.755047475724821
False,,9.999999999999876,6.089765024365106,0,316.9755909606448,,500,mild,485,202,Unconstrained,5.539221136293871
False,,9.999999999999876,4.529622338530698,0,521.3800181360159,,500,mild,488,203,Unconstrained,4.174718711123001
False,,9.999999999999876,4.948648422058046,0,1794.2303670029787,,500,mild,489,204,Unconstrained,4.83607096617035
True,1.640000000000001,1.640000000000001,10.332790981867268,0,1.6641093377777525,,82,mild,493,205,Unconstrained,7.440417595305296
True,9.73999999999988,9.73999999999988,6.3498685519617215,0,137.6769042662836,,487,mild,498,206,Unconstrained,4.837556539950851
True,1.7800000000000011,1.7800000000000011,5.164678276273935,0,22.97836579034513,,89,mild,502,207,Unconstrained,1.7623743010235433
True,7.319999999999932,7.319999999999932,4.409991129569293,0,102.3101971800321,,366,mild,506,208,Unconstrained,2.2411006481113764
False,,9.999999999999876,7.234798751403242,0,94.80002335159506,,500,mild,508,209,Unconstrained,6.085820313142365
False,,9.999999999999876,5.339144087374322,0,7142.75546133347,,500,mild,514,210,Unconstrained,5.186802128118653
False,,9.999999999999876,8.687017685589934,0,688.2126860561204,,500,mild,517,211,Unconstrained,8.569920333435416
False,,9.999999999999876,7.3224138125611935,0,123.4248543522126,,500,mild,519,212,Unconstrained,6.599166744171425
False,,9.999999999999876,8.52829306898295,0,92.89166149446103,,500,mild,520,213,Unconstrained,8.30142516370167
False,,9.999999999999876,10.26716719497911,0,367.8987254863515,,500,mild,521,214,Unconstrained,10.086153561206268
False,,9.999999999999876,6.063547317356993,0,284.13710708693657,,500,mild,522,215,Unconstrained,5.351432651206877
False,,9.999999999999876,6.738971387007147,0,135.8055359143409,,500,mild,523,216,Unconstrained,5.312813402089589
False,,9.999999999999876,5.1832807058615,0,171.8698808312347,,500,mild,528,217,Unconstrained,3.8848652766205767
False,,9.999999999999876,1.0551111104367543,0,741.5792823793066,,500,mild,529,218,Unconstrained,0.8015481204377384
False,,9.999999999999876,4.744355823820723,0,2901.94845275241,,500,mild,536,219,Unconstrained,4.6616618838923
False,,9.999999999999876,6.803648486092735,0,265.01569305835653,,500,mild,540,220,Unconstrained,5.629567280688452
True,4.479999999999992,4.479999999999992,5.138888589481701,0,97.77164294871775,,224,mild,541,221,Unconstrained,3.66894978232267
True,5.239999999999976,5.239999999999976,7.239658122689264,0,91.04133341351556,,262,mild,544,222,Unconstrained,5.885002705924854
True,2.3600000000000017,2.3600000000000017,6.546970723473768,0,133.46768546115987,,118,mild,546,223,Unconstrained,5.9851750093532985
False,,9.999999999999876,8.790437448960564,0,345.21392676830163,,500,mild,548,224,Unconstrained,8.589629900076558
True,4.080000000000001,4.080000000000001,9.803905094454354,0,13.36986675112504,,204,mild,550,225,Unconstrained,7.833221134650872
False,,9.999999999999876,4.662444396939732,0,1655.1242508028386,,500,mild,553,226,Unconstrained,4.575167132707599
True,7.659999999999925,7.659999999999925,4.0782094437331455,0,188.84600395245556,,383,mild,554,227,Unconstrained,3.3198530217283864
True,0.2599999999999999,0.2599999999999999,1.303445661935662,0,109.81913909390131,,13,mild,556,228,Unconstrained,1.12275843616142
False,,9.999999999999876,6.189129147389097,0,2179.886022682754,,500,mild,559,229,Unconstrained,6.005500520193876
True,1.740000000000001,1.740000000000001,2.8187574360619174,0,104.09973636153562,,87,mild,562,230,Unconstrained,2.0757468843194564
False,,9.999999999999876,3.119248812022444,0,1091.2441244256331,,500,mild,563,231,Unconstrained,2.7347073967251934
True,5.679999999999967,5.679999999999967,7.470001685009544,0,147.71090434061918,,284,mild,567,232,Unconstrained,6.949614982549267
False,,9.999999999999876,5.553323447424103,0,251.77582542758583,,500,mild,568,233,Unconstrained,5.063496897096187
False,,9.999999999999876,1.834236299285544,0,2271.299100774998,,500,mild,571,234,Unconstrained,1.7226456905268943
False,,9.999999999999876,1.4791934560218991,0,906.4705013833968,,500,mild,574,235,Unconstrained,1.05920205258497
False,,9.999999999999876,8.619681235617751,0,2718.7649488548705,,500,mild,577,236,Unconstrained,8.61019576644269
True,7.679999999999924,7.679999999999924,4.6868711731770185,0,132.0268152528145,,384,mild,581,237,Unconstrained,3.0097326133429894
False,,9.999999999999876,3.4551566021792457,0,765.7305514552901,,500,mild,584,238,Unconstrained,3.3525712264169245
True,7.499999999999928,7.499999999999928,3.8630977693063207,0,581.4011034409031,,375,mild,585,239,Unconstrained,3.766313142994986
True,2.200000000000001,2.200000000000001,10.128321311589255,0,189.53273564266183,,110,mild,586,240,Unconstrained,10.023946931868856
False,,9.999999999999876,1.2532248398253485,0,214.22766995532385,,500,mild,591,241,Unconstrained,-0.0835772835900265
False,,9.999999999999876,8.35319956553999,0,3059.4137612117515,,500,mild,592,242,Unconstrained,8.22695128588995
True,6.039999999999959,6.039999999999959,6.741316346909353,0,277.74455596038257,,302,mild,593,243,Unconstrained,6.127334290868905
False,,9.999999999999876,6.912944206500852,0,673.1786948643982,,500,mild,594,244,Unconstrained,6.627471417483598
True,9.119999999999894,9.119999999999894,10.123989443965383,0,280.1255623923193,,456,mild,597,245,Unconstrained,10.03618914562101
False,,9.999999999999876,10.275618941109226,0,195.8042140409371,,500,mild,598,246,Unconstrained,10.22248467260634
False,,9.999999999999876,1.5484566771741155,0,1599.0008707948514,,500,mild,600,247,Unconstrained,1.3360819075821448
False,,9.999999999999876,5.270340583096349,0,237.936188085533,,500,mild,604,248,Unconstrained,3.4941395136758144
True,2.4600000000000017,2.4600000000000017,9.610724031787996,0,15.38878831114825,,123,mild,606,249,Unconstrained,8.285292745197244
False,,9.999999999999876,7.485626783912447,0,2804.9429581151235,,500,mild,613,250,Unconstrained,7.325633399689507
False,,9.999999999999876,3.1934669484688816,0,520.9708366161328,,500,mild,614,251,Unconstrained,2.829029754166809
True,8.539999999999907,8.539999999999907,6.601633907377773,0,76.99023901938733,,427,mild,615,252,Unconstrained,4.3458333146665495
False,,9.999999999999876,8.756568860906434,0,1484.497838073986,,500,mild,621,253,Unconstrained,8.412764847153456
True,4.2399999999999975,4.2399999999999975,8.44297277525838,0,43.44257172108499,,212,mild,623,254,Unconstrained,7.018841753832383
False,,9.999999999999876,4.002187433362329,0,348.2666324782894,,500,mild,631,255,Unconstrained,3.445831268316517
True,9.879999999999878,9.879999999999878,2.5346386066259776,0,102.51211974579286,,494,mild,634,256,Unconstrained,-0.347646148548308
False,,9.999999999999876,8.481189955379781,0,143.27610497751064,,500,mild,639,257,Unconstrained,8.033612110187587
True,1.600000000000001,1.600000000000001,8.627163707058559,0,12.998139660432289,,80,mild,644,258,Unconstrained,7.087012171994266
False,,9.999999999999876,4.914946671236024,0,508.000738373854,,500,mild,645,259,Unconstrained,4.556822734860583
False,,9.999999999999876,2.323819745434488,0,1280.461171398112,,500,mild,646,260,Unconstrained,2.114191731625527
False,,9.999999999999876,5.892825436568433,0,85.65484136511614,,500,mild,654,261,Unconstrained,3.586252056233546
False,,9.999999999999876,2.801337560027894,0,400.0815555926201,,500,mild,655,262,Unconstrained,2.16054100124335
False,,9.999999999999876,3.982395389860888,0,106150.39084708206,,500,mild,661,263,Unconstrained,3.703451848603115
False,,9.999999999999876,6.490873644609998,0,105.6432997564617,,500,mild,662,264,Unconstrained,4.711618721017951
False,,9.999999999999876,8.366788673310843,0,2268.7348063510467,,500,mild,665,265,Unconstrained,8.261598874211678
False,,9.999999999999876,8.265168901085573,0,52.41242339595436,,500,mild,667,266,Unconstrained,6.935445964092398
False,,9.999999999999876,5.181148999156512,0,392.9485015258682,,500,mild,668,267,Unconstrained,4.491869258013491
True,8.8799999999999,8.8799999999999,6.238530130329204,0,55.85710472014103,,444,mild,671,268,Unconstrained,4.135945921026496
True,1.9400000000000013,1.9400000000000013,8.016291171941443,0,45.032494091856336,,97,mild,672,269,Unconstrained,7.163877963650545
False,,9.999999999999876,2.4572011291741407,0,543.8454751709149,,500,mild,675,270,Unconstrained,1.669745796086162
False,,9.999999999999876,6.208678419648867,0,122.07364205078494,,500,mild,676,271,Unconstrained,4.348529307123605
False,,9.999999999999876,-1.5984782559013675,82,1394.3436569480634,,500,mild,678,272,Unconstrained,-1.7886852306230354
False,,9.999999999999876,2.6543027593686963,0,712.0111452453272,,500,mild,679,273,Unconstrained,2.3589673256174795
False,,9.999999999999876,2.7518672736234997,0,251.90162197391652,,500,mild,681,274,Unconstrained,1.5471257937454448
False,,9.999999999999876,6.332276631535037,0,172.9494168474793,,500,moderate,1,0,Unconstrained,3.972225585610383
False,,9.999999999999876,-0.1327037231185804,3,2280.431106056762,,500,moderate,2,1,Unconstrained,-0.4764323479702883
False,,9.999999999999876,2.670993713326388,0,2944.68684294183,,500,moderate,4,2,Unconstrained,2.3162724489054742
False,,9.999999999999876,7.344260050891865,0,741.1348142633574,,500,moderate,6,3,Unconstrained,7.1460717902284125
False,,9.999999999999876,1.5199169367636556,0,1062.2378119226428,,500,moderate,7,4,Unconstrained,0.9526906687906382
False,,9.999999999999876,3.0779483271708967,0,1630.1356915802078,,500,moderate,10,5,Unconstrained,2.9109990876846807
False,,9.999999999999876,4.647196153301883,0,2126.712467045704,,500,moderate,12,6,Unconstrained,4.301599674706687
False,,9.999999999999876,6.456752111604861,0,1273.6114414412436,,500,moderate,13,7,Unconstrained,6.243564509788741
False,,9.999999999999876,9.564671303993368,0,569.1641070882437,,500,moderate,15,8,Unconstrained,9.20930794107814
False,,9.999999999999876,3.496259738818849,0,1480.0950654603223,,500,moderate,18,9,Unconstrained,2.547164231160019
True,2.780000000000002,2.780000000000002,8.274326148717075,0,34.71009208410651,,139,moderate,19,10,Unconstrained,6.865874015178007
False,,9.999999999999876,1.2774315208429634,0,1032.3546019586738,,500,moderate,21,11,Unconstrained,1.1003213458987915
True,5.379999999999973,5.379999999999973,9.8233287873237,0,38.26911079912088,,269,moderate,22,12,Unconstrained,9.430921354589346
False,,9.999999999999876,8.146173752683245,0,836.6914544141139,,500,moderate,23,13,Unconstrained,7.814127909305808
False,,9.999999999999876,7.904033043573292,0,13.627285539444909,,500,moderate,24,14,Unconstrained,5.198739619389512
True,1.9600000000000013,1.9600000000000013,4.426836657773959,0,49.36462349714422,,98,moderate,26,15,Unconstrained,3.0250685296593702
False,,9.999999999999876,3.0591342249402675,0,902.299616041176,,500,moderate,29,16,Unconstrained,2.672718903817313
False,,9.999999999999876,6.919716868716079,0,215.5504566092884,,500,moderate,30,17,Unconstrained,6.197215535618135
True,3.2200000000000024,3.2200000000000024,9.345095270738554,0,155.94730648148166,,161,moderate,32,18,Unconstrained,9.079813213560508
False,,9.999999999999876,2.0382634702848077,0,431.5031492790645,,500,moderate,37,19,Unconstrained,1.1997031085946288
False,,9.999999999999876,2.432729603600136,0,211.48435185258316,,500,moderate,38,20,Unconstrained,0.6228556287150915
False,,9.999999999999876,5.859184244286685,0,1565.6362484446524,,500,moderate,42,21,Unconstrained,5.482789182547011
False,,9.999999999999876,3.9496843735538514,0,720.0611912483921,,500,moderate,43,22,Unconstrained,3.6500896169891246
True,3.3800000000000026,3.3800000000000026,6.4661655325458405,0,96.31725970888311,,169,moderate,44,23,Unconstrained,5.605982100701953
False,,9.999999999999876,4.223829097721753,0,635.6678672309436,,500,moderate,47,24,Unconstrained,3.81534160821424
False,,9.999999999999876,-0.5259662278667975,10,869.0448703949136,,500,moderate,48,25,Unconstrained,-1.2210935271852552
False,,9.999999999999876,7.518355719849724,0,143.55697445056708,,500,moderate,53,26,Unconstrained,6.989381544379517
True,6.93999999999994,6.93999999999994,0.7849591027362288,0,386.9273059864877,,347,moderate,54,27,Unconstrained,0.0363691558995105
False,,9.999999999999876,-1.555828901974906,26,416.22263676499534,,500,moderate,55,28,Unconstrained,-2.9093777927157536
False,,9.999999999999876,8.999966921919544,0,6904.16259361598,,500,moderate,56,29,Unconstrained,8.980153380410831
False,,9.999999999999876,-0.5390086383466904,2,1243.5206362772922,,500,moderate,60,30,Unconstrained,-0.6454323206094176
False,,9.999999999999876,1.59232031047938,0,158.77238623099302,,500,moderate,61,31,Unconstrained,-2.5785388228151285
False,,9.999999999999876,-3.757079261933971,106,1106.8495630452423,,500,moderate,62,32,Unconstrained,-4.2271833657895135
True,5.959999999999961,5.959999999999961,5.144099195676479,0,85.6564862752562,,298,moderate,67,33,Unconstrained,2.9858803210412472
False,,9.999999999999876,-1.7261798403897737,39,1510.6536243231878,,500,moderate,69,34,Unconstrained,-3.0721350024236123
False,,9.999999999999876,0.8685926607380217,0,1283.7838344925765,,500,moderate,74,35,Unconstrained,0.4445414937065871
False,,9.999999999999876,4.1429051378643305,0,1430.0012021081222,,500,moderate,77,36,Unconstrained,3.399999020208629
True,9.039999999999896,9.039999999999896,3.9493743925366,0,280.35414680544966,,452,moderate,80,37,Unconstrained,2.30016349019201
True,4.999999999999981,4.999999999999981,5.396027556179192,0,108.98084406445854,,250,moderate,81,38,Unconstrained,3.697165649703696
False,,9.999999999999876,-1.1910962214790954,15,3486.0176140414246,,500,moderate,83,39,Unconstrained,-1.696962751167944
True,4.1000000000000005,4.1000000000000005,10.50137884862912,0,4.463095707961798,,205,moderate,84,40,Unconstrained,9.57522896170166
False,,9.999999999999876,0.1522095873361862,0,1594.9681908677528,,500,moderate,90,41,Unconstrained,-0.1671312571727228
False,,9.999999999999876,4.576277586709082,0,1203.611038717295,,500,moderate,99,42,Unconstrained,3.081089647425107
True,5.019999999999981,5.019999999999981,7.383281452857004,0,63.910842823938886,,251,moderate,101,43,Unconstrained,5.219462739730052
True,2.5000000000000018,2.5000000000000018,2.3244316664006583,0,77.34748872579566,,125,moderate,102,44,Unconstrained,0.5347686713178001
False,,9.999999999999876,9.690547532294818,0,381.0754423463703,,500,moderate,103,45,Unconstrained,9.411915854693744
False,,9.999999999999876,8.130273346011025,0,876.4481138105468,,500,moderate,109,46,Unconstrained,7.96040812581315
False,,9.999999999999876,-2.188366652498512,54,2594.9898673074827,,500,moderate,111,47,Unconstrained,-2.433370755284463
False,,9.999999999999876,7.133808935772535,0,566.9835895451804,,500,moderate,112,48,Unconstrained,7.0707968697051164
True,6.699999999999945,6.699999999999945,9.00361611081657,0,35.33718293623618,,335,moderate,116,49,Unconstrained,7.441069970661921
False,,9.999999999999876,0.2552191543861207,0,208.78033926104175,,500,moderate,117,50,Unconstrained,-2.2954592885790124
True,8.439999999999909,8.439999999999909,6.698762031438217,0,95.79525321441304,,422,moderate,118,51,Unconstrained,5.005379370404401
False,,9.999999999999876,0.0996061478560864,0,957.4477139533768,,500,moderate,119,52,Unconstrained,-0.3238136957571887
False,,9.999999999999876,5.830905460885429,0,408.9998797956261,,500,moderate,120,53,Unconstrained,5.455691810688447
False,,9.999999999999876,8.535052819275501,0,1610.86320516583,,500,moderate,123,54,Unconstrained,8.440618457918417
True,7.119999999999936,7.119999999999936,9.442985513504132,0,16.943936655862696,,356,moderate,126,55,Unconstrained,8.085228097852044
True,1.4800000000000009,1.4800000000000009,5.283277528255119,0,31.399163148081144,,74,moderate,132,56,Unconstrained,2.821802914064465
False,,9.999999999999876,4.1731969020031885,0,295.5929828645374,,500,moderate,134,57,Unconstrained,3.170549819113739
True,9.33999999999989,9.33999999999989,8.799014297446783,0,343.6077312306519,,467,moderate,135,58,Unconstrained,8.095661379537246
True,6.47999999999995,6.47999999999995,4.631795096273812,0,88.71127886144376,,324,moderate,139,59,Unconstrained,2.22795108495484
False,,9.999999999999876,2.301756964208816,0,1320.2846691016202,,500,moderate,140,60,Unconstrained,1.4585919752194738
False,,9.999999999999876,0.1741109594964489,0,10897.75576490522,,500,moderate,148,61,Unconstrained,-0.4049986704320618
False,,9.999999999999876,1.6448420513479332,0,2244.319575449946,,500,moderate,149,62,Unconstrained,0.4877430632976285
False,,9.999999999999876,6.604309789639098,0,281.524950180476,,500,moderate,150,63,Unconstrained,4.909438725284257
False,,9.999999999999876,0.6287982716869503,0,1140.15698856719,,500,moderate,151,64,Unconstrained,0.0716086720465759
True,1.520000000000001,1.520000000000001,1.2495255273009604,0,240.11610798833297,,76,moderate,152,65,Unconstrained,0.745266272828593
False,,9.999999999999876,2.0049596437101083,0,1493.366023190314,,500,moderate,154,66,Unconstrained,1.3084878814088243
True,9.679999999999882,9.679999999999882,2.95125405524507,0,148.52944262603455,,484,moderate,157,67,Unconstrained,0.815422801744301
True,2.0800000000000014,2.0800000000000014,3.230429825300817,0,64.44909408880754,,104,moderate,158,68,Unconstrained,1.0554318619122132
False,,9.999999999999876,3.886727465599417,0,285.4656306500741,,500,moderate,159,69,Unconstrained,3.497600808536593
False,,9.999999999999876,7.767378603287087,0,425.6018182330693,,500,moderate,164,70,Unconstrained,6.574682682392758
False,,9.999999999999876,0.8551259783500629,0,1078.7004073873318,,500,moderate,165,71,Unconstrained,0.590283941603312
True,3.000000000000002,3.000000000000002,5.933336963159932,0,51.62583412306405,,150,moderate,177,72,Unconstrained,2.8389238070276788
False,,9.999999999999876,5.822208715728817,0,571.0357021891624,,500,moderate,178,73,Unconstrained,5.464363634177102
False,,9.999999999999876,7.775566821308977,0,61.96025234758192,,500,moderate,180,74,Unconstrained,5.880507778145772
False,,9.999999999999876,2.758818318285549,0,671.2225744598242,,500,moderate,181,75,Unconstrained,2.1425746810859656
False,,9.999999999999876,7.743498504472257,0,104.45962633964344,,500,moderate,182,76,Unconstrained,7.001768429535379
False,,9.999999999999876,2.5069448384454405,0,155.34810300291542,,500,moderate,183,77,Unconstrained,0.2994876089249807
True,7.819999999999921,7.819999999999921,6.493018423088962,0,598.0046830631394,,391,moderate,184,78,Unconstrained,6.1854770824642165
False,,9.999999999999876,9.800210289885854,0,63.65883387857014,,500,moderate,185,79,Unconstrained,9.199367421707668
False,,9.999999999999876,9.684780140341282,0,104.69454573377216,,500,moderate,187,80,Unconstrained,9.333466927630996
True,8.539999999999907,8.539999999999907,3.1342065238951533,0,173.41737149878344,,427,moderate,191,81,Unconstrained,1.1690995902928654
True,9.239999999999892,9.239999999999892,1.7075830703702666,0,334.1284206054765,,462,moderate,192,82,Unconstrained,0.4714613875268403
False,,9.999999999999876,8.44819414748942,0,337421.738499754,,500,moderate,194,83,Unconstrained,8.336174214725046
True,5.479999999999971,5.479999999999971,0.7045496956552134,0,2834.25494430379,,274,moderate,195,84,Unconstrained,-0.984029724252873
True,3.5400000000000027,3.5400000000000027,4.783582560202537,0,34.14213837842839,,177,moderate,196,85,Unconstrained,1.0508088010656298
False,,9.999999999999876,3.1743308056044386,0,680.507925445982,,500,moderate,198,86,Unconstrained,2.418270730832657
False,,9.999999999999876,3.9937503567364714,0,1279.8790626425505,,500,moderate,199,87,Unconstrained,3.516069381879728
True,9.159999999999894,9.159999999999894,3.5614247113891784,0,171.1013270128262,,458,moderate,203,88,Unconstrained,1.7032466999262343
False,,9.999999999999876,2.276139071094452,0,1041.7867677159854,,500,moderate,206,89,Unconstrained,1.6131555096437569
False,,9.999999999999876,3.911423770468477,0,653.5497674155599,,500,moderate,216,90,Unconstrained,3.568745061183645
False,,9.999999999999876,0.6441086773509105,0,1000.2841216496385,,500,moderate,219,91,Unconstrained,0.3039757607681891
False,,9.999999999999876,8.805685342306267,0,252.55773406227385,,500,moderate,220,92,Unconstrained,8.06930202885397
False,,9.999999999999876,7.50109901630257,0,44.91733002415999,,500,moderate,223,93,Unconstrained,5.272642050123802
False,,9.999999999999876,2.198348796885991,0,388.6573442213992,,500,moderate,226,94,Unconstrained,0.86717983604285
False,,9.999999999999876,7.8963454830217055,0,443.8048556484095,,500,moderate,230,95,Unconstrained,7.755710445839727
False,,9.999999999999876,5.716819867513917,0,112.14047553597086,,500,moderate,233,96,Unconstrained,3.947243628197727
False,,9.999999999999876,2.6010736403032384,0,834.3519328027769,,500,moderate,236,97,Unconstrained,1.8281168080263444
True,9.019999999999897,9.019999999999897,7.670191454641428,0,261.6143235578723,,451,moderate,238,98,Unconstrained,6.604465817330844
False,,9.999999999999876,2.155295810754832,0,5638.480991323883,,500,moderate,239,99,Unconstrained,2.152508570229136
False,,9.999999999999876,0.8754452063156953,0,1260.0074955582566,,500,moderate,240,100,Unconstrained,0.5728263426211334
False,,9.999999999999876,6.870293920343653,0,1046.2228974880434,,500,moderate,241,101,Unconstrained,6.180067891160171
False,,9.999999999999876,8.648679500261549,0,483.5234416532349,,500,moderate,242,102,Unconstrained,7.696539899724527
True,1.580000000000001,1.580000000000001,1.5449407321236366,0,163.975820939418,,79,moderate,244,103,Unconstrained,1.012961159832993
False,,9.999999999999876,5.562129597051047,0,2764.686739885781,,500,moderate,245,104,Unconstrained,5.451333331556583
True,8.719999999999903,8.719999999999903,-5.016546773947779,88,2308426.5039244625,,436,moderate,246,105,Unconstrained,-5.690439107058548
True,9.239999999999892,9.239999999999892,8.82792865033292,0,76.282175910553,,462,moderate,252,106,Unconstrained,7.583268984510646
False,,9.999999999999876,0.0048487545520094,0,435.0511785733564,,500,moderate,253,107,Unconstrained,-1.02631215862107
False,,9.999999999999876,7.840369716885683,0,72.0501232790766,,500,moderate,256,108,Unconstrained,7.515052185629415
False,,9.999999999999876,9.587788639377184,0,343.0454337217848,,500,moderate,258,109,Unconstrained,9.468719752627331
True,9.959999999999877,9.959999999999877,-1.9239156521360397,29,5351.286634496039,,498,moderate,262,110,Unconstrained,-2.3320306746951305
True,9.639999999999883,9.639999999999883,8.57479664698558,0,12.38360446212965,,482,moderate,265,111,Unconstrained,5.474915024203366
False,,9.999999999999876,-0.3079678864516791,8,395.95012274057575,,500,moderate,271,112,Unconstrained,-1.1066947178003368
False,,9.999999999999876,1.902275459888489,0,839.3832980139241,,500,moderate,272,113,Unconstrained,1.0369316918201164
True,3.3400000000000025,3.3400000000000025,6.19519115391816,0,48.157335081213446,,167,moderate,275,114,Unconstrained,3.8299891171361433
False,,9.999999999999876,4.302097528389289,0,3669.596441345129,,500,moderate,277,115,Unconstrained,4.214977475797166
False,,9.999999999999876,1.6119860529842742,0,1103.0364833540043,,500,moderate,278,116,Unconstrained,0.812239939710528
False,,9.999999999999876,3.0638325974393577,0,7366.874219599566,,500,moderate,280,117,Unconstrained,2.6443761767658804
False,,9.999999999999876,5.303695561548962,0,1216.7385771824215,,500,moderate,286,118,Unconstrained,4.917605162164527
True,1.980000000000001,1.980000000000001,7.576798876037476,0,15.655043877296194,,99,moderate,288,119,Unconstrained,4.852730840501291
False,,9.999999999999876,6.175780940307891,0,281.1225048473722,,500,moderate,289,120,Unconstrained,5.972915907201274
False,,9.999999999999876,-0.3261212420617738,5,508.993676480198,,500,moderate,294,121,Unconstrained,-1.5952852511683275
False,,9.999999999999876,-3.85140773080092,86,1470.8281706151947,,500,moderate,296,122,Unconstrained,-5.033949789449367
False,,9.999999999999876,5.7463088537242,0,217.1460615084636,,500,moderate,297,123,Unconstrained,5.02942384803137
False,,9.999999999999876,6.394541778568833,0,741.38997875199,,500,moderate,299,124,Unconstrained,5.483814098659153
True,2.740000000000002,2.740000000000002,8.491423182205766,0,8.28750400952864,,137,moderate,301,125,Unconstrained,4.322537717872549
True,9.539999999999884,9.539999999999884,10.091693172573152,0,42.4287692340088,,477,moderate,302,126,Unconstrained,9.34223372532714
True,4.499999999999992,4.499999999999992,7.652920169625719,0,78.02310844672849,,225,moderate,310,127,Unconstrained,6.198732537890705
True,2.660000000000002,2.660000000000002,5.205687850445236,0,112.34861853064167,,133,moderate,311,128,Unconstrained,4.714407168214797
True,1.8000000000000012,1.8000000000000012,9.738585709337196,0,6.971960645062745,,90,moderate,318,129,Unconstrained,7.991921532554086
True,2.840000000000002,2.840000000000002,10.519841295866229,0,2.4533210664000973,,142,moderate,319,130,Unconstrained,8.969287082919788
True,5.239999999999976,5.239999999999976,1.3332692249783686,0,176.78688683376976,,262,moderate,322,131,Unconstrained,-0.8712086772111189
False,,9.999999999999876,5.600241385592851,0,876.9795547778757,,500,moderate,335,132,Unconstrained,5.018372194777152
False,,9.999999999999876,-1.836006128685167,7,1062.023441177681,,500,moderate,336,133,Unconstrained,-1.88895407130476
True,8.939999999999898,8.939999999999898,9.532679196473495,0,112.4002677561969,,447,moderate,338,134,Unconstrained,9.199510989633254
False,,9.999999999999876,6.250159698764899,0,1644.605113322154,,500,moderate,342,135,Unconstrained,5.987572129835622
False,,9.999999999999876,-0.5354988882127226,15,1181.1273447175618,,500,moderate,348,136,Unconstrained,-1.144655741818716
False,,9.999999999999876,6.230523965685132,0,618.0610534794076,,500,moderate,349,137,Unconstrained,6.192848201832166
False,,9.999999999999876,0.4505762055649125,0,256.42605358920605,,500,moderate,350,138,Unconstrained,-1.3873965966161474
False,,9.999999999999876,-3.444978889297502,55,827.4167598400842,,500,moderate,351,139,Unconstrained,-3.8068983012913096
False,,9.999999999999876,6.621907535982736,0,184.67654982999224,,500,moderate,358,140,Unconstrained,5.393761502375557
True,5.299999999999975,5.299999999999975,7.791043321969852,0,114.00882962608954,,265,moderate,360,141,Unconstrained,6.721034534188095
False,,9.999999999999876,2.287188628718265,0,620.8564656206742,,500,moderate,364,142,Unconstrained,1.3163978314692968
False,,9.999999999999876,-4.588747925309534,97,1582.0831036623265,,500,moderate,365,143,Unconstrained,-4.740219451464025
False,,9.999999999999876,7.007629378559074,0,163.73462238143398,,500,moderate,366,144,Unconstrained,6.590746749007433
False,,9.999999999999876,4.104862844920629,0,332.2566395310678,,500,moderate,367,145,Unconstrained,2.7398950795657258
True,6.439999999999951,6.439999999999951,-0.3043843268654329,10,5554.506699330203,,322,moderate,368,146,Unconstrained,-1.3390904602071236
False,,9.999999999999876,9.85683787182848,0,710.9425512314092,,500,moderate,369,147,Unconstrained,9.768548492276455
False,,9.999999999999876,8.691121327963756,0,377.97435330666497,,500,moderate,372,148,Unconstrained,8.456632841227744
False,,9.999999999999876,9.07331934539314,0,11965.617509970798,,500,moderate,374,149,Unconstrained,8.664158851734054
True,3.880000000000003,3.880000000000003,3.5636818270599,0,170.99673822839208,,194,moderate,375,150,Unconstrained,1.7084885512530352
False,,9.999999999999876,9.493344075659184,0,6460.419945657492,,500,moderate,380,151,Unconstrained,9.447408751037962
False,,9.999999999999876,2.143309161669199,0,163.81502163635022,,500,moderate,382,152,Unconstrained,-0.5327310374200978
False,,9.999999999999876,3.2248407097999943,0,685.2356913780458,,500,moderate,383,153,Unconstrained,2.861240865981903
False,,9.999999999999876,8.558655772469947,0,2492.265183466553,,500,moderate,387,154,Unconstrained,8.530519766602534
True,8.39999999999991,8.39999999999991,3.0124995942959365,0,110.45397405289776,,420,moderate,388,155,Unconstrained,-0.5624651619584409
True,3.4000000000000026,3.4000000000000026,7.981669654541546,0,31.785347376537185,,170,moderate,391,156,Unconstrained,6.017272973000699
True,4.59999999999999,4.59999999999999,4.842288878519101,0,36.091897413952296,,230,moderate,395,157,Unconstrained,1.1879708021846576
False,,9.999999999999876,4.568130551832443,0,206.09252901359235,,500,moderate,400,158,Unconstrained,3.915398512915553
True,8.719999999999903,8.719999999999903,5.645116225485254,0,164.78240519291174,,436,moderate,401,159,Unconstrained,5.0105194946810405
True,2.620000000000002,2.620000000000002,9.342845155282989,0,5.992343565380559,,131,moderate,402,160,Unconstrained,4.364978020098657
False,,9.999999999999876,1.341144738983447,0,683.9937121340263,,500,moderate,405,161,Unconstrained,0.7786303509157224
True,8.779999999999902,8.779999999999902,6.212101504210485,0,108.78062973722074,,439,moderate,408,162,Unconstrained,4.981146199416635
False,,9.999999999999876,1.6881229454897542,0,390.83102892984766,,500,moderate,409,163,Unconstrained,1.467939567155611
False,,9.999999999999876,2.7599972992896227,0,1497.7402256166447,,500,moderate,412,164,Unconstrained,2.2842210709742234
False,,9.999999999999876,8.626201211016241,0,344.6369114737683,,500,moderate,413,165,Unconstrained,8.00461566274562
False,,9.999999999999876,9.958925546950445,0,95.67178275170724,,500,moderate,415,166,Unconstrained,9.88594934315624
False,,9.999999999999876,8.768762875157355,0,414.0153356973187,,500,moderate,416,167,Unconstrained,8.198519235659298
True,4.2399999999999975,4.2399999999999975,0.2084037498930124,0,229.83425274430377,,212,moderate,417,168,Unconstrained,-1.2288288048473843
True,8.35999999999991,8.35999999999991,7.67260200001586,0,16.95441415182658,,418,moderate,419,169,Unconstrained,4.349356148849591
True,8.719999999999903,8.719999999999903,9.027158936087512,0,108.85210546975856,,436,moderate,425,170,Unconstrained,8.565447875137597
True,7.199999999999935,7.199999999999935,2.031220652220312,0,527.6652207150032,,360,moderate,426,171,Unconstrained,1.9508424680778105
True,4.779999999999986,4.779999999999986,10.291756154153642,0,40.43082038685906,,239,moderate,429,172,Unconstrained,10.060715811397271
True,2.580000000000002,2.580000000000002,7.488373052167194,0,1648.2897155211645,,129,moderate,433,173,Unconstrained,6.882656442434241
False,,9.999999999999876,7.430280264823419,0,963.8140509704448,,500,moderate,434,174,Unconstrained,7.19140349136042
False,,9.999999999999876,4.9899276669201775,0,714.9696395276877,,500,moderate,435,175,Unconstrained,4.696562348253709
False,,9.999999999999876,4.794019815823241,0,552.9335544879864,,500,moderate,436,176,Unconstrained,4.501640469529894
False,,9.999999999999876,5.98829479667061,0,273.5007988147233,,500,moderate,439,177,Unconstrained,4.720058583425732
True,4.379999999999995,4.379999999999995,5.4290927697660765,0,44.0169873195235,,219,moderate,444,178,Unconstrained,2.448396268917993
False,,9.999999999999876,-1.926220938820784,13,751.0646003523997,,500,moderate,445,179,Unconstrained,-2.931701950962564
True,7.439999999999929,7.439999999999929,2.0419065870214923,0,156.80067623003106,,372,moderate,446,180,Unconstrained,1.0541002683211649
False,,9.999999999999876,1.192634203430026,0,663.3326814090002,,500,moderate,447,181,Unconstrained,-0.258469488161519
True,9.599999999999884,9.599999999999884,10.407294390128667,0,40.92695555858685,,480,moderate,448,182,Unconstrained,10.187010885955676
True,0.5200000000000001,0.5200000000000001,4.940621567478974,0,30.6151726598921,,26,moderate,449,183,Unconstrained,4.598128157237303
True,3.940000000000003,3.940000000000003,1.8419910107553048,0,172.28750276575624,,197,moderate,452,184,Unconstrained,-0.246931697892724
False,,9.999999999999876,6.164783028225512,0,782.8702205906876,,500,moderate,453,185,Unconstrained,6.093763757839623
False,,9.999999999999876,7.573293776163286,0,225.6592244941664,,500,moderate,455,186,Unconstrained,7.24402033058881
False,,9.999999999999876,-0.3038734291818966,6,18860.225709514227,,500,moderate,456,187,Unconstrained,-0.9358838174712872
False,,9.999999999999876,6.201271588392185,0,2020.4802428273304,,500,moderate,458,188,Unconstrained,6.116911853883688
False,,9.999999999999876,4.434669691751161,0,904.8700832397872,,500,moderate,459,189,Unconstrained,4.3930047576715765
True,8.559999999999906,8.559999999999906,6.065142726289041,0,250.42223730463596,,428,moderate,462,190,Unconstrained,4.607308938802263
True,4.899999999999984,4.899999999999984,8.715451510896893,0,59.82907136863535,,245,moderate,465,191,Unconstrained,8.023929168907763
True,8.299999999999912,8.299999999999912,5.550116033906987,0,670.6134102888901,,415,moderate,466,192,Unconstrained,4.728268469104373
False,,9.999999999999876,1.1197886939982644,0,537.3917866730934,,500,moderate,467,193,Unconstrained,0.3940408019722037
True,2.600000000000002,2.600000000000002,5.133799950123038,0,76.70557122457693,,130,moderate,468,194,Unconstrained,3.6814766587357024
False,,9.999999999999876,1.8473123763182675,0,774.1283092864505,,500,moderate,469,195,Unconstrained,1.0592750943810445
False,,9.999999999999876,4.670900552523076,0,211.0803430391993,,500,moderate,471,196,Unconstrained,2.336758925758032
False,,9.999999999999876,4.542337862765583,0,274.552578088564,,500,moderate,473,197,Unconstrained,3.9040437054832
False,,9.999999999999876,-8.672831453387097,109,1014.5458512090864,,500,moderate,475,198,Unconstrained,-9.780379323061007
False,,9.999999999999876,0.2922440036527596,0,1610.169361686441,,500,moderate,476,199,Unconstrained,0.075937628491207
False,,9.999999999999876,1.1892392624242158,0,2435.0625581004047,,500,moderate,478,200,Unconstrained,0.4669032496963936
False,,9.999999999999876,1.5416409067325385,0,990.9426186032904,,500,moderate,481,201,Unconstrained,1.2117225978752633
False,,9.999999999999876,4.0875841564004665,0,385.3312542663787,,500,moderate,485,202,Unconstrained,2.8089664852360423
False,,9.999999999999876,-1.5471013315857285,39,649.4388006092714,,500,moderate,488,203,Unconstrained,-3.2870518883709723
False,,9.999999999999876,2.135759076499627,0,1710.6046933421258,,500,moderate,489,204,Unconstrained,1.454367216634416
True,1.620000000000001,1.620000000000001,10.25585010136809,0,1.5840678725760284,,81,moderate,493,205,Unconstrained,7.394467934651958
False,,9.999999999999876,0.4038078244691434,0,295.9114714776261,,500,moderate,498,206,Unconstrained,-1.031919732488045
True,1.8600000000000008,1.8600000000000008,3.869266947840525,0,26.966332090422004,,93,moderate,502,207,Unconstrained,0.6080267017493959
True,7.799999999999922,7.799999999999922,4.674367150166928,0,114.39779130717136,,390,moderate,506,208,Unconstrained,1.3652575855424658
False,,9.999999999999876,7.250446573036492,0,67.41085052460481,,500,moderate,508,209,Unconstrained,6.106306101347871
False,,9.999999999999876,3.3023001734123776,0,1816.920237871596,,500,moderate,514,210,Unconstrained,3.157465410269409
False,,9.999999999999876,7.695785151812309,0,945.5190022011752,,500,moderate,517,211,Unconstrained,7.256228082889834
False,,9.999999999999876,8.527509831974381,0,55.27496417399013,,500,moderate,519,212,Unconstrained,7.281709680898365
False,,9.999999999999876,7.644747293986799,0,167.60728590012772,,500,moderate,520,213,Unconstrained,7.304639626163787
False,,9.999999999999876,10.01158754485611,0,496.5326261673711,,500,moderate,521,214,Unconstrained,9.969494420473126
False,,9.999999999999876,6.28244207485904,0,216.69374285984352,,500,moderate,522,215,Unconstrained,5.131383497263107
False,,9.999999999999876,6.280661654018937,0,115.003261107758,,500,moderate,523,216,Unconstrained,5.31802802509047
False,,9.999999999999876,4.629360244329252,0,159.84135009399017,,500,moderate,528,217,Unconstrained,2.5665987610955345
False,,9.999999999999876,1.5848291803492158,0,724.9511463049017,,500,moderate,529,218,Unconstrained,1.5122051583285618
False,,9.999999999999876,4.228406994916219,0,802.0743087590427,,500,moderate,536,219,Unconstrained,3.737400508553552
False,,9.999999999999876,4.8281466376620505,0,351.6081380063964,,500,moderate,540,220,Unconstrained,4.3201280858854805
True,4.479999999999992,4.479999999999992,4.182618433136672,0,96.73247153322136,,224,moderate,541,221,Unconstrained,2.627093696618441
True,5.219999999999977,5.219999999999977,7.713401940241052,0,61.72250823675386,,261,moderate,544,222,Unconstrained,6.205745322538563
True,2.3400000000000016,2.3400000000000016,5.860092860971214,0,145.2658866073647,,117,moderate,546,223,Unconstrained,5.082727123145872
False,,9.999999999999876,7.419045781370725,0,588.5591038780839,,500,moderate,548,224,Unconstrained,7.075341276690936
True,3.940000000000003,3.940000000000003,9.509056123087207,0,15.048834304453017,,197,moderate,550,225,Unconstrained,7.337076273272667
False,,9.999999999999876,4.662444396939732,0,1675.2780260691425,,500,moderate,553,226,Unconstrained,4.657904465670131
True,6.599999999999947,6.599999999999947,3.053893030628564,0,160.67659772765415,,330,moderate,554,227,Unconstrained,0.8401881996804379
True,0.2399999999999999,0.2399999999999999,1.4432833279215058,0,109.46721024350808,,12,moderate,556,228,Unconstrained,1.1297769514581906
False,,9.999999999999876,2.20280218433333,0,1708.3063355540796,,500,moderate,559,229,Unconstrained,1.984893074433286
True,1.8200000000000007,1.8200000000000007,0.6192591871452526,0,121.35802183715742,,91,moderate,562,230,Unconstrained,0.1738947326389703
False,,9.999999999999876,-0.8260210082104904,9,1124.1438448627275,,500,moderate,563,231,Unconstrained,-0.9981396068563664
True,5.279999999999975,5.279999999999975,5.974972621910219,0,164.4557415141076,,264,moderate,567,232,Unconstrained,4.515092576462825
False,,9.999999999999876,5.033539266559834,0,216.80809556765408,,500,moderate,568,233,Unconstrained,4.301155386208186
False,,9.999999999999876,1.4247853392859164,0,4329.567662694842,,500,moderate,571,234,Unconstrained,1.18539596790085
False,,9.999999999999876,-0.6873359397913772,3,1534.4346252747514,,500,moderate,574,235,Unconstrained,-1.186907572047855
False,,9.999999999999876,8.621591391966941,0,1895.317294615427,,500,moderate,577,236,Unconstrained,8.619341044179132
True,7.959999999999918,7.959999999999918,4.635217978252033,0,127.67144907537264,,398,moderate,581,237,Unconstrained,3.0976430048084302
False,,9.999999999999876,2.443782531991855,0,1303.095382356465,,500,moderate,584,238,Unconstrained,2.004639881130431
False,,9.999999999999876,4.508788826530333,0,1184.4020518325715,,500,moderate,585,239,Unconstrained,4.327839290128638
True,2.3600000000000017,2.3600000000000017,10.250692017011811,0,109.58806573968984,,118,moderate,586,240,Unconstrained,10.2083535179491
True,9.999999999999876,9.999999999999876,1.8711417106076893,0,204.78682873748735,,500,moderate,591,241,Unconstrained,-0.2149568788394447
False,,9.999999999999876,8.666509660847645,0,442.3887797161277,,500,moderate,592,242,Unconstrained,8.609720341968414
False,,9.999999999999876,-0.5870943555931292,12,771.1269953171685,,500,moderate,593,243,Unconstrained,-1.851438205665482
False,,9.999999999999876,4.8288445600735175,0,627.9744585233238,,500,moderate,594,244,Unconstrained,4.56397956953312
False,,9.999999999999876,6.850561831501327,0,870.0080556966296,,500,moderate,597,245,Unconstrained,6.305576367795136
False,,9.999999999999876,8.930785071517445,0,3731.448806455284,,500,moderate,598,246,Unconstrained,8.695893426177145
False,,9.999999999999876,-1.97714121886755,59,1870.2922614356,,500,moderate,600,247,Unconstrained,-2.6221291072721518
False,,9.999999999999876,4.197562657755873,0,270.3066527488531,,500,moderate,604,248,Unconstrained,2.19691489156776
True,2.4400000000000017,2.4400000000000017,9.311446446590342,0,18.809908383864716,,122,moderate,606,249,Unconstrained,7.867394819418124
False,,9.999999999999876,6.193756570040703,0,906.6030534389464,,500,moderate,613,250,Unconstrained,5.299331751372234
False,,9.999999999999876,-0.7594982252959359,5,1387.8416325732398,,500,moderate,614,251,Unconstrained,-0.8874640917089929
True,8.739999999999903,8.739999999999903,7.061034396998525,0,58.90864205388147,,437,moderate,615,252,Unconstrained,4.789494708776243
False,,9.999999999999876,8.460728387999216,0,1420.4883113382675,,500,moderate,621,253,Unconstrained,8.064710503936785
True,4.159999999999999,4.159999999999999,7.411909833745804,0,60.26441440379259,,208,moderate,623,254,Unconstrained,5.562022466623779
False,,9.999999999999876,3.2404674307707486,0,334.38970708044656,,500,moderate,631,255,Unconstrained,2.7230358260619982
False,,9.999999999999876,4.35691165073816,0,109.2825191044478,,500,moderate,634,256,Unconstrained,0.3696900797103479
False,,9.999999999999876,7.988180433965661,0,167.4114386008143,,500,moderate,639,257,Unconstrained,7.788506902833509
True,1.620000000000001,1.620000000000001,8.614849770756452,0,10.4043094244079,,81,moderate,644,258,Unconstrained,7.11643644235884
False,,9.999999999999876,-0.4512489495856081,2,644.1794360585149,,500,moderate,645,259,Unconstrained,-0.9197592306302876
False,,9.999999999999876,1.7708604417433165,0,1203.00691926097,,500,moderate,646,260,Unconstrained,1.2615366139569215
False,,9.999999999999876,4.032276111132163,0,111.65543932116488,,500,moderate,654,261,Unconstrained,0.930375508678562
False,,9.999999999999876,0.862811775379639,0,628.5499959336881,,500,moderate,655,262,Unconstrained,-0.3450939057177129
False,,9.999999999999876,3.956152397508492,0,80017.79946954394,,500,moderate,661,263,Unconstrained,3.131909003164769
False,,9.999999999999876,4.135560679849933,0,113.99893190752762,,500,moderate,662,264,Unconstrained,2.1928141256573883
False,,9.999999999999876,7.941724536839631,0,1572.9345124498193,,500,moderate,665,265,Unconstrained,7.590921251367729
False,,9.999999999999876,6.373557764929676,0,115.8564373984222,,500,moderate,667,266,Unconstrained,5.269319066074179
False,,9.999999999999876,2.5767523807738506,0,499.5046919817488,,500,moderate,668,267,Unconstrained,2.3234246128514964
True,8.539999999999907,8.539999999999907,3.990268268126332,0,86.6451176940028,,427,moderate,671,268,Unconstrained,1.2444702106931027
True,1.8800000000000008,1.8800000000000008,7.797844814305235,0,44.359685149645216,,94,moderate,672,269,Unconstrained,6.823364230164552
False,,9.999999999999876,2.4573462782431084,0,426.0442470834393,,500,moderate,675,270,Unconstrained,1.156717666903762
False,,9.999999999999876,3.8740950946691073,0,108.2858308946224,,500,moderate,676,271,Unconstrained,1.2871555926743856
False,,9.999999999999876,0.3627197616609205,0,739.2742781542,,500,moderate,678,272,Unconstrained,-0.6209319818420411
False,,9.999999999999876,-2.0940518893129845,29,1740.3198644606298,,500,moderate,679,273,Unconstrained,-2.2635119128764294
False,,9.999999999999876,1.551795625701774,0,251.88786525655013,,500,moderate,681,274,Unconstrained,0.0970017661201518
False,,9.999999999999876,3.908077096675464,0,216.3184497955745,,500,strong,1,0,Unconstrained,1.275736295455924
False,,9.999999999999876,-4.305783377760232,40,4221.106595194572,,500,strong,2,1,Unconstrained,-6.067630906131824
False,,9.999999999999876,-0.6171885548012941,9,7512.837218635549,,500,strong,4,2,Unconstrained,-1.0045612149281329
False,,9.999999999999876,7.131900087519775,0,707.2946368738396,,500,strong,6,3,Unconstrained,6.9004646943511005
False,,9.999999999999876,-1.7896355346276416,40,2112.76159879527,,500,strong,7,4,Unconstrained,-2.640167464887392
False,,9.999999999999876,3.0779483271708967,0,3717.9821008177087,,500,strong,10,5,Unconstrained,2.8307096783553853
False,,9.999999999999876,3.380926977239555,0,1073.0652449544748,,500,strong,12,6,Unconstrained,2.9088333554022485
False,,9.999999999999876,5.901011235053016,0,2246.7334025081595,,500,strong,13,7,Unconstrained,5.659277459928779
False,,9.999999999999876,8.90128823720368,0,898.7843043580941,,500,strong,15,8,Unconstrained,8.560060996034657
False,,9.999999999999876,1.0687042876420734,0,756.4089984732531,,500,strong,18,9,Unconstrained,0.209046841546943
True,2.700000000000002,2.700000000000002,8.340126696699269,0,32.03753886443109,,135,strong,19,10,Unconstrained,6.517559117234042
False,,9.999999999999876,2.5450682920670817,0,1076.8562377664755,,500,strong,21,11,Unconstrained,2.4546622831147484
True,4.999999999999981,4.999999999999981,9.024266678727653,0,80.04962729365387,,250,strong,22,12,Unconstrained,8.377584501693166
False,,9.999999999999876,0.2366286062907508,0,2406.200759162743,,500,strong,23,13,Unconstrained,-0.4546355731037492
False,,9.999999999999876,7.297891904085706,0,22.48686732174413,,500,strong,24,14,Unconstrained,5.237411078432776
True,2.200000000000001,2.200000000000001,0.5181568418404943,0,111.60469357894311,,110,strong,26,15,Unconstrained,-1.470485041622235
False,,9.999999999999876,-1.6185982233495315,16,1487.7366938244795,,500,strong,29,16,Unconstrained,-1.90858243391824
False,,9.999999999999876,6.494261463296642,0,202.1729571756351,,500,strong,30,17,Unconstrained,5.886497640914953
True,8.459999999999908,8.459999999999908,8.888108665204927,0,1052.652944429973,,423,strong,32,18,Unconstrained,8.27698539442893
False,,9.999999999999876,4.887517635239574,0,701.7629502379206,,500,strong,37,19,Unconstrained,3.443704360198079
False,,9.999999999999876,3.223701789494199,0,174.02180433619938,,500,strong,38,20,Unconstrained,1.8864916045350923
False,,9.999999999999876,4.818980563985835,0,1334.1577324233413,,500,strong,42,21,Unconstrained,4.444903306462047
False,,9.999999999999876,5.644813467780546,0,607.5957906227338,,500,strong,43,22,Unconstrained,5.329468668184521
True,2.700000000000002,2.700000000000002,5.440611411872693,0,52.29253717174973,,135,strong,44,23,Unconstrained,4.692403352712097
False,,9.999999999999876,7.500963788019655,0,756.2328241213031,,500,strong,47,24,Unconstrained,6.74483998459449
False,,9.999999999999876,2.556753752874142,0,1648.9252429894784,,500,strong,48,25,Unconstrained,2.326230313844898
False,,9.999999999999876,5.965073094469126,0,164.08435819292987,,500,strong,53,26,Unconstrained,4.103747868373759
False,,9.999999999999876,-7.840049408947795,155,1011.6634564296892,,500,strong,54,27,Unconstrained,-9.986894254862904
False,,9.999999999999876,-4.36906659446167,52,1481.7576545142283,,500,strong,55,28,Unconstrained,-4.583009499624635
False,,9.999999999999876,4.745369756489372,0,1604.4862573390371,,500,strong,56,29,Unconstrained,4.414714008505433
False,,9.999999999999876,0.4271998090294492,0,1446.7319775521844,,500,strong,60,30,Unconstrained,0.0181351874732677
False,,9.999999999999876,-3.980957590462876,60,291.8112863391641,,500,strong,61,31,Unconstrained,-5.554575823817439
False,,9.999999999999876,-7.190486294042651,151,2685.627217381788,,500,strong,62,32,Unconstrained,-7.672287302438524
True,6.139999999999957,6.139999999999957,3.930975292826159,0,126.36141472436836,,307,strong,67,33,Unconstrained,2.52367586481852
False,,9.999999999999876,-6.895934444460319,137,1117.489688512637,,500,strong,69,34,Unconstrained,-7.642521656503685
False,,9.999999999999876,1.5199062781875965,0,795.8777564985045,,500,strong,74,35,Unconstrained,1.3956256854517437
False,,9.999999999999876,4.881403004376898,0,4556.932192042464,,500,strong,77,36,Unconstrained,4.876554189872702
True,7.519999999999928,7.519999999999928,2.451605491225413,0,183.20218418039036,,376,strong,80,37,Unconstrained,1.0048628762797471
True,4.919999999999983,4.919999999999983,2.742943243553717,0,136.79707420326508,,246,strong,81,38,Unconstrained,0.1987491570973469
False,,9.999999999999876,-0.5122780921210396,5,1718.3260114350535,,500,strong,83,39,Unconstrained,-1.4469771413197603
True,4.040000000000002,4.040000000000002,10.20122195990174,0,6.227633871817003,,202,strong,84,40,Unconstrained,9.088822238398128
False,,9.999999999999876,-1.071794770299079,10,2528.139639800582,,500,strong,90,41,Unconstrained,-1.6596824364058929
True,0.1999999999999999,0.1999999999999999,5.405374457728866,0,165.84459258268217,,10,strong,99,42,Unconstrained,5.102842607658053
True,4.979999999999982,4.979999999999982,7.296750184148972,0,66.75318346538373,,249,strong,101,43,Unconstrained,5.125905767408536
True,2.660000000000002,2.660000000000002,2.8283973155623343,0,77.75089155539912,,133,strong,102,44,Unconstrained,0.7663373621281855
False,,9.999999999999876,9.281641071695006,0,1067.195965563244,,500,strong,103,45,Unconstrained,9.222653691618588
False,,9.999999999999876,4.901070561567129,0,1460.089877400612,,500,strong,109,46,Unconstrained,4.105112168658528
False,,9.999999999999876,-1.462009250495749,18,1412.368861437062,,500,strong,111,47,Unconstrained,-3.340489143961453
False,,9.999999999999876,4.812866943098751,0,508.8655612989767,,500,strong,112,48,Unconstrained,4.730849226566313
True,6.999999999999939,6.999999999999939,9.167693994211383,0,15.11432162465956,,350,strong,116,49,Unconstrained,7.728231166790592
False,,9.999999999999876,5.957302820186643,0,56.787986236464896,,500,strong,117,50,Unconstrained,4.128758031993611
True,9.35999999999989,9.35999999999989,-1.8199328184171133,14,327.1365938004148,,468,strong,118,51,Unconstrained,-3.881909736364354
False,,9.999999999999876,-5.141579315005528,93,395.28561093638194,,500,strong,119,52,Unconstrained,-6.77541626434901
False,,9.999999999999876,6.8794894526351085,0,828.1776843158301,,500,strong,120,53,Unconstrained,6.423842524295918
False,,9.999999999999876,6.117420469608031,0,4370.992164172068,,500,strong,123,54,Unconstrained,5.770246707906628
True,7.099999999999937,7.099999999999937,9.407288867598558,0,10.375279040832655,,355,strong,126,55,Unconstrained,7.734445688532501
True,1.560000000000001,1.560000000000001,4.385118270187866,0,39.02625562628966,,78,strong,132,56,Unconstrained,2.424177440916666
False,,9.999999999999876,6.267681090964403,0,187.8229718594717,,500,strong,134,57,Unconstrained,4.05291400927758
True,5.779999999999965,5.779999999999965,7.764862003951426,0,146.93039589905584,,289,strong,135,58,Unconstrained,7.391378573099637
True,5.99999999999996,5.99999999999996,1.4583682656551236,0,95.44864808469929,,300,strong,139,59,Unconstrained,-1.41775077077748
False,,9.999999999999876,1.2926689970309453,0,613.988437901555,,500,strong,140,60,Unconstrained,-0.9196731221113534
False,,9.999999999999876,-2.7764905859328044,65,1117.3331025192997,,500,strong,148,61,Unconstrained,-4.619910143016364
False,,9.999999999999876,4.038140148328838,0,3415.023564117235,,500,strong,149,62,Unconstrained,3.135848573730558
False,,9.999999999999876,6.130404295103799,0,252.55587692046947,,500,strong,150,63,Unconstrained,5.811196724177625
False,,9.999999999999876,-8.226012576474751,60,1277.325070807388,,500,strong,151,64,Unconstrained,-12.167788915286954
True,0.8000000000000004,0.8000000000000004,-1.3310062598729298,4,159.37953423733143,,40,strong,152,65,Unconstrained,-4.237935213632582
False,,9.999999999999876,-0.5469458582450181,6,2007.99838383339,,500,strong,154,66,Unconstrained,-1.7075516057979618
False,,9.999999999999876,3.191353817375304,0,121.74937136415927,,500,strong,157,67,Unconstrained,1.736872743747952
True,2.180000000000001,2.180000000000001,5.546618959630224,0,33.96238583151738,,109,strong,158,68,Unconstrained,3.824017917433088
False,,9.999999999999876,6.645065803848311,0,206.99494278581437,,500,strong,159,69,Unconstrained,5.705797076837392
False,,9.999999999999876,1.4212355673418282,0,1345.5585632806876,,500,strong,164,70,Unconstrained,0.0973245093792005
False,,9.999999999999876,-1.3118841134498078,22,1915.3008828530087,,500,strong,165,71,Unconstrained,-2.267177821847066
True,2.700000000000002,2.700000000000002,2.7372669001802787,0,57.35363282889213,,135,strong,177,72,Unconstrained,0.1645663361270081
False,,9.999999999999876,5.08958588861653,0,824.0250602638048,,500,strong,178,73,Unconstrained,4.772917024598548
False,,9.999999999999876,5.095027433545209,0,137.12392860736918,,500,strong,180,74,Unconstrained,3.91492273799288
False,,9.999999999999876,2.057655341676706,0,684.3657550700019,,500,strong,181,75,Unconstrained,0.2453368380694445
False,,9.999999999999876,6.663307991635641,0,150.69043549060865,,500,strong,182,76,Unconstrained,4.677575780706574
False,,9.999999999999876,4.3570790858283965,0,111.68160992981598,,500,strong,183,77,Unconstrained,2.351487931038482
False,,9.999999999999876,0.2054153926004272,0,1152.1215805934155,,500,strong,184,78,Unconstrained,-0.2835435346660842
True,9.999999999999876,9.999999999999876,8.188199186902077,0,162.85906116864513,,500,strong,185,79,Unconstrained,7.610328118772114
False,,9.999999999999876,8.419311053800142,0,466.3670181790712,,500,strong,187,80,Unconstrained,8.135777803981583
True,8.279999999999912,8.279999999999912,0.1700950944617416,0,195.1210268160707,,414,strong,191,81,Unconstrained,-1.5338084803710983
True,8.619999999999905,8.619999999999905,3.316524847108902,0,129.11058550182727,,431,strong,192,82,Unconstrained,2.380703174255993
False,,9.999999999999876,7.230011388483992,0,1016.7986181340426,,500,strong,194,83,Unconstrained,7.062705546626471
True,7.519999999999928,7.519999999999928,3.257696129136309,0,2721.4444716227904,,376,strong,195,84,Unconstrained,3.224755399936795
True,3.3200000000000025,3.3200000000000025,5.784142675538562,0,26.86858713657819,,166,strong,196,85,Unconstrained,1.271474356548481
False,,9.999999999999876,4.302458794293623,0,693.8045738067256,,500,strong,198,86,Unconstrained,3.2364830175376103
False,,9.999999999999876,2.1800546877964777,0,1050.5860095300488,,500,strong,199,87,Unconstrained,1.8704316536273384
True,9.499999999999886,9.499999999999886,1.484821777371294,0,173.5686815100397,,475,strong,203,88,Unconstrained,-2.508872318506264
False,,9.999999999999876,3.2556737670979,0,621.5923577700248,,500,strong,206,89,Unconstrained,2.464572054970237
False,,9.999999999999876,5.908982216034151,0,323.62724502063804,,500,strong,216,90,Unconstrained,5.029781029663795
False,,9.999999999999876,-8.405456022848343,146,39264.18202578821,,500,strong,219,91,Unconstrained,-10.696180389175764
False,,9.999999999999876,9.418525629792336,0,122.2857048753971,,500,strong,220,92,Unconstrained,8.531547458293852
False,,9.999999999999876,6.823707279995975,0,51.71271407775104,,500,strong,223,93,Unconstrained,3.795795727876944
False,,9.999999999999876,4.617003427942049,0,246.3801903560093,,500,strong,226,94,Unconstrained,3.77615996147672
False,,9.999999999999876,7.567550846257539,0,389.11992639844055,,500,strong,230,95,Unconstrained,7.183207297024135
False,,9.999999999999876,5.321461073266317,0,131.43165912154203,,500,strong,233,96,Unconstrained,3.203694834978797
False,,9.999999999999876,0.0636563204668281,0,805.5134243341436,,500,strong,236,97,Unconstrained,-1.089448989956778
True,9.33999999999989,9.33999999999989,3.2129669249460058,0,545.0658368956327,,467,strong,238,98,Unconstrained,1.6916712057045575
False,,9.999999999999876,-1.4376731573902168,11,2801.4455919696284,,500,strong,239,99,Unconstrained,-1.847942692512202
False,,9.999999999999876,-2.2945770538132435,21,2723.435195257347,,500,strong,240,100,Unconstrained,-3.278800875084592
False,,9.999999999999876,6.033268296394146,0,6637.852897934873,,500,strong,241,101,Unconstrained,5.837846312835
False,,9.999999999999876,6.965641103366004,0,496.3105375341175,,500,strong,242,102,Unconstrained,5.737428029480999
True,1.5000000000000009,1.5000000000000009,-0.0817528575241315,1,174.47148085684128,,75,strong,244,103,Unconstrained,-2.654604897668692
False,,9.999999999999876,1.105942951138539,0,1236.1472878303207,,500,strong,245,104,Unconstrained,-0.8578037414688859
False,,9.999999999999876,-3.4682404920670766,33,2308791.6132358704,,500,strong,246,105,Unconstrained,-3.649856571243651
True,9.119999999999894,9.119999999999894,8.28502026725466,0,74.0849919261088,,456,strong,252,106,Unconstrained,7.2030409155062936
False,,9.999999999999876,0.3653786158516235,0,349.5031869187858,,500,strong,253,107,Unconstrained,-0.9941170174256406
False,,9.999999999999876,-2.3374414302636124,14,1316.3953192532274,,500,strong,256,108,Unconstrained,-4.024575629597548
False,,9.999999999999876,9.346184180594928,0,252.48912302227689,,500,strong,258,109,Unconstrained,9.1036956186666
True,0.9800000000000004,0.9800000000000004,0.2014861487305536,0,105.28209383615396,,49,strong,262,110,Unconstrained,-0.1661719629864277
True,8.979999999999897,8.979999999999897,6.709459666295638,0,30.83702627429293,,449,strong,265,111,Unconstrained,3.4865284669544274
False,,9.999999999999876,-0.2547071305875166,1,291.2347912253624,,500,strong,271,112,Unconstrained,-5.775586417058517
False,,9.999999999999876,4.345763062217197,0,303.25273453813423,,500,strong,272,113,Unconstrained,3.8071123478285473
True,3.480000000000002,3.480000000000002,6.250623284003249,0,29.94383987265945,,174,strong,275,114,Unconstrained,3.849884556214321
False,,9.999999999999876,-6.15301155022614,98,3912.732075747964,,500,strong,277,115,Unconstrained,-7.306768236494256
False,,9.999999999999876,1.891598735365244,0,609.2240283169826,,500,strong,278,116,Unconstrained,1.2525730920116138
False,,9.999999999999876,-0.9430795910588888,12,11754.860333440523,,500,strong,280,117,Unconstrained,-1.5448239613882015
False,,9.999999999999876,7.813181206851571,0,809.1224760144112,,500,strong,286,118,Unconstrained,7.471384612175425
True,1.9600000000000013,1.9600000000000013,7.1891303878205575,0,17.27565131152788,,98,strong,288,119,Unconstrained,3.6020712985449133
False,,9.999999999999876,1.7168800520688556,0,572.5728448802935,,500,strong,289,120,Unconstrained,0.8900188552193455
False,,9.999999999999876,0.8508445187482199,0,896.8848594455706,,500,strong,294,121,Unconstrained,-0.0526570104094377
False,,9.999999999999876,1.359134889827433,0,918.7366603030353,,500,strong,296,122,Unconstrained,1.070002208597202
False,,9.999999999999876,-7.068590310192071,101,463.9861295335429,,500,strong,297,123,Unconstrained,-7.609686630546342
False,,9.999999999999876,7.983474130738897,0,332.47433995339503,,500,strong,299,124,Unconstrained,7.55833810757186
True,2.780000000000002,2.780000000000002,8.101733739181448,0,8.779806774485877,,139,strong,301,125,Unconstrained,4.049915378185737
True,9.639999999999883,9.639999999999883,10.046615935745084,0,36.89784520570845,,482,strong,302,126,Unconstrained,9.570186026093207
True,4.559999999999991,4.559999999999991,7.14822617931776,0,67.24232738044003,,228,strong,310,127,Unconstrained,5.765163495520122
False,,9.999999999999876,-3.346747633929348,28,1636.0370789192043,,500,strong,311,128,Unconstrained,-3.765626303736576
True,1.9000000000000008,1.9000000000000008,9.605199000252746,0,12.93816281920776,,95,strong,318,129,Unconstrained,7.830801130570085
True,2.780000000000002,2.780000000000002,10.09348293057727,0,6.137930146828024,,139,strong,319,130,Unconstrained,8.581993126448202
True,5.859999999999963,5.859999999999963,1.616973742869662,0,201.64275834925087,,293,strong,322,131,Unconstrained,0.1912085108482197
False,,9.999999999999876,5.253974238045392,0,529.316053735729,,500,strong,335,132,Unconstrained,4.023357882333242
False,,9.999999999999876,-1.7990637845857846,35,1076.5489310227929,,500,strong,336,133,Unconstrained,-2.485589540487738
True,8.35999999999991,8.35999999999991,9.279445352435165,0,124.77144850559412,,418,strong,338,134,Unconstrained,9.044176578740029
False,,9.999999999999876,6.014965422641375,0,840.5934116003401,,500,strong,342,135,Unconstrained,5.181529906406356
False,,9.999999999999876,-3.69642034328861,85,1029.444148154431,,500,strong,348,136,Unconstrained,-4.880361667902781
False,,9.999999999999876,4.094106438603343,0,1328.346937962543,,500,strong,349,137,Unconstrained,3.885787364066033
False,,9.999999999999876,1.1026074157368284,0,639.5444072010082,,500,strong,350,138,Unconstrained,-0.4015602198983296
True,9.459999999999887,9.459999999999887,-1.827420630517864,33,453.254873462775,,473,strong,351,139,Unconstrained,-2.7646351120512707
False,,9.999999999999876,6.779199843609705,0,214.9675015117868,,500,strong,358,140,Unconstrained,5.889390767351491
True,5.839999999999963,5.839999999999963,3.034443618251933,0,310.9258273132774,,292,strong,360,141,Unconstrained,1.1075615327244537
False,,9.999999999999876,1.260867226777015,0,572.7234367427747,,500,strong,364,142,Unconstrained,0.181484047590053
True,5.51999999999997,5.51999999999997,1.5095083700193612,0,326.5351942746832,,276,strong,365,143,Unconstrained,0.3343958768359271
False,,9.999999999999876,2.2844604619060385,0,324.9360064534097,,500,strong,366,144,Unconstrained,1.0913818583330694
False,,9.999999999999876,-5.498984289460629,116,766.4348725803868,,500,strong,367,145,Unconstrained,-7.648331035646128
False,,9.999999999999876,-0.6695383798036386,17,1138.9444793515584,,500,strong,368,146,Unconstrained,-2.0478452988934497
False,,9.999999999999876,3.931284217344868,0,3054.4402763428184,,500,strong,369,147,Unconstrained,2.7253363041893155
False,,9.999999999999876,5.655866135609961,0,495.04387780908166,,500,strong,372,148,Unconstrained,5.259346234217479
False,,9.999999999999876,3.6324956852720303,0,29478.35907994112,,500,strong,374,149,Unconstrained,3.1272018157549377
True,3.4000000000000026,3.4000000000000026,-0.5244843275544996,3,235.0719614421871,,170,strong,375,150,Unconstrained,-0.971854081331592
False,,9.999999999999876,8.040353819316392,0,2222.1467099522765,,500,strong,380,151,Unconstrained,7.945243177619175
False,,9.999999999999876,4.09513406777377,0,186.14364899412632,,500,strong,382,152,Unconstrained,3.219905278864373
False,,9.999999999999876,-2.4617718967949016,22,776.7452149163068,,500,strong,383,153,Unconstrained,-3.18924553050533
False,,9.999999999999876,8.282225821847431,0,3436.012022518775,,500,strong,387,154,Unconstrained,7.916570060078184
True,8.499999999999908,8.499999999999908,-2.61885596266466,14,129.03756830173907,,425,strong,388,155,Unconstrained,-5.408415255187104
True,3.460000000000002,3.460000000000002,8.086297759956354,0,23.777690173676408,,173,strong,391,156,Unconstrained,6.035074316047229
True,4.899999999999984,4.899999999999984,4.916155741395016,0,41.25064675265823,,245,strong,395,157,Unconstrained,2.033301920036191
False,,9.999999999999876,6.132256394745479,0,184.13133909225505,,500,strong,400,158,Unconstrained,5.270686494106943
False,,9.999999999999876,-1.236578387552648,13,539.7718247458449,,500,strong,401,159,Unconstrained,-3.0025468533414896
True,2.600000000000002,2.600000000000002,7.7852232663259455,0,9.75898501782595,,130,strong,402,160,Unconstrained,2.824437236976676
False,,9.999999999999876,3.3354761584981287,0,447.83937877195785,,500,strong,405,161,Unconstrained,2.980687773903563
True,7.639999999999925,7.639999999999925,2.878175162947812,0,164.424007380521,,382,strong,408,162,Unconstrained,0.4182866552986151
False,,9.999999999999876,3.688680895018511,0,258.2272605370942,,500,strong,409,163,Unconstrained,3.087185897113656
False,,9.999999999999876,1.4141375007305268,0,721.1875431943897,,500,strong,412,164,Unconstrained,1.1730194281262565
False,,9.999999999999876,6.215497408774652,0,628.7008687818457,,500,strong,413,165,Unconstrained,5.595949870609745
True,8.499999999999908,8.499999999999908,5.679477449591484,0,378.502738394184,,425,strong,415,166,Unconstrained,5.057059220566031
False,,9.999999999999876,6.203277873443931,0,692.9783804811906,,500,strong,416,167,Unconstrained,5.628139039484619
True,4.679999999999988,4.679999999999988,3.079426793808817,0,216.0306757172806,,234,strong,417,168,Unconstrained,2.3342979072833066
True,9.059999999999896,9.059999999999896,5.668284607139213,0,69.16111155807279,,453,strong,419,169,Unconstrained,2.483635849366625
True,7.87999999999992,7.87999999999992,8.849150420585707,0,110.80879667573711,,394,strong,425,170,Unconstrained,8.327777515027499
False,,9.999999999999876,2.031220652220312,0,670.0645326408218,,500,strong,426,171,Unconstrained,1.860756726896308
True,5.579999999999969,5.579999999999969,9.735643265924796,0,130.5484709629013,,279,strong,429,172,Unconstrained,9.36491614676456
True,2.160000000000001,2.160000000000001,6.946939118785426,0,3804.163573422671,,108,strong,433,173,Unconstrained,6.599779682295903
False,,9.999999999999876,6.977612563867248,0,1439.3558313505314,,500,strong,434,174,Unconstrained,6.621126495348166
False,,9.999999999999876,-7.464785019465318,54,769.7808851576233,,500,strong,435,175,Unconstrained,-9.195657022896835
False,,9.999999999999876,7.582483235928149,0,1008.7506619916666,,500,strong,436,176,Unconstrained,7.0604612031560645
False,,9.999999999999876,5.975023383960467,0,162.08300544059333,,500,strong,439,177,Unconstrained,4.548573289095971
True,4.479999999999992,4.479999999999992,1.6902226836692953,0,69.83583334676017,,224,strong,444,178,Unconstrained,-0.9941194316379078
False,,9.999999999999876,6.376563224129046,0,434.1716032927232,,500,strong,445,179,Unconstrained,4.947426748186304
True,6.279999999999954,6.279999999999954,0.7324648973094298,0,143.1484041264085,,314,strong,446,180,Unconstrained,-4.369606442884122
False,,9.999999999999876,-10.255021844892894,191,1890.477920411305,,500,strong,447,181,Unconstrained,-12.331227300619016
True,7.919999999999919,7.919999999999919,9.747347318011531,0,88.44627613219036,,396,strong,448,182,Unconstrained,9.566593795353011
True,0.4600000000000001,0.4600000000000001,5.730947192355918,0,28.77202448203918,,23,strong,449,183,Unconstrained,5.375442113210712
True,5.1799999999999775,5.1799999999999775,1.4309843866747765,0,217.63276351676507,,259,strong,452,184,Unconstrained,0.7421644010114619
False,,9.999999999999876,2.012795109794249,0,1313.9954502520154,,500,strong,453,185,Unconstrained,1.782486900774609
False,,9.999999999999876,6.758290328419689,0,496.1637156408918,,500,strong,455,186,Unconstrained,6.31358585691294
False,,9.999999999999876,0.2741838584828146,0,11646.771603411951,,500,strong,456,187,Unconstrained,-0.1751375414205341
True,3.920000000000003,3.920000000000003,9.748868597429984,0,148.39918276548875,,196,strong,458,188,Unconstrained,9.229203566619956
False,,9.999999999999876,-6.666915797292604,65,1045.7786780027466,,500,strong,459,189,Unconstrained,-8.277043630848066
True,8.299999999999912,8.299999999999912,7.015613325680972,0,122.38386195069933,,415,strong,462,190,Unconstrained,6.437452458240279
True,5.219999999999977,5.219999999999977,10.063298045804224,0,17.003600575019785,,261,strong,465,191,Unconstrained,9.407095493668049
True,7.899999999999919,7.899999999999919,6.309643526340588,0,540.7373393803775,,395,strong,466,192,Unconstrained,6.269451689693081
False,,9.999999999999876,1.5617906631786007,0,288.4865809835341,,500,strong,467,193,Unconstrained,0.7607366793996122
True,2.4200000000000017,2.4200000000000017,6.047094098809491,0,47.35891134385722,,121,strong,468,194,Unconstrained,4.1750028327015904
False,,9.999999999999876,-1.6606217916728607,18,1009.088994768074,,500,strong,469,195,Unconstrained,-2.244402253192997
False,,9.999999999999876,1.345466391349912,0,241.4996926488294,,500,strong,471,196,Unconstrained,0.2077364656828551
False,,9.999999999999876,3.6159510252804057,0,338.8853756229952,,500,strong,473,197,Unconstrained,1.9536400801661429
False,,9.999999999999876,-6.8919906551016,99,407.2956722338392,,500,strong,475,198,Unconstrained,-9.91265518817649
False,,9.999999999999876,1.6723224860941257,0,1335.1821192628363,,500,strong,476,199,Unconstrained,1.0446622795913505
False,,9.999999999999876,2.509981728156609,0,1366.5033436776007,,500,strong,478,200,Unconstrained,2.3618851049494367
False,,9.999999999999876,4.302260984512374,0,910.0755590206072,,500,strong,481,201,Unconstrained,3.0750089049104825
False,,9.999999999999876,-1.3914339264341156,21,519.6252571751156,,500,strong,485,202,Unconstrained,-2.347674210993125
False,,9.999999999999876,2.7964177245733217,0,478.9552995142489,,500,strong,488,203,Unconstrained,1.616371489704275
False,,9.999999999999876,3.6588365935143967,0,1522.6015711374412,,500,strong,489,204,Unconstrained,3.263799363886622
True,1.700000000000001,1.700000000000001,9.901250765708676,0,3.8325240659469566,,85,strong,493,205,Unconstrained,7.171682858081304
False,,9.999999999999876,0.7051102581630144,0,309.64942947849204,,500,strong,498,206,Unconstrained,-0.1907714514116477
True,1.8600000000000008,1.8600000000000008,6.751292941472354,0,18.3569657574611,,93,strong,502,207,Unconstrained,2.42180266399302
True,8.999999999999897,8.999999999999897,4.146895814315938,0,91.69477116668052,,450,strong,506,208,Unconstrained,1.9023456642710648
False,,9.999999999999876,7.763439251206349,0,37.2241170719269,,500,strong,508,209,Unconstrained,6.279269334543402
False,,9.999999999999876,-0.4501468040187916,2,1227.0546574056511,,500,strong,514,210,Unconstrained,-1.901465284606312
False,,9.999999999999876,7.24779954228298,0,422.90056758851694,,500,strong,517,211,Unconstrained,7.239117074738788
False,,9.999999999999876,6.664032011782817,0,143.8354034225269,,500,strong,519,212,Unconstrained,5.009340625667372
False,,9.999999999999876,8.222627892950499,0,82.79141127623294,,500,strong,520,213,Unconstrained,7.82386945596971
False,,9.999999999999876,7.96625650418785,0,1802.3643353364537,,500,strong,521,214,Unconstrained,7.470415301071506
False,,9.999999999999876,4.661103789508578,0,266.5207153472783,,500,strong,522,215,Unconstrained,3.351987764093601
False,,9.999999999999876,5.440672897000846,0,118.7077695194386,,500,strong,523,216,Unconstrained,2.8907051357642466
False,,9.999999999999876,0.1281315476781253,0,278.938048347439,,500,strong,528,217,Unconstrained,-3.2106024802673483
False,,9.999999999999876,-0.6687865788806806,6,707.1973366047074,,500,strong,529,218,Unconstrained,-2.798880713726198
False,,9.999999999999876,4.554811857158849,0,1146.814638723481,,500,strong,536,219,Unconstrained,4.436404611025957
False,,9.999999999999876,2.4017123001420617,0,422.8259859755634,,500,strong,540,220,Unconstrained,-1.1862068108500838
True,4.639999999999989,4.639999999999989,-0.4504732834282178,1,155.20954642979282,,232,strong,541,221,Unconstrained,-3.3852086015135665
True,5.299999999999975,5.299999999999975,4.744588930894255,0,84.81678332402468,,265,strong,544,222,Unconstrained,2.183410448869859
True,2.3600000000000017,2.3600000000000017,4.991295350246754,0,145.90264611266744,,118,strong,546,223,Unconstrained,4.5471309561522455
False,,9.999999999999876,8.243662676174518,0,366.1843186752406,,500,strong,548,224,Unconstrained,7.625685569860741
True,4.020000000000002,4.020000000000002,8.954893146308834,0,26.142163701546128,,201,strong,550,225,Unconstrained,6.7074542458982656
False,,9.999999999999876,-0.1892643339482094,2,3837.902881324712,,500,strong,553,226,Unconstrained,-0.5987401460744727
True,8.099999999999916,8.099999999999916,5.184990101217468,0,156.8792755274228,,405,strong,554,227,Unconstrained,3.393538636137828
True,0.2599999999999999,0.2599999999999999,1.3431609977435597,0,110.73550095928908,,13,strong,556,228,Unconstrained,1.1200931307907769
False,,9.999999999999876,6.830646777661543,0,494.0310979969255,,500,strong,559,229,Unconstrained,6.797977351705375
True,1.8600000000000008,1.8600000000000008,0.1284289261076641,0,124.24383814551368,,93,strong,562,230,Unconstrained,-0.7902088078940182
False,,9.999999999999876,-17.357448516126333,175,880.4879085316817,,500,strong,563,231,Unconstrained,-21.1436757251571
True,5.579999999999969,5.579999999999969,3.1215846234310805,0,247.34182250189747,,279,strong,567,232,Unconstrained,2.441528808631313
False,,9.999999999999876,1.3748146030703807,0,236.75850226061684,,500,strong,568,233,Unconstrained,0.5090177251963914
False,,9.999999999999876,1.0321194337338246,0,1098.5081245399438,,500,strong,571,234,Unconstrained,0.8393141322736465
False,,9.999999999999876,0.4002300689819356,0,573.8163496897557,,500,strong,574,235,Unconstrained,-0.4537808053458566
False,,9.999999999999876,6.064208043728279,0,7138.789315827129,,500,strong,577,236,Unconstrained,5.868151690397302
True,7.479999999999928,7.479999999999928,1.0606066088658426,0,122.51444875717252,,374,strong,581,237,Unconstrained,-0.4390313317148804
False,,9.999999999999876,1.1924335524473624,0,1002.90400967769,,500,strong,584,238,Unconstrained,0.7596748688306488
False,,9.999999999999876,3.908433481660991,0,1237.2584025865165,,500,strong,585,239,Unconstrained,3.3622761899970985
True,3.2800000000000025,3.2800000000000025,6.655393385297888,0,654.3899383728861,,164,strong,586,240,Unconstrained,6.615040761162131
False,,9.999999999999876,-0.1027885171157697,2,208.9717797746734,,500,strong,591,241,Unconstrained,-1.8820678648623752
False,,9.999999999999876,5.252806650159681,0,1172.9069548506757,,500,strong,592,242,Unconstrained,5.053967236405397
True,6.45999999999995,6.45999999999995,5.762283755571805,0,259.58558274065103,,323,strong,593,243,Unconstrained,5.177165045302251
False,,9.999999999999876,3.29697039214084,0,740.0502778529366,,500,strong,594,244,Unconstrained,1.9251416945110011
True,6.779999999999943,6.779999999999943,9.672260186505872,0,142.44199773153665,,339,strong,597,245,Unconstrained,9.505709000266776
False,,9.999999999999876,9.600668348044838,0,563.5466741085066,,500,strong,598,246,Unconstrained,9.076502284177884
True,9.159999999999894,9.159999999999894,-7.095498798485859,99,796.2860663243454,,458,strong,600,247,Unconstrained,-7.865867400714109
False,,9.999999999999876,4.510133506281561,0,222.81390939690124,,500,strong,604,248,Unconstrained,3.479886542552099
True,2.580000000000002,2.580000000000002,7.680300866220632,0,29.263429172139723,,129,strong,606,249,Unconstrained,6.397371400428615
False,,9.999999999999876,4.065059830111171,0,1680.660458490885,,500,strong,613,250,Unconstrained,3.183019401646688
False,,9.999999999999876,-4.075838835806374,45,1018.6868770885884,,500,strong,614,251,Unconstrained,-4.778890589149448
True,8.119999999999916,8.119999999999916,2.963101136909637,0,104.79674399599342,,406,strong,615,252,Unconstrained,0.4370175313404525
False,,9.999999999999876,2.610660341110262,0,1132.915677286377,,500,strong,621,253,Unconstrained,2.603339827029277
True,3.960000000000003,3.960000000000003,7.7092150816179235,0,43.06150878939814,,198,strong,623,254,Unconstrained,6.251527712359743
False,,9.999999999999876,-1.107561099211192,4,422.2143526762384,,500,strong,631,255,Unconstrained,-1.969130505870733
False,,9.999999999999876,4.35691165073816,0,73.38168608119258,,500,strong,634,256,Unconstrained,-0.807033829885702
False,,9.999999999999876,7.8314735978096515,0,196.9360328151552,,500,strong,639,257,Unconstrained,7.691047187737749
True,1.660000000000001,1.660000000000001,8.627163707058559,0,14.282108785509148,,83,strong,644,258,Unconstrained,6.61076942743709
False,,9.999999999999876,3.631766357611522,0,495.0821825943752,,500,strong,645,259,Unconstrained,3.299213664148952
False,,9.999999999999876,2.9131096042349585,0,1264.3192040246422,,500,strong,646,260,Unconstrained,2.4964332003305865
True,9.499999999999886,9.499999999999886,2.088690841005441,0,101.6596029052866,,475,strong,654,261,Unconstrained,-0.887465766903003
False,,9.999999999999876,-0.0410225076397504,1,529.7454466863718,,500,strong,655,262,Unconstrained,-1.8315786109246708
False,,9.999999999999876,2.3657034876758845,0,87098.42543444983,,500,strong,661,263,Unconstrained,1.414957784959431
False,,9.999999999999876,5.074522163733944,0,97.46038108572635,,500,strong,662,264,Unconstrained,1.6994521051792333
False,,9.999999999999876,6.125237684452671,0,2654.821797546724,,500,strong,665,265,Unconstrained,5.954707307852701
False,,9.999999999999876,7.234602388013247,0,53.654932406379366,,500,strong,667,266,Unconstrained,4.495542887937235
False,,9.999999999999876,3.378146802079208,0,676.3939101803314,,500,strong,668,267,Unconstrained,2.9097051787776644
True,9.599999999999884,9.599999999999884,5.596555856459604,0,72.06676941566987,,480,strong,671,268,Unconstrained,3.24039890836787
True,2.120000000000001,2.120000000000001,5.356955529092189,0,74.01344358407304,,106,strong,672,269,Unconstrained,4.223784415700502
False,,9.999999999999876,-1.953547159331172,20,502.9740648256313,,500,strong,675,270,Unconstrained,-3.7478577240798647
False,,9.999999999999876,5.3949676774863695,0,84.3176712005503,,500,strong,676,271,Unconstrained,2.722383600365063
True,8.699999999999903,8.699999999999903,-4.559704215372204,100,606.8913824355346,,435,strong,678,272,Unconstrained,-7.741750673844392
False,,9.999999999999876,2.6978172434049,0,1265.238856601498,,500,strong,679,273,Unconstrained,2.464941386730617
False,,9.999999999999876,3.560324608150016,0,125.01565289114583,,500,strong,681,274,Unconstrained,1.596220622757395
