step_time_ms,method
157.62330000001157,Vanilla MPC
99.36449999997876,Vanilla MPC
101.59530000004224,Vanilla MPC
101.13209999997252,Vanilla MPC
102.14329999996608,Vanilla MPC
111.09620000001996,Vanilla MPC
102.40029999999933,Vanilla MPC
105.12019999998756,Vanilla MPC
101.69519999999466,Vanilla MPC
101.52599999997847,Vanilla MPC
115.39720000001807,Vanilla MPC
139.4905999999878,Vanilla MPC
111.78690000002689,Vanilla MPC
267.13970000002973,Vanilla MPC
275.82709999995814,Vanilla MPC
250.42930000000752,Vanilla MPC
225.89110000001256,Vanilla MPC
225.2442000000201,Vanilla MPC
164.8544999999899,Vanilla MPC
144.29519999998774,Vanilla MPC
187.34910000000582,Vanilla MPC
173.9329999999768,Vanilla MPC
162.21819999998388,Vanilla MPC
148.43710000002375,Vanilla MPC
803.9759999999774,Vanilla MPC
220.94459999999572,Vanilla MPC
205.00820000000886,Vanilla MPC
208.06740000000445,Vanilla MPC
189.13599999996222,Vanilla MPC
174.23739999998133,Vanilla MPC
156.2804000000142,Vanilla MPC
147.4638999999911,Vanilla MPC
166.99959999999692,Vanilla MPC
142.8662000000145,Vanilla MPC
144.17019999996228,Vanilla MPC
138.91549999999597,Vanilla MPC
172.90990000003603,Vanilla MPC
143.1299999999851,Vanilla MPC
160.5811000000017,Vanilla MPC
156.93540000000894,Vanilla MPC
207.19700000000785,Vanilla MPC
195.76289999997698,Vanilla MPC
212.00840000000198,Vanilla MPC
189.14339999997765,Vanilla MPC
178.3008999999538,Vanilla MPC
223.2543000000078,Vanilla MPC
420.51299999997127,Vanilla MPC
270.02010000001064,Vanilla MPC
233.38229999995974,Vanilla MPC
260.38919999996324,Vanilla MPC
276.2905999999816,Vanilla MPC
306.94979999998395,Vanilla MPC
335.8211000000324,Vanilla MPC
349.92369999997663,Vanilla MPC
287.12819999998374,Vanilla MPC
136.43400000000838,Vanilla MPC
124.88439999998491,Vanilla MPC
127.80939999998964,Vanilla MPC
127.67320000000382,Vanilla MPC
151.30290000001878,Vanilla MPC
158.65890000003446,Vanilla MPC
211.93210000001272,Vanilla MPC
201.02709999997614,Vanilla MPC
212.0175999999674,Vanilla MPC
168.4752999999546,Vanilla MPC
141.5266999999858,Vanilla MPC
119.8720000000435,Vanilla MPC
134.92329999996855,Vanilla MPC
156.70350000004873,Vanilla MPC
260.7772000000068,Vanilla MPC
279.94580000000724,Vanilla MPC
285.12209999996685,Vanilla MPC
216.9979999999896,Vanilla MPC
578.8501999999767,Vanilla MPC
237.98659999999927,Vanilla MPC
250.34529999999222,Vanilla MPC
249.83549999996058,Vanilla MPC
220.12870000003204,Vanilla MPC
257.5180000000046,Vanilla MPC
262.71650000001046,Vanilla MPC
242.3065999999494,Vanilla MPC
243.87739999997393,Vanilla MPC
250.82249999996975,Vanilla MPC
185.45760000000655,Vanilla MPC
377.4996000000215,Vanilla MPC
235.45799999999417,Vanilla MPC
181.03129999997236,Vanilla MPC
247.6285000000189,Vanilla MPC
190.7786000000442,Vanilla MPC
194.615199999987,Vanilla MPC
188.81360000000313,Vanilla MPC
193.133400000022,Vanilla MPC
172.95839999997042,Vanilla MPC
184.46819999996933,Vanilla MPC
176.17030000002387,Vanilla MPC
174.04310000000578,Vanilla MPC
178.72520000003078,Vanilla MPC
171.7127000000005,Vanilla MPC
175.5775999999969,Vanilla MPC
173.42740000003687,Vanilla MPC
171.30190000000312,Vanilla MPC
178.92219999998815,Vanilla MPC
275.90639999999667,Vanilla MPC
227.74699999996528,Vanilla MPC
223.21119999998018,Vanilla MPC
200.24660000001404,Vanilla MPC
220.42559999999867,Vanilla MPC
211.45590000003267,Vanilla MPC
183.80680000001348,Vanilla MPC
211.0086999999794,Vanilla MPC
188.37869999998702,Vanilla MPC
194.7380000000294,Vanilla MPC
138.45709999998235,Vanilla MPC
267.96880000000556,Vanilla MPC
244.1398999999933,Vanilla MPC
239.172300000007,Vanilla MPC
264.5213000000126,Vanilla MPC
302.9393000000482,Vanilla MPC
259.61849999998776,Vanilla MPC
285.03169999999045,Vanilla MPC
223.85620000000017,Vanilla MPC
252.33099999996966,Vanilla MPC
304.6904000000268,Vanilla MPC
215.67659999999478,Vanilla MPC
331.81200000001354,Vanilla MPC
218.467300000043,Vanilla MPC
206.99189999999135,Vanilla MPC
189.45450000001074,Vanilla MPC
184.54890000003843,Vanilla MPC
178.92489999996997,Vanilla MPC
177.29349999996202,Vanilla MPC
178.04350000000113,Vanilla MPC
220.99929999995993,Vanilla MPC
225.48870000002808,Vanilla MPC
239.5156999999699,Vanilla MPC
222.13740000000826,Vanilla MPC
256.0273999999936,Vanilla MPC
504.8565000000167,Vanilla MPC
296.2883000000147,Vanilla MPC
254.99839999997675,Vanilla MPC
253.2199999999989,Vanilla MPC
238.86759999999185,Vanilla MPC
291.741600000023,Vanilla MPC
246.08449999999493,Vanilla MPC
271.40249999996513,Vanilla MPC
302.87429999998494,Vanilla MPC
252.55850000002056,Vanilla MPC
257.38259999997126,Vanilla MPC
247.9668000000288,Vanilla MPC
268.1617000000074,Vanilla MPC
168.99680000000217,Vanilla MPC
178.37550000001556,Vanilla MPC
140.25609999998778,Vanilla MPC
196.72199999996565,Vanilla MPC
161.14460000000008,Vanilla MPC
121.99490000000424,Vanilla MPC
134.2087000000447,Vanilla MPC
123.74700000003713,Vanilla MPC
175.36119999999755,Vanilla MPC
131.34250000001657,Vanilla MPC
128.38879999998198,Vanilla MPC
149.66139999995676,Vanilla MPC
119.12669999998116,Vanilla MPC
110.58659999997644,Vanilla MPC
106.7368000000215,Vanilla MPC
98.19850000002361,Vanilla MPC
117.89360000000215,Vanilla MPC
102.41200000001527,Vanilla MPC
96.98210000004792,Vanilla MPC
105.87729999997464,Vanilla MPC
104.31479999999738,Vanilla MPC
101.96799999999939,Vanilla MPC
99.06799999998839,Vanilla MPC
97.99639999999954,Vanilla MPC
100.91770000002498,Vanilla MPC
105.58020000001989,Vanilla MPC
121.79119999996146,Vanilla MPC
102.0422999999937,Vanilla MPC
108.45649999998841,Vanilla MPC
101.02449999999408,Vanilla MPC
97.25650000001451,Vanilla MPC
91.316900000038,Vanilla MPC
92.75120000000925,Vanilla MPC
93.79289999998264,Vanilla MPC
101.08360000003813,Vanilla MPC
113.38749999998754,Vanilla MPC
200.24929999999586,Vanilla MPC
239.2090999999823,Vanilla MPC
179.04879999997547,Vanilla MPC
173.0393999999933,Vanilla MPC
134.81219999999894,Vanilla MPC
142.5438999999642,Vanilla MPC
141.02259999998523,Vanilla MPC
175.95260000001645,Vanilla MPC
239.0556000000288,Vanilla MPC
133.19419999999127,Vanilla MPC
106.15789999997105,Vanilla MPC
157.21849999999904,Vanilla MPC
174.6255000000474,Vanilla MPC
183.19240000005266,Vanilla MPC
228.0822000000171,Vanilla MPC
118.93939999998793,Vanilla MPC
125.42750000000069,Vanilla MPC
146.02989999997362,Vanilla MPC
115.36809999995512,Vanilla MPC
111.47130000000516,Vanilla MPC
106.10490000004802,Vanilla MPC
108.47239999998237,Vanilla MPC
129.18180000002621,Vanilla MPC
100.30599999998913,Vanilla MPC
100.19760000000133,Vanilla MPC
123.42570000004116,Vanilla MPC
112.86339999998063,Vanilla MPC
167.10060000002613,Vanilla MPC
169.70839999999043,Vanilla MPC
109.98589999996966,Vanilla MPC
106.21919999999818,Vanilla MPC
164.99420000002374,Vanilla MPC
213.7948000000165,Vanilla MPC
132.52399999998943,Vanilla MPC
105.31170000001566,Vanilla MPC
104.82220000000098,Vanilla MPC
105.14219999998886,Vanilla MPC
151.80379999998195,Vanilla MPC
182.59800000004134,Vanilla MPC
147.17819999998483,Vanilla MPC
207.10090000000037,Vanilla MPC
184.50490000003583,Vanilla MPC
183.49620000003597,Vanilla MPC
549.2302999999765,Vanilla MPC
183.88840000000073,Vanilla MPC
148.59280000001718,Vanilla MPC
152.80749999999443,Vanilla MPC
174.9141000000236,Vanilla MPC
167.21830000000182,Vanilla MPC
163.92200000001367,Vanilla MPC
144.14469999996982,Vanilla MPC
160.32250000000658,Vanilla MPC
187.65009999998483,Vanilla MPC
176.36069999997517,Vanilla MPC
178.90549999998484,Vanilla MPC
323.2705000000351,Vanilla MPC
183.32099999997808,Vanilla MPC
164.0747999999803,Vanilla MPC
175.79560000001493,Vanilla MPC
182.25909999995338,Vanilla MPC
182.05960000000232,Vanilla MPC
151.7263000000071,Vanilla MPC
131.56709999998384,Vanilla MPC
114.83319999996411,Vanilla MPC
154.35450000001083,Vanilla MPC
204.06120000001238,Vanilla MPC
181.18420000001834,Vanilla MPC
159.20620000002828,Vanilla MPC
175.08209999999735,Vanilla MPC
156.93110000000843,Vanilla MPC
156.65440000003628,Vanilla MPC
151.50479999999789,Vanilla MPC
178.10919999999442,Vanilla MPC
181.6675000000032,Vanilla MPC
179.17909999999893,Vanilla MPC
164.70430000003944,Vanilla MPC
160.48059999997122,Vanilla MPC
142.0304000000101,Vanilla MPC
181.0709000000088,Vanilla MPC
170.57790000001205,Vanilla MPC
157.31460000000652,Vanilla MPC
146.21180000000322,Vanilla MPC
684.9653000000444,Vanilla MPC
201.5877000000046,Vanilla MPC
172.66039999998384,Vanilla MPC
188.76840000001494,Vanilla MPC
144.28510000004735,Vanilla MPC
109.87149999999701,Vanilla MPC
131.70509999997648,Vanilla MPC
115.37429999998494,Vanilla MPC
144.69719999999597,Vanilla MPC
130.676200000039,Vanilla MPC
106.41800000001922,Vanilla MPC
270.58909999999514,Vanilla MPC
208.633500000019,Vanilla MPC
177.4543999999878,Vanilla MPC
150.82599999999502,Vanilla MPC
195.56189999997287,Vanilla MPC
235.44709999998759,Vanilla MPC
269.65169999999716,Vanilla MPC
263.4082999999805,Vanilla MPC
245.8932000000118,Vanilla MPC
274.3044999999711,Vanilla MPC
250.99080000001095,Vanilla MPC
243.04250000000138,Vanilla MPC
464.36879999998837,Vanilla MPC
297.56720000000314,Vanilla MPC
275.61709999997674,Vanilla MPC
315.94889999996667,Vanilla MPC
253.78849999998465,Vanilla MPC
283.8939000000096,Vanilla MPC
241.10450000000583,Vanilla MPC
284.74149999999554,Vanilla MPC
264.0162999999802,Vanilla MPC
494.27520000000413,Vanilla MPC
426.8229000000474,Vanilla MPC
392.45770000002267,Vanilla MPC
501.1314999999854,Vanilla MPC
170.01590000000988,Vanilla MPC
135.46930000001112,Vanilla MPC
114.75189999998747,Vanilla MPC
106.88959999998815,Vanilla MPC
117.49919999999747,Vanilla MPC
108.45679999999902,Vanilla MPC
106.03029999998625,Vanilla MPC
132.97799999998006,Vanilla MPC
179.18309999998883,Vanilla MPC
125.75080000004846,Vanilla MPC
134.4033999999965,Vanilla MPC
113.01939999998467,Vanilla MPC
161.14750000002687,Vanilla MPC
171.69530000001032,Vanilla MPC
122.3434999999995,Vanilla MPC
125.42939999997316,Vanilla MPC
102.50460000003159,Vanilla MPC
104.96120000004794,Vanilla MPC
161.22799999999415,Vanilla MPC
113.90549999998711,Vanilla MPC
247.03420000003007,Vanilla MPC
207.45820000001913,Vanilla MPC
204.68980000003967,Vanilla MPC
200.00369999996792,Vanilla MPC
150.87859999999864,Vanilla MPC
165.33079999999245,Vanilla MPC
284.1047000000003,Vanilla MPC
202.74969999996983,Vanilla MPC
220.504099999971,Vanilla MPC
189.39069999998992,Vanilla MPC
179.0154000000257,Vanilla MPC
235.96120000001974,Vanilla MPC
412.13989999999967,Vanilla MPC
285.6479999999806,Vanilla MPC
272.6466999999957,Vanilla MPC
299.3256000000315,Vanilla MPC
240.19650000002457,Vanilla MPC
195.83060000002206,Vanilla MPC
258.0798000000186,Vanilla MPC
296.4237999999568,Vanilla MPC
183.93480000003137,Vanilla MPC
196.28649999998515,Vanilla MPC
193.4383999999909,Vanilla MPC
271.00760000001856,Vanilla MPC
221.17510000003904,Vanilla MPC
254.5245999999679,Vanilla MPC
225.5245000000059,Vanilla MPC
281.097299999999,Vanilla MPC
241.34980000002315,Vanilla MPC
264.5373999999947,Vanilla MPC
235.88250000000244,Vanilla MPC
248.14739999999347,Vanilla MPC
215.2169000000299,Vanilla MPC
174.56460000005336,Vanilla MPC
319.29099999996424,Vanilla MPC
193.7550000000101,Vanilla MPC
182.6656000000071,Vanilla MPC
190.0522000000251,Vanilla MPC
126.7261000000417,Vanilla MPC
156.49089999999433,Vanilla MPC
119.01289999997289,Vanilla MPC
128.30480000002353,Vanilla MPC
151.4887000000158,Vanilla MPC
131.9791999999893,Vanilla MPC
153.27830000001086,Vanilla MPC
130.4082000000335,Vanilla MPC
156.2864999999647,Vanilla MPC
179.07329999997046,Vanilla MPC
171.4984000000186,Vanilla MPC
142.79229999999643,Vanilla MPC
287.729000000013,Vanilla MPC
336.39080000000376,Vanilla MPC
370.75419999996484,Vanilla MPC
418.7543999999548,Vanilla MPC
432.5193999999897,Vanilla MPC
467.91749999999865,Vanilla MPC
602.2355999999718,Vanilla MPC
433.801399999993,Vanilla MPC
516.4757000000009,Vanilla MPC
632.6147999999989,Vanilla MPC
523.8893999999732,Vanilla MPC
522.2358999999983,Vanilla MPC
518.3794000000148,Vanilla MPC
375.70100000004913,Vanilla MPC
235.98190000001296,Vanilla MPC
230.51000000003796,Vanilla MPC
231.67710000001307,Vanilla MPC
279.1430000000332,Vanilla MPC
282.74200000004157,Vanilla MPC
236.9291999999632,Vanilla MPC
294.9047000000178,Vanilla MPC
156.2120999999479,Vanilla MPC
222.48120000000426,Vanilla MPC
140.44220000005225,Vanilla MPC
134.24220000001696,Vanilla MPC
276.8100999999774,Vanilla MPC
252.50180000000455,Vanilla MPC
223.70569999998224,Vanilla MPC
269.93179999999484,Vanilla MPC
264.66030000000274,Vanilla MPC
240.5193999999824,Vanilla MPC
193.09289999995372,Vanilla MPC
295.67379999997456,Vanilla MPC
353.2378999999537,Vanilla MPC
225.1114999999686,Vanilla MPC
205.67940000000817,Vanilla MPC
190.070100000014,Vanilla MPC
228.75749999997197,Vanilla MPC
158.27319999999645,Vanilla MPC
159.14789999999357,Vanilla MPC
145.7934000000023,Vanilla MPC
150.2403000000072,Vanilla MPC
273.01240000002736,Vanilla MPC
209.26529999997,Vanilla MPC
138.04300000003877,Vanilla MPC
129.8876999999834,Vanilla MPC
187.40900000000238,Vanilla MPC
246.27880000002733,Vanilla MPC
192.4064999999473,Vanilla MPC
171.76740000002155,Vanilla MPC
122.05369999998084,Vanilla MPC
140.7853999999702,Vanilla MPC
218.49869999999783,Vanilla MPC
140.95249999996895,Vanilla MPC
285.2473000000373,Vanilla MPC
116.08129999996208,Vanilla MPC
118.59459999999444,Vanilla MPC
154.7964999999749,Vanilla MPC
220.4217999999969,Vanilla MPC
212.05240000000458,Vanilla MPC
214.5024999999805,Vanilla MPC
208.52589999998372,Vanilla MPC
238.65630000000237,Vanilla MPC
283.1787999999733,Vanilla MPC
293.66390000001275,Vanilla MPC
188.22840000001406,Vanilla MPC
251.34950000000345,Vanilla MPC
263.1802999999877,Vanilla MPC
162.0076000000381,Vanilla MPC
183.2585000000222,Vanilla MPC
172.82649999998512,Vanilla MPC
157.15979999998808,Vanilla MPC
163.04639999998471,Vanilla MPC
180.9926000000246,Vanilla MPC
173.4160999999972,Vanilla MPC
171.59289999995053,Vanilla MPC
185.47399999999925,Vanilla MPC
169.7945999999888,Vanilla MPC
159.11210000001574,Vanilla MPC
147.12930000001734,Vanilla MPC
144.126300000039,Vanilla MPC
107.68980000000283,Vanilla MPC
165.62729999998282,Vanilla MPC
165.01679999998942,Vanilla MPC
159.1228000000342,Vanilla MPC
241.95750000001226,Vanilla MPC
252.35589999999775,Vanilla MPC
258.0259000000069,Vanilla MPC
189.10599999998112,Vanilla MPC
181.2340999999833,Vanilla MPC
191.03960000001052,Vanilla MPC
160.11050000003024,Vanilla MPC
157.15030000001207,Vanilla MPC
147.45700000003126,Vanilla MPC
167.47760000004064,Vanilla MPC
167.94640000000527,Vanilla MPC
172.08429999999453,Vanilla MPC
158.44899999996187,Vanilla MPC
156.62620000000516,Vanilla MPC
155.1332999999886,Vanilla MPC
177.6507999999808,Vanilla MPC
155.36509999998316,Vanilla MPC
117.76620000000548,Vanilla MPC
77.95369999996637,Vanilla MPC
103.47730000000865,Vanilla MPC
80.33000000000357,Vanilla MPC
110.76200000002245,Vanilla MPC
91.36919999997417,Vanilla MPC
92.97720000000709,Vanilla MPC
80.87410000001682,Vanilla MPC
86.61860000000843,Vanilla MPC
82.30159999999387,Vanilla MPC
98.86290000002873,Vanilla MPC
117.59190000003628,Vanilla MPC
91.2490000000048,Vanilla MPC
78.45359999998891,Vanilla MPC
83.57449999999744,Vanilla MPC
141.15950000001476,Vanilla MPC
174.19000000001006,Vanilla MPC
214.76080000002185,Vanilla MPC
174.73480000001018,Vanilla MPC
231.62360000003446,Vanilla MPC
163.60420000000886,Vanilla MPC
169.36349999997447,Vanilla MPC
166.94949999998698,Vanilla MPC
202.17939999997725,Vanilla MPC
208.85800000002064,Vanilla MPC
176.23429999997597,Vanilla MPC
102.82960000000685,Vanilla MPC
141.96620000001303,Vanilla MPC
108.45460000001594,Vanilla MPC
126.11120000002529,Vanilla MPC
124.72189999999728,Vanilla MPC
149.50210000000652,Vanilla MPC
178.750999999977,Vanilla MPC
173.99669999997514,Vanilla MPC
175.23559999995086,Vanilla MPC
193.63459999999577,Vanilla MPC
189.05009999997446,Vanilla MPC
192.22100000001774,Vanilla MPC
166.99640000001637,Vanilla MPC
146.4917999999784,Vanilla MPC
178.08250000001635,Vanilla MPC
238.27840000001288,Vanilla MPC
110.07430000000795,Vanilla MPC
127.15409999998428,Vanilla MPC
114.84049999995705,Vanilla MPC
108.32599999997683,Vanilla MPC
134.56089999999676,Vanilla MPC
102.39230000001953,Vanilla MPC
119.15900000002466,Vanilla MPC
186.93610000002536,Vanilla MPC
151.9521000000168,Vanilla MPC
143.5619000000088,Vanilla MPC
178.16579999998794,Vanilla MPC
133.01150000000916,Vanilla MPC
121.98630000000321,Vanilla MPC
183.78229999996165,Vanilla MPC
176.70590000000175,Vanilla MPC
170.79810000001316,Vanilla MPC
146.29719999999224,Vanilla MPC
146.42189999995026,Vanilla MPC
179.43889999997964,Vanilla MPC
175.6861999999728,Vanilla MPC
193.5882999999876,Vanilla MPC
135.999599999991,Vanilla MPC
117.03890000001138,Vanilla MPC
128.57890000003636,Vanilla MPC
112.18539999998711,Vanilla MPC
194.82539999995652,Vanilla MPC
151.45139999998491,Vanilla MPC
138.47420000001875,Vanilla MPC
176.19150000001582,Vanilla MPC
176.0572999999681,Vanilla MPC
115.63959999995177,Vanilla MPC
116.24000000000478,Vanilla MPC
105.6676999999695,Vanilla MPC
121.29390000001194,Vanilla MPC
177.35800000002655,Vanilla MPC
192.18609999995806,Vanilla MPC
138.5494999999537,Vanilla MPC
261.28760000000284,Vanilla MPC
257.0923000000107,Vanilla MPC
251.45559999998568,Vanilla MPC
243.42269999999644,Vanilla MPC
289.2815000000155,Vanilla MPC
315.26200000001836,Vanilla MPC
322.85449999994853,Vanilla MPC
304.3502999999532,Vanilla MPC
295.32599999998865,Vanilla MPC
314.486200000033,Vanilla MPC
311.8200999999772,Vanilla MPC
274.22200000000885,Vanilla MPC
312.3233999999684,Vanilla MPC
201.77860000001147,Vanilla MPC
199.37140000001818,Vanilla MPC
238.42500000000655,Vanilla MPC
220.50489999998035,Vanilla MPC
173.82320000001528,Vanilla MPC
230.6197999999995,Vanilla MPC
221.96019999995542,Vanilla MPC
288.74170000000277,Vanilla MPC
298.43790000001036,Vanilla MPC
240.18380000001116,Vanilla MPC
231.12539999999626,Vanilla MPC
233.7084000000118,Vanilla MPC
297.0978999999829,Vanilla MPC
239.75169999999935,Vanilla MPC
256.13459999999577,Vanilla MPC
219.75059999999758,Vanilla MPC
117.99979999995003,Vanilla MPC
204.94050000002062,Vanilla MPC
145.2895000000467,Vanilla MPC
148.9636999999675,Vanilla MPC
118.66100000003144,Vanilla MPC
101.83420000004162,Vanilla MPC
125.46099999997296,Vanilla MPC
210.21839999997383,Vanilla MPC
273.52839999997514,Vanilla MPC
240.33409999998412,Vanilla MPC
237.25010000003977,Vanilla MPC
171.30099999997128,Vanilla MPC
113.14939999999751,Vanilla MPC
124.97009999998454,Vanilla MPC
110.08140000001276,Vanilla MPC
109.91480000001275,Vanilla MPC
113.55229999998073,Vanilla MPC
110.14540000002171,Vanilla MPC
119.83270000001767,Vanilla MPC
124.25089999999273,Vanilla MPC
123.97269999996752,Vanilla MPC
139.70349999999598,Vanilla MPC
154.8292999999603,Vanilla MPC
150.64079999996238,Vanilla MPC
132.15480000002344,Vanilla MPC
130.73550000001433,Vanilla MPC
126.45650000001751,Vanilla MPC
164.3472000000088,Vanilla MPC
222.14719999999488,Vanilla MPC
201.67670000000726,Vanilla MPC
256.64180000001124,Vanilla MPC
224.1622000000234,Vanilla MPC
244.60399999998117,Vanilla MPC
211.17329999998447,Vanilla MPC
218.27680000001237,Vanilla MPC
246.86499999995704,Vanilla MPC
281.62510000004204,Vanilla MPC
604.7668000000499,Vanilla MPC
219.03050000003077,Vanilla MPC
314.2432999999869,Vanilla MPC
301.895600000023,Vanilla MPC
171.3447000000201,Vanilla MPC
130.69450000000415,Vanilla MPC
108.24389999999084,Vanilla MPC
184.26279999999906,Vanilla MPC
130.33949999999095,Vanilla MPC
110.84870000001956,Vanilla MPC
105.85959999997385,Vanilla MPC
116.5617999999995,Vanilla MPC
115.13639999998304,Vanilla MPC
99.44880000000467,Vanilla MPC
101.44320000000562,Vanilla MPC
144.35379999997622,Vanilla MPC
167.53439999996544,Vanilla MPC
149.025599999959,Vanilla MPC
143.40090000001737,Vanilla MPC
157.05180000003338,Vanilla MPC
97.91029999996681,Vanilla MPC
161.3447000000292,Vanilla MPC
109.39849999999751,Vanilla MPC
109.54160000000002,Vanilla MPC
103.45499999999674,Vanilla MPC
111.05649999996103,Vanilla MPC
133.40720000002193,Vanilla MPC
152.61240000000953,Vanilla MPC
98.48720000002231,Vanilla MPC
202.28550000001633,Vanilla MPC
119.94989999999461,Vanilla MPC
107.61359999997921,Vanilla MPC
159.4587999999817,Vanilla MPC
160.927700000002,Vanilla MPC
143.7516999999957,Vanilla MPC
133.6957000000325,Vanilla MPC
129.97180000002118,Vanilla MPC
123.28639999998359,Vanilla MPC
117.97219999999697,Vanilla MPC
119.11779999996952,Vanilla MPC
130.2135999999905,Vanilla MPC
163.18710000001602,Vanilla MPC
169.22789999995302,Vanilla MPC
134.11199999995915,Vanilla MPC
144.58710000002384,Vanilla MPC
120.8272000000079,Vanilla MPC
156.88770000002705,Vanilla MPC
143.94210000000385,Vanilla MPC
169.57809999996698,Vanilla MPC
130.06060000003572,Vanilla MPC
176.8382999999858,Vanilla MPC
154.3968000000291,Vanilla MPC
221.88769999996794,Vanilla MPC
167.1949000000268,Vanilla MPC
128.66430000002538,Vanilla MPC
195.7140000000095,Vanilla MPC
137.1811000000207,Vanilla MPC
111.6989000000217,Vanilla MPC
127.41270000003624,Vanilla MPC
112.84339999997428,Vanilla MPC
102.2098999999912,Vanilla MPC
102.34850000000506,Vanilla MPC
107.17329999999947,Vanilla MPC
97.7240000000279,Vanilla MPC
127.75060000001304,Vanilla MPC
134.56689999998162,Vanilla MPC
158.11740000003738,Vanilla MPC
253.72939999999744,Vanilla MPC
123.88310000000047,Vanilla MPC
184.28159999996296,Vanilla MPC
124.33579999998301,Vanilla MPC
110.44829999997319,Vanilla MPC
122.23430000000235,Vanilla MPC
175.67220000000816,Vanilla MPC
226.25940000000355,Vanilla MPC
266.80850000002465,Vanilla MPC
250.7953999999586,Vanilla MPC
258.7335000000053,Vanilla MPC
221.10359999999218,Vanilla MPC
257.18610000001263,Vanilla MPC
186.100999999951,Vanilla MPC
111.28960000002053,Vanilla MPC
118.0891999999858,Vanilla MPC
118.78219999999828,Vanilla MPC
119.1107999999872,Vanilla MPC
124.66569999998,Vanilla MPC
132.32690000000957,Vanilla MPC
145.23100000002387,Vanilla MPC
127.03149999998686,Vanilla MPC
132.329900000002,Vanilla MPC
153.90110000004142,Vanilla MPC
128.5306999999989,Vanilla MPC
224.77260000005117,Vanilla MPC
130.122799999981,Vanilla MPC
136.9711000000393,Vanilla MPC
127.13489999998728,Vanilla MPC
120.6145000000447,Vanilla MPC
135.89790000003177,Vanilla MPC
164.13460000001123,Vanilla MPC
262.828900000045,Vanilla MPC
253.33560000001398,Vanilla MPC
292.0750000000112,Vanilla MPC
230.79850000004853,Vanilla MPC
178.3057000000099,Vanilla MPC
104.46659999996655,Vanilla MPC
167.3140999999987,Vanilla MPC
101.5957000000185,Vanilla MPC
104.40209999995886,Vanilla MPC
96.77410000000464,Vanilla MPC
99.68050000003359,Vanilla MPC
121.90050000003794,Vanilla MPC
110.36849999999276,Vanilla MPC
130.84789999999202,Vanilla MPC
172.00950000000148,Vanilla MPC
108.18920000002663,Vanilla MPC
124.4773999999893,Vanilla MPC
115.24140000000216,Vanilla MPC
103.85700000000497,Vanilla MPC
168.7989999999786,Vanilla MPC
143.71720000002597,Vanilla MPC
178.2168000000297,Vanilla MPC
142.98539999998638,Vanilla MPC
137.79580000004898,Vanilla MPC
118.50099999998065,Vanilla MPC
113.5401000000229,Vanilla MPC
102.7932000000078,Vanilla MPC
134.65519999999742,Vanilla MPC
121.65360000000192,Vanilla MPC
115.88690000002089,Vanilla MPC
118.13109999997096,Vanilla MPC
132.3217999999997,Vanilla MPC
140.25689999999713,Vanilla MPC
128.70309999999563,Vanilla MPC
112.14649999999438,Vanilla MPC
116.92170000003443,Vanilla MPC
120.87950000000092,Vanilla MPC
109.59420000000364,Vanilla MPC
109.20010000000957,Vanilla MPC
110.34380000000965,Vanilla MPC
114.6193000000153,Vanilla MPC
218.05879999999433,Vanilla MPC
192.37179999998943,Vanilla MPC
141.47400000001653,Vanilla MPC
116.32579999997006,Vanilla MPC
155.71560000000773,Vanilla MPC
96.65180000001783,Vanilla MPC
242.94660000003887,Vanilla MPC
284.61909999998625,Vanilla MPC
245.77619999996614,Vanilla MPC
245.79419999997754,Vanilla MPC
166.5818000000172,Vanilla MPC
105.34509999996544,Vanilla MPC
106.10179999997627,Vanilla MPC
129.57510000001093,Vanilla MPC
120.75590000000602,Vanilla MPC
156.7107000000192,Vanilla MPC
145.51820000002635,Vanilla MPC
196.88530000001947,Vanilla MPC
137.9880000000071,Vanilla MPC
118.19220000000996,Vanilla MPC
105.4721000000427,Vanilla MPC
113.11219999998912,Vanilla MPC
116.0959000000048,Vanilla MPC
164.35530000001108,Vanilla MPC
147.40010000002712,Vanilla MPC
120.9599999999682,Vanilla MPC
125.86260000000493,Vanilla MPC
124.97719999998935,Vanilla MPC
251.4845999999693,Vanilla MPC
120.70590000001857,Vanilla MPC
127.47890000002826,Vanilla MPC
114.52609999997776,Vanilla MPC
167.53550000004225,Vanilla MPC
125.5310000000236,Vanilla MPC
111.71009999998205,Vanilla MPC
99.63099999998803,Vanilla MPC
112.03040000003739,Vanilla MPC
147.67260000002125,Vanilla MPC
205.52469999995537,Vanilla MPC
247.3474999999894,Vanilla MPC
238.17769999999427,Vanilla MPC
278.0754000000343,Vanilla MPC
238.66619999995464,Vanilla MPC
238.7328000000366,Vanilla MPC
235.99489999998013,Vanilla MPC
250.59709999999313,Vanilla MPC
263.88209999998935,Vanilla MPC
464.54159999996136,Vanilla MPC
255.5006999999705,Vanilla MPC
248.3905000000277,Vanilla MPC
269.14380000005167,Vanilla MPC
104.70540000000028,Vanilla MPC
112.60239999995747,Vanilla MPC
118.59930000002805,Vanilla MPC
125.27679999999464,Vanilla MPC
140.77240000000302,Vanilla MPC
113.23889999999892,Vanilla MPC
104.86959999997225,Vanilla MPC
105.4461000000515,Vanilla MPC
124.42330000004631,Vanilla MPC
246.00010000000339,Vanilla MPC
252.4763000000121,Vanilla MPC
249.46879999998828,Vanilla MPC
264.0653999999927,Vanilla MPC
280.61109999998735,Vanilla MPC
237.20229999997855,Vanilla MPC
239.8555999999985,Vanilla MPC
248.48170000001346,Vanilla MPC
239.67420000002448,Vanilla MPC
188.2997999999816,Vanilla MPC
122.68979999998919,Vanilla MPC
189.75979999999026,Vanilla MPC
142.43290000001707,Vanilla MPC
577.238599999987,Vanilla MPC
165.64679999999044,Vanilla MPC
126.62269999998443,Vanilla MPC
141.47320000000718,Vanilla MPC
206.53069999997342,Vanilla MPC
189.50310000002446,Vanilla MPC
181.50170000001253,Vanilla MPC
153.24099999997998,Vanilla MPC
120.8584999999971,Vanilla MPC
133.68120000001227,Vanilla MPC
133.31759999999804,Vanilla MPC
156.52010000002292,Vanilla MPC
202.93979999996736,Vanilla MPC
319.2230999999879,Vanilla MPC
222.95300000001816,Vanilla MPC
117.42909999998119,Vanilla MPC
105.02970000004552,Vanilla MPC
107.16730000001462,Vanilla MPC
105.71149999998397,Vanilla MPC
101.20649999998932,Vanilla MPC
105.92010000004848,Vanilla MPC
112.60340000001179,Vanilla MPC
107.20029999998815,Vanilla MPC
228.97410000001628,Vanilla MPC
108.65630000000692,Vanilla MPC
111.54260000000704,Vanilla MPC
115.63599999999497,Vanilla MPC
111.6329000000178,Vanilla MPC
109.81989999999087,Vanilla MPC
112.07650000000058,Vanilla MPC
111.74439999996366,Vanilla MPC
111.4877999999635,Vanilla MPC
117.9735999999707,Vanilla MPC
160.48389999997426,Vanilla MPC
128.3697999999731,Vanilla MPC
144.90360000002056,Vanilla MPC
113.50909999998748,Vanilla MPC
119.7172999999907,Vanilla MPC
133.73450000000275,Vanilla MPC
122.99310000003061,Vanilla MPC
118.74019999999064,Vanilla MPC
192.80250000002752,Vanilla MPC
156.32020000003877,Vanilla MPC
106.0722999999939,Vanilla MPC
116.45099999998365,Vanilla MPC
116.26419999998916,Vanilla MPC
112.89899999997033,Vanilla MPC
114.78610000000344,Vanilla MPC
111.44189999998844,Vanilla MPC
110.8192000000372,Vanilla MPC
314.2750000000092,Vanilla MPC
185.4983000000061,Vanilla MPC
220.30430000000933,Vanilla MPC
228.53770000000395,Vanilla MPC
223.2242000000042,Vanilla MPC
198.61900000000787,Vanilla MPC
217.58849999997665,Vanilla MPC
223.4045000000151,Vanilla MPC
220.52820000004658,Vanilla MPC
237.39190000003418,Vanilla MPC
217.17369999998937,Vanilla MPC
244.50559999996813,Vanilla MPC
251.6065000000367,Vanilla MPC
171.19130000003224,Vanilla MPC
98.38430000002063,Vanilla MPC
113.46780000002354,Vanilla MPC
178.85749999999234,Vanilla MPC
266.3830000000189,Vanilla MPC
200.18210000000636,Vanilla MPC
99.6532000000343,Vanilla MPC
195.80479999996214,Vanilla MPC
100.13290000000552,Vanilla MPC
103.48589999995284,Vanilla MPC
98.97369999998773,Vanilla MPC
97.54510000004757,Vanilla MPC
106.39780000002474,Vanilla MPC
135.27890000000298,Vanilla MPC
138.88380000003053,Vanilla MPC
258.1341000000066,Vanilla MPC
196.4207999999985,Vanilla MPC
176.5767999999639,Vanilla MPC
188.62300000000687,Vanilla MPC
278.58190000000604,Vanilla MPC
191.36700000001383,Vanilla MPC
189.7958999999787,Vanilla MPC
207.61629999998377,Vanilla MPC
174.41020000001117,Vanilla MPC
134.28190000001905,Vanilla MPC
221.34829999998828,Vanilla MPC
192.17520000000832,Vanilla MPC
198.02709999999024,Vanilla MPC
169.7886999999696,Vanilla MPC
122.3901999999839,Vanilla MPC
125.98020000001497,Vanilla MPC
114.16040000000294,Vanilla MPC
134.4470999999885,Vanilla MPC
122.77199999999766,Vanilla MPC
109.9332000000004,Vanilla MPC
113.2139000000052,Vanilla MPC
111.49590000002263,Vanilla MPC
114.19730000000072,Vanilla MPC
115.14460000000781,Vanilla MPC
110.50649999998541,Vanilla MPC
118.44849999999951,Vanilla MPC
108.50360000000592,Vanilla MPC
111.96010000003298,Vanilla MPC
142.79749999997193,Vanilla MPC
383.55490000003556,Vanilla MPC
140.02770000001874,Vanilla MPC
128.6369000000036,Vanilla MPC
130.1723999999922,Vanilla MPC
135.31169999998838,Vanilla MPC
116.12540000004401,Vanilla MPC
131.35720000002493,Vanilla MPC
145.7781999999952,Vanilla MPC
143.41730000001007,Vanilla MPC
110.75520000002825,Vanilla MPC
879.6586999999931,Vanilla MPC
111.37579999996206,Vanilla MPC
106.89490000004298,Vanilla MPC
117.1858999999813,Vanilla MPC
115.7852000000048,Vanilla MPC
190.5820999999719,Vanilla MPC
184.17419999997264,Vanilla MPC
108.33689999998342,Vanilla MPC
184.78529999998727,Vanilla MPC
106.259399999999,Vanilla MPC
112.69320000002381,Vanilla MPC
115.08860000003551,Vanilla MPC
129.22839999998814,Vanilla MPC
109.59050000002435,Vanilla MPC
111.92510000000766,Vanilla MPC
107.79709999997067,Vanilla MPC
435.43010000001914,Vanilla MPC
116.47859999999355,Vanilla MPC
117.36689999997907,Vanilla MPC
126.44579999999905,Vanilla MPC
137.69759999996722,Vanilla MPC
127.89830000002667,Vanilla MPC
134.9264000000403,Vanilla MPC
143.20390000000316,Vanilla MPC
103.24029999998174,Vanilla MPC
132.75870000001078,Vanilla MPC
110.71240000001126,Vanilla MPC
104.01039999999284,Vanilla MPC
103.030399999966,Vanilla MPC
284.6516999999835,Vanilla MPC
114.82169999999314,Vanilla MPC
133.32449999995788,Vanilla MPC
124.38269999995555,Vanilla MPC
117.32740000002195,Vanilla MPC
107.02799999995705,Vanilla MPC
108.59260000000859,Vanilla MPC
122.10460000000012,Vanilla MPC
109.2059000000063,Vanilla MPC
130.57620000000725,Vanilla MPC
162.67060000001266,Vanilla MPC
139.98999999995476,Vanilla MPC
122.45769999998402,Vanilla MPC
130.94150000000582,Vanilla MPC
111.07820000000856,Vanilla MPC
108.72600000004695,Vanilla MPC
106.39320000001362,Vanilla MPC
111.94059999996853,Vanilla MPC
109.12389999998595,Vanilla MPC
109.54910000003792,Vanilla MPC
109.07029999998485,Vanilla MPC
114.18430000003355,Vanilla MPC
124.06279999999015,Vanilla MPC
155.37660000001097,Vanilla MPC
103.56539999997949,Vanilla MPC
126.15260000001172,Vanilla MPC
199.0546999999765,Vanilla MPC
202.9666999999904,Vanilla MPC
174.78399999998828,Vanilla MPC
125.93010000000504,Vanilla MPC
123.51860000001125,Vanilla MPC
149.90790000001653,Vanilla MPC
230.16580000000886,Vanilla MPC
226.92969999997104,Vanilla MPC
226.9074999999816,Vanilla MPC
158.59770000002982,Vanilla MPC
101.80800000000545,Vanilla MPC
159.42699999999377,Vanilla MPC
109.12100000001601,Vanilla MPC
99.67530000000124,Vanilla MPC
102.55520000004026,Vanilla MPC
101.29710000001069,Vanilla MPC
110.74089999999615,Vanilla MPC
114.03400000000374,Vanilla MPC
108.70740000001433,Vanilla MPC
280.1979999999844,Vanilla MPC
102.8660000000059,Vanilla MPC
109.95339999999487,Vanilla MPC
116.03769999999258,Vanilla MPC
111.64789999997993,Vanilla MPC
105.81369999999879,Vanilla MPC
101.213400000006,Vanilla MPC
99.03959999996914,Vanilla MPC
97.76990000000296,Vanilla MPC
100.24720000001253,Vanilla MPC
97.52980000001799,Vanilla MPC
94.5884999999862,Vanilla MPC
121.70679999996992,Vanilla MPC
123.389799999984,Vanilla MPC
185.45050000000174,Vanilla MPC
163.2241000000363,Vanilla MPC
97.34810000003336,Vanilla MPC
99.15410000002112,Vanilla MPC
99.25229999998919,Vanilla MPC
97.65529999998535,Vanilla MPC
98.35450000002766,Vanilla MPC
190.70859999999357,Vanilla MPC
166.29869999997027,Vanilla MPC
85.58479999999236,Vanilla MPC
99.06899999998586,Vanilla MPC
156.80500000001985,Vanilla MPC
379.63450000000876,Vanilla MPC
289.3705000000182,Vanilla MPC
221.4893000000302,Vanilla MPC
245.38140000004205,Vanilla MPC
118.55909999997039,Vanilla MPC
98.97060000002966,Vanilla MPC
203.94069999997555,Vanilla MPC
132.56200000000717,Vanilla MPC
133.80710000001272,Vanilla MPC
181.8333999999595,Vanilla MPC
129.20650000000933,Vanilla MPC
126.47759999993013,Vanilla MPC
162.4110999999857,Vanilla MPC
161.25349999992977,Vanilla MPC
165.659499999947,Vanilla MPC
200.06200000000263,Vanilla MPC
149.82520000000932,Vanilla MPC
216.1437999999407,Vanilla MPC
133.5025000000769,Vanilla MPC
149.65640000002622,Vanilla MPC
184.79660000002696,Vanilla MPC
134.63649999994232,Vanilla MPC
148.04430000003777,Vanilla MPC
148.06000000010044,Vanilla MPC
148.85209999999915,Vanilla MPC
114.93250000000899,Vanilla MPC
115.49800000000232,Vanilla MPC
142.29169999998703,Vanilla MPC
136.82119999998577,Vanilla MPC
107.71300000010342,Vanilla MPC
96.09569999997802,Vanilla MPC
111.90629999998691,Vanilla MPC
166.74479999994674,Vanilla MPC
133.56119999991733,Vanilla MPC
123.93110000004981,Vanilla MPC
96.99450000005072,Vanilla MPC
104.37290000004396,Vanilla MPC
108.2066000000168,Vanilla MPC
107.95489999998154,Vanilla MPC
113.6712999999645,Vanilla MPC
97.89230000001226,Vanilla MPC
160.95309999991514,Vanilla MPC
104.12270000006174,Vanilla MPC
113.46530000002986,Vanilla MPC
101.63179999995009,Vanilla MPC
101.11459999995986,Vanilla MPC
115.02410000002783,Vanilla MPC
103.76709999991363,Vanilla MPC
106.10819999999421,Vanilla MPC
106.70629999992798,Vanilla MPC
112.82549999998537,Vanilla MPC
101.77829999997812,Vanilla MPC
109.4961000000012,Vanilla MPC
116.23370000006616,Vanilla MPC
101.64810000003399,Vanilla MPC
102.33740000001035,Vanilla MPC
104.78290000003199,Vanilla MPC
115.84370000002764,Vanilla MPC
109.6676000000798,Vanilla MPC
101.96059999998397,Vanilla MPC
103.68100000005143,Vanilla MPC
252.29780000006485,Vanilla MPC
311.7554000000382,Vanilla MPC
286.92689999991217,Vanilla MPC
220.42480000004616,Vanilla MPC
191.63809999997738,Vanilla MPC
214.9842000000035,Vanilla MPC
300.05640000001677,Vanilla MPC
174.16460000004008,Vanilla MPC
182.1717999999919,Vanilla MPC
174.29340000001048,Vanilla MPC
192.99630000000434,Vanilla MPC
173.93429999992804,Vanilla MPC
174.45090000001073,Vanilla MPC
176.5268000000333,Vanilla MPC
198.81659999998647,Vanilla MPC
185.16809999994166,Vanilla MPC
172.33989999999721,Vanilla MPC
170.55789999994886,Vanilla MPC
159.97779999997874,Vanilla MPC
168.12770000001365,Vanilla MPC
172.76190000006864,Vanilla MPC
165.9921000000395,Vanilla MPC
189.79050000007192,Vanilla MPC
162.12910000001557,Vanilla MPC
170.46370000002753,Vanilla MPC
183.33450000000084,Vanilla MPC
162.50730000001568,Vanilla MPC
171.46200000001954,Vanilla MPC
159.6074999999928,Vanilla MPC
114.33939999994891,Vanilla MPC
131.80160000001706,Vanilla MPC
164.68620000000556,Vanilla MPC
220.09760000003098,Vanilla MPC
259.68569999997726,Vanilla MPC
195.07110000006378,Vanilla MPC
225.77130000001944,Vanilla MPC
263.1642000000056,Vanilla MPC
239.7532999999612,Vanilla MPC
229.0070999999898,Vanilla MPC
228.5712999999987,Vanilla MPC
305.7452000000467,Vanilla MPC
242.3459000000321,Vanilla MPC
251.98829999999361,Vanilla MPC
236.88849999996364,Vanilla MPC
262.98880000001645,Vanilla MPC
191.79480000002513,Vanilla MPC
358.42669999999544,Vanilla MPC
194.84640000007403,Vanilla MPC
272.6483000000144,Vanilla MPC
138.61799999995128,Vanilla MPC
226.94169999999758,Vanilla MPC
251.76490000001195,Vanilla MPC
249.29850000000897,Vanilla MPC
303.55999999994765,Vanilla MPC
267.93549999990773,Vanilla MPC
181.4513999999008,Vanilla MPC
181.5644999999222,Vanilla MPC
181.33080000006885,Vanilla MPC
189.61059999992358,Vanilla MPC
206.8775000000187,Vanilla MPC
214.71339999993688,Vanilla MPC
179.01809999989382,Vanilla MPC
196.52180000002772,Vanilla MPC
207.5891000000638,Vanilla MPC
254.1234999999915,Vanilla MPC
260.44980000006035,Vanilla MPC
256.9303000000218,Vanilla MPC
246.92019999997683,Vanilla MPC
250.12279999998555,Vanilla MPC
207.71300000001247,Vanilla MPC
261.5915999999743,Vanilla MPC
235.39659999994456,Vanilla MPC
175.63600000005408,Vanilla MPC
219.15799999999308,Vanilla MPC
196.8911000000162,Vanilla MPC
219.875800000068,Vanilla MPC
259.7075999999561,Vanilla MPC
266.9362999999976,Vanilla MPC
243.86100000003808,Vanilla MPC
237.45350000001508,Vanilla MPC
250.33640000003743,Vanilla MPC
249.73309999995763,Vanilla MPC
227.31050000004416,Vanilla MPC
252.82749999996668,Vanilla MPC
176.92839999995158,Vanilla MPC
268.2485999999926,Vanilla MPC
232.65909999997803,Vanilla MPC
213.2029000000557,Vanilla MPC
353.8368999999193,Vanilla MPC
154.73099999996975,Vanilla MPC
132.38379999995686,Vanilla MPC
254.71030000005612,Vanilla MPC
154.41979999991418,Vanilla MPC
118.69209999997565,Vanilla MPC
123.33449999994173,Vanilla MPC
116.6597000000138,Vanilla MPC
113.87060000004112,Vanilla MPC
133.3723000000191,Vanilla MPC
194.32830000005197,Vanilla MPC
320.95270000002074,Vanilla MPC
223.1203999999707,Vanilla MPC
126.71899999998004,Vanilla MPC
128.99949999996352,Vanilla MPC
114.2982999999731,Vanilla MPC
111.59699999996064,Vanilla MPC
112.15720000006968,Vanilla MPC
111.75760000003265,Vanilla MPC
226.63459999989755,Vanilla MPC
138.04430000004686,Vanilla MPC
113.26559999997698,Vanilla MPC
114.69850000003134,Vanilla MPC
110.89079999999285,Vanilla MPC
216.45200000000386,Vanilla MPC
127.6937000000089,Vanilla MPC
301.94170000004306,Vanilla MPC
212.21000000002732,Vanilla MPC
201.7783999999665,Vanilla MPC
223.65220000006047,Vanilla MPC
178.05799999996452,Vanilla MPC
111.4086000000043,Vanilla MPC
119.72519999994802,Vanilla MPC
123.43880000003082,Vanilla MPC
192.47140000004492,Vanilla MPC
128.58619999997245,Vanilla MPC
194.57569999997304,Vanilla MPC
142.78649999994286,Vanilla MPC
108.59949999996843,Vanilla MPC
106.57820000005813,Vanilla MPC
118.62989999997353,Vanilla MPC
100.24780000003375,Vanilla MPC
100.91160000001764,Vanilla MPC
137.40949999998975,Vanilla MPC
88.70690000003378,Vanilla MPC
113.00819999996747,Vanilla MPC
115.20059999998011,Vanilla MPC
155.2331000000322,Vanilla MPC
100.16380000001845,Vanilla MPC
89.18790000006993,Vanilla MPC
88.74900000000707,Vanilla MPC
306.9324000000506,Vanilla MPC
219.47590000002037,Vanilla MPC
246.8731999999818,Vanilla MPC
250.63409999995656,Vanilla MPC
201.3477000000421,Vanilla MPC
104.54730000003565,Vanilla MPC
116.13250000004882,Vanilla MPC
132.4935000000096,Vanilla MPC
103.46850000007635,Vanilla MPC
211.54070000000047,Vanilla MPC
187.3257999999396,Vanilla MPC
206.28880000003846,Vanilla MPC
221.8282999999701,Vanilla MPC
225.17709999999624,Vanilla MPC
205.85449999998673,Vanilla MPC
197.9562999999871,Vanilla MPC
253.6489999999958,Vanilla MPC
182.9572999999982,Vanilla MPC
178.90999999997348,Vanilla MPC
153.9562999998907,Vanilla MPC
190.45200000005025,Vanilla MPC
201.07089999999062,Vanilla MPC
200.16739999994115,Vanilla MPC
194.39120000004095,Vanilla MPC
234.1635000000224,Vanilla MPC
174.81659999998556,Vanilla MPC
184.6106000000418,Vanilla MPC
181.71219999999266,Vanilla MPC
185.27050000000145,Vanilla MPC
194.7718999999779,Vanilla MPC
192.6151000000118,Vanilla MPC
179.46519999998145,Vanilla MPC
205.26389999997718,Vanilla MPC
172.6559000001089,Vanilla MPC
186.1377000000175,Vanilla MPC
210.9755999999834,Vanilla MPC
194.5332000000235,Vanilla MPC
217.8672000000006,Vanilla MPC
210.81130000004578,Vanilla MPC
252.6397999999972,Vanilla MPC
159.81790000000728,Vanilla MPC
185.74890000002142,Vanilla MPC
208.43070000000807,Vanilla MPC
174.3513000000121,Vanilla MPC
243.69349999994938,Vanilla MPC
226.0286000000633,Vanilla MPC
218.24150000009013,Vanilla MPC
259.6313999999893,Vanilla MPC
212.40599999998722,Vanilla MPC
159.51010000003407,Vanilla MPC
125.42569999993702,Vanilla MPC
124.60829999997713,Vanilla MPC
121.467300000063,Vanilla MPC
128.3483999999362,Vanilla MPC
132.8513999999359,Vanilla MPC
151.07660000001033,Vanilla MPC
163.10409999994135,Vanilla MPC
171.8724000000975,Vanilla MPC
156.9102999999359,Vanilla MPC
170.32990000006976,Vanilla MPC
143.677700000012,Vanilla MPC
100.83629999996901,Vanilla MPC
287.7935000000207,Vanilla MPC
165.37970000001678,Vanilla MPC
170.45859999996082,Vanilla MPC
117.90589999998247,Vanilla MPC
163.18460000002233,Vanilla MPC
173.4060999999656,Vanilla MPC
195.020999999997,Vanilla MPC
180.23890000006304,Vanilla MPC
199.0462999999636,Vanilla MPC
205.1937999999609,Vanilla MPC
174.90409999993517,Vanilla MPC
161.22259999997368,Vanilla MPC
179.92930000002616,Vanilla MPC
170.38709999997081,Vanilla MPC
207.82780000001821,Vanilla MPC
207.4053000000049,Vanilla MPC
161.44119999989925,Vanilla MPC
258.11239999995905,Vanilla MPC
183.45690000001014,Vanilla MPC
174.30580000007012,Vanilla MPC
171.7294000000038,Vanilla MPC
196.89369999991868,Vanilla MPC
208.61500000000888,Vanilla MPC
217.1794000000773,Vanilla MPC
200.54430000004686,Vanilla MPC
822.0024000000876,Vanilla MPC
190.42799999999716,Vanilla MPC
152.704999999969,Vanilla MPC
188.3288999999877,Vanilla MPC
180.16179999995074,Vanilla MPC
180.30909999993128,Vanilla MPC
199.95679999999538,Vanilla MPC
184.14610000002085,Vanilla MPC
186.11429999998563,Vanilla MPC
168.15859999996974,Vanilla MPC
181.46980000005897,Vanilla MPC
156.8570000000591,Vanilla MPC
182.64569999996638,Vanilla MPC
166.4366999999629,Vanilla MPC
176.4435999999705,Vanilla MPC
163.27609999996184,Vanilla MPC
188.14759999997932,Vanilla MPC
179.68199999995704,Vanilla MPC
166.55660000003536,Vanilla MPC
187.16859999994995,Vanilla MPC
180.40769999993245,Vanilla MPC
172.56440000005568,Vanilla MPC
148.8174999999501,Vanilla MPC
173.10169999996106,Vanilla MPC
193.73730000006617,Vanilla MPC
162.85040000002482,Vanilla MPC
178.60459999997147,Vanilla MPC
170.85630000008223,Vanilla MPC
145.22840000006454,Vanilla MPC
155.91830000005302,Vanilla MPC
147.1979000000374,Vanilla MPC
154.55850000000737,Vanilla MPC
178.17990000003192,Vanilla MPC
191.73799999998664,Vanilla MPC
178.9549000000079,Vanilla MPC
156.50920000007318,Vanilla MPC
177.43110000003526,Vanilla MPC
163.92980000000534,Vanilla MPC
163.1591999999955,Vanilla MPC
177.28740000006837,Vanilla MPC
172.76889999993728,Vanilla MPC
173.54699999998502,Vanilla MPC
178.29620000009072,Vanilla MPC
184.07400000000962,Vanilla MPC
206.17190000007213,Vanilla MPC
172.19430000000102,Vanilla MPC
277.30589999998756,Vanilla MPC
161.5765999999894,Vanilla MPC
160.03810000006524,Vanilla MPC
173.7957999999935,Vanilla MPC
190.85970000003272,Vanilla MPC
176.14950000006502,Vanilla MPC
198.14640000004147,Vanilla MPC
221.41839999994772,Vanilla MPC
186.20109999994838,Vanilla MPC
203.42149999999037,Vanilla MPC
222.3777000000382,Vanilla MPC
196.67920000006234,Vanilla MPC
203.74230000004445,Vanilla MPC
207.12700000001405,Vanilla MPC
184.97390000004543,Vanilla MPC
158.77240000008896,Vanilla MPC
175.1248000000487,Vanilla MPC
172.45490000004793,Vanilla MPC
162.00990000004367,Vanilla MPC
141.53360000000248,Vanilla MPC
204.322500000103,Vanilla MPC
176.98089999998956,Vanilla MPC
190.74880000005123,Vanilla MPC
185.78490000004422,Vanilla MPC
194.67409999992924,Vanilla MPC
154.9368000000868,Vanilla MPC
172.36980000006952,Vanilla MPC
174.38750000007985,Vanilla MPC
457.0028000000548,Vanilla MPC
180.2192999999761,Vanilla MPC
174.93100000001505,Vanilla MPC
170.8509000000049,Vanilla MPC
191.23850000005405,Vanilla MPC
210.84240000004684,Vanilla MPC
160.088099999939,Vanilla MPC
175.1585999999179,Vanilla MPC
197.07439999990584,Vanilla MPC
151.84949999991204,Vanilla MPC
228.9951000000201,Vanilla MPC
110.27469999999084,Vanilla MPC
113.05990000005295,Vanilla MPC
114.04749999996966,Vanilla MPC
144.3060000000287,Vanilla MPC
114.30280000001858,Vanilla MPC
109.46020000005774,Vanilla MPC
116.33279999989554,Vanilla MPC
129.4750000000704,Vanilla MPC
132.1348000000171,Vanilla MPC
126.66849999993701,Vanilla MPC
117.45559999997113,Vanilla MPC
113.44680000001972,Vanilla MPC
139.49460000003455,Vanilla MPC
131.67190000001483,Vanilla MPC
137.8344999999399,Vanilla MPC
128.22890000006737,Vanilla MPC
217.182600000001,Vanilla MPC
242.40080000004127,Vanilla MPC
324.30840000006356,Vanilla MPC
161.43060000001697,Vanilla MPC
127.18529999995098,Vanilla MPC
121.26329999989593,Vanilla MPC
145.9284000000025,Vanilla MPC
161.71459999998206,Vanilla MPC
174.11020000008648,Vanilla MPC
166.191900000058,Vanilla MPC
152.0529000000579,Vanilla MPC
198.59199999996235,Vanilla MPC
182.3484000000235,Vanilla MPC
182.77080000007118,Vanilla MPC
184.9095000000034,Vanilla MPC
209.5300999999381,Vanilla MPC
245.82340000006297,Vanilla MPC
195.55909999996857,Vanilla MPC
201.10550000003968,Vanilla MPC
185.8274999999594,Vanilla MPC
171.10999999999876,Vanilla MPC
182.87609999993037,Vanilla MPC
173.5200000000532,Vanilla MPC
209.546400000022,Vanilla MPC
170.31199999996716,Vanilla MPC
174.85440000007202,Vanilla MPC
240.54320000004736,Vanilla MPC
263.9670000000933,Vanilla MPC
222.35550000004878,Vanilla MPC
220.96540000006826,Vanilla MPC
374.0490000000136,Vanilla MPC
101.55459999998584,Vanilla MPC
156.0316000000057,Vanilla MPC
117.32819999997446,Vanilla MPC
119.77009999998245,Vanilla MPC
109.63920000006055,Vanilla MPC
98.7952000000405,Vanilla MPC
107.6500000000351,Vanilla MPC
144.58440000009887,Vanilla MPC
134.36169999999947,Vanilla MPC
219.3612999999459,Vanilla MPC
187.0834000000059,Vanilla MPC
131.2904000000117,Vanilla MPC
129.36130000002777,Vanilla MPC
110.2274000000989,Vanilla MPC
106.10499999995682,Vanilla MPC
118.52619999990566,Vanilla MPC
134.00539999997818,Vanilla MPC
190.09619999997085,Vanilla MPC
199.54299999994873,Vanilla MPC
162.57470000005014,Vanilla MPC
166.50179999999182,Vanilla MPC
139.26469999989877,Vanilla MPC
149.76450000006025,Vanilla MPC
131.12420000004477,Vanilla MPC
135.94799999998486,Vanilla MPC
201.28039999997327,Vanilla MPC
151.38679999995475,Vanilla MPC
205.22040000003017,Vanilla MPC
184.88220000006095,Vanilla MPC
123.66710000003422,Vanilla MPC
119.43570000005366,Vanilla MPC
186.31949999996777,Vanilla MPC
122.49029999998129,Vanilla MPC
129.00179999996908,Vanilla MPC
116.16019999996752,Vanilla MPC
122.12770000007822,Vanilla MPC
140.48999999999978,Vanilla MPC
139.733099999944,Vanilla MPC
168.47459999996772,Vanilla MPC
165.07709999996223,Vanilla MPC
126.26099999999951,Vanilla MPC
130.9671999999864,Vanilla MPC
134.97769999992215,Vanilla MPC
101.92649999999048,Vanilla MPC
112.99059999998917,Vanilla MPC
136.58399999997073,Vanilla MPC
97.63500000008207,Vanilla MPC
97.41029999997863,Vanilla MPC
123.18890000005922,Vanilla MPC
99.1043000000218,Vanilla MPC
99.61420000001908,Vanilla MPC
106.50209999994331,Vanilla MPC
99.0795000000162,Vanilla MPC
129.62879999997767,Vanilla MPC
123.02850000003218,Vanilla MPC
170.2315999999655,Vanilla MPC
104.12530000007791,Vanilla MPC
121.94950000002791,Vanilla MPC
148.85240000000977,Vanilla MPC
168.30929999991895,Vanilla MPC
156.6622999999936,Vanilla MPC
103.01159999994525,Vanilla MPC
98.18730000006326,Vanilla MPC
98.45180000002074,Vanilla MPC
104.85920000007809,Vanilla MPC
109.06330000000253,Vanilla MPC
95.72730000002139,Vanilla MPC
101.93589999994401,Vanilla MPC
160.4207000000315,Vanilla MPC
132.0928999999751,Vanilla MPC
105.51369999996041,Vanilla MPC
115.61429999994743,Vanilla MPC
144.89099999991595,Vanilla MPC
129.06610000004548,Vanilla MPC
140.02400000003945,Vanilla MPC
134.42050000003292,Vanilla MPC
106.57290000006014,Vanilla MPC
103.26650000001791,Vanilla MPC
115.22890000003372,Vanilla MPC
124.74409999992986,Vanilla MPC
100.13119999996434,Vanilla MPC
108.20750000004864,Vanilla MPC
109.73979999994299,Vanilla MPC
105.67779999996674,Vanilla MPC
108.69149999996353,Vanilla MPC
107.30259999991176,Vanilla MPC
103.17010000005666,Vanilla MPC
104.44150000000718,Vanilla MPC
109.50030000003608,Vanilla MPC
160.22020000002613,Vanilla MPC
121.9244000000117,Vanilla MPC
99.93659999997817,Vanilla MPC
103.67669999993723,Vanilla MPC
143.97109999993063,Vanilla MPC
134.68990000001213,Vanilla MPC
188.38960000005045,Vanilla MPC
143.25529999996434,Vanilla MPC
108.07199999999284,Vanilla MPC
129.9440999999888,Vanilla MPC
99.34959999998227,Vanilla MPC
102.20839999999498,Vanilla MPC
103.27380000001085,Vanilla MPC
103.52920000002541,Vanilla MPC
110.57789999995293,Vanilla MPC
106.01259999998547,Vanilla MPC
103.71869999994487,Vanilla MPC
100.35800000002837,Vanilla MPC
125.75469999990219,Vanilla MPC
127.1719999999732,Vanilla MPC
131.46759999995083,Vanilla MPC
181.26399999994192,Vanilla MPC
165.7114999999294,Vanilla MPC
154.5879000000241,Vanilla MPC
127.64340000001084,Vanilla MPC
246.49079999994683,Vanilla MPC
134.66710000000148,Vanilla MPC
181.32629999990968,Vanilla MPC
161.29559999990306,Vanilla MPC
108.63289999997505,Vanilla MPC
99.68719999994846,Vanilla MPC
102.7716999999484,Vanilla MPC
102.61260000004313,Vanilla MPC
152.1755999999641,Vanilla MPC
128.89869999992243,Vanilla MPC
134.39579999999296,Vanilla MPC
107.35449999992852,Vanilla MPC
96.75700000002507,Vanilla MPC
106.05490000000373,Vanilla MPC
91.05030000000625,Vanilla MPC
121.38440000001083,Vanilla MPC
103.45910000000913,Vanilla MPC
117.3138999999992,Vanilla MPC
225.63980000006723,Vanilla MPC
207.11979999998675,Vanilla MPC
244.12680000000364,Vanilla MPC
174.18499999996584,Vanilla MPC
108.68279999999686,Vanilla MPC
117.3265000001038,Vanilla MPC
166.8677000000116,Vanilla MPC
165.48660000000837,Vanilla MPC
183.10970000004545,Vanilla MPC
189.32680000000346,Vanilla MPC
109.99330000004193,Vanilla MPC
104.6292999999423,Vanilla MPC
106.1614999999847,Vanilla MPC
101.386199999979,Vanilla MPC
102.59320000000116,Vanilla MPC
175.9798000000501,Vanilla MPC
160.26859999999488,Vanilla MPC
157.29690000000573,Vanilla MPC
104.91420000005292,Vanilla MPC
100.3933000000643,Vanilla MPC
116.14190000000235,Vanilla MPC
139.41060000001926,Vanilla MPC
137.7105000000256,Vanilla MPC
109.38870000006773,Vanilla MPC
100.4289999999628,Vanilla MPC
112.53780000004099,Vanilla MPC
170.20430000002307,Vanilla MPC
153.25240000004214,Vanilla MPC
193.7839999999369,Vanilla MPC
160.21420000004127,Vanilla MPC
179.0042000000085,Vanilla MPC
169.91159999997762,Vanilla MPC
148.68879999994533,Vanilla MPC
158.5095000000365,Vanilla MPC
239.13130000005367,Vanilla MPC
174.11489999994956,Vanilla MPC
165.59640000002673,Vanilla MPC
147.65859999999975,Vanilla MPC
150.72639999993953,Vanilla MPC
119.19190000003255,Vanilla MPC
131.72819999999774,Vanilla MPC
146.95960000005925,Vanilla MPC
123.6221999999998,Vanilla MPC
162.70400000007612,Vanilla MPC
198.5248999999385,Vanilla MPC
172.28620000003048,Vanilla MPC
142.32640000000174,Vanilla MPC
154.33840000002874,Vanilla MPC
158.25949999998556,Vanilla MPC
150.582600000007,Vanilla MPC
128.62040000004527,Vanilla MPC
152.7821000000813,Vanilla MPC
128.19969999998193,Vanilla MPC
201.61189999998896,Vanilla MPC
201.24010000006365,Vanilla MPC
173.08460000003834,Vanilla MPC
159.63369999997212,Vanilla MPC
168.74399999994694,Vanilla MPC
167.0385999999553,Vanilla MPC
121.48830000000999,Vanilla MPC
132.96329999991485,Vanilla MPC
196.20370000006915,Vanilla MPC
142.05790000005436,Vanilla MPC
136.4473999999518,Vanilla MPC
152.76700000003984,Vanilla MPC
113.38580000006004,Vanilla MPC
173.56870000003255,Vanilla MPC
148.9352000000963,Vanilla MPC
128.5442000000785,Vanilla MPC
140.5399000000216,Vanilla MPC
233.62139999994724,Vanilla MPC
517.7836999999954,Vanilla MPC
189.82019999998556,Vanilla MPC
231.57179999998334,Vanilla MPC
200.64830000001166,Vanilla MPC
224.05489999994188,Vanilla MPC
233.458599999949,Vanilla MPC
201.08390000007148,Vanilla MPC
189.09180000002834,Vanilla MPC
184.50860000007197,Vanilla MPC
189.7414000000026,Vanilla MPC
156.6621000000623,Vanilla MPC
166.33230000002186,Vanilla MPC
159.30740000010246,Vanilla MPC
145.3275000000076,Vanilla MPC
178.63950000003115,Vanilla MPC
150.88839999998527,Vanilla MPC
121.08839999996235,Vanilla MPC
145.87089999997715,Vanilla MPC
166.62969999993038,Vanilla MPC
145.9044000000631,Vanilla MPC
148.4906000000592,Vanilla MPC
149.61809999999787,Vanilla MPC
165.8117999999149,Vanilla MPC
144.88219999998364,Vanilla MPC
171.43240000007154,Vanilla MPC
150.48830000000635,Vanilla MPC
133.60990000001038,Vanilla MPC
144.0080999999509,Vanilla MPC
132.6256000000967,Vanilla MPC
372.1944999999778,Vanilla MPC
171.94729999994252,Vanilla MPC
179.06630000004498,Vanilla MPC
181.49660000005952,Vanilla MPC
195.8495999999741,Vanilla MPC
234.00040000001354,Vanilla MPC
220.58439999989332,Vanilla MPC
169.00509999993574,Vanilla MPC
175.78949999995075,Vanilla MPC
170.83370000000286,Vanilla MPC
147.56230000000414,Vanilla MPC
168.70590000007724,Vanilla MPC
172.87769999995817,Vanilla MPC
175.57979999992313,Vanilla MPC
200.76760000006288,Vanilla MPC
192.680399999972,Vanilla MPC
99.78569999998399,Vanilla MPC
168.09390000003077,Vanilla MPC
104.24169999998867,Vanilla MPC
148.83899999995265,Vanilla MPC
165.54619999999431,Vanilla MPC
106.78189999998722,Vanilla MPC
128.32409999998617,Vanilla MPC
111.01889999997638,Vanilla MPC
108.39429999998629,Vanilla MPC
105.72079999997186,Vanilla MPC
107.22450000002937,Vanilla MPC
154.2540000000372,Vanilla MPC
152.91950000005272,Vanilla MPC
141.48769999997057,Vanilla MPC
102.3265999999694,Vanilla MPC
109.22770000001947,Vanilla MPC
158.50530000000163,Vanilla MPC
108.27030000007198,Vanilla MPC
107.02130000004217,Vanilla MPC
106.34329999993497,Vanilla MPC
128.10009999998329,Vanilla MPC
109.15150000005269,Vanilla MPC
111.71999999999116,Vanilla MPC
105.2662000000737,Vanilla MPC
109.56850000002305,Vanilla MPC
109.75789999997687,Vanilla MPC
112.69330000004629,Vanilla MPC
113.51820000004409,Vanilla MPC
100.17880000009427,Vanilla MPC
176.69499999999516,Vanilla MPC
193.56440000001385,Vanilla MPC
194.61919999992006,Vanilla MPC
215.46309999996538,Vanilla MPC
288.2955000000038,Vanilla MPC
192.63840000007804,Vanilla MPC
192.4417000000176,Vanilla MPC
177.24279999993087,Vanilla MPC
130.59499999997115,Vanilla MPC
114.86539999998513,Vanilla MPC
141.5587000000187,Vanilla MPC
228.21109999995315,Vanilla MPC
223.52169999999205,Vanilla MPC
202.79819999996107,Vanilla MPC
188.63970000006702,Vanilla MPC
166.28769999999804,Vanilla MPC
169.62049999995088,Vanilla MPC
179.7582000000375,Vanilla MPC
215.48840000002656,Vanilla MPC
167.29540000005727,Vanilla MPC
175.41319999997995,Vanilla MPC
249.65759999997772,Vanilla MPC
175.40440000004764,Vanilla MPC
163.25429999994867,Vanilla MPC
197.56269999993492,Vanilla MPC
172.07669999993414,Vanilla MPC
173.4480000000076,Vanilla MPC
149.97540000001663,Vanilla MPC
181.63050000009662,Vanilla MPC
215.46820000003208,Vanilla MPC
217.07479999997759,Vanilla MPC
174.84809999996287,Vanilla MPC
172.87369999996827,Vanilla MPC
171.95359999993798,Vanilla MPC
188.4907999999541,Vanilla MPC
198.63679999991746,Vanilla MPC
178.97709999999734,Vanilla MPC
213.6160000000018,Vanilla MPC
208.83609999998498,Vanilla MPC
145.14829999995982,Vanilla MPC
154.29419999998117,Vanilla MPC
173.44359999992776,Vanilla MPC
182.4532000000545,Vanilla MPC
185.31980000000203,Vanilla MPC
181.89449999999852,Vanilla MPC
176.8137999999908,Vanilla MPC
151.5494000000217,Vanilla MPC
289.7259999999733,Vanilla MPC
185.6639999999743,Vanilla MPC
196.15029999999933,Vanilla MPC
207.24480000001222,Vanilla MPC
158.72390000004089,Vanilla MPC
172.47529999997369,Vanilla MPC
176.83260000001155,Vanilla MPC
181.80359999996654,Vanilla MPC
184.59870000003775,Vanilla MPC
190.75859999998102,Vanilla MPC
189.93000000000393,Vanilla MPC
190.42850000005274,Vanilla MPC
189.40300000008392,Vanilla MPC
185.17950000000383,Vanilla MPC
159.35569999999188,Vanilla MPC
171.99940000000424,Vanilla MPC
179.59179999991193,Vanilla MPC
152.27389999995466,Vanilla MPC
172.05439999997907,Vanilla MPC
171.5050999999903,Vanilla MPC
199.70120000004954,Vanilla MPC
182.86310000007688,Vanilla MPC
168.09749999993073,Vanilla MPC
180.3108000000293,Vanilla MPC
166.30419999989954,Vanilla MPC
168.75470000002224,Vanilla MPC
204.40140000005158,Vanilla MPC
185.8049000001074,Vanilla MPC
174.01170000005095,Vanilla MPC
198.58049999993455,Vanilla MPC
172.44730000004438,Vanilla MPC
159.94399999999587,Vanilla MPC
151.95119999998496,Vanilla MPC
199.16810000006535,Vanilla MPC
217.8466999999955,Vanilla MPC
242.67500000007658,Vanilla MPC
175.19649999997,Vanilla MPC
184.9055000000135,Vanilla MPC
193.29179999999724,Vanilla MPC
253.3329999999978,Vanilla MPC
206.0662000000093,Vanilla MPC
206.7168999999467,Vanilla MPC
201.30629999994198,Vanilla MPC
183.96080000002257,Vanilla MPC
197.7492999999413,Vanilla MPC
191.61369999994804,Vanilla MPC
170.95549999999093,Vanilla MPC
158.05590000002212,Vanilla MPC
190.4952999999523,Vanilla MPC
196.34870000004412,Vanilla MPC
203.41220000000249,Vanilla MPC
196.8819999999596,Vanilla MPC
203.1821000000491,Vanilla MPC
190.25750000002972,Vanilla MPC
190.4159000000618,Vanilla MPC
240.08650000007492,Vanilla MPC
193.54839999994056,Vanilla MPC
180.7901000000811,Vanilla MPC
161.06760000002396,Vanilla MPC
187.44179999998778,Vanilla MPC
205.2693000000545,Vanilla MPC
195.3948999999966,Vanilla MPC
181.151899999918,Vanilla MPC
195.77530000003662,Vanilla MPC
173.55489999999918,Vanilla MPC
162.75980000000345,Vanilla MPC
161.5573999999924,Vanilla MPC
173.30630000003566,Vanilla MPC
181.91320000005362,Vanilla MPC
191.6903999999704,Vanilla MPC
176.5654999999242,Vanilla MPC
190.75170000007802,Vanilla MPC
143.56840000004922,Vanilla MPC
134.1916000000083,Vanilla MPC
157.0677000000842,Vanilla MPC
171.68770000000677,Vanilla MPC
140.34329999992678,Vanilla MPC
105.12629999993806,Vanilla MPC
271.32640000002084,Vanilla MPC
146.6143000000102,Vanilla MPC
173.8333999999213,Vanilla MPC
183.70129999993878,Vanilla MPC
161.89139999994495,Vanilla MPC
163.7150000000247,Vanilla MPC
139.40209999998388,Vanilla MPC
158.0976999999848,Vanilla MPC
114.27990000004229,Vanilla MPC
115.47570000004725,Vanilla MPC
105.46990000000278,Vanilla MPC
175.31610000003184,Vanilla MPC
223.1183000000101,Vanilla MPC
225.08960000004663,Vanilla MPC
163.54049999995368,Vanilla MPC
182.7226000000337,Vanilla MPC
160.4564000000437,Vanilla MPC
130.815699999971,Vanilla MPC
148.91220000004068,Vanilla MPC
116.9084999999086,Vanilla MPC
126.13850000002458,Vanilla MPC
107.62130000000525,Vanilla MPC
111.1618999999564,Vanilla MPC
107.80390000002171,Vanilla MPC
144.04240000010304,Vanilla MPC
113.58370000004925,Vanilla MPC
118.6324999999897,Vanilla MPC
174.89750000004278,Vanilla MPC
123.88209999994615,Vanilla MPC
105.4957999999715,Vanilla MPC
102.16040000000248,Vanilla MPC
106.03570000000673,Vanilla MPC
107.48149999994894,Vanilla MPC
137.4510000000555,Vanilla MPC
115.54599999999482,Vanilla MPC
126.35370000009516,Vanilla MPC
115.21449999997913,Vanilla MPC
140.6557000000248,Vanilla MPC
118.77930000002834,Vanilla MPC
101.78990000008525,Vanilla MPC
110.17289999995228,Vanilla MPC
104.25329999998212,Vanilla MPC
105.20500000006905,Vanilla MPC
111.75490000005084,Vanilla MPC
109.47780000003604,Vanilla MPC
168.37199999997665,Vanilla MPC
202.1250999999893,Vanilla MPC
251.5908999999965,Vanilla MPC
172.14960000001156,Vanilla MPC
244.083000000046,Vanilla MPC
218.14500000004955,Vanilla MPC
191.94400000003498,Vanilla MPC
170.9842000000208,Vanilla MPC
191.13900000002104,Vanilla MPC
166.71980000000985,Vanilla MPC
162.55249999994703,Vanilla MPC
176.6681999999946,Vanilla MPC
179.08550000004197,Vanilla MPC
191.45930000001954,Vanilla MPC
171.0600000000113,Vanilla MPC
129.4982000000573,Vanilla MPC
170.19660000005388,Vanilla MPC
175.31959999996616,Vanilla MPC
201.31789999993543,Vanilla MPC
196.998600000029,Vanilla MPC
168.34699999992608,Vanilla MPC
169.91589999997814,Vanilla MPC
162.699400000065,Vanilla MPC
146.69040000001132,Vanilla MPC
159.39219999995657,Vanilla MPC
200.46899999999823,Vanilla MPC
166.06369999999515,Vanilla MPC
150.62609999995402,Vanilla MPC
136.14100000006601,Vanilla MPC
170.63999999993484,Vanilla MPC
180.80670000006194,Vanilla MPC
193.58409999995274,Vanilla MPC
179.83729999991738,Vanilla MPC
165.67489999999907,Vanilla MPC
168.91740000005484,Vanilla MPC
159.7610999999688,Vanilla MPC
156.10309999999572,Vanilla MPC
149.97489999996105,Vanilla MPC
172.91999999997643,Vanilla MPC
167.3842999999806,Vanilla MPC
250.95550000003186,Vanilla MPC
208.30430000000888,Vanilla MPC
177.02909999991334,Vanilla MPC
150.38909999998396,Vanilla MPC
135.01959999996416,Vanilla MPC
192.94990000003054,Vanilla MPC
203.7406000000601,Vanilla MPC
264.9753000000601,Vanilla MPC
212.32159999999567,Vanilla MPC
200.44159999997646,Vanilla MPC
193.70420000007016,Vanilla MPC
233.92779999994673,Vanilla MPC
143.62640000001647,Vanilla MPC
163.22600000000875,Vanilla MPC
179.8258999999689,Vanilla MPC
192.80189999994946,Vanilla MPC
172.23909999995612,Vanilla MPC
171.22440000002825,Vanilla MPC
186.66300000006686,Vanilla MPC
191.26540000002024,Vanilla MPC
189.463700000033,Vanilla MPC
172.76589999994485,Vanilla MPC
156.35359999998855,Vanilla MPC
176.12510000003567,Vanilla MPC
183.3940999999868,Vanilla MPC
305.6973000000198,Vanilla MPC
171.34790000000066,Vanilla MPC
167.10619999992105,Vanilla MPC
133.98879999999735,Vanilla MPC
164.93639999998777,Vanilla MPC
175.43399999999565,Vanilla MPC
169.75650000006226,Vanilla MPC
175.45300000006137,Vanilla MPC
150.94220000003133,Vanilla MPC
125.7560999999896,Vanilla MPC
144.60559999997713,Vanilla MPC
166.08850000000075,Vanilla MPC
179.23310000003312,Vanilla MPC
167.73349999994025,Vanilla MPC
184.5075999999608,Vanilla MPC
170.5578000000969,Vanilla MPC
238.88139999996838,Vanilla MPC
188.75930000001517,Vanilla MPC
202.47740000002068,Vanilla MPC
205.9942000000774,Vanilla MPC
194.73169999992024,Vanilla MPC
186.979899999983,Vanilla MPC
201.5671999999995,Vanilla MPC
180.3251999999702,Vanilla MPC
175.44180000004417,Vanilla MPC
182.13670000000093,Vanilla MPC
190.02420000003895,Vanilla MPC
172.65390000000025,Vanilla MPC
168.0769000000737,Vanilla MPC
173.1548999999859,Vanilla MPC
181.15130000001045,Vanilla MPC
157.7985000000126,Vanilla MPC
167.07589999998618,Vanilla MPC
167.50779999995302,Vanilla MPC
182.50619999992068,Vanilla MPC
182.56980000001022,Vanilla MPC
158.54510000008304,Vanilla MPC
187.3477000000321,Vanilla MPC
147.83439999996517,Vanilla MPC
168.2040999999117,Vanilla MPC
179.83110000000124,Vanilla MPC
244.36170000001312,Vanilla MPC
160.73369999992337,Vanilla MPC
175.8877999999413,Vanilla MPC
156.3335000000734,Vanilla MPC
185.4829000000109,Vanilla MPC
193.09789999999794,Vanilla MPC
146.1135000000695,Vanilla MPC
169.75209999998242,Vanilla MPC
207.16840000000047,Vanilla MPC
148.54669999999714,Vanilla MPC
159.34279999999035,Vanilla MPC
150.69069999992735,Vanilla MPC
150.61820000005355,Vanilla MPC
153.31530000003113,Vanilla MPC
137.14360000005854,Vanilla MPC
149.41510000005565,Vanilla MPC
154.8930000000155,Vanilla MPC
168.29250000000684,Vanilla MPC
122.32849999998052,Vanilla MPC
192.29559999996582,Vanilla MPC
118.4425999999803,Vanilla MPC
129.20980000001236,Vanilla MPC
133.08680000000095,Vanilla MPC
145.23080000003574,Vanilla MPC
121.76049999993666,Vanilla MPC
128.40249999999287,Vanilla MPC
101.06949999999415,Vanilla MPC
102.59430000007796,Vanilla MPC
101.1981999999989,Vanilla MPC
121.60850000009304,Vanilla MPC
100.7576000000654,Vanilla MPC
102.9667000000245,Vanilla MPC
129.11650000000918,Vanilla MPC
121.22890000000552,Vanilla MPC
136.04270000007546,Vanilla MPC
99.06690000002527,Vanilla MPC
99.64660000002823,Vanilla MPC
102.42650000009235,Vanilla MPC
104.35629999994944,Vanilla MPC
105.12030000006689,Vanilla MPC
105.40809999997691,Vanilla MPC
104.17890000007901,Vanilla MPC
143.33380000005036,Vanilla MPC
145.00479999992422,Vanilla MPC
122.0775000000458,Vanilla MPC
102.96740000001137,Vanilla MPC
95.79470000005585,Vanilla MPC
199.63719999998375,Vanilla MPC
221.1582999999564,Vanilla MPC
196.87520000002223,Vanilla MPC
157.5411000000031,Vanilla MPC
173.51910000002135,Vanilla MPC
193.4333000000379,Vanilla MPC
183.3976000000348,Vanilla MPC
155.3083000000015,Vanilla MPC
161.35980000001382,Vanilla MPC
153.5363000000416,Vanilla MPC
167.66580000000886,Vanilla MPC
179.96180000000095,Vanilla MPC
179.28469999992558,Vanilla MPC
163.27939999996488,Vanilla MPC
169.3955000000642,Vanilla MPC
131.9697000000133,Vanilla MPC
147.83239999997022,Vanilla MPC
184.2232999999851,Vanilla MPC
195.70369999996728,Vanilla MPC
176.8799000000172,Vanilla MPC
172.41459999991093,Vanilla MPC
187.07110000002558,Vanilla MPC
167.07150000002002,Vanilla MPC
149.60809999990943,Vanilla MPC
126.49339999995846,Vanilla MPC
188.5184999999865,Vanilla MPC
182.26660000004813,Vanilla MPC
147.48969999993733,Vanilla MPC
170.80350000003364,Vanilla MPC
219.05759999992824,Vanilla MPC
200.07190000001174,Vanilla MPC
190.91309999998884,Vanilla MPC
206.3881000000265,Vanilla MPC
178.45460000000912,Vanilla MPC
156.5983000000415,Vanilla MPC
152.65130000000227,Vanilla MPC
159.79219999996985,Vanilla MPC
151.93219999991925,Vanilla MPC
174.2857000000413,Vanilla MPC
255.19969999993464,Vanilla MPC
171.42599999999675,Vanilla MPC
155.4032000000234,Vanilla MPC
160.28490000007878,Vanilla MPC
165.57539999996607,Vanilla MPC
121.19269999993776,Vanilla MPC
168.75499999991916,Vanilla MPC
156.1116000000311,Vanilla MPC
147.71080000002712,Vanilla MPC
93.91139999991083,Vanilla MPC
175.01149999998233,Vanilla MPC
170.29059999993024,Vanilla MPC
157.95189999994363,Vanilla MPC
236.0674999999901,Vanilla MPC
150.71790000001783,Vanilla MPC
161.41500000003361,Vanilla MPC
144.26300000002357,Vanilla MPC
175.75009999995928,Vanilla MPC
182.43549999999686,Vanilla MPC
181.6863999999896,Vanilla MPC
158.97319999999127,Vanilla MPC
154.74199999994198,Vanilla MPC
159.84289999994417,Vanilla MPC
155.6011000000126,Vanilla MPC
180.90489999997317,Vanilla MPC
168.26030000004266,Vanilla MPC
193.2072000000744,Vanilla MPC
201.4672000000246,Vanilla MPC
234.92239999995945,Vanilla MPC
155.18500000007407,Vanilla MPC
166.4871000000403,Vanilla MPC
217.67780000004677,Vanilla MPC
148.2416999999714,Vanilla MPC
148.69850000002316,Vanilla MPC
184.4608999999764,Vanilla MPC
137.42080000008627,Vanilla MPC
160.73959999994258,Vanilla MPC
169.8741999999811,Vanilla MPC
178.97709999999734,Vanilla MPC
150.41550000000825,Vanilla MPC
163.97810000000845,Vanilla MPC
238.56550000004972,Vanilla MPC
162.34940000003917,Vanilla MPC
178.79019999998036,Vanilla MPC
196.74559999998564,Vanilla MPC
187.93190000008053,Vanilla MPC
179.82559999995829,Vanilla MPC
144.60810000002766,Vanilla MPC
182.49869999999646,Vanilla MPC
186.64899999998852,Vanilla MPC
211.34230000006937,Vanilla MPC
182.87520000001223,Vanilla MPC
192.08209999999326,Vanilla MPC
190.404400000034,Vanilla MPC
183.5076999999501,Vanilla MPC
173.74019999999746,Vanilla MPC
170.8717000000206,Vanilla MPC
172.77630000000954,Vanilla MPC
182.69490000000133,Vanilla MPC
196.64330000000518,Vanilla MPC
194.49740000004567,Vanilla MPC
161.5207999999484,Vanilla MPC
197.31100000001334,Vanilla MPC
188.38900000002923,Vanilla MPC
178.67970000008881,Vanilla MPC
183.42089999998734,Vanilla MPC
198.51819999996678,Vanilla MPC
152.85930000004555,Vanilla MPC
120.31479999996009,Vanilla MPC
189.1514000000143,Vanilla MPC
231.31569999998192,Vanilla MPC
179.25119999995331,Vanilla MPC
161.76950000010493,Vanilla MPC
165.05910000000767,Vanilla MPC
159.69070000005559,Vanilla MPC
244.3039999999428,Vanilla MPC
188.25349999997343,Vanilla MPC
187.84170000003542,Vanilla MPC
204.14359999995213,Vanilla MPC
184.28629999993973,Vanilla MPC
163.87409999992997,Vanilla MPC
202.60010000004058,Vanilla MPC
189.4181000000117,Vanilla MPC
191.9675000000325,Vanilla MPC
170.58289999999943,Vanilla MPC
169.23110000004726,Vanilla MPC
162.86509999997634,Vanilla MPC
171.79109999995035,Vanilla MPC
206.4113000000134,Vanilla MPC
206.93900000003396,Vanilla MPC
182.92159999998603,Vanilla MPC
155.8989999999767,Vanilla MPC
185.91370000001461,Vanilla MPC
186.653500000034,Vanilla MPC
222.81099999997878,Vanilla MPC
189.22650000001795,Vanilla MPC
184.6547999999757,Vanilla MPC
167.89070000004358,Vanilla MPC
160.41840000002594,Vanilla MPC
135.09369999997034,Vanilla MPC
168.8534999999547,Vanilla MPC
182.32699999998658,Vanilla MPC
168.06239999993977,Vanilla MPC
195.66780000002382,Vanilla MPC
184.50180000002092,Vanilla MPC
129.14169999999103,Vanilla MPC
111.89139999999043,Vanilla MPC
137.15109999998276,Vanilla MPC
118.46429999991415,Vanilla MPC
118.00459999994928,Vanilla MPC
115.35770000000412,Vanilla MPC
108.77930000003744,Vanilla MPC
106.66900000001078,Vanilla MPC
106.29030000006878,Vanilla MPC
101.7835999999761,Vanilla MPC
108.23630000004414,Vanilla MPC
112.61120000006031,Vanilla MPC
111.29280000000108,Vanilla MPC
235.0291999999854,Vanilla MPC
109.90370000001803,Vanilla MPC
112.2242000000142,Vanilla MPC
111.14160000010997,Vanilla MPC
177.6270000000295,Vanilla MPC
186.0349999999471,Vanilla MPC
177.46950000002926,Vanilla MPC
201.2081999999964,Vanilla MPC
166.11700000009932,Vanilla MPC
168.79050000000007,Vanilla MPC
155.69440000001578,Vanilla MPC
154.86280000004626,Vanilla MPC
144.79130000006535,Vanilla MPC
130.7408000000123,Vanilla MPC
117.97740000008616,Vanilla MPC
218.5916000000816,Vanilla MPC
106.73560000009275,Vanilla MPC
110.30470000002879,Vanilla MPC
123.38959999999588,Vanilla MPC
185.9146999998984,Vanilla MPC
148.00590000004377,Vanilla MPC
189.96760000004542,Vanilla MPC
143.00159999993411,Vanilla MPC
103.83730000000924,Vanilla MPC
107.38019999996595,Vanilla MPC
106.12159999993764,Vanilla MPC
106.52460000005703,Vanilla MPC
135.36320000002888,Vanilla MPC
109.13670000002185,Vanilla MPC
106.570099999999,Vanilla MPC
106.66900000001078,Vanilla MPC
118.41170000002421,Vanilla MPC
116.59589999999298,Vanilla MPC
104.98229999996056,Vanilla MPC
105.67350000007991,Vanilla MPC
114.40219999997225,Vanilla MPC
166.3360999999668,Vanilla MPC
132.68310000000838,Vanilla MPC
167.75140000004285,Vanilla MPC
166.6693000000805,Vanilla MPC
139.87300000007963,Vanilla MPC
182.51699999996163,Vanilla MPC
214.21080000004622,Vanilla MPC
185.95609999999851,Vanilla MPC
141.1972999999307,Vanilla MPC
232.59059999998044,Vanilla MPC
290.5544000000191,Vanilla MPC
269.0660000000662,Vanilla MPC
283.40990000003785,Vanilla MPC
233.28889999993407,Vanilla MPC
235.84379999999783,Vanilla MPC
175.4551999999876,Vanilla MPC
268.6063999999533,Vanilla MPC
241.44089999992957,Vanilla MPC
194.05590000008033,Vanilla MPC
179.61320000006253,Vanilla MPC
125.82199999997101,Vanilla MPC
143.78450000003795,Vanilla MPC
166.6543000000047,Vanilla MPC
172.22460000004958,Vanilla MPC
160.00030000009247,Vanilla MPC
247.6102999999057,Vanilla MPC
167.26649999998244,Vanilla MPC
160.61880000006568,Vanilla MPC
173.5471999999163,Vanilla MPC
199.80120000002444,Vanilla MPC
183.14469999995708,Vanilla MPC
170.93199999999342,Vanilla MPC
177.45220000006157,Vanilla MPC
173.2183999999961,Vanilla MPC
175.25259999990794,Vanilla MPC
191.82390000003124,Vanilla MPC
194.7359000000688,Vanilla MPC
200.6460000000061,Vanilla MPC
173.1433999999581,Vanilla MPC
175.67040000005818,Vanilla MPC
158.211900000083,Vanilla MPC
174.04979999992065,Vanilla MPC
138.14639999998235,Vanilla MPC
128.69719999991958,Vanilla MPC
151.9049000000905,Vanilla MPC
114.66020000000299,Vanilla MPC
104.73850000005314,Vanilla MPC
101.8671000000495,Vanilla MPC
104.75399999995716,Vanilla MPC
137.17850000000453,Vanilla MPC
159.19109999992997,Vanilla MPC
111.29919999996218,Vanilla MPC
113.87309999997797,Vanilla MPC
114.69759999999951,Vanilla MPC
113.16149999993286,Vanilla MPC
110.25710000001254,Vanilla MPC
113.1682999999839,Vanilla MPC
140.58460000001105,Vanilla MPC
105.90500000000702,Vanilla MPC
157.82360000002882,Vanilla MPC
181.98280000001432,Vanilla MPC
180.9590999999955,Vanilla MPC
149.93229999993218,Vanilla MPC
110.3814999999031,Vanilla MPC
129.54949999993914,Vanilla MPC
146.28659999993943,Vanilla MPC
109.88259999999173,Vanilla MPC
114.38720000001013,Vanilla MPC
116.41069999996034,Vanilla MPC
112.27550000000974,Vanilla MPC
110.605600000099,Vanilla MPC
114.00739999999132,Vanilla MPC
169.70440000000053,Vanilla MPC
235.4896000000508,Vanilla MPC
165.04789999999048,Vanilla MPC
149.28999999995085,Vanilla MPC
189.81799999994564,Vanilla MPC
178.0621999999994,Vanilla MPC
146.1664999999357,Vanilla MPC
117.4813999999742,Vanilla MPC
112.094299999967,Vanilla MPC
123.43750000002274,Vanilla MPC
129.726499999947,Vanilla MPC
112.71160000001146,Vanilla MPC
117.37989999994625,Vanilla MPC
113.67599999994127,Vanilla MPC
117.40190000000439,Vanilla MPC
109.92829999997866,Vanilla MPC
110.69080000004305,Vanilla MPC
116.04669999996986,Vanilla MPC
113.62080000003516,Vanilla MPC
144.8584000000892,Vanilla MPC
126.27409999993233,Vanilla MPC
114.65369999996256,Vanilla MPC
114.71229999995103,Vanilla MPC
115.00119999993785,Vanilla MPC
115.57879999998022,Vanilla MPC
121.28250000000662,Vanilla MPC
150.40169999997488,Vanilla MPC
126.20189999995546,Vanilla MPC
121.191500000009,Vanilla MPC
128.41660000003685,Vanilla MPC
135.42150000000674,Vanilla MPC
150.53470000009384,Vanilla MPC
210.14370000000326,Vanilla MPC
178.73259999998936,Vanilla MPC
165.36229999996976,Vanilla MPC
177.44219999997313,Vanilla MPC
169.90359999999782,Vanilla MPC
156.90510000001723,Vanilla MPC
172.79080000002978,Vanilla MPC
204.037900000003,Vanilla MPC
259.1585999999779,Vanilla MPC
281.85949999999593,Vanilla MPC
244.05410000008487,Vanilla MPC
265.5025999999907,Vanilla MPC
235.65450000000965,Vanilla MPC
294.7192000000314,Vanilla MPC
248.35590000009233,Vanilla MPC
259.19310000006135,Vanilla MPC
237.20609999998032,Vanilla MPC
205.47390000001542,Vanilla MPC
178.6498000000165,Vanilla MPC
190.37500000001728,Vanilla MPC
176.38910000005126,Vanilla MPC
172.60040000007848,Vanilla MPC
157.49299999993127,Vanilla MPC
173.339399999918,Vanilla MPC
146.7916999999943,Vanilla MPC
140.95950000000812,Vanilla MPC
123.87969999997495,Vanilla MPC
162.0096999999987,Vanilla MPC
175.59670000002825,Vanilla MPC
196.71819999996387,Vanilla MPC
169.4744000000128,Vanilla MPC
194.29710000008527,Vanilla MPC
295.8303000000342,Vanilla MPC
169.5224000000053,Vanilla MPC
167.23429999990458,Vanilla MPC
157.6746999999159,Vanilla MPC
144.5578000000296,Vanilla MPC
161.5523000000394,Vanilla MPC
162.73449999994227,Vanilla MPC
185.96469999999954,Vanilla MPC
234.72400000002835,Vanilla MPC
186.67179999999917,Vanilla MPC
155.90930000007575,Vanilla MPC
216.39119999997547,Vanilla MPC
198.52060000005167,Vanilla MPC
199.76440000004914,Vanilla MPC
170.1872999999523,Vanilla MPC
186.47620000001552,Vanilla MPC
198.8850000000184,Vanilla MPC
154.51050000001487,Vanilla MPC
185.73699999990367,Vanilla MPC
184.03069999999389,Vanilla MPC
166.07859999999164,Vanilla MPC
178.1168999999636,Vanilla MPC
160.96909999998843,Vanilla MPC
157.58579999999256,Vanilla MPC
178.54749999992237,Vanilla MPC
170.70690000002742,Vanilla MPC
161.56090000004042,Vanilla MPC
267.57439999994403,Vanilla MPC
176.1765999999625,Vanilla MPC
171.31380000000718,Vanilla MPC
190.88730000009946,Vanilla MPC
176.52899999995952,Vanilla MPC
208.314200000018,Vanilla MPC
176.444399999923,Vanilla MPC
175.53980000002412,Vanilla MPC
196.2348000000702,Vanilla MPC
191.29369999996015,Vanilla MPC
161.71699999995326,Vanilla MPC
168.55470000007244,Vanilla MPC
136.5889999999581,Vanilla MPC
155.5419000000029,Vanilla MPC
168.48779999997987,Vanilla MPC
316.7984000000388,Vanilla MPC
202.9862999999068,Vanilla MPC
190.26829999995698,Vanilla MPC
186.97370000006686,Vanilla MPC
221.06929999995373,Vanilla MPC
192.47730000006413,Vanilla MPC
184.9294999999529,Vanilla MPC
175.6414000000177,Vanilla MPC
154.20559999995476,Vanilla MPC
162.93029999997088,Vanilla MPC
174.1733999999724,Vanilla MPC
182.64910000004875,Vanilla MPC
192.76749999994536,Vanilla MPC
164.39550000006875,Vanilla MPC
154.07729999992625,Vanilla MPC
166.44780000001447,Vanilla MPC
162.74720000001253,Vanilla MPC
184.87350000009428,Vanilla MPC
163.21210000000974,Vanilla MPC
190.25109999995493,Vanilla MPC
174.67729999998483,Vanilla MPC
164.48730000001888,Vanilla MPC
172.86890000002586,Vanilla MPC
160.51360000005843,Vanilla MPC
176.52369999996154,Vanilla MPC
155.77940000002855,Vanilla MPC
153.4787000000506,Vanilla MPC
211.0930000000053,Vanilla MPC
153.00120000006245,Vanilla MPC
155.22820000001047,Vanilla MPC
151.9693999999845,Vanilla MPC
172.67059999994672,Vanilla MPC
189.7907000000032,Vanilla MPC
151.25499999999192,Vanilla MPC
169.824100000028,Vanilla MPC
161.54870000002575,Vanilla MPC
177.22919999994247,Vanilla MPC
115.72190000003957,Vanilla MPC
96.23980000003485,Vanilla MPC
179.205799999977,Vanilla MPC
107.65400000002501,Vanilla MPC
105.97829999994701,Vanilla MPC
106.87259999997423,Vanilla MPC
109.8992999999382,Vanilla MPC
111.30190000005769,Vanilla MPC
116.25100000003386,Vanilla MPC
103.47539999997935,Vanilla MPC
119.64199999999892,Vanilla MPC
112.9240000000209,Vanilla MPC
120.86360000000695,Vanilla MPC
254.18950000005225,Vanilla MPC
149.88610000000335,Vanilla MPC
144.4175000000314,Vanilla MPC
116.25100000003386,Vanilla MPC
134.06930000007833,Vanilla MPC
112.7672000000075,Vanilla MPC
105.57319999998072,Vanilla MPC
107.31129999999212,Vanilla MPC
106.07370000002447,Vanilla MPC
107.89629999999306,Vanilla MPC
105.0754999999981,Vanilla MPC
116.7573000000175,Vanilla MPC
99.82899999999972,Vanilla MPC
114.69160000001466,Vanilla MPC
134.5374999999649,Vanilla MPC
101.15540000003875,Vanilla MPC
120.49120000006042,Vanilla MPC
429.47429999992437,Vanilla MPC
152.9216000000133,Vanilla MPC
101.30970000000161,Vanilla MPC
130.10020000001532,Vanilla MPC
112.61339999998654,Vanilla MPC
102.4684999999863,Vanilla MPC
111.3557999999557,Vanilla MPC
97.83239999990201,Vanilla MPC
93.32979999999225,Vanilla MPC
96.54650000004494,Vanilla MPC
94.15790000002744,Vanilla MPC
99.68179999998483,Vanilla MPC
99.01339999998982,Vanilla MPC
94.99160000007123,Vanilla MPC
128.49879999998848,Vanilla MPC
101.28640000004907,Vanilla MPC
101.1886000000004,Vanilla MPC
103.85570000005373,Vanilla MPC
100.75089999997999,Vanilla MPC
122.76620000000094,Vanilla MPC
149.2603000000372,Vanilla MPC
161.64919999994254,Vanilla MPC
129.99520000005305,Vanilla MPC
113.13889999996718,Vanilla MPC
100.58149999997568,Vanilla MPC
96.33589999998549,Vanilla MPC
122.25050000006377,Vanilla MPC
260.98559999991267,Vanilla MPC
141.13010000005488,Vanilla MPC
116.29389999995965,Vanilla MPC
181.2711999999692,Vanilla MPC
107.82970000002479,Vanilla MPC
126.01280000001225,Vanilla MPC
122.91270000002896,Vanilla MPC
151.42549999995936,Vanilla MPC
183.72069999998075,Vanilla MPC
125.6214,Vanilla MPC
138.72919999994338,Vanilla MPC
198.8306000000648,Vanilla MPC
205.22219999998015,Vanilla MPC
193.2573000000275,Vanilla MPC
160.8956999999691,Vanilla MPC
109.21720000010282,Vanilla MPC
116.18650000002617,Vanilla MPC
107.77559999996811,Vanilla MPC
102.51879999998437,Vanilla MPC
117.25950000004559,Vanilla MPC
128.29929999998058,Vanilla MPC
101.44879999995737,Vanilla MPC
96.41969999995581,Vanilla MPC
101.56910000000607,Vanilla MPC
103.1739000000016,Vanilla MPC
103.64800000002106,Vanilla MPC
101.78959999996096,Vanilla MPC
159.85150000005888,Vanilla MPC
173.39949999995952,Vanilla MPC
135.2343999999448,Vanilla MPC
162.73089999992862,Vanilla MPC
181.90319999996518,Vanilla MPC
189.40699999996014,Vanilla MPC
140.0465000000395,Vanilla MPC
104.46089999993546,Vanilla MPC
160.4730000000245,Vanilla MPC
100.09899999988647,Vanilla MPC
96.92000000006828,Vanilla MPC
96.58410000008644,Vanilla MPC
95.26819999996405,Vanilla MPC
97.6408999999876,Vanilla MPC
96.35769999999866,Vanilla MPC
147.83519999991768,Vanilla MPC
108.3145999999715,Vanilla MPC
126.64570000004005,Vanilla MPC
143.19050000005973,Vanilla MPC
157.73639999997613,Vanilla MPC
155.9518000000253,Vanilla MPC
114.35089999997672,Vanilla MPC
109.18049999997947,Vanilla MPC
107.42300000003979,Vanilla MPC
103.9263000000119,Vanilla MPC
102.65330000004269,Vanilla MPC
107.0195000000922,Vanilla MPC
110.44119999996838,Vanilla MPC
141.48130000000947,Vanilla MPC
104.58170000003975,Vanilla MPC
123.68240000000696,Vanilla MPC
211.6852999999992,Vanilla MPC
140.72079999994003,Vanilla MPC
113.04919999997765,Vanilla MPC
215.5072000000473,Vanilla MPC
192.1189999999342,Vanilla MPC
170.18080000002556,Vanilla MPC
192.30540000000929,Vanilla MPC
188.54850000002443,Vanilla MPC
118.00259999995433,Vanilla MPC
127.24900000000616,Vanilla MPC
164.54840000005788,Vanilla MPC
106.04720000003454,Vanilla MPC
133.30360000009023,Vanilla MPC
120.1523999999381,Vanilla MPC
107.77459999997063,Vanilla MPC
101.3157999999521,Vanilla MPC
100.03440000002684,Vanilla MPC
103.85199999996075,Vanilla MPC
104.39769999993587,Vanilla MPC
133.74719999990248,Vanilla MPC
129.36710000008134,Vanilla MPC
124.0144999999302,Vanilla MPC
188.68620000000647,Vanilla MPC
187.7038000000084,Vanilla MPC
169.81590000000324,Vanilla MPC
108.03690000000188,Vanilla MPC
108.1623000000036,Vanilla MPC
219.2258000000038,Vanilla MPC
175.42339999999967,Vanilla MPC
178.09440000007726,Vanilla MPC
186.25989999998183,Vanilla MPC
186.00649999996222,Vanilla MPC
177.94720000006237,Vanilla MPC
181.3372999999956,Vanilla MPC
163.48610000000008,Vanilla MPC
156.54720000009092,Vanilla MPC
177.20389999999497,Vanilla MPC
178.92110000002504,Vanilla MPC
177.55139999997027,Vanilla MPC
308.6725999999089,Vanilla MPC
184.5279000000346,Vanilla MPC
222.09799999995994,Vanilla MPC
203.9485999999897,Vanilla MPC
209.92609999996148,Vanilla MPC
222.87100000005466,Vanilla MPC
161.28269999990152,Vanilla MPC
214.15430000001834,Vanilla MPC
231.2747999999374,Vanilla MPC
187.69220000001496,Vanilla MPC
188.25159999994412,Vanilla MPC
197.99729999999727,Vanilla MPC
203.97200000002158,Vanilla MPC
238.7025000000449,Vanilla MPC
262.0370999999295,Vanilla MPC
160.37889999995514,Vanilla MPC
145.93329999991056,Vanilla MPC
213.23840000002292,Vanilla MPC
201.43799999993917,Vanilla MPC
197.1174999999903,Vanilla MPC
202.57709999998497,Vanilla MPC
176.65099999999256,Vanilla MPC
137.72979999998824,Vanilla MPC
161.74579999994876,Vanilla MPC
220.9135000000515,Vanilla MPC
187.95160000001943,Vanilla MPC
136.95720000009715,Vanilla MPC
202.63519999991786,Vanilla MPC
179.03820000003634,Vanilla MPC
171.75669999994625,Vanilla MPC
206.53440000000955,Vanilla MPC
198.7172000000328,Vanilla MPC
199.65560000002824,Vanilla MPC
212.10609999991448,Vanilla MPC
225.8235000000468,Vanilla MPC
195.32549999996718,Vanilla MPC
174.47340000001077,Vanilla MPC
183.05190000000948,Vanilla MPC
172.1086000000014,Vanilla MPC
116.91510000002836,Vanilla MPC
126.77780000001349,Vanilla MPC
145.7848999999669,Vanilla MPC
141.44049999993058,Vanilla MPC
303.1896999999617,Vanilla MPC
192.68380000005436,Vanilla MPC
165.30729999999494,Vanilla MPC
115.85690000003979,Vanilla MPC
156.24749999994947,Vanilla MPC
163.24379999991834,Vanilla MPC
130.7440000000497,Vanilla MPC
143.72310000010202,Vanilla MPC
160.62429999999495,Vanilla MPC
176.2424999999439,Vanilla MPC
148.6793999999918,Vanilla MPC
131.34400000001278,Vanilla MPC
142.17619999999442,Vanilla MPC
147.73070000001098,Vanilla MPC
144.3100000000186,Vanilla MPC
180.58320000000094,Vanilla MPC
174.2276000001084,Vanilla MPC
161.62659999997686,Vanilla MPC
147.8501999999935,Vanilla MPC
169.95350000001963,Vanilla MPC
178.29119999998966,Vanilla MPC
188.1081000000222,Vanilla MPC
174.5548000000099,Vanilla MPC
160.94989999999143,Vanilla MPC
156.99419999998554,Vanilla MPC
126.90759999998136,Vanilla MPC
133.782999999994,Vanilla MPC
131.9419999999809,Vanilla MPC
140.11419999997088,Vanilla MPC
143.4229999999843,Vanilla MPC
168.83569999993142,Vanilla MPC
136.26590000001215,Vanilla MPC
163.4815999999546,Vanilla MPC
170.24530000003324,Vanilla MPC
113.2574000000659,Vanilla MPC
195.73060000004716,Vanilla MPC
199.57290000002104,Vanilla MPC
172.34640000003765,Vanilla MPC
176.31180000000768,Vanilla MPC
171.05739999999514,Vanilla MPC
146.74059999993005,Vanilla MPC
184.88480000007712,Vanilla MPC
191.273600000045,Vanilla MPC
187.58730000001833,Vanilla MPC
195.95360000005257,Vanilla MPC
181.72279999998864,Vanilla MPC
209.3498000000409,Vanilla MPC
157.59779999996226,Vanilla MPC
137.2771000000057,Vanilla MPC
145.0967999999193,Vanilla MPC
152.46639999998024,Vanilla MPC
145.24459999995543,Vanilla MPC
134.90409999997155,Vanilla MPC
155.59560000008332,Vanilla MPC
183.19499999995514,Vanilla MPC
185.4280000000017,Vanilla MPC
201.07980000000225,Vanilla MPC
163.46629999998186,Vanilla MPC
205.86779999996452,Vanilla MPC
113.55070000001888,Vanilla MPC
125.84460000005038,Vanilla MPC
136.48799999998573,Vanilla MPC
146.34209999996983,Vanilla MPC
124.1179999999531,Vanilla MPC
106.90060000001722,Vanilla MPC
126.30459999991217,Vanilla MPC
200.70080000004964,Vanilla MPC
154.19339999994008,Vanilla MPC
139.24400000007608,Vanilla MPC
173.63509999995586,Vanilla MPC
214.82849999995324,Vanilla MPC
167.89620000008654,Vanilla MPC
156.13250000001244,Vanilla MPC
153.83429999997134,Vanilla MPC
118.22440000003098,Vanilla MPC
134.41599999998743,Vanilla MPC
232.98010000007707,Vanilla MPC
173.2068999999683,Vanilla MPC
145.03339999998843,Vanilla MPC
121.9867999999451,Vanilla MPC
148.84940000001734,Vanilla MPC
217.61400000002595,Vanilla MPC
215.6784000000016,Vanilla MPC
144.59920000001603,Vanilla MPC
176.68300000002546,Vanilla MPC
172.73130000000947,Vanilla MPC
196.78320000002714,Vanilla MPC
178.18030000000817,Vanilla MPC
174.96909999999843,Vanilla MPC
323.4642999999551,Vanilla MPC
200.7235999999466,Vanilla MPC
194.41679999999906,Vanilla MPC
150.1867999999149,Vanilla MPC
164.51379999989513,Vanilla MPC
160.96520000007786,Vanilla MPC
361.659599999939,Vanilla MPC
205.18359999994118,Vanilla MPC
157.2468999999046,Vanilla MPC
139.577700000018,Vanilla MPC
185.62380000003031,Vanilla MPC
185.64179999998487,Vanilla MPC
229.20120000003408,Vanilla MPC
208.7200999999368,Vanilla MPC
182.72429999990436,Vanilla MPC
159.24019999999928,Vanilla MPC
151.99409999991076,Vanilla MPC
173.22349999994913,Vanilla MPC
158.87860000009368,Vanilla MPC
182.39650000009533,Vanilla MPC
174.4950999999446,Vanilla MPC
248.07209999994484,Vanilla MPC
159.651800000006,Vanilla MPC
146.2827999999945,Vanilla MPC
188.32220000001598,Vanilla MPC
213.42540000000554,Vanilla MPC
200.76889999995728,Vanilla MPC
178.42510000002676,Vanilla MPC
182.30959999993956,Vanilla MPC
208.88250000007247,Vanilla MPC
175.15559999992547,Vanilla MPC
182.75139999991552,Vanilla MPC
176.6307999999981,Vanilla MPC
154.41490000000613,Vanilla MPC
170.57250000004842,Vanilla MPC
167.85409999999956,Vanilla MPC
195.50199999991946,Vanilla MPC
260.3192000000263,Vanilla MPC
174.97000000003027,Vanilla MPC
195.20330000000286,Vanilla MPC
169.30339999998978,Vanilla MPC
158.56280000002698,Vanilla MPC
156.87819999993735,Vanilla MPC
95.36930000001576,Vanilla MPC
128.0499999999165,Vanilla MPC
100.01090000002932,Vanilla MPC
155.47370000001592,Vanilla MPC
97.5624999999809,Vanilla MPC
116.69870000002902,Vanilla MPC
101.20129999995697,Vanilla MPC
102.82169999993584,Vanilla MPC
100.5673999999317,Vanilla MPC
99.46000000002186,Vanilla MPC
97.7235999999948,Vanilla MPC
96.59299999998439,Vanilla MPC
127.49220000000605,Vanilla MPC
108.54140000003554,Vanilla MPC
109.30729999995492,Vanilla MPC
164.26109999997607,Vanilla MPC
185.8042999999725,Vanilla MPC
120.62810000008994,Vanilla MPC
104.73900000010872,Vanilla MPC
99.84819999999672,Vanilla MPC
132.48249999992368,Vanilla MPC
108.996300000058,Vanilla MPC
108.7999999999738,Vanilla MPC
134.0157999999292,Vanilla MPC
115.02749999999651,Vanilla MPC
106.20380000000296,Vanilla MPC
102.81780000002527,Vanilla MPC
155.8198000000175,Vanilla MPC
178.1909999999698,Vanilla MPC
119.44289999996727,Vanilla MPC
111.46999999994023,Vanilla MPC
110.03569999991214,Vanilla MPC
142.38539999996647,Vanilla MPC
167.52359999998134,Vanilla MPC
118.84470000006786,Vanilla MPC
100.32049999995252,Vanilla MPC
121.15489999996498,Vanilla MPC
99.78090000004158,Vanilla MPC
99.22019999999065,Vanilla MPC
114.69209999995655,Vanilla MPC
96.54119999993327,Vanilla MPC
93.25650000005226,Vanilla MPC
173.52180000000317,Vanilla MPC
101.80539999998928,Vanilla MPC
114.49489999995421,Vanilla MPC
106.02069999993091,Vanilla MPC
108.271899999977,Vanilla MPC
103.9071000000149,Vanilla MPC
102.23710000002484,Vanilla MPC
115.37329999998747,Vanilla MPC
99.47699999997894,Vanilla MPC
103.34119999993163,Vanilla MPC
114.36670000000504,Vanilla MPC
142.04259999996793,Vanilla MPC
121.23909999991156,Vanilla MPC
134.3822999999702,Vanilla MPC
115.58960000002116,Vanilla MPC
104.93240000005244,Vanilla MPC
116.482299999916,Vanilla MPC
108.08510000003935,Vanilla MPC
104.62819999997919,Vanilla MPC
112.04859999998007,Vanilla MPC
122.797300000002,Vanilla MPC
124.01130000000649,Vanilla MPC
102.58149999992838,Vanilla MPC
118.92520000003515,Vanilla MPC
97.33970000002046,Vanilla MPC
95.38020000002234,Vanilla MPC
109.73150000006626,Vanilla MPC
155.74309999999514,Vanilla MPC
100.82970000007663,Vanilla MPC
104.69739999996364,Vanilla MPC
107.44260000001304,Vanilla MPC
117.88419999993494,Vanilla MPC
108.90219999998862,Vanilla MPC
105.32990000001519,Vanilla MPC
127.70269999998618,Vanilla MPC
143.80189999997128,Vanilla MPC
181.07300000008308,Vanilla MPC
105.96799999996165,Vanilla MPC
284.34839999999895,Vanilla MPC
121.44450000005236,Vanilla MPC
104.52469999995628,Vanilla MPC
105.23130000001402,Vanilla MPC
128.7604999999985,Vanilla MPC
182.47869999993327,Vanilla MPC
200.4785000000311,Vanilla MPC
127.67489999998816,Vanilla MPC
101.97229999994306,Vanilla MPC
105.39410000001226,Vanilla MPC
115.89430000003631,Vanilla MPC
113.24039999999513,Vanilla MPC
107.79940000008992,Vanilla MPC
108.92550000005485,Vanilla MPC
144.22560000002704,Vanilla MPC
173.96310000003723,Vanilla MPC
179.04880000003232,Vanilla MPC
115.53249999997206,Vanilla MPC
175.09630000006382,Vanilla MPC
200.40189999997438,Vanilla MPC
181.09449999997196,Vanilla MPC
197.08679999996548,Vanilla MPC
173.35090000005948,Vanilla MPC
161.926200000039,Vanilla MPC
157.71219999999175,Vanilla MPC
161.79939999994986,Vanilla MPC
174.77719999999408,Vanilla MPC
135.85150000005797,Vanilla MPC
104.49060000007648,Vanilla MPC
143.2250999999951,Vanilla MPC
177.6062000000138,Vanilla MPC
185.81430000006094,Vanilla MPC
150.44169999998758,Vanilla MPC
183.03839999998672,Vanilla MPC
225.42299999997795,Vanilla MPC
199.84260000001086,Vanilla MPC
145.15099999994163,Vanilla MPC
99.43429999998443,Vanilla MPC
100.07790000008754,Vanilla MPC
161.3020999999435,Vanilla MPC
168.75570000001971,Vanilla MPC
170.07760000001326,Vanilla MPC
150.5103000000645,Vanilla MPC
135.43440000000828,Vanilla MPC
175.8729000000585,Vanilla MPC
187.59289999991324,Vanilla MPC
135.02760000005765,Vanilla MPC
128.82780000006733,Vanilla MPC
98.22250000001986,Vanilla MPC
98.63750000010896,Vanilla MPC
102.59210000003804,Vanilla MPC
96.61380000000008,Vanilla MPC
95.4916000000594,Vanilla MPC
97.39400000000842,Vanilla MPC
99.93640000004689,Vanilla MPC
132.86749999997483,Vanilla MPC
94.92549999993116,Vanilla MPC
107.4565999999777,Vanilla MPC
131.8180000000666,Vanilla MPC
151.27180000001772,Vanilla MPC
101.08869999999115,Vanilla MPC
95.08859999994002,Vanilla MPC
100.6204999999909,Vanilla MPC
117.56019999995715,Vanilla MPC
106.56700000004093,Vanilla MPC
170.31470000006266,Vanilla MPC
180.23840000000746,Vanilla MPC
170.01349999998183,Vanilla MPC
179.74639999999908,Vanilla MPC
185.64880000008088,Vanilla MPC
152.25229999998646,Vanilla MPC
105.0923000000239,Vanilla MPC
106.23099999997976,Vanilla MPC
106.02600000004259,Vanilla MPC
100.82780000004732,Vanilla MPC
119.604900000013,Vanilla MPC
120.60500000006869,Vanilla MPC
99.3725999999242,Vanilla MPC
107.71420000003218,Vanilla MPC
130.40080000007492,Vanilla MPC
309.76459999999406,Vanilla MPC
103.84780000003957,Vanilla MPC
111.6968999999699,Vanilla MPC
123.21539999993547,Vanilla MPC
111.20649999998022,Vanilla MPC
105.12949999997545,Vanilla MPC
106.59499999997024,Vanilla MPC
104.27079999999478,Vanilla MPC
123.94089999997959,Vanilla MPC
125.88670000002367,Vanilla MPC
103.32280000000083,Vanilla MPC
151.62050000003546,Vanilla MPC
101.91279999992275,Vanilla MPC
111.62189999993188,Vanilla MPC
100.6944000000658,Vanilla MPC
103.76829999995607,Vanilla MPC
97.60979999998654,Vanilla MPC
116.36609999993652,Vanilla MPC
137.58259999997335,Vanilla MPC
180.94110000004093,Vanilla MPC
155.44439999996484,Vanilla MPC
96.96599999995215,Vanilla MPC
151.6671999999062,Vanilla MPC
102.33119999998053,Vanilla MPC
100.969100000043,Vanilla MPC
94.12829999996575,Vanilla MPC
99.13110000002234,Vanilla MPC
109.01360000002569,Vanilla MPC
140.8943999999792,Vanilla MPC
581.8644999999378,Vanilla MPC
171.41730000003008,Vanilla MPC
103.2629999999699,Vanilla MPC
124.87610000005134,Vanilla MPC
137.93279999993047,Vanilla MPC
126.73309999991034,Vanilla MPC
158.81339999998545,Vanilla MPC
98.0307999999468,Vanilla MPC
128.6649999999554,Vanilla MPC
144.9376000000484,Vanilla MPC
95.99979999995867,Vanilla MPC
143.6750000000302,Vanilla MPC
139.5409000000427,Vanilla MPC
176.7022999999881,Vanilla MPC
207.31579999994665,Vanilla MPC
202.1538999999848,Vanilla MPC
113.69569999999385,Vanilla MPC
125.98460000003797,Vanilla MPC
103.01880000008623,Vanilla MPC
105.0159999999778,Vanilla MPC
105.20710000002964,Vanilla MPC
153.8024999999834,Vanilla MPC
180.62969999994039,Vanilla MPC
203.0975000000126,Vanilla MPC
110.63359999991462,Vanilla MPC
104.98050000001058,Vanilla MPC
107.34980000006544,Vanilla MPC
155.35890000001018,Vanilla MPC
113.1811000000198,Vanilla MPC
116.88280000009854,Vanilla MPC
159.03560000003836,Vanilla MPC
103.61190000003262,Vanilla MPC
101.103500000022,Vanilla MPC
102.94400000009318,Vanilla MPC
105.47429999996893,Vanilla MPC
104.66229999997267,Vanilla MPC
104.38669999996364,Vanilla MPC
102.53950000003442,Vanilla MPC
100.93290000008892,Vanilla MPC
117.60140000001229,Vanilla MPC
145.46949999999015,Vanilla MPC
151.1427000000367,Vanilla MPC
181.79450000002362,Vanilla MPC
133.38790000000245,Vanilla MPC
143.2091000000355,Vanilla MPC
112.92380000008961,Vanilla MPC
103.68880000009995,Vanilla MPC
125.92559999995956,Vanilla MPC
99.42950000004203,Vanilla MPC
164.02320000008785,Vanilla MPC
102.19050000000607,Vanilla MPC
101.40720000003967,Vanilla MPC
100.7895999999846,Vanilla MPC
97.55199999995057,Vanilla MPC
101.6892000000098,Vanilla MPC
97.20110000000659,Vanilla MPC
129.92209999993065,Vanilla MPC
104.55999999999221,Vanilla MPC
111.03270000000975,Vanilla MPC
109.29929999997512,Vanilla MPC
141.85989999998583,Vanilla MPC
163.20469999993747,Vanilla MPC
119.36079999998128,Vanilla MPC
141.01860000005217,Vanilla MPC
125.81139999997504,Vanilla MPC
106.97130000005473,Vanilla MPC
99.57630000008066,Vanilla MPC
100.77259999991384,Vanilla MPC
100.59430000001157,Vanilla MPC
108.50519999996777,Vanilla MPC
134.67190000005758,Vanilla MPC
101.57619999995404,Vanilla MPC
98.08270000007724,Vanilla MPC
99.67060000008132,Vanilla MPC
115.31679999995958,Vanilla MPC
101.05930000008811,Vanilla MPC
105.00450000006367,Vanilla MPC
114.8368000000346,Vanilla MPC
111.99620000002142,Vanilla MPC
110.45730000000731,Vanilla MPC
151.905700000043,Vanilla MPC
143.82999999997992,Vanilla MPC
126.92620000007082,Vanilla MPC
99.07239999995454,Vanilla MPC
101.23369999996612,Vanilla MPC
97.25670000000264,Vanilla MPC
240.05979999992633,Vanilla MPC
104.58169999992606,Vanilla MPC
106.34079999999813,Vanilla MPC
111.2150000000156,Vanilla MPC
101.83859999995093,Vanilla MPC
106.12250000008316,Vanilla MPC
110.0755999999592,Vanilla MPC
105.70179999990614,Vanilla MPC
113.68079999999736,Vanilla MPC
129.01670000007925,Vanilla MPC
123.98259999997663,Vanilla MPC
903.6939999999731,Vanilla MPC
140.8401999999569,Vanilla MPC
126.50439999993068,Vanilla MPC
107.80529999999544,Vanilla MPC
112.72020000001248,Vanilla MPC
111.18810000004942,Vanilla MPC
138.31179999999677,Vanilla MPC
119.47859999997945,Vanilla MPC
107.42889999994532,Vanilla MPC
104.1306000000759,Vanilla MPC
122.24779999996827,Vanilla MPC
144.67480000007527,Vanilla MPC
104.92859999999382,Vanilla MPC
110.42959999997493,Vanilla MPC
104.22710000000279,Vanilla MPC
127.22169999995003,Vanilla MPC
164.12800000000516,Vanilla MPC
131.75680000006196,Vanilla MPC
102.23069999995005,Vanilla MPC
100.53530000004685,Vanilla MPC
101.51399999995192,Vanilla MPC
99.35110000003533,Vanilla MPC
98.39909999993779,Vanilla MPC
99.63990000005651,Vanilla MPC
130.89130000003024,Vanilla MPC
111.37989999997444,Vanilla MPC
104.51709999995273,Vanilla MPC
97.50459999997929,Vanilla MPC
102.7596999999787,Vanilla MPC
126.47240000001148,Vanilla MPC
145.27379999992718,Vanilla MPC
169.9145000000044,Vanilla MPC
220.09059999993497,Vanilla MPC
130.19629999996596,Vanilla MPC
113.89489999999114,Vanilla MPC
113.47620000003644,Vanilla MPC
110.84019999998418,Vanilla MPC
106.22899999998481,Vanilla MPC
104.69250000005559,Vanilla MPC
105.70749999999407,Vanilla MPC
110.49739999998565,Vanilla MPC
108.35899999995036,Vanilla MPC
106.61769999990156,Vanilla MPC
116.97639999999865,Vanilla MPC
117.17190000001665,Vanilla MPC
113.04209999991599,Vanilla MPC
111.22139999997671,Vanilla MPC
107.61350000007042,Vanilla MPC
109.13619999996627,Vanilla MPC
158.19719999990411,Vanilla MPC
193.62999999998465,Vanilla MPC
152.7333000000226,Vanilla MPC
184.57179999995788,Vanilla MPC
140.12819999993553,Vanilla MPC
118.24939999996786,Vanilla MPC
102.9479999999694,Vanilla MPC
165.00049999990551,Vanilla MPC
156.6265999999814,Vanilla MPC
164.01329999996506,Vanilla MPC
135.8098999999129,Vanilla MPC
175.65130000002682,Vanilla MPC
104.02920000001359,Vanilla MPC
105.29429999996864,Vanilla MPC
107.87179999999807,Vanilla MPC
106.58620000003793,Vanilla MPC
116.05650000001333,Vanilla MPC
112.06939999999577,Vanilla MPC
191.01469999998244,Vanilla MPC
155.50209999992148,Vanilla MPC
119.44369999991977,Vanilla MPC
120.82410000004984,Vanilla MPC
101.83649999999034,Vanilla MPC
104.37850000005255,Vanilla MPC
114.61259999998674,Vanilla MPC
119.33910000004744,Vanilla MPC
132.1083999999928,Vanilla MPC
104.26929999994172,Vanilla MPC
109.18540000000121,Vanilla MPC
110.13759999991635,Vanilla MPC
218.99529999996048,Vanilla MPC
202.3424999999861,Vanilla MPC
166.0673000000088,Vanilla MPC
164.4319000000678,Vanilla MPC
221.01539999994202,Vanilla MPC
184.98220000003585,Vanilla MPC
184.9586000000727,Vanilla MPC
238.30309999993915,Vanilla MPC
204.40949999999702,Vanilla MPC
105.8163999999806,Vanilla MPC
105.59729999999945,Vanilla MPC
110.10759999999209,Vanilla MPC
103.97969999996803,Vanilla MPC
111.2854000000425,Vanilla MPC
121.9955999999911,Vanilla MPC
148.61039999993864,Vanilla MPC
202.9585999999881,Vanilla MPC
178.72590000001765,Vanilla MPC
174.02739999999994,Vanilla MPC
185.8098999999811,Vanilla MPC
159.73510000003444,Vanilla MPC
186.03919999998197,Vanilla MPC
175.7763000000523,Vanilla MPC
174.7487000000092,Vanilla MPC
117.61820000003809,Vanilla MPC
109.2062000000169,Vanilla MPC
130.01169999995454,Vanilla MPC
163.50049999994098,Vanilla MPC
183.39640000010604,Vanilla MPC
194.35759999998936,Vanilla MPC
157.04709999999977,Vanilla MPC
104.845599999976,Vanilla MPC
98.3797000000095,Vanilla MPC
106.83579999999893,Vanilla MPC
103.38560000002417,Vanilla MPC
103.26670000006288,Vanilla MPC
116.89379999995708,Vanilla MPC
126.03439999998045,Vanilla MPC
109.24399999998968,Vanilla MPC
108.5145999999213,Vanilla MPC
123.2230000000527,Vanilla MPC
105.80709999999272,Vanilla MPC
108.56189999992694,Vanilla MPC
211.13179999997556,Vanilla MPC
124.21679999999924,Vanilla MPC
99.58559999995487,Vanilla MPC
111.25299999991967,Vanilla MPC
113.93410000005133,Vanilla MPC
97.96970000002148,Vanilla MPC
98.66829999998572,Vanilla MPC
101.91780000002382,Vanilla MPC
99.53880000000481,Vanilla MPC
420.34940000007737,Vanilla MPC
180.64210000000003,Vanilla MPC
152.22989999995207,Vanilla MPC
106.27970000007281,Vanilla MPC
104.27389999995285,Vanilla MPC
145.92460000005758,Vanilla MPC
116.19490000009591,Vanilla MPC
99.63549999997667,Vanilla MPC
97.98169999999118,Vanilla MPC
99.19409999997697,Vanilla MPC
96.2938000000122,Vanilla MPC
103.44729999997071,Vanilla MPC
98.2346000000689,Vanilla MPC
99.68330000003789,Vanilla MPC
164.65730000004442,Vanilla MPC
117.54280000002382,Vanilla MPC
161.7635000000064,Vanilla MPC
111.30379999997331,Vanilla MPC
151.62520000001223,Vanilla MPC
184.18599999995422,Vanilla MPC
118.52599999997437,Vanilla MPC
108.31400000006397,Vanilla MPC
106.41239999995378,Vanilla MPC
107.50669999993079,Vanilla MPC
114.31030000005649,Vanilla MPC
149.01510000004237,Vanilla MPC
102.54420000001119,Vanilla MPC
125.6733999999824,Vanilla MPC
127.63869999992039,Vanilla MPC
120.2494999999999,Vanilla MPC
109.37469999998939,Vanilla MPC
106.8264000000454,Vanilla MPC
106.01859999997032,Vanilla MPC
109.42569999997431,Vanilla MPC
141.17110000006505,Vanilla MPC
193.71929999999793,Vanilla MPC
190.55100000002767,Vanilla MPC
169.38779999998133,Vanilla MPC
110.69959999997536,Vanilla MPC
99.00000000004638,Vanilla MPC
98.63510000002407,Vanilla MPC
133.1131000000596,Vanilla MPC
101.2542000000849,Vanilla MPC
104.94329999994534,Vanilla MPC
102.07439999999224,Vanilla MPC
100.45409999997901,Vanilla MPC
96.00479999994604,Vanilla MPC
98.85550000001331,Vanilla MPC
106.96450000000368,Vanilla MPC
122.4985999999717,Vanilla MPC
125.11689999996634,Vanilla MPC
137.56120000005012,Vanilla MPC
114.87190000002556,Vanilla MPC
123.28639999998359,Vanilla MPC
154.78959999995823,Vanilla MPC
123.50289999994857,Vanilla MPC
98.99169999994228,Vanilla MPC
101.46129999998266,Vanilla MPC
105.00980000006166,Vanilla MPC
146.38270000000375,Vanilla MPC
171.4139000000614,Vanilla MPC
193.95959999997103,Vanilla MPC
171.25769999995555,Vanilla MPC
171.82470000000194,Vanilla MPC
107.07450000006702,Vanilla MPC
109.94510000000446,Vanilla MPC
109.76400000004105,Vanilla MPC
109.3565999999555,Vanilla MPC
159.81110000006993,Vanilla MPC
112.5765000000456,Vanilla MPC
108.38730000000396,Vanilla MPC
123.29290000002402,Vanilla MPC
160.48000000000684,Vanilla MPC
125.98639999998795,Vanilla MPC
110.11139999993702,Vanilla MPC
107.2174000000814,Vanilla MPC
107.80169999998179,Vanilla MPC
126.21749999993881,Vanilla MPC
121.493399999963,Vanilla MPC
106.11500000004526,Vanilla MPC
106.0331999999562,Vanilla MPC
102.39070000000083,Vanilla MPC
107.99070000007305,Vanilla MPC
109.88370000006853,Vanilla MPC
155.07919999993192,Vanilla MPC
107.19160000007832,Vanilla MPC
105.53269999991244,Vanilla MPC
130.0507999999354,Vanilla MPC
132.81819999997424,Vanilla MPC
105.56799999994837,Vanilla MPC
104.27680000009332,Vanilla MPC
137.83939999996164,Vanilla MPC
169.73000000007232,Vanilla MPC
181.322899999941,Vanilla MPC
125.08519999994405,Vanilla MPC
105.90539999998327,Vanilla MPC
137.62030000009418,Vanilla MPC
114.50020000006589,Vanilla MPC
96.36230000000978,Vanilla MPC
116.41580000002705,Vanilla MPC
98.87140000000727,Vanilla MPC
103.47560000002431,Vanilla MPC
97.16679999996813,Vanilla MPC
269.95050000004994,Vanilla MPC
116.7084999999588,Vanilla MPC
117.01800000003004,Vanilla MPC
134.39809999999852,Vanilla MPC
106.58580000006168,Vanilla MPC
103.03779999992457,Vanilla MPC
108.2638999999972,Vanilla MPC
105.9815000000981,Vanilla MPC
131.67880000003152,Vanilla MPC
168.1477999999288,Vanilla MPC
193.56149999998706,Vanilla MPC
179.85599999997248,Vanilla MPC
143.796400000042,Vanilla MPC
168.36860000000797,Vanilla MPC
116.41450000001896,Vanilla MPC
121.08160000002499,Vanilla MPC
118.17320000000109,Vanilla MPC
102.30490000003556,Vanilla MPC
115.68350000004557,Vanilla MPC
132.99940000001698,Vanilla MPC
182.54170000000158,Vanilla MPC
150.6341000000475,Vanilla MPC
113.39799999996103,Vanilla MPC
105.753199999981,Vanilla MPC
163.27960000000985,Vanilla MPC
140.74649999997746,Vanilla MPC
153.45219999994697,Vanilla MPC
160.68759999996018,Vanilla MPC
162.06769999996595,Vanilla MPC
213.43310000008842,Vanilla MPC
101.78589999998167,Vanilla MPC
95.71670000002541,Vanilla MPC
95.39030000007642,Vanilla MPC
101.9502999999986,Vanilla MPC
115.65269999994143,Vanilla MPC
149.94480000007115,Vanilla MPC
108.05279999999584,Vanilla MPC
99.25060000000485,Vanilla MPC
98.57410000006439,Vanilla MPC
96.9499000000269,Vanilla MPC
98.523699999987,Vanilla MPC
94.63130000006004,Vanilla MPC
98.35469999995894,Vanilla MPC
106.92919999996775,Vanilla MPC
193.6714999999367,Vanilla MPC
112.61990000002697,Vanilla MPC
115.72069999999712,Vanilla MPC
168.9150999999356,Vanilla MPC
125.65119999999297,Vanilla MPC
170.14449999999215,Vanilla MPC
251.7813000000615,Vanilla MPC
143.88469999994413,Vanilla MPC
103.18050000000767,Vanilla MPC
106.51519999998982,Vanilla MPC
106.5181000000166,Vanilla MPC
109.94249999998829,Vanilla MPC
128.07469999995647,Vanilla MPC
110.87130000009893,Vanilla MPC
108.99779999999737,Vanilla MPC
117.2546999999895,Vanilla MPC
143.70600000006561,Vanilla MPC
197.63799999998355,Vanilla MPC
247.11809999996603,Vanilla MPC
232.4550000000727,Vanilla MPC
198.3216999999513,Vanilla MPC
218.72510000002876,Vanilla MPC
234.99470000001565,Vanilla MPC
188.66589999993266,Vanilla MPC
249.7077000000445,Vanilla MPC
178.06280000002062,Vanilla MPC
164.1157999999905,Vanilla MPC
219.16090000001986,Vanilla MPC
229.67389999996612,Vanilla MPC
223.58459999998104,Vanilla MPC
181.7882999999938,Vanilla MPC
153.61289999998462,Vanilla MPC
150.66830000000664,Vanilla MPC
193.9734000000044,Vanilla MPC
277.598800000078,Vanilla MPC
215.4216000000133,Vanilla MPC
197.48949999996057,Vanilla MPC
246.96219999998448,Vanilla MPC
235.7372999999825,Vanilla MPC
135.50629999997454,Vanilla MPC
130.59129999999186,Vanilla MPC
177.7949999999464,Vanilla MPC
169.9270000000297,Vanilla MPC
133.4795000000213,Vanilla MPC
148.55980000004365,Vanilla MPC
117.2219000000041,Vanilla MPC
121.34690000004866,Vanilla MPC
115.88970000002519,Vanilla MPC
104.95140000000447,Vanilla MPC
172.67870000000585,Vanilla MPC
161.00299999993695,Vanilla MPC
252.731600000061,Vanilla MPC
141.64080000000467,Vanilla MPC
116.22529999999642,Vanilla MPC
138.0419999999276,Vanilla MPC
250.61760000005506,Vanilla MPC
178.63419999991947,Vanilla MPC
206.48959999994076,Vanilla MPC
116.13310000007004,Vanilla MPC
126.03839999997035,Vanilla MPC
128.85949999997592,Vanilla MPC
130.93620000006467,Vanilla MPC
141.4135999999644,Vanilla MPC
143.44570000002932,Vanilla MPC
187.7753000001121,Vanilla MPC
163.3898999999701,Vanilla MPC
191.67959999992945,Vanilla MPC
281.2258000000156,Vanilla MPC
203.1693000000132,Vanilla MPC
185.86100000004535,Vanilla MPC
165.71409999994557,Vanilla MPC
194.55440000001545,Vanilla MPC
214.67539999991914,Vanilla MPC
161.15639999998166,Vanilla MPC
178.70970000001307,Vanilla MPC
174.03439999998227,Vanilla MPC
185.71509999992486,Vanilla MPC
249.38080000003993,Vanilla MPC
336.79849999998623,Vanilla MPC
177.96249999992142,Vanilla MPC
181.76390000007814,Vanilla MPC
189.18780000001334,Vanilla MPC
162.85049999999046,Vanilla MPC
198.0045999999902,Vanilla MPC
186.9914000000108,Vanilla MPC
177.85479999997733,Vanilla MPC
180.45389999997496,Vanilla MPC
221.31600000000162,Vanilla MPC
197.8275000000167,Vanilla MPC
187.20940000002884,Vanilla MPC
159.71930000000611,Vanilla MPC
152.52160000000003,Vanilla MPC
187.29020000000673,Vanilla MPC
172.76219999996556,Vanilla MPC
170.4939999999624,Vanilla MPC
178.51249999989705,Vanilla MPC
188.30989999992198,Vanilla MPC
164.7335000000112,Vanilla MPC
164.66120000006867,Vanilla MPC
162.10189999992508,Vanilla MPC
168.49660000002586,Vanilla MPC
199.06349999996564,Vanilla MPC
196.79689999998118,Vanilla MPC
174.05150000001868,Vanilla MPC
177.69190000001345,Vanilla MPC
179.80280000006132,Vanilla MPC
189.30980000004638,Vanilla MPC
186.58979999997882,Vanilla MPC
202.7914000000237,Vanilla MPC
190.6024999999545,Vanilla MPC
165.46690000006947,Vanilla MPC
158.23069999999007,Vanilla MPC
187.60770000005778,Vanilla MPC
215.217300000063,Vanilla MPC
184.7774999999956,Vanilla MPC
188.44239999998535,Vanilla MPC
151.2258999999858,Vanilla MPC
178.23659999999109,Vanilla MPC
186.6839000000482,Vanilla MPC
180.74849999993603,Vanilla MPC
342.00060000000576,Vanilla MPC
173.28859999997803,Vanilla MPC
165.74119999995673,Vanilla MPC
179.3423999999959,Vanilla MPC
198.80449999993743,Vanilla MPC
173.90450000004876,Vanilla MPC
184.2957999999726,Vanilla MPC
227.29230000004463,Vanilla MPC
197.66870000000836,Vanilla MPC
203.09329999997772,Vanilla MPC
210.8986000000641,Vanilla MPC
178.42299999995248,Vanilla MPC
208.12339999997675,Vanilla MPC
178.21679999997286,Vanilla MPC
172.58089999995718,Vanilla MPC
176.2588000000278,Vanilla MPC
163.98079999999027,Vanilla MPC
181.57410000003438,Vanilla MPC
178.55699999995522,Vanilla MPC
210.403299999939,Vanilla MPC
173.83010000003196,Vanilla MPC
406.1633000000029,Vanilla MPC
154.30609999998524,Vanilla MPC
176.33630000000267,Vanilla MPC
188.39420000006157,Vanilla MPC
160.47979999996187,Vanilla MPC
183.91940000003615,Vanilla MPC
182.07699999993565,Vanilla MPC
185.25870000007671,Vanilla MPC
152.95179999998254,Vanilla MPC
181.42679999994016,Vanilla MPC
171.67749999998705,Vanilla MPC
157.85920000007536,Vanilla MPC
179.97030000003633,Vanilla MPC
220.61410000003434,Vanilla MPC
188.0610999999135,Vanilla MPC
188.04579999994075,Vanilla MPC
212.28110000004108,Vanilla MPC
179.1402000000062,Vanilla MPC
187.76650000006612,Vanilla MPC
176.75369999994928,Vanilla MPC
188.5168999999678,Vanilla MPC
176.73389999993105,Vanilla MPC
183.55320000000575,Vanilla MPC
184.80529999999362,Vanilla MPC
170.87449999996807,Vanilla MPC
178.68700000008175,Vanilla MPC
214.54549999998562,Vanilla MPC
187.43589999996857,Vanilla MPC
182.29919999998856,Vanilla MPC
204.9769999999853,Vanilla MPC
210.3165999999419,Vanilla MPC
240.4666999999563,Vanilla MPC
195.04529999994702,Vanilla MPC
170.27659999996558,Vanilla MPC
213.7066999999888,Vanilla MPC
191.5620999999419,Vanilla MPC
188.23699999995824,Vanilla MPC
157.30389999998806,Vanilla MPC
157.51299999999446,Vanilla MPC
171.0901000000149,Vanilla MPC
183.2809999999654,Vanilla MPC
176.88060000000405,Vanilla MPC
180.8809999999994,Vanilla MPC
172.95950000004723,Vanilla MPC
190.1014000000032,Vanilla MPC
180.1646000000119,Vanilla MPC
182.24290000000565,Vanilla MPC
164.7986000000401,Vanilla MPC
189.85940000004575,Vanilla MPC
186.26749999998538,Vanilla MPC
178.04019999994125,Vanilla MPC
166.7098000000351,Vanilla MPC
169.7322999999642,Vanilla MPC
170.75039999997443,Vanilla MPC
182.92350000001534,Vanilla MPC
182.91929999998047,Vanilla MPC
171.38900000009016,Vanilla MPC
153.61749999999574,Vanilla MPC
99.46400000001177,Vanilla MPC
104.25550000002204,Vanilla MPC
98.29840000008971,Vanilla MPC
122.00190000010025,Vanilla MPC
124.1631000000325,Vanilla MPC
389.5404999999528,Vanilla MPC
141.84099999999944,Vanilla MPC
111.4805999999362,Vanilla MPC
103.4341999999242,Vanilla MPC
109.03130000008332,Vanilla MPC
104.72900000002028,Vanilla MPC
111.22360000001663,Vanilla MPC
120.598100000052,Vanilla MPC
164.72840000005817,Vanilla MPC
170.41619999997693,Vanilla MPC
125.68480000004456,Vanilla MPC
106.16240000001653,Vanilla MPC
103.42860000002929,Vanilla MPC
112.50929999994241,Vanilla MPC
108.37169999990692,Vanilla MPC
120.47729999994772,Vanilla MPC
124.39150000000154,Vanilla MPC
142.20709999995051,Vanilla MPC
138.68079999997462,Vanilla MPC
178.88289999996232,Vanilla MPC
124.01420000003327,Vanilla MPC
196.3725999999042,Vanilla MPC
180.81229999995685,Vanilla MPC
179.01990000007117,Vanilla MPC
187.97889999996187,Vanilla MPC
190.4247000001078,Vanilla MPC
175.219200000015,Vanilla MPC
182.48090000008688,Vanilla MPC
311.24709999994593,Vanilla MPC
208.33970000001045,Vanilla MPC
180.66890000000058,Vanilla MPC
228.87980000007246,Vanilla MPC
195.50249999997504,Vanilla MPC
221.6863999999532,Vanilla MPC
191.8587000000116,Vanilla MPC
169.88759999992453,Vanilla MPC
190.92649999993228,Vanilla MPC
195.51430000001346,Vanilla MPC
193.39610000008634,Vanilla MPC
192.55789999999706,Vanilla MPC
177.062400000068,Vanilla MPC
210.57940000002873,Vanilla MPC
180.3443999999672,Vanilla MPC
181.8977000000359,Vanilla MPC
186.33870000007846,Vanilla MPC
185.55459999993218,Vanilla MPC
175.72119999999813,Vanilla MPC
185.83910000006654,Vanilla MPC
154.8833999999033,Vanilla MPC
165.50530000006347,Vanilla MPC
177.22379999997884,Vanilla MPC
167.3823999999513,Vanilla MPC
182.81709999996565,Vanilla MPC
323.2748000000356,Vanilla MPC
211.39879999998357,Vanilla MPC
189.3472000000429,Vanilla MPC
179.1285000000471,Vanilla MPC
177.3183999999901,Vanilla MPC
184.16450000006535,Vanilla MPC
175.64040000002024,Vanilla MPC
197.7435000000014,Vanilla MPC
202.5471000000607,Vanilla MPC
246.45520000001397,Vanilla MPC
188.88970000000427,Vanilla MPC
216.61940000001323,Vanilla MPC
222.48720000004596,Vanilla MPC
184.6754000000601,Vanilla MPC
188.74960000005103,Vanilla MPC
179.99389999999948,Vanilla MPC
199.7987000000876,Vanilla MPC
199.2153999999573,Vanilla MPC
168.03040000002056,Vanilla MPC
312.1581000000333,Vanilla MPC
184.99870000005103,Vanilla MPC
190.3347999999596,Vanilla MPC
139.19549999991432,Vanilla MPC
111.92640000001575,Vanilla MPC
110.8604999999443,Vanilla MPC
142.44750000000295,Vanilla MPC
133.46019999994496,Vanilla MPC
141.00020000000768,Vanilla MPC
120.26289999994333,Vanilla MPC
114.1175000000203,Vanilla MPC
116.85439999996561,Vanilla MPC
115.89089999995394,Vanilla MPC
116.80790000002617,Vanilla MPC
109.72160000005715,Vanilla MPC
125.12099999992188,Vanilla MPC
239.49179999999615,Vanilla MPC
191.05240000010326,Vanilla MPC
176.4507999999978,Vanilla MPC
180.43349999993552,Vanilla MPC
163.3755000000292,Vanilla MPC
173.97140000002764,Vanilla MPC
182.32499999999163,Vanilla MPC
200.02069999998184,Vanilla MPC
196.78769999995893,Vanilla MPC
270.25800000001254,Vanilla MPC
190.8298000000741,Vanilla MPC
171.23700000001918,Vanilla MPC
180.1274999999123,Vanilla MPC
178.91309999993155,Vanilla MPC
159.39009999999598,Vanilla MPC
170.53650000002563,Vanilla MPC
186.4219999999932,Vanilla MPC
186.78569999997308,Vanilla MPC
201.57389999997122,Vanilla MPC
174.68080000003283,Vanilla MPC
194.89550000002964,Vanilla MPC
184.173200000032,Vanilla MPC
232.11430000003475,Vanilla MPC
235.14060000002246,Vanilla MPC
252.9460000000654,Vanilla MPC
219.29879999993318,Vanilla MPC
181.40140000002702,Vanilla MPC
233.50929999992331,Vanilla MPC
276.35510000004615,Vanilla MPC
210.84210000003623,Vanilla MPC
189.5832000000155,Vanilla MPC
186.92929999997432,Vanilla MPC
211.5680000000566,Vanilla MPC
291.86570000001666,Vanilla MPC
233.5533000000396,Vanilla MPC
224.34240000006866,Vanilla MPC
247.0332000000326,Vanilla MPC
214.94170000005397,Vanilla MPC
147.5970999999845,Vanilla MPC
199.43510000007336,Vanilla MPC
188.9169999999467,Vanilla MPC
182.41180000006807,Vanilla MPC
204.4396000000006,Vanilla MPC
231.15810000001602,Vanilla MPC
137.91760000003705,Vanilla MPC
150.93179999996664,Vanilla MPC
177.99330000002556,Vanilla MPC
236.67879999993602,Vanilla MPC
136.03669999997692,Vanilla MPC
207.4680000000626,Vanilla MPC
135.05159999999705,Vanilla MPC
160.34160000003794,Vanilla MPC
164.60280000001148,Vanilla MPC
124.52170000005935,Vanilla MPC
174.36000000009244,Vanilla MPC
229.52510000004622,Vanilla MPC
170.2649000000065,Vanilla MPC
206.93149999999605,Vanilla MPC
189.7510000000011,Vanilla MPC
176.99000000004617,Vanilla MPC
189.63989999997466,Vanilla MPC
215.22859999993216,Vanilla MPC
179.45780000002287,Vanilla MPC
177.89279999999508,Vanilla MPC
182.48900000003232,Vanilla MPC
193.362900000011,Vanilla MPC
153.50069999999505,Vanilla MPC
127.86180000000513,Vanilla MPC
176.5156000000161,Vanilla MPC
167.88210000004256,Vanilla MPC
179.25180000008822,Vanilla MPC
207.56870000002436,Vanilla MPC
229.180700000029,Vanilla MPC
194.61489999991954,Vanilla MPC
149.60840000003373,Vanilla MPC
216.90619999992578,Vanilla MPC
161.4898999999923,Vanilla MPC
162.62329999995018,Vanilla MPC
178.15500000006068,Vanilla MPC
146.85210000004645,Vanilla MPC
210.23909999996704,Vanilla MPC
185.42790000003606,Vanilla MPC
183.98030000003018,Vanilla MPC
160.00870000004852,Vanilla MPC
193.54270000008,Vanilla MPC
149.374699999953,Vanilla MPC
192.3240999999507,Vanilla MPC
222.9159000000891,Vanilla MPC
147.6083000000017,Vanilla MPC
191.95109999998294,Vanilla MPC
192.5071000000571,Vanilla MPC
123.91219999994973,Vanilla MPC
132.85610000002634,Vanilla MPC
199.737099999993,Vanilla MPC
184.45659999997588,Vanilla MPC
171.01930000001175,Vanilla MPC
171.66550000001735,Vanilla MPC
174.60159999995994,Vanilla MPC
175.27640000002975,Vanilla MPC
143.6038000000508,Vanilla MPC
163.15480000002935,Vanilla MPC
139.48310000000674,Vanilla MPC
108.80059999999503,Vanilla MPC
260.6069999999363,Vanilla MPC
154.44060000004356,Vanilla MPC
113.87830000001031,Vanilla MPC
104.85620000008566,Vanilla MPC
110.97480000000814,Vanilla MPC
107.27460000009614,Vanilla MPC
122.70760000001246,Vanilla MPC
178.3132000000478,Vanilla MPC
191.9706999999562,Vanilla MPC
131.40119999991384,Vanilla MPC
103.78509999998187,Vanilla MPC
101.9048999999086,Vanilla MPC
134.7516999999243,Vanilla MPC
98.67869999993673,Vanilla MPC
107.49110000006112,Vanilla MPC
243.6837000000196,Vanilla MPC
176.87390000003234,Vanilla MPC
136.26260000000912,Vanilla MPC
154.44520000005468,Vanilla MPC
133.01650000005338,Vanilla MPC
107.15540000001056,Vanilla MPC
105.17830000003414,Vanilla MPC
103.97460000001502,Vanilla MPC
113.00410000001193,Vanilla MPC
116.02760000005219,Vanilla MPC
115.95249999993484,Vanilla MPC
108.4765000000516,Vanilla MPC
104.76329999994505,Vanilla MPC
112.85490000000209,Vanilla MPC
102.63150000002952,Vanilla MPC
102.28460000007544,Vanilla MPC
134.19549999991887,Vanilla MPC
113.33750000005693,Vanilla MPC
124.91639999996096,Vanilla MPC
129.14149999994606,Vanilla MPC
138.3591000000024,Vanilla MPC
115.67120000006526,Vanilla MPC
122.7944000000889,Vanilla MPC
119.87079999994421,Vanilla MPC
132.71790000010242,Vanilla MPC
127.72310000002562,Vanilla MPC
104.15690000002087,Vanilla MPC
104.01899999999387,Vanilla MPC
115.76039999999921,Vanilla MPC
187.33350000002247,Vanilla MPC
209.16560000000572,Vanilla MPC
274.07159999995656,Vanilla MPC
181.9114999999556,Vanilla MPC
167.09550000007312,Vanilla MPC
175.18830000005892,Vanilla MPC
169.7470000000294,Vanilla MPC
166.9069000000718,Vanilla MPC
183.2573000000366,Vanilla MPC
165.44470000008005,Vanilla MPC
146.28410000000258,Vanilla MPC
170.61890000002222,Vanilla MPC
192.81420000004346,Vanilla MPC
162.5359000000799,Vanilla MPC
155.65499999991061,Vanilla MPC
156.054499999982,Vanilla MPC
143.64980000004834,Vanilla MPC
169.56720000007408,Vanilla MPC
178.9165000000139,Vanilla MPC
217.74130000005698,Vanilla MPC
208.57389999991938,Vanilla MPC
207.4541000000636,Vanilla MPC
206.12289999996847,Vanilla MPC
209.3866000000162,Vanilla MPC
210.86330000002818,Vanilla MPC
209.12599999996928,Vanilla MPC
170.7593999999517,Vanilla MPC
173.93090000007305,Vanilla MPC
181.0317000000623,Vanilla MPC
180.97390000002633,Vanilla MPC
175.4432000000179,Vanilla MPC
179.70850000006067,Vanilla MPC
152.0972000000711,Vanilla MPC
237.05539999991743,Vanilla MPC
187.87169999995967,Vanilla MPC
187.10950000001958,Vanilla MPC
181.24260000001868,Vanilla MPC
198.00759999998263,Vanilla MPC
194.62940000005347,Vanilla MPC
121.76099999999224,Vanilla MPC
113.66540000005898,Vanilla MPC
117.84699999998338,Vanilla MPC
119.55219999993005,Vanilla MPC
323.6853999999312,Vanilla MPC
138.73839999996562,Vanilla MPC
126.99099999997543,Vanilla MPC
138.97509999992508,Vanilla MPC
163.49860000002536,Vanilla MPC
217.02809999999317,Vanilla MPC
177.11589999998978,Vanilla MPC
128.48559999997633,Vanilla MPC
142.79110000006767,Vanilla MPC
138.25039999994715,Vanilla MPC
135.28769999993528,Vanilla MPC
135.07939999999508,Vanilla MPC
130.18369999997503,Vanilla MPC
145.10100000006787,Vanilla MPC
148.8592000000608,Vanilla MPC
133.92829999997957,Vanilla MPC
137.41460000005645,Vanilla MPC
146.99080000002596,Vanilla MPC
177.5664000000461,Vanilla MPC
200.78350000005685,Vanilla MPC
155.69390000007388,Vanilla MPC
226.09360000001288,Vanilla MPC
232.81569999994645,Vanilla MPC
193.07579999997415,Vanilla MPC
224.81930000003558,Vanilla MPC
211.60090000000764,Vanilla MPC
203.18950000000768,Vanilla MPC
198.25670000000173,Vanilla MPC
203.66130000002158,Vanilla MPC
148.61309999992045,Vanilla MPC
154.41210000005867,Vanilla MPC
198.8395999999284,Vanilla MPC
216.05369999997492,Vanilla MPC
179.94910000015807,Vanilla MPC
174.59729999995943,Vanilla MPC
183.25820000018211,Vanilla MPC
186.78720000002613,Vanilla MPC
188.93129999992198,Vanilla MPC
204.96349999984886,Vanilla MPC
231.4109000001281,Vanilla MPC
176.4267999999447,Vanilla MPC
178.47459999984494,Vanilla MPC
150.62659999989592,Vanilla MPC
194.68080000001464,Vanilla MPC
190.10700000012548,Vanilla MPC
190.168900000117,Vanilla MPC
161.09769999980017,Vanilla MPC
171.2393999998767,Vanilla MPC
189.96709999987615,Vanilla MPC
174.8061000000689,Vanilla MPC
176.85859999983222,Vanilla MPC
177.9728999999861,Vanilla MPC
157.4511999999686,Vanilla MPC
173.78020000001015,Vanilla MPC
178.9574999997967,Vanilla MPC
164.01629999995748,Vanilla MPC
166.46530000002713,Vanilla MPC
178.92570000003616,Vanilla MPC
161.45740000001751,Vanilla MPC
171.40139999992243,Vanilla MPC
173.58549999994466,Vanilla MPC
399.19129999998404,Vanilla MPC
192.4879000000601,Vanilla MPC
196.2121000001389,Vanilla MPC
211.15340000005745,Vanilla MPC
245.52990000006503,Vanilla MPC
231.41129999999066,Vanilla MPC
196.27029999992374,Vanilla MPC
170.93799999997827,Vanilla MPC
187.98740000011094,Vanilla MPC
177.37949999991542,Vanilla MPC
174.4492000000264,Vanilla MPC
169.72710000004554,Vanilla MPC
151.31510000014714,Vanilla MPC
148.08979999997973,Vanilla MPC
163.4174000000712,Vanilla MPC
180.14679999987493,Vanilla MPC
177.3486999998113,Vanilla MPC
183.67400000011003,Vanilla MPC
224.49609999989661,Vanilla MPC
189.79749999994056,Vanilla MPC
187.5236999999288,Vanilla MPC
185.16180000005988,Vanilla MPC
188.33979999999428,Vanilla MPC
175.9205999999267,Vanilla MPC
152.54800000002433,Vanilla MPC
171.81049999999232,Vanilla MPC
167.04790000017056,Vanilla MPC
177.36220000006142,Vanilla MPC
173.47770000014862,Vanilla MPC
177.74949999989076,Vanilla MPC
174.31229999988318,Vanilla MPC
158.8117000001148,Vanilla MPC
182.03219999986686,Vanilla MPC
177.24439999983588,Vanilla MPC
171.20169999998325,Vanilla MPC
186.35440000002745,Vanilla MPC
180.48330000010537,Vanilla MPC
171.64649999995163,Vanilla MPC
224.74220000003697,Vanilla MPC
205.17169999993712,Vanilla MPC
186.9993999998769,Vanilla MPC
233.35080000015296,Vanilla MPC
216.08059999994111,Vanilla MPC
186.36270000001787,Vanilla MPC
189.32169999993675,Vanilla MPC
179.23239999981888,Vanilla MPC
202.3436000001766,Vanilla MPC
169.4999999999709,Vanilla MPC
184.01259999996,Vanilla MPC
175.67699999995057,Vanilla MPC
186.4048999998431,Vanilla MPC
185.67350000012084,Vanilla MPC
171.32709999987128,Vanilla MPC
176.05559999992693,Vanilla MPC
155.52019999995537,Vanilla MPC
168.65520000010292,Vanilla MPC
191.42250000004424,Vanilla MPC
182.066500000019,Vanilla MPC
190.03939999993236,Vanilla MPC
215.37400000011075,Vanilla MPC
165.62520000002223,Vanilla MPC
178.87120000000323,Vanilla MPC
163.7322999999924,Vanilla MPC
172.26129999994555,Vanilla MPC
178.89130000003206,Vanilla MPC
180.9560000001511,Vanilla MPC
172.38049999991745,Vanilla MPC
162.6423000000159,Vanilla MPC
166.60149999984242,Vanilla MPC
178.85899999987487,Vanilla MPC
171.72419999997146,Vanilla MPC
202.18039999986104,Vanilla MPC
227.52109999987624,Vanilla MPC
186.09280000009676,Vanilla MPC
194.97320000004947,Vanilla MPC
187.37899999996444,Vanilla MPC
182.0090999999593,Vanilla MPC
241.6967999999997,Vanilla MPC
300.2252999999655,Vanilla MPC
253.09389999983978,Vanilla MPC
257.4311000000762,Vanilla MPC
232.81700000006822,Vanilla MPC
223.16860000000815,Vanilla MPC
181.3761999999315,Vanilla MPC
196.42110000017965,Vanilla MPC
196.38880000002246,Vanilla MPC
211.77330000000438,Vanilla MPC
197.39879999997356,Vanilla MPC
184.35839999983727,Vanilla MPC
214.98789999986911,Vanilla MPC
238.27499999993051,Vanilla MPC
191.81109999999535,Vanilla MPC
179.4644999999946,Vanilla MPC
174.3747999998959,Vanilla MPC
241.3793999999143,Vanilla MPC
168.53939999987233,Vanilla MPC
213.95080000002054,Vanilla MPC
190.9951000000092,Vanilla MPC
188.81329999999252,Vanilla MPC
191.13519999996242,Vanilla MPC
213.71810000005098,Vanilla MPC
186.80830000016613,Vanilla MPC
223.98400000020047,Vanilla MPC
228.16899999997986,Vanilla MPC
184.3626000002132,Vanilla MPC
182.77050000006057,Vanilla MPC
193.27049999992596,Vanilla MPC
180.6642000001375,Vanilla MPC
193.53719999980967,Vanilla MPC
176.0541999999532,Vanilla MPC
157.62000000017906,Vanilla MPC
183.600800000022,Vanilla MPC
176.10070000000633,Vanilla MPC
165.7689000001028,Vanilla MPC
170.4586000000745,Vanilla MPC
169.86460000020998,Vanilla MPC
180.27469999992718,Vanilla MPC
213.93349999993916,Vanilla MPC
169.8105000000396,Vanilla MPC
183.41239999995196,Vanilla MPC
183.05080000004637,Vanilla MPC
179.56370000001698,Vanilla MPC
169.8453999999856,Vanilla MPC
171.88690000011775,Vanilla MPC
181.47449999992205,Vanilla MPC
163.48119999997834,Vanilla MPC
173.93670000001293,Vanilla MPC
191.14730000001146,Vanilla MPC
170.16370000010284,Vanilla MPC
157.37600000011298,Vanilla MPC
181.80209999991348,Vanilla MPC
144.34319999986656,Vanilla MPC
220.78000000010434,Vanilla MPC
145.32389999999396,Vanilla MPC
130.04049999995004,Vanilla MPC
126.91589999985808,Vanilla MPC
168.9252999999553,Vanilla MPC
118.71429999996508,Vanilla MPC
188.98639999997613,Vanilla MPC
201.07739999980367,Vanilla MPC
133.44840000013392,Vanilla MPC
137.96500000012202,Vanilla MPC
134.60710000003928,Vanilla MPC
157.29110000006585,Vanilla MPC
175.9148000001005,Vanilla MPC
188.57690000004368,Vanilla MPC
148.07120000000396,Vanilla MPC
203.91730000005737,Vanilla MPC
146.8909000000167,Vanilla MPC
140.9569999998439,Vanilla MPC
208.22739999994155,Vanilla MPC
177.6890999999523,Vanilla MPC
170.2508000000762,Vanilla MPC
162.68849999983104,Vanilla MPC
183.81240000007892,Vanilla MPC
196.04870000011942,Vanilla MPC
163.19400000020323,Vanilla MPC
187.76099999990947,Vanilla MPC
222.42679999999382,Vanilla MPC
122.53239999995458,Vanilla MPC
113.90449999998964,Vanilla MPC
124.86919999992097,Vanilla MPC
123.10989999991762,Vanilla MPC
118.5824000001503,Vanilla MPC
144.3924000000152,Vanilla MPC
115.15570000005937,Vanilla MPC
153.3247999998366,Vanilla MPC
149.07759999982773,Vanilla MPC
152.10979999983465,Vanilla MPC
132.24289999993744,Vanilla MPC
143.20279999992636,Vanilla MPC
175.01430000015716,Vanilla MPC
239.46700000010424,Vanilla MPC
147.3791999999321,Vanilla MPC
121.380100000124,Vanilla MPC
121.3826999999128,Vanilla MPC
120.2270999999655,Vanilla MPC
119.39890000007836,Vanilla MPC
117.89739999994708,Vanilla MPC
116.0456999998587,Vanilla MPC
112.27519999988544,Vanilla MPC
117.45710000013787,Vanilla MPC
115.37569999995867,Vanilla MPC
143.27579999985574,Vanilla MPC
107.56339999988995,Vanilla MPC
109.84419999999773,Vanilla MPC
125.55139999994935,Vanilla MPC
113.11380000006466,Vanilla MPC
113.12060000000201,Vanilla MPC
130.0861999998233,Vanilla MPC
138.21429999984503,Vanilla MPC
171.63959999993494,Vanilla MPC
122.57049999993797,Vanilla MPC
130.34190000007584,Vanilla MPC
119.3362999999863,Vanilla MPC
111.43870000000788,Vanilla MPC
111.35239999998703,Vanilla MPC
110.4542999999012,Vanilla MPC
109.31810000010955,Vanilla MPC
108.14720000007583,Vanilla MPC
108.8787000001048,Vanilla MPC
109.14230000003045,Vanilla MPC
110.57719999985238,Vanilla MPC
444.70330000012837,Vanilla MPC
135.8708000000206,Vanilla MPC
156.73119999996743,Vanilla MPC
149.67249999995147,Vanilla MPC
112.67920000000231,Vanilla MPC
113.3741999999529,Vanilla MPC
111.45430000010492,Vanilla MPC
103.1826999999339,Vanilla MPC
102.44469999997818,Vanilla MPC
106.1843999998473,Vanilla MPC
107.57360000002336,Vanilla MPC
107.29160000005322,Vanilla MPC
167.6350000000184,Vanilla MPC
115.70820000019921,Vanilla MPC
128.55860000013308,Vanilla MPC
127.43009999985588,Vanilla MPC
149.49249999995118,Vanilla MPC
161.08380000014222,Vanilla MPC
145.7216999999673,Vanilla MPC
194.85359999998764,Vanilla MPC
113.23040000002038,Vanilla MPC
109.4441000000188,Vanilla MPC
106.83349999999336,Vanilla MPC
106.71670000010636,Vanilla MPC
107.14750000011009,Vanilla MPC
119.49830000003203,Vanilla MPC
111.57040000011875,Vanilla MPC
260.4691000001367,Vanilla MPC
124.47770000017044,Vanilla MPC
132.10099999992053,Vanilla MPC
169.26349999994272,Vanilla MPC
160.44639999995525,Vanilla MPC
128.5597000000962,Vanilla MPC
143.1115000000318,Vanilla MPC
146.73769999990327,Vanilla MPC
141.61029999991115,Vanilla MPC
222.49369999985902,Vanilla MPC
156.62270000007084,Vanilla MPC
125.46000000020285,Vanilla MPC
134.00819999992564,Vanilla MPC
127.5116000001617,Vanilla MPC
120.07309999989957,Vanilla MPC
123.99219999997513,Vanilla MPC
134.86330000000635,Vanilla MPC
155.8689000000868,Vanilla MPC
118.37239999999838,Vanilla MPC
118.84420000001228,Vanilla MPC
115.20980000000236,Vanilla MPC
113.0971000000045,Vanilla MPC
112.15640000000349,Vanilla MPC
110.84549999986848,Vanilla MPC
110.91520000013588,Vanilla MPC
116.04899999997542,Vanilla MPC
262.66740000005484,Vanilla MPC
131.4354999999523,Vanilla MPC
160.91630000005352,Vanilla MPC
170.55230000005395,Vanilla MPC
201.83610000003682,Vanilla MPC
179.83329999992748,Vanilla MPC
176.64680000007138,Vanilla MPC
178.17049999985102,Vanilla MPC
179.57190000015544,Vanilla MPC
172.9797000000417,Vanilla MPC
175.79049999994822,Vanilla MPC
137.59800000002542,Vanilla MPC
107.86049999978786,Vanilla MPC
122.88429999989603,Vanilla MPC
131.68580000001384,Vanilla MPC
123.22779999999511,Vanilla MPC
180.58910000013384,Vanilla MPC
288.36249999994834,Vanilla MPC
239.90989999992962,Vanilla MPC
231.36879999992743,Vanilla MPC
241.11609999999928,Vanilla MPC
253.2495000000381,Vanilla MPC
258.5845999999492,Vanilla MPC
206.58159999993586,Vanilla MPC
191.09320000006846,Vanilla MPC
194.14859999983491,Vanilla MPC
202.14009999995142,Vanilla MPC
158.409200000051,Vanilla MPC
175.5615999998099,Vanilla MPC
145.29600000014398,Vanilla MPC
109.36889999993582,Vanilla MPC
102.50870000004397,Vanilla MPC
136.45119999978306,Vanilla MPC
124.67349999997168,Vanilla MPC
118.25020000014774,Vanilla MPC
106.12310000010439,Vanilla MPC
105.02680000013243,Vanilla MPC
106.29339999991316,Vanilla MPC
108.26079999992544,Vanilla MPC
105.7184999999663,Vanilla MPC
103.46189999995659,Vanilla MPC
109.33640000007472,Vanilla MPC
119.7153000000526,Vanilla MPC
128.79980000002433,Vanilla MPC
107.01539999990928,Vanilla MPC
100.7560000000467,Vanilla MPC
95.7960999999159,Vanilla MPC
106.903500000044,Vanilla MPC
173.33660000008422,Vanilla MPC
183.00340000018878,Vanilla MPC
