step_time_ms,method
186.32630000001882,RA-MPC
148.27100000002247,RA-MPC
134.65869999981805,RA-MPC
117.13149999991401,RA-MPC
97.28889999996682,RA-MPC
110.3205000001708,RA-MPC
96.41259999989416,RA-MPC
90.51309999995283,RA-MPC
88.79030000002786,RA-MPC
88.94409999993513,RA-MPC
83.30599999999322,RA-MPC
87.26630000001023,RA-MPC
87.49840000018594,RA-MPC
92.58490000001984,RA-MPC
101.52649999986352,RA-MPC
127.30309999983547,RA-MPC
140.28250000001208,RA-MPC
144.65100000006714,RA-MPC
133.76399999992827,RA-MPC
136.93669999997837,RA-MPC
129.59500000010848,RA-MPC
110.50070000010237,RA-MPC
121.25370000012481,RA-MPC
136.64599999992788,RA-MPC
200.33740000008038,RA-MPC
140.19389999998566,RA-MPC
126.45810000003621,RA-MPC
130.33930000005967,RA-MPC
129.61990000007972,RA-MPC
133.96609999995235,RA-MPC
126.75999999987653,RA-MPC
121.63809999992736,RA-MPC
123.29650000015135,RA-MPC
130.28299999996307,RA-MPC
139.20039999993605,RA-MPC
132.30980000003,RA-MPC
153.36569999999483,RA-MPC
86.39440000001741,RA-MPC
84.47719999981018,RA-MPC
86.42020000002049,RA-MPC
92.14369999995142,RA-MPC
83.72140000005857,RA-MPC
94.31470000004083,RA-MPC
110.40679999996428,RA-MPC
137.03579999992144,RA-MPC
94.56550000004427,RA-MPC
150.90599999984988,RA-MPC
88.76240000017788,RA-MPC
91.11779999989267,RA-MPC
94.77279999987331,RA-MPC
95.74680000014268,RA-MPC
101.88610000000153,RA-MPC
98.88019999993958,RA-MPC
111.88450000008743,RA-MPC
118.77619999995659,RA-MPC
98.53959999986728,RA-MPC
83.80999999985761,RA-MPC
87.60019999999713,RA-MPC
87.73280000013983,RA-MPC
94.01260000004186,RA-MPC
148.187900000039,RA-MPC
157.0532999999159,RA-MPC
136.2076000000343,RA-MPC
147.17419999988124,RA-MPC
139.52679999988504,RA-MPC
150.42600000015227,RA-MPC
161.62350000013248,RA-MPC
132.15889999992214,RA-MPC
131.12699999987854,RA-MPC
101.7799000001105,RA-MPC
90.1915999997982,RA-MPC
80.73570000010477,RA-MPC
79.82889999993859,RA-MPC
149.58890000002611,RA-MPC
88.26820000012958,RA-MPC
81.96270000007644,RA-MPC
91.6320999999698,RA-MPC
89.9715999998989,RA-MPC
87.09699999985787,RA-MPC
89.80359999986831,RA-MPC
131.85829999997623,RA-MPC
136.69340000001284,RA-MPC
122.65849999994316,RA-MPC
125.80830000001697,RA-MPC
180.3256999999121,RA-MPC
170.0753000000077,RA-MPC
138.5146000000077,RA-MPC
184.09420000011778,RA-MPC
143.87719999990622,RA-MPC
149.08159999981763,RA-MPC
150.64170000005106,RA-MPC
151.91879999997582,RA-MPC
139.10720000012589,RA-MPC
144.38170000016726,RA-MPC
121.648900000082,RA-MPC
108.86390000018764,RA-MPC
92.9510000000846,RA-MPC
89.74629999988792,RA-MPC
90.75890000008258,RA-MPC
85.66800000016883,RA-MPC
85.40790000006382,RA-MPC
86.67650000006688,RA-MPC
94.81989999994767,RA-MPC
89.50630000003912,RA-MPC
124.87250000003769,RA-MPC
149.75720000006731,RA-MPC
131.36999999983345,RA-MPC
117.63170000017453,RA-MPC
139.77649999992536,RA-MPC
79.91500000002816,RA-MPC
79.20280000007551,RA-MPC
82.05139999995481,RA-MPC
80.10809999996127,RA-MPC
138.96109999996042,RA-MPC
87.38629999993464,RA-MPC
98.77400000004855,RA-MPC
126.31510000005619,RA-MPC
86.07459999984712,RA-MPC
78.31409999994321,RA-MPC
81.71029999994062,RA-MPC
75.1569000001382,RA-MPC
71.83890000010251,RA-MPC
77.80219999995097,RA-MPC
75.8674000001065,RA-MPC
81.78970000017216,RA-MPC
76.42290000012508,RA-MPC
88.91380000000026,RA-MPC
73.8046999999824,RA-MPC
91.71469999978399,RA-MPC
123.19299999990108,RA-MPC
117.967599999929,RA-MPC
166.47379999994882,RA-MPC
109.96440000008079,RA-MPC
80.55429999990338,RA-MPC
83.35480000005191,RA-MPC
83.10359999995853,RA-MPC
85.07450000001882,RA-MPC
85.11829999997644,RA-MPC
92.19630000006873,RA-MPC
83.23889999996936,RA-MPC
115.05230000011579,RA-MPC
89.49319999987893,RA-MPC
80.01970000009351,RA-MPC
80.92909999982112,RA-MPC
78.14669999993384,RA-MPC
85.31540000012683,RA-MPC
114.48810000001686,RA-MPC
87.10719999999128,RA-MPC
92.41190000011557,RA-MPC
87.4484000000848,RA-MPC
88.26070000009167,RA-MPC
93.40740000016012,RA-MPC
129.07560000007834,RA-MPC
94.07659999988027,RA-MPC
178.05700000008073,RA-MPC
139.17179999998552,RA-MPC
116.03310000009515,RA-MPC
121.78279999989172,RA-MPC
85.66069999983483,RA-MPC
88.99869999982002,RA-MPC
104.92520000002514,RA-MPC
82.73910000002616,RA-MPC
84.98539999982313,RA-MPC
89.52829999998357,RA-MPC
98.3625999999731,RA-MPC
82.93390000017098,RA-MPC
99.09320000019761,RA-MPC
84.20769999997901,RA-MPC
88.5601999998471,RA-MPC
89.31389999997918,RA-MPC
87.24499999993895,RA-MPC
85.3041000000303,RA-MPC
82.48359999993227,RA-MPC
84.15420000005724,RA-MPC
84.13150000001224,RA-MPC
82.11520000008932,RA-MPC
107.52189999993789,RA-MPC
95.49149999998008,RA-MPC
82.38959999994222,RA-MPC
80.89309999991201,RA-MPC
89.9855000000116,RA-MPC
118.64250000007814,RA-MPC
216.84079999999994,RA-MPC
87.54580000004353,RA-MPC
82.43290000018533,RA-MPC
85.15540000007604,RA-MPC
78.25509999997848,RA-MPC
85.00320000007378,RA-MPC
96.25469999991765,RA-MPC
91.71309999987898,RA-MPC
96.0930000001099,RA-MPC
86.09479999995528,RA-MPC
81.59930000010718,RA-MPC
84.39940000016577,RA-MPC
85.8275999999023,RA-MPC
87.76770000008582,RA-MPC
87.95839999993404,RA-MPC
89.19660000015028,RA-MPC
87.07019999997101,RA-MPC
86.74870000004375,RA-MPC
84.69700000000557,RA-MPC
110.73180000016691,RA-MPC
147.18169999991915,RA-MPC
140.67739999995865,RA-MPC
116.02089999996679,RA-MPC
184.86329999996087,RA-MPC
105.39420000009159,RA-MPC
123.56979999981377,RA-MPC
146.7102999999952,RA-MPC
141.47750000006454,RA-MPC
137.3802999999043,RA-MPC
160.29939999998533,RA-MPC
117.31280000003608,RA-MPC
97.92419999985214,RA-MPC
79.47149999995418,RA-MPC
82.03519999983655,RA-MPC
78.70660000003227,RA-MPC
83.64110000002256,RA-MPC
78.22459999988496,RA-MPC
80.53210000002764,RA-MPC
78.41759999996611,RA-MPC
86.37440000006791,RA-MPC
88.00879999989775,RA-MPC
156.6023000000314,RA-MPC
113.15379999996367,RA-MPC
115.60110000004897,RA-MPC
119.4754999999077,RA-MPC
108.79799999997886,RA-MPC
90.27480000008836,RA-MPC
113.87569999988045,RA-MPC
125.86229999988063,RA-MPC
132.37900000012814,RA-MPC
113.30070000008163,RA-MPC
146.59649999998692,RA-MPC
80.33920000002581,RA-MPC
78.01769999991848,RA-MPC
80.42180000006738,RA-MPC
78.2952000001842,RA-MPC
77.07529999993312,RA-MPC
76.74989999986792,RA-MPC
81.83080000003429,RA-MPC
78.81580000002941,RA-MPC
79.43249999993895,RA-MPC
81.84529999994083,RA-MPC
88.05699999993521,RA-MPC
100.82259999990129,RA-MPC
128.67370000003575,RA-MPC
140.49979999981588,RA-MPC
137.2507000000951,RA-MPC
141.03269999986878,RA-MPC
117.74379999997109,RA-MPC
138.20720000012443,RA-MPC
122.03820000013366,RA-MPC
141.6618999999173,RA-MPC
184.70750000005864,RA-MPC
113.80389999999352,RA-MPC
123.03399999996145,RA-MPC
124.09490000004553,RA-MPC
516.0971999998765,RA-MPC
82.87640000003194,RA-MPC
84.71209999993334,RA-MPC
136.081699999977,RA-MPC
91.68819999990774,RA-MPC
76.43080000002556,RA-MPC
76.6771000000972,RA-MPC
79.51470000011795,RA-MPC
78.5319999999956,RA-MPC
76.41269999999167,RA-MPC
77.32330000021648,RA-MPC
78.35539999996399,RA-MPC
175.63319999999294,RA-MPC
90.99810000020625,RA-MPC
113.32880000009027,RA-MPC
150.22419999991143,RA-MPC
111.8213999998261,RA-MPC
89.47510000007242,RA-MPC
88.93170000010286,RA-MPC
92.39559999991798,RA-MPC
86.6436999999678,RA-MPC
111.45570000007865,RA-MPC
128.51610000006986,RA-MPC
83.15899999979592,RA-MPC
88.1170000000111,RA-MPC
82.66600000001745,RA-MPC
88.51400000003196,RA-MPC
105.09279999996579,RA-MPC
106.92330000006223,RA-MPC
79.11480000007032,RA-MPC
79.20530000001236,RA-MPC
134.05620000003182,RA-MPC
129.60550000002513,RA-MPC
84.36480000000302,RA-MPC
81.05759999989459,RA-MPC
84.01400000002468,RA-MPC
82.21449999996366,RA-MPC
82.79620000007526,RA-MPC
84.70630000010715,RA-MPC
502.22439999993185,RA-MPC
93.66309999995792,RA-MPC
113.42719999993278,RA-MPC
148.63500000001295,RA-MPC
86.67530000002444,RA-MPC
82.32240000006641,RA-MPC
75.76759999983551,RA-MPC
76.9814000000224,RA-MPC
112.95479999989766,RA-MPC
111.21359999992819,RA-MPC
95.54849999994985,RA-MPC
136.23310000002675,RA-MPC
86.90080000019407,RA-MPC
88.53309999994963,RA-MPC
84.30679999992208,RA-MPC
84.5512000000781,RA-MPC
83.79660000014155,RA-MPC
86.3709000000199,RA-MPC
87.22729999999501,RA-MPC
85.90079999999034,RA-MPC
96.34280000000217,RA-MPC
97.36289999977998,RA-MPC
124.95540000008987,RA-MPC
145.2830000000631,RA-MPC
106.20460000018284,RA-MPC
83.12239999986559,RA-MPC
84.04330000007576,RA-MPC
85.6836000000385,RA-MPC
83.84989999990466,RA-MPC
82.79250000009597,RA-MPC
84.08260000010159,RA-MPC
88.5364999999183,RA-MPC
90.03069999994295,RA-MPC
101.67760000013004,RA-MPC
98.37749999996959,RA-MPC
99.54930000003515,RA-MPC
95.56180000004133,RA-MPC
88.28900000003159,RA-MPC
87.83710000011524,RA-MPC
83.53710000005776,RA-MPC
82.4732999999469,RA-MPC
80.3793999998561,RA-MPC
118.77639999988787,RA-MPC
78.49829999986468,RA-MPC
79.18770000014774,RA-MPC
82.0682000000943,RA-MPC
99.87679999994725,RA-MPC
145.32580000013695,RA-MPC
144.00709999995343,RA-MPC
118.88060000001133,RA-MPC
75.55570000022271,RA-MPC
73.80539999985558,RA-MPC
80.28100000001359,RA-MPC
76.69490000012047,RA-MPC
164.25290000006498,RA-MPC
84.0235999999095,RA-MPC
84.73649999996269,RA-MPC
101.36269999998149,RA-MPC
114.36819999994441,RA-MPC
100.42060000000674,RA-MPC
90.76200000004064,RA-MPC
91.00839999996424,RA-MPC
92.56559999994352,RA-MPC
90.75669999992897,RA-MPC
83.0829999999878,RA-MPC
82.31060000002799,RA-MPC
80.53309999991143,RA-MPC
79.51819999993859,RA-MPC
92.46829999983674,RA-MPC
80.56290000013178,RA-MPC
88.19739999989906,RA-MPC
88.09750000000349,RA-MPC
135.77540000005683,RA-MPC
150.50859999996646,RA-MPC
116.50959999997212,RA-MPC
103.6005999999361,RA-MPC
84.04879999989134,RA-MPC
79.83390000003965,RA-MPC
79.15249999996377,RA-MPC
78.08960000011211,RA-MPC
80.30609999991611,RA-MPC
85.28230000001713,RA-MPC
95.39429999995264,RA-MPC
101.15109999992455,RA-MPC
99.16539999994711,RA-MPC
91.86619999991308,RA-MPC
80.71760000007089,RA-MPC
79.77259999984199,RA-MPC
93.69440000000395,RA-MPC
95.37219999992885,RA-MPC
114.76930000003449,RA-MPC
94.67650000010508,RA-MPC
94.46100000013757,RA-MPC
94.10539999998946,RA-MPC
85.2841000000808,RA-MPC
123.42000000012376,RA-MPC
88.56070000001637,RA-MPC
85.52180000015142,RA-MPC
77.17959999990853,RA-MPC
231.0598999999911,RA-MPC
80.79680000014378,RA-MPC
82.95290000000932,RA-MPC
80.43929999985266,RA-MPC
79.39699999997174,RA-MPC
85.9387999998944,RA-MPC
132.79079999983878,RA-MPC
137.70449999992707,RA-MPC
77.74330000006557,RA-MPC
103.38769999998476,RA-MPC
106.6132999999354,RA-MPC
176.51599999999235,RA-MPC
225.1403999998729,RA-MPC
157.60440000008202,RA-MPC
200.18770000001496,RA-MPC
200.2450999998473,RA-MPC
181.79720000011912,RA-MPC
167.88259999998445,RA-MPC
177.84849999998187,RA-MPC
171.08959999995932,RA-MPC
156.76859999985027,RA-MPC
130.89370000011513,RA-MPC
234.1699000000972,RA-MPC
140.17330000001493,RA-MPC
143.04140000012922,RA-MPC
142.50319999996464,RA-MPC
141.16179999996348,RA-MPC
139.78420000012193,RA-MPC
153.36810000007972,RA-MPC
149.62900000000445,RA-MPC
146.44879999991645,RA-MPC
160.53839999995034,RA-MPC
172.71340000002056,RA-MPC
128.8317000000916,RA-MPC
95.84860000018125,RA-MPC
107.81339999994088,RA-MPC
174.72699999984798,RA-MPC
179.48230000001786,RA-MPC
199.12890000000516,RA-MPC
175.92569999987973,RA-MPC
162.42420000003222,RA-MPC
155.43579999985013,RA-MPC
112.24839999999858,RA-MPC
147.71990000008373,RA-MPC
226.6146999998,RA-MPC
143.35110000001805,RA-MPC
178.54810000017096,RA-MPC
228.95290000019486,RA-MPC
169.621700000107,RA-MPC
165.76169999984813,RA-MPC
170.8582999999635,RA-MPC
144.7189000000435,RA-MPC
178.57389999994666,RA-MPC
89.3964000001688,RA-MPC
87.26150000006783,RA-MPC
90.20250000003216,RA-MPC
89.27160000007461,RA-MPC
86.5856000000349,RA-MPC
119.59600000000137,RA-MPC
102.06449999986944,RA-MPC
97.07349999985126,RA-MPC
114.4865999999638,RA-MPC
88.12379999994846,RA-MPC
131.2604999998257,RA-MPC
184.19660000017757,RA-MPC
150.3255000000081,RA-MPC
88.91319999997904,RA-MPC
94.53319999988707,RA-MPC
97.2386999999344,RA-MPC
101.70970000012858,RA-MPC
128.06619999992108,RA-MPC
113.80269999995107,RA-MPC
87.42669999992358,RA-MPC
95.07129999997233,RA-MPC
104.56820000013067,RA-MPC
92.2230999999556,RA-MPC
86.31280000008701,RA-MPC
88.04949999989731,RA-MPC
85.55620000015551,RA-MPC
92.89709999984552,RA-MPC
102.74419999996098,RA-MPC
88.68469999993067,RA-MPC
84.68040000002475,RA-MPC
79.45420000010017,RA-MPC
87.08230000002004,RA-MPC
113.19480000020121,RA-MPC
116.7381000000205,RA-MPC
150.64570000004096,RA-MPC
82.51949999998942,RA-MPC
81.57159999996111,RA-MPC
80.97620000012284,RA-MPC
79.42149999985304,RA-MPC
139.00409999996555,RA-MPC
140.06319999998595,RA-MPC
127.7552999999898,RA-MPC
138.2799000000432,RA-MPC
110.62229999993178,RA-MPC
74.48269999986223,RA-MPC
80.18590000006043,RA-MPC
83.1737000000885,RA-MPC
92.81129999999393,RA-MPC
103.31279999991239,RA-MPC
153.16419999999198,RA-MPC
134.94089999994685,RA-MPC
93.82300000015675,RA-MPC
96.16830000004484,RA-MPC
88.24009999989357,RA-MPC
88.60540000000583,RA-MPC
91.95840000006683,RA-MPC
94.26349999989725,RA-MPC
92.86059999999452,RA-MPC
90.44719999997142,RA-MPC
92.06210000002102,RA-MPC
89.27410000001146,RA-MPC
105.27999999999338,RA-MPC
136.1087000000225,RA-MPC
121.23960000008083,RA-MPC
162.63409999987744,RA-MPC
133.82069999988744,RA-MPC
120.32300000009855,RA-MPC
88.5763000001134,RA-MPC
75.4527000001417,RA-MPC
80.50539999999273,RA-MPC
186.47310000005746,RA-MPC
90.18149999997149,RA-MPC
112.06680000009328,RA-MPC
80.76849999997648,RA-MPC
77.82529999985854,RA-MPC
81.67440000011084,RA-MPC
77.40899999998874,RA-MPC
85.22429999993619,RA-MPC
88.32680000000437,RA-MPC
82.87180000002081,RA-MPC
83.81539999982124,RA-MPC
79.77299999993193,RA-MPC
82.75290000005953,RA-MPC
79.47950000016135,RA-MPC
79.96600000001308,RA-MPC
80.38390000001527,RA-MPC
99.78289999980916,RA-MPC
104.29840000006152,RA-MPC
122.52620000003844,RA-MPC
90.05090000005112,RA-MPC
92.98599999988255,RA-MPC
300.3963000001022,RA-MPC
100.77010000009068,RA-MPC
90.82469999998466,RA-MPC
94.05719999995199,RA-MPC
101.33220000011534,RA-MPC
99.21280000003208,RA-MPC
116.25449999996817,RA-MPC
94.85760000006849,RA-MPC
91.87269999983982,RA-MPC
83.94380000004276,RA-MPC
92.95969999993758,RA-MPC
87.0958000000428,RA-MPC
95.5417000000125,RA-MPC
96.75480000009884,RA-MPC
92.08850000004531,RA-MPC
97.70450000019082,RA-MPC
102.31580000004215,RA-MPC
110.05190000014409,RA-MPC
99.76689999984956,RA-MPC
107.74459999993269,RA-MPC
87.48770000011064,RA-MPC
136.16819999992913,RA-MPC
159.93259999982,RA-MPC
152.57309999992685,RA-MPC
148.14930000011373,RA-MPC
149.68320000002677,RA-MPC
119.05610000007982,RA-MPC
88.75620000003437,RA-MPC
93.45399999983783,RA-MPC
121.03849999994054,RA-MPC
82.79829999992216,RA-MPC
84.59549999997762,RA-MPC
86.07569999981024,RA-MPC
87.38919999996142,RA-MPC
84.51880000006895,RA-MPC
87.65029999995022,RA-MPC
91.53459999993174,RA-MPC
95.78349999992497,RA-MPC
138.73339999986456,RA-MPC
164.03999999988628,RA-MPC
133.3419000000049,RA-MPC
102.24349999998594,RA-MPC
111.75989999992453,RA-MPC
107.47749999995904,RA-MPC
167.84830000005968,RA-MPC
112.6968000000943,RA-MPC
91.72829999988608,RA-MPC
101.27310000007128,RA-MPC
121.67890000000625,RA-MPC
95.33869999995659,RA-MPC
83.93649999993613,RA-MPC
78.1925000001138,RA-MPC
83.11479999997573,RA-MPC
84.04070000005959,RA-MPC
84.21210000005885,RA-MPC
82.30589999993754,RA-MPC
86.4481999999498,RA-MPC
84.28120000007766,RA-MPC
84.91200000003118,RA-MPC
83.56580000008762,RA-MPC
86.14589999979216,RA-MPC
109.649200000149,RA-MPC
98.79460000001927,RA-MPC
83.36310000004232,RA-MPC
79.03030000011313,RA-MPC
81.12310000001344,RA-MPC
103.5145000000739,RA-MPC
115.76099999979306,RA-MPC
85.69420000003447,RA-MPC
152.30219999989458,RA-MPC
146.83979999995245,RA-MPC
131.8997999999283,RA-MPC
92.70010000000184,RA-MPC
90.18600000013066,RA-MPC
87.338999999929,RA-MPC
87.42340000003423,RA-MPC
84.4320000001062,RA-MPC
83.77329999984795,RA-MPC
92.58230000000367,RA-MPC
120.94739999997728,RA-MPC
161.3710000001447,RA-MPC
134.75390000007792,RA-MPC
101.25889999994797,RA-MPC
86.33359999998902,RA-MPC
81.26640000000407,RA-MPC
79.77579999987938,RA-MPC
83.82249999999658,RA-MPC
76.86779999994542,RA-MPC
79.52829999999267,RA-MPC
76.71510000000126,RA-MPC
87.37620000010793,RA-MPC
110.16459999996187,RA-MPC
115.21749999997155,RA-MPC
138.80170000015823,RA-MPC
110.12820000019019,RA-MPC
85.48009999981332,RA-MPC
117.87719999983892,RA-MPC
84.33160000004136,RA-MPC
83.872700000029,RA-MPC
88.14170000005106,RA-MPC
103.79729999999654,RA-MPC
84.90649999998823,RA-MPC
79.61040000009234,RA-MPC
81.65619999999763,RA-MPC
85.81890000004933,RA-MPC
85.43210000016188,RA-MPC
90.66439999992326,RA-MPC
133.0884999999853,RA-MPC
86.16750000010143,RA-MPC
83.3156000001054,RA-MPC
80.74109999984103,RA-MPC
86.12090000019634,RA-MPC
82.11419999997815,RA-MPC
83.59649999988505,RA-MPC
83.97229999991396,RA-MPC
81.7720999998528,RA-MPC
81.58539999999448,RA-MPC
81.25960000006671,RA-MPC
106.38169999992897,RA-MPC
85.00899999989997,RA-MPC
107.54389999988234,RA-MPC
163.08839999987867,RA-MPC
104.25119999990784,RA-MPC
96.69149999990623,RA-MPC
81.56209999992825,RA-MPC
78.90120000001843,RA-MPC
76.99759999991329,RA-MPC
81.67019999996228,RA-MPC
81.39980000009928,RA-MPC
83.45689999987371,RA-MPC
79.66050000004543,RA-MPC
80.13690000007045,RA-MPC
121.05950000000121,RA-MPC
97.59040000017194,RA-MPC
83.6151000000882,RA-MPC
80.82820000004176,RA-MPC
86.37350000003607,RA-MPC
81.8747999999232,RA-MPC
82.47049999999945,RA-MPC
109.8296999998638,RA-MPC
81.03489999984959,RA-MPC
161.29000000000815,RA-MPC
77.21889999993437,RA-MPC
85.58799999991606,RA-MPC
86.22730000001866,RA-MPC
81.7039000000932,RA-MPC
123.59589999982745,RA-MPC
85.10640000008607,RA-MPC
118.24909999995725,RA-MPC
73.86590000010074,RA-MPC
71.31389999995008,RA-MPC
74.86319999998159,RA-MPC
73.63370000007308,RA-MPC
80.59140000000298,RA-MPC
91.51410000004034,RA-MPC
84.49250000012398,RA-MPC
84.03210000005856,RA-MPC
88.65779999996448,RA-MPC
91.74419999999373,RA-MPC
87.59699999995973,RA-MPC
86.25979999987976,RA-MPC
79.9690000001192,RA-MPC
79.82459999993807,RA-MPC
77.43189999996503,RA-MPC
77.87970000003952,RA-MPC
76.59650000005058,RA-MPC
78.35329999988971,RA-MPC
77.66979999996693,RA-MPC
79.45619999986775,RA-MPC
91.24499999984437,RA-MPC
254.423000000088,RA-MPC
152.8000000000702,RA-MPC
115.7533999999032,RA-MPC
141.4526000000933,RA-MPC
81.1473000001115,RA-MPC
78.54520000000775,RA-MPC
80.3733000000193,RA-MPC
84.24349999995684,RA-MPC
78.61909999996897,RA-MPC
79.50899999991634,RA-MPC
75.00600000003033,RA-MPC
84.78259999992588,RA-MPC
75.43220000002293,RA-MPC
76.58770000011828,RA-MPC
86.11969999992652,RA-MPC
81.73790000000736,RA-MPC
154.77149999992434,RA-MPC
82.56439999991017,RA-MPC
71.34429999996428,RA-MPC
75.26239999992868,RA-MPC
82.76990000013029,RA-MPC
78.15720000007786,RA-MPC
135.15849999998863,RA-MPC
96.54169999998885,RA-MPC
102.7712000000065,RA-MPC
84.75350000003345,RA-MPC
91.7959000000792,RA-MPC
114.03070000005755,RA-MPC
155.91230000018186,RA-MPC
155.67280000004757,RA-MPC
79.40189999999347,RA-MPC
78.28250000011394,RA-MPC
103.46249999997781,RA-MPC
86.42359999998916,RA-MPC
82.4680000000626,RA-MPC
84.54710000000887,RA-MPC
90.11789999999564,RA-MPC
96.44780000007813,RA-MPC
106.35920000004262,RA-MPC
92.7619000001414,RA-MPC
93.47990000014761,RA-MPC
81.01049999982024,RA-MPC
91.72110000008615,RA-MPC
108.49129999996876,RA-MPC
84.66490000000704,RA-MPC
91.0665000001245,RA-MPC
88.52690000003349,RA-MPC
85.628700000143,RA-MPC
80.13069999992695,RA-MPC
82.01920000010432,RA-MPC
80.60169999998834,RA-MPC
86.09630000000834,RA-MPC
100.86920000003374,RA-MPC
141.0135999999511,RA-MPC
116.62839999985408,RA-MPC
130.85189999992508,RA-MPC
79.88049999994473,RA-MPC
80.31209999990097,RA-MPC
81.29310000003898,RA-MPC
79.47340000009717,RA-MPC
78.85460000011335,RA-MPC
74.54779999989114,RA-MPC
74.69639999999345,RA-MPC
79.17320000001382,RA-MPC
127.8280999999879,RA-MPC
83.83069999990767,RA-MPC
89.54259999995884,RA-MPC
160.25909999984833,RA-MPC
89.39999999984138,RA-MPC
92.29409999989002,RA-MPC
82.10430000008273,RA-MPC
81.97830000017348,RA-MPC
85.66480000013144,RA-MPC
88.24060000006284,RA-MPC
85.9731999998985,RA-MPC
100.79990000008365,RA-MPC
120.39079999999558,RA-MPC
141.95860000018,RA-MPC
103.9295000000493,RA-MPC
114.77830000012545,RA-MPC
108.44730000007985,RA-MPC
85.01069999988431,RA-MPC
86.91350000003695,RA-MPC
88.31510000004528,RA-MPC
109.27059999994526,RA-MPC
169.23950000000332,RA-MPC
205.47020000003613,RA-MPC
137.2635000000173,RA-MPC
137.6169000000118,RA-MPC
131.45139999983257,RA-MPC
126.34470000011788,RA-MPC
118.5221000000638,RA-MPC
225.10620000002746,RA-MPC
126.52479999997013,RA-MPC
136.14609999990535,RA-MPC
150.71279999983744,RA-MPC
141.03449999993245,RA-MPC
146.35339999995267,RA-MPC
126.8441999998231,RA-MPC
118.00909999988107,RA-MPC
123.02880000015648,RA-MPC
123.23080000010123,RA-MPC
130.93900000012582,RA-MPC
138.55480000006537,RA-MPC
144.77450000003955,RA-MPC
225.30970000002526,RA-MPC
116.14529999997103,RA-MPC
118.91859999991539,RA-MPC
123.52310000005673,RA-MPC
142.6171999999042,RA-MPC
150.4045000001497,RA-MPC
144.45480000017596,RA-MPC
134.70430000006672,RA-MPC
133.23500000001332,RA-MPC
126.03039999999055,RA-MPC
145.26260000002367,RA-MPC
138.70780000002014,RA-MPC
137.200600000142,RA-MPC
142.651399999977,RA-MPC
133.81879999997182,RA-MPC
122.18259999986003,RA-MPC
128.0968999999459,RA-MPC
137.21059999988938,RA-MPC
157.52149999980247,RA-MPC
224.76080000001275,RA-MPC
153.53320000008353,RA-MPC
141.43280000007508,RA-MPC
147.02620000002753,RA-MPC
110.54719999992813,RA-MPC
112.26289999990513,RA-MPC
118.46910000008393,RA-MPC
165.5166000000463,RA-MPC
131.15210000000843,RA-MPC
85.83969999995134,RA-MPC
88.61099999990074,RA-MPC
88.30680000005486,RA-MPC
110.41019999993296,RA-MPC
93.86169999993399,RA-MPC
93.18780000012339,RA-MPC
92.42560000006961,RA-MPC
89.72450000010213,RA-MPC
86.10780000003615,RA-MPC
94.04299999982868,RA-MPC
90.97050000013951,RA-MPC
88.69039999990491,RA-MPC
84.28640000011,RA-MPC
87.90180000005421,RA-MPC
135.39430000014363,RA-MPC
170.0252000000546,RA-MPC
176.95929999990767,RA-MPC
121.83029999982864,RA-MPC
112.58810000003905,RA-MPC
110.75060000007397,RA-MPC
154.81249999993452,RA-MPC
148.26979999998002,RA-MPC
98.11880000006568,RA-MPC
89.04090000010001,RA-MPC
87.34700000013618,RA-MPC
94.61080000005495,RA-MPC
95.26729999993222,RA-MPC
89.39059999988785,RA-MPC
89.16969999995672,RA-MPC
90.63520000017888,RA-MPC
90.26999999991858,RA-MPC
92.47700000014447,RA-MPC
104.62490000008984,RA-MPC
105.7404000000588,RA-MPC
156.75180000016553,RA-MPC
141.04330000009213,RA-MPC
117.97809999984565,RA-MPC
128.977900000109,RA-MPC
103.1574000001001,RA-MPC
143.47049999992123,RA-MPC
138.53579999999965,RA-MPC
268.3090999998967,RA-MPC
94.8627000000215,RA-MPC
93.79260000014256,RA-MPC
91.54090000015458,RA-MPC
89.39959999997882,RA-MPC
88.34170000000086,RA-MPC
84.61099999999533,RA-MPC
160.28290000008383,RA-MPC
147.2662000001037,RA-MPC
130.83830000005037,RA-MPC
130.58169999999336,RA-MPC
141.94799999995666,RA-MPC
146.54919999998128,RA-MPC
123.29909999994015,RA-MPC
143.2952000000114,RA-MPC
146.1959000000661,RA-MPC
168.92750000010892,RA-MPC
144.38440000003538,RA-MPC
127.09020000011151,RA-MPC
240.35979999985102,RA-MPC
149.87420000011298,RA-MPC
144.51929999995627,RA-MPC
145.56149999998524,RA-MPC
153.6363000000165,RA-MPC
161.32680000009714,RA-MPC
133.08440000014343,RA-MPC
144.17869999988397,RA-MPC
149.42810000002282,RA-MPC
135.5358000000706,RA-MPC
143.15510000005816,RA-MPC
193.16279999998187,RA-MPC
160.19729999993615,RA-MPC
113.73290000005909,RA-MPC
115.6773999998677,RA-MPC
164.92070000003878,RA-MPC
172.7567000000363,RA-MPC
156.0240999999678,RA-MPC
129.45239999999103,RA-MPC
138.09930000002169,RA-MPC
137.0312000001377,RA-MPC
166.2880999999743,RA-MPC
174.8477000001003,RA-MPC
126.49099999998725,RA-MPC
119.19439999996939,RA-MPC
139.4140000002153,RA-MPC
237.75630000000092,RA-MPC
111.8724000000384,RA-MPC
147.24580000006426,RA-MPC
111.84830000001966,RA-MPC
152.55369999999857,RA-MPC
148.52750000000015,RA-MPC
145.8377000001292,RA-MPC
149.008300000105,RA-MPC
145.07539999999608,RA-MPC
153.96609999993416,RA-MPC
135.11240000002545,RA-MPC
126.76299999998264,RA-MPC
133.97839999993266,RA-MPC
146.2365999998383,RA-MPC
132.66320000002452,RA-MPC
135.71409999985917,RA-MPC
136.6004999999859,RA-MPC
131.75969999997506,RA-MPC
130.58679999994638,RA-MPC
138.18859999992128,RA-MPC
106.94080000007489,RA-MPC
102.16790000004039,RA-MPC
103.96279999986291,RA-MPC
246.0287999999764,RA-MPC
137.664900000118,RA-MPC
152.7389000000312,RA-MPC
163.69009999993978,RA-MPC
154.27739999995538,RA-MPC
128.27260000017304,RA-MPC
168.79659999995056,RA-MPC
167.82519999992473,RA-MPC
138.73489999991762,RA-MPC
152.1520999999666,RA-MPC
141.58270000007178,RA-MPC
118.13779999988583,RA-MPC
106.65700000004108,RA-MPC
103.8127000001623,RA-MPC
150.05219999989095,RA-MPC
154.36310000018238,RA-MPC
168.2466999998269,RA-MPC
107.44290000002366,RA-MPC
125.98500000012791,RA-MPC
117.64370000014424,RA-MPC
136.47769999988668,RA-MPC
145.93630000013036,RA-MPC
180.29969999997775,RA-MPC
145.670999999993,RA-MPC
130.83959999994477,RA-MPC
132.13419999988218,RA-MPC
147.55830000012793,RA-MPC
228.10329999992973,RA-MPC
133.28290000004017,RA-MPC
138.71160000007876,RA-MPC
153.68670000020757,RA-MPC
182.21859999994194,RA-MPC
142.72329999994326,RA-MPC
150.54410000016105,RA-MPC
130.15819999986888,RA-MPC
166.7265999999472,RA-MPC
153.39200000016717,RA-MPC
142.93700000007448,RA-MPC
170.03159999990203,RA-MPC
143.36640000010448,RA-MPC
147.7841000000808,RA-MPC
110.45469999999113,RA-MPC
120.38719999986824,RA-MPC
148.1260000000475,RA-MPC
129.21770000002653,RA-MPC
93.84269999986827,RA-MPC
117.86489999985861,RA-MPC
206.14359999990484,RA-MPC
136.64769999991222,RA-MPC
137.68660000005184,RA-MPC
129.33569999995598,RA-MPC
124.6678999998494,RA-MPC
119.39670000015212,RA-MPC
124.60339999984171,RA-MPC
130.0971999999092,RA-MPC
129.30819999996856,RA-MPC
128.03090000011252,RA-MPC
98.65649999983361,RA-MPC
111.07640000000174,RA-MPC
174.25789999992958,RA-MPC
140.34000000015112,RA-MPC
143.65670000006503,RA-MPC
132.96439999999166,RA-MPC
142.0354999997926,RA-MPC
149.89859999991495,RA-MPC
116.77799999984018,RA-MPC
107.3106999999709,RA-MPC
147.0217999999477,RA-MPC
143.28009999985625,RA-MPC
136.58410000016374,RA-MPC
137.52499999986867,RA-MPC
138.62310000013167,RA-MPC
144.1580000000613,RA-MPC
133.52039999995213,RA-MPC
141.69620000006944,RA-MPC
129.5842999998058,RA-MPC
125.83769999992,RA-MPC
119.60229999999683,RA-MPC
157.77670000011312,RA-MPC
155.91109999991204,RA-MPC
138.73329999978523,RA-MPC
130.15780000000632,RA-MPC
121.21559999991405,RA-MPC
122.76679999990847,RA-MPC
732.9784000000927,RA-MPC
135.61529999992672,RA-MPC
101.0298999999577,RA-MPC
103.47980000005919,RA-MPC
132.82540000000154,RA-MPC
140.8684999998968,RA-MPC
137.4051000000236,RA-MPC
119.36939999986862,RA-MPC
135.23600000007718,RA-MPC
140.66679999996268,RA-MPC
137.65839999996388,RA-MPC
115.54210000008425,RA-MPC
131.06829999992442,RA-MPC
267.338799999834,RA-MPC
158.75370000003386,RA-MPC
149.77209999983643,RA-MPC
118.67580000011912,RA-MPC
140.50670000005994,RA-MPC
156.05909999999312,RA-MPC
156.01900000001478,RA-MPC
123.34390000000894,RA-MPC
112.69500000003063,RA-MPC
151.30649999991874,RA-MPC
208.10179999989487,RA-MPC
154.3472999999267,RA-MPC
136.60589999994954,RA-MPC
136.33340000001226,RA-MPC
152.3016999999527,RA-MPC
156.38810000018566,RA-MPC
153.00559999991492,RA-MPC
154.23210000017207,RA-MPC
181.5051000000949,RA-MPC
112.9816000000119,RA-MPC
93.41010000002825,RA-MPC
88.24800000002142,RA-MPC
90.46939999984716,RA-MPC
97.33030000006693,RA-MPC
130.47920000008162,RA-MPC
124.20059999999467,RA-MPC
162.2511000000486,RA-MPC
176.64289999993343,RA-MPC
183.71090000005097,RA-MPC
108.04030000008424,RA-MPC
86.7454000001544,RA-MPC
80.68460000004052,RA-MPC
78.91970000014226,RA-MPC
85.84610000002613,RA-MPC
84.41170000014608,RA-MPC
100.07550000000265,RA-MPC
93.09929999994893,RA-MPC
87.02259999995476,RA-MPC
87.05680000002758,RA-MPC
114.35040000014851,RA-MPC
81.08730000003561,RA-MPC
83.39120000005096,RA-MPC
81.21909999999843,RA-MPC
83.4109999998418,RA-MPC
82.49399999999696,RA-MPC
270.64309999991565,RA-MPC
157.82560000002377,RA-MPC
157.7671999998529,RA-MPC
165.56909999985692,RA-MPC
164.2276000000038,RA-MPC
153.21019999987584,RA-MPC
146.84280000005856,RA-MPC
131.7493999999897,RA-MPC
150.39170000000013,RA-MPC
138.8911999999891,RA-MPC
141.06440000000475,RA-MPC
153.2836999999745,RA-MPC
142.81900000014502,RA-MPC
153.1208000001243,RA-MPC
138.32000000002154,RA-MPC
140.58030000001054,RA-MPC
142.28370000000723,RA-MPC
118.06499999988773,RA-MPC
130.12529999991784,RA-MPC
142.7418000000671,RA-MPC
131.34080000008908,RA-MPC
179.77969999992638,RA-MPC
198.27510000004622,RA-MPC
150.01510000001872,RA-MPC
139.24760000008973,RA-MPC
139.72919999991973,RA-MPC
136.1959000000752,RA-MPC
123.243999999886,RA-MPC
121.0295999999289,RA-MPC
126.56570000012834,RA-MPC
563.4047999999439,RA-MPC
156.7629000001034,RA-MPC
141.73439999990478,RA-MPC
163.6380999998437,RA-MPC
174.10610000001725,RA-MPC
156.19759999981397,RA-MPC
132.20960000012383,RA-MPC
145.91949999999088,RA-MPC
136.36780000001636,RA-MPC
131.69089999996686,RA-MPC
133.8905000000068,RA-MPC
131.3231999999971,RA-MPC
141.14969999991445,RA-MPC
141.4972999998554,RA-MPC
181.45159999994576,RA-MPC
179.99170000007325,RA-MPC
163.96129999998266,RA-MPC
155.3440000000137,RA-MPC
149.17370000011942,RA-MPC
158.97079999990638,RA-MPC
139.8997999999665,RA-MPC
140.59629999997014,RA-MPC
156.55290000017885,RA-MPC
138.6050000000978,RA-MPC
134.76049999985662,RA-MPC
134.16579999989153,RA-MPC
142.69760000001952,RA-MPC
149.11260000008042,RA-MPC
136.38689999993403,RA-MPC
137.9884000000402,RA-MPC
150.25779999996303,RA-MPC
118.71179999980086,RA-MPC
90.60239999985242,RA-MPC
109.53820000008818,RA-MPC
100.2398999999059,RA-MPC
88.60649999996895,RA-MPC
92.98059999991892,RA-MPC
90.80440000002454,RA-MPC
88.7097999998332,RA-MPC
89.66650000002119,RA-MPC
86.06669999994665,RA-MPC
138.02390000000742,RA-MPC
178.66800000001604,RA-MPC
129.0535999999065,RA-MPC
143.5109999999895,RA-MPC
143.29280000015387,RA-MPC
159.53799999988405,RA-MPC
144.3573000001379,RA-MPC
189.32679999988977,RA-MPC
146.12820000002102,RA-MPC
166.17180000002918,RA-MPC
156.2944999998308,RA-MPC
161.97740000006888,RA-MPC
138.83710000004612,RA-MPC
233.95989999994526,RA-MPC
148.94619999995484,RA-MPC
141.21069999987412,RA-MPC
139.7826999998415,RA-MPC
156.0884000000442,RA-MPC
149.63219999981447,RA-MPC
145.75300000001334,RA-MPC
146.68810000011945,RA-MPC
149.95439999984228,RA-MPC
156.81470000004083,RA-MPC
145.82740000014383,RA-MPC
145.1563000000533,RA-MPC
169.75619999993796,RA-MPC
196.02450000002136,RA-MPC
197.30169999979807,RA-MPC
217.22139999997125,RA-MPC
159.02399999981753,RA-MPC
144.72010000008595,RA-MPC
139.09100000000763,RA-MPC
133.48799999994299,RA-MPC
126.62849999992432,RA-MPC
118.33090000004631,RA-MPC
112.12389999991501,RA-MPC
147.75989999998274,RA-MPC
143.94420000007813,RA-MPC
145.65600000014456,RA-MPC
125.33729999995558,RA-MPC
114.77909999985059,RA-MPC
137.00040000003355,RA-MPC
153.46849999991719,RA-MPC
130.50969999994777,RA-MPC
120.44389999982741,RA-MPC
114.05659999991258,RA-MPC
124.84959999983403,RA-MPC
129.83860000008463,RA-MPC
117.6852000000963,RA-MPC
143.70789999998124,RA-MPC
114.82039999987137,RA-MPC
102.47730000014599,RA-MPC
100.70389999987128,RA-MPC
117.44520000002012,RA-MPC
125.4740000001675,RA-MPC
226.9325000002027,RA-MPC
157.82430000012937,RA-MPC
120.92149999989488,RA-MPC
143.20139999995263,RA-MPC
146.23230000006515,RA-MPC
133.69220000004134,RA-MPC
137.71750000000793,RA-MPC
139.886499999875,RA-MPC
148.67779999985942,RA-MPC
142.3211999999694,RA-MPC
136.1928999999691,RA-MPC
126.94169999986116,RA-MPC
157.00829999991583,RA-MPC
153.09339999998883,RA-MPC
172.81879999995908,RA-MPC
172.1393000000262,RA-MPC
159.70660000016323,RA-MPC
126.359599999887,RA-MPC
142.9368000001432,RA-MPC
146.3709999998173,RA-MPC
151.5226999999868,RA-MPC
122.56909999996424,RA-MPC
146.6659999998683,RA-MPC
146.8437000000904,RA-MPC
142.8581000000122,RA-MPC
139.71509999987575,RA-MPC
213.73959999982617,RA-MPC
153.9001000001008,RA-MPC
147.24950000004355,RA-MPC
142.95160000006035,RA-MPC
131.11430000003566,RA-MPC
142.2672999999577,RA-MPC
149.43510000011884,RA-MPC
117.77219999999033,RA-MPC
145.79460000004474,RA-MPC
144.47289999998247,RA-MPC
148.74159999999392,RA-MPC
159.27529999999024,RA-MPC
142.2528999999031,RA-MPC
144.0941999999268,RA-MPC
135.35720000004403,RA-MPC
129.46059999990212,RA-MPC
141.0024000001613,RA-MPC
146.67929999995977,RA-MPC
152.8979999998228,RA-MPC
108.36029999995844,RA-MPC
145.74110000012297,RA-MPC
135.22489999991194,RA-MPC
122.27159999997639,RA-MPC
104.72900000013396,RA-MPC
100.98560000005818,RA-MPC
103.19090000007236,RA-MPC
128.38329999999587,RA-MPC
218.6272999999801,RA-MPC
116.60959999994702,RA-MPC
141.64839999989454,RA-MPC
123.4382000000096,RA-MPC
158.4736999998313,RA-MPC
158.48819999996522,RA-MPC
136.57539999985602,RA-MPC
134.04830000013135,RA-MPC
128.64890000014384,RA-MPC
129.10329999999703,RA-MPC
144.370600000002,RA-MPC
130.54169999986698,RA-MPC
128.14860000003137,RA-MPC
348.47080000008646,RA-MPC
123.2274999999845,RA-MPC
122.46479999998883,RA-MPC
143.1249999998272,RA-MPC
146.20689999992464,RA-MPC
156.26770000017132,RA-MPC
147.88900000007743,RA-MPC
137.59140000001935,RA-MPC
133.14439999999195,RA-MPC
135.93270000001212,RA-MPC
110.10160000000724,RA-MPC
114.16189999999915,RA-MPC
131.59889999997176,RA-MPC
154.91130000009434,RA-MPC
154.2208999999275,RA-MPC
121.05480000013813,RA-MPC
110.66819999996369,RA-MPC
120.93540000000758,RA-MPC
177.28710000005776,RA-MPC
200.93040000006113,RA-MPC
150.3162000001339,RA-MPC
134.5926999999847,RA-MPC
130.21049999997558,RA-MPC
135.88310000000092,RA-MPC
123.54359999994813,RA-MPC
123.14020000007986,RA-MPC
128.10429999990447,RA-MPC
152.69739999985177,RA-MPC
131.81759999997666,RA-MPC
108.89389999988452,RA-MPC
132.41549999997915,RA-MPC
159.36310000006415,RA-MPC
123.53969999981018,RA-MPC
129.7477999999046,RA-MPC
129.95630000000347,RA-MPC
133.7912999999844,RA-MPC
144.503400000076,RA-MPC
126.78540000001703,RA-MPC
153.90830000001188,RA-MPC
152.6810000000296,RA-MPC
118.73560000003636,RA-MPC
126.06439999990471,RA-MPC
211.70649999999114,RA-MPC
133.7036000002172,RA-MPC
139.5618999999897,RA-MPC
140.71689999991577,RA-MPC
140.4439000000366,RA-MPC
143.3342000000266,RA-MPC
141.9506999998248,RA-MPC
131.70439999998962,RA-MPC
147.22619999997733,RA-MPC
152.6890000000094,RA-MPC
157.72839999999633,RA-MPC
164.664700000003,RA-MPC
150.15220000009322,RA-MPC
163.1772999999157,RA-MPC
157.40469999991547,RA-MPC
149.39240000012433,RA-MPC
122.89349999991828,RA-MPC
151.21090000002368,RA-MPC
133.77710000008847,RA-MPC
137.78800000000047,RA-MPC
155.43690000004062,RA-MPC
156.79880000016055,RA-MPC
152.23470000000816,RA-MPC
145.826199999874,RA-MPC
122.15349999996761,RA-MPC
108.17919999999503,RA-MPC
181.97109999982786,RA-MPC
145.7385000001068,RA-MPC
189.93669999986196,RA-MPC
161.1837000000378,RA-MPC
157.72500000002765,RA-MPC
166.2065000000439,RA-MPC
151.84809999982463,RA-MPC
154.95289999989836,RA-MPC
142.20780000005107,RA-MPC
166.62270000006174,RA-MPC
155.93119999994087,RA-MPC
141.12339999996948,RA-MPC
156.11680000006345,RA-MPC
158.35900000001857,RA-MPC
134.38390000010259,RA-MPC
128.9111999999477,RA-MPC
117.56869999999253,RA-MPC
147.26210000003448,RA-MPC
167.5740999999107,RA-MPC
228.16650000004302,RA-MPC
131.89699999998084,RA-MPC
143.47739999993792,RA-MPC
131.43399999989924,RA-MPC
116.10010000003967,RA-MPC
128.68189999994684,RA-MPC
344.2027999999482,RA-MPC
103.02819999992607,RA-MPC
141.0644999998567,RA-MPC
128.3839000000171,RA-MPC
147.8784999999334,RA-MPC
125.98499999990054,RA-MPC
129.3412999998509,RA-MPC
113.63800000003721,RA-MPC
132.9040000000532,RA-MPC
170.39070000009815,RA-MPC
106.24170000005506,RA-MPC
137.10450000007768,RA-MPC
154.33489999986705,RA-MPC
121.7392999999447,RA-MPC
101.61110000012741,RA-MPC
157.1741000000202,RA-MPC
200.47090000002754,RA-MPC
96.51420000000144,RA-MPC
97.79379999986304,RA-MPC
598.7036000001353,RA-MPC
85.47610000005079,RA-MPC
139.77710000017396,RA-MPC
236.84380000008787,RA-MPC
210.57840000003125,RA-MPC
164.04220000003988,RA-MPC
165.78079999999318,RA-MPC
152.55569999999352,RA-MPC
119.96960000010404,RA-MPC
115.7688999999209,RA-MPC
145.63399999997273,RA-MPC
152.05839999998716,RA-MPC
93.00819999998566,RA-MPC
96.00350000005164,RA-MPC
82.24189999987175,RA-MPC
181.7129000000932,RA-MPC
80.94170000003942,RA-MPC
129.59939999996095,RA-MPC
119.38170000007631,RA-MPC
129.77509999996073,RA-MPC
163.56850000011036,RA-MPC
95.49549999996998,RA-MPC
115.59519999991608,RA-MPC
182.97089999987293,RA-MPC
152.70009999994727,RA-MPC
112.46890000006715,RA-MPC
106.42940000002454,RA-MPC
85.34729999996671,RA-MPC
89.83740000007856,RA-MPC
90.18519999995078,RA-MPC
101.01899999995112,RA-MPC
89.97330000011061,RA-MPC
141.05850000009923,RA-MPC
87.17799999999443,RA-MPC
131.91819999997279,RA-MPC
85.42760000000271,RA-MPC
90.53610000000845,RA-MPC
85.55299999989074,RA-MPC
94.70699999997123,RA-MPC
88.56979999995929,RA-MPC
93.94099999985883,RA-MPC
100.97229999996671,RA-MPC
128.51240000009057,RA-MPC
143.26029999983803,RA-MPC
150.44609999995373,RA-MPC
107.24419999996826,RA-MPC
153.0976000001374,RA-MPC
144.99700000010307,RA-MPC
145.70950000006633,RA-MPC
176.3063000000784,RA-MPC
146.0060000001704,RA-MPC
159.7682999999961,RA-MPC
140.2938000001086,RA-MPC
179.45940000004157,RA-MPC
195.00539999989996,RA-MPC
123.31210000002102,RA-MPC
142.72459999983766,RA-MPC
130.6469000001016,RA-MPC
142.3254999999699,RA-MPC
146.00079999991067,RA-MPC
197.71589999982098,RA-MPC
119.40320000007887,RA-MPC
156.52509999995345,RA-MPC
144.06170000006568,RA-MPC
145.50030000009428,RA-MPC
146.19740000011916,RA-MPC
152.8610000000299,RA-MPC
140.0444000000789,RA-MPC
142.10589999993317,RA-MPC
140.5214999999771,RA-MPC
110.63179999996464,RA-MPC
164.78890000007596,RA-MPC
150.57469999987916,RA-MPC
142.18140000002677,RA-MPC
132.45889999984684,RA-MPC
143.82300000011128,RA-MPC
143.87680000004366,RA-MPC
134.99369999999544,RA-MPC
121.98289999992085,RA-MPC
103.82810000010068,RA-MPC
138.01650000004884,RA-MPC
140.86870000005547,RA-MPC
139.72030000013547,RA-MPC
225.53229999994073,RA-MPC
136.97400000000926,RA-MPC
137.36330000006092,RA-MPC
143.74359999987973,RA-MPC
136.43740000020443,RA-MPC
112.81919999987622,RA-MPC
107.51649999997426,RA-MPC
144.90759999989677,RA-MPC
146.7081999999209,RA-MPC
143.75189999987015,RA-MPC
141.74950000005992,RA-MPC
133.57830000018112,RA-MPC
143.8822000000073,RA-MPC
144.45440000008603,RA-MPC
157.51169999998638,RA-MPC
167.96700000008968,RA-MPC
167.02950000012606,RA-MPC
168.18100000000413,RA-MPC
142.325000000028,RA-MPC
137.50419999996666,RA-MPC
131.54999999983374,RA-MPC
120.65729999994801,RA-MPC
139.1759999999067,RA-MPC
461.45799999999326,RA-MPC
117.54399999995258,RA-MPC
123.72129999994286,RA-MPC
101.13590000014483,RA-MPC
82.38219999998364,RA-MPC
139.50709999994615,RA-MPC
150.3302999999505,RA-MPC
142.19660000003387,RA-MPC
127.43099999988772,RA-MPC
123.85029999995822,RA-MPC
137.38050000006297,RA-MPC
133.02279999993516,RA-MPC
148.09929999978522,RA-MPC
112.42339999989781,RA-MPC
131.50099999984377,RA-MPC
130.57069999990745,RA-MPC
118.6366999997972,RA-MPC
135.73029999997743,RA-MPC
132.08690000010392,RA-MPC
150.617499999953,RA-MPC
173.59030000011444,RA-MPC
139.39090000008036,RA-MPC
183.37820000010652,RA-MPC
128.6801999999625,RA-MPC
137.8208999999515,RA-MPC
138.74680000003536,RA-MPC
149.06539999992674,RA-MPC
152.3007000000689,RA-MPC
110.86989999989783,RA-MPC
114.92369999996299,RA-MPC
134.1925000001538,RA-MPC
150.95930000006774,RA-MPC
126.57809999996061,RA-MPC
133.09430000003886,RA-MPC
131.95500000006177,RA-MPC
131.77970000015193,RA-MPC
182.50020000004952,RA-MPC
177.8179000000364,RA-MPC
160.7026000001497,RA-MPC
139.66479999999137,RA-MPC
151.6468000002078,RA-MPC
151.88590000002478,RA-MPC
144.23489999990124,RA-MPC
141.1551999999574,RA-MPC
141.926999999896,RA-MPC
160.44529999999213,RA-MPC
141.77280000012615,RA-MPC
143.6687999998867,RA-MPC
143.9932000000681,RA-MPC
152.18849999996564,RA-MPC
137.16010000007373,RA-MPC
134.56939999991846,RA-MPC
138.47650000002432,RA-MPC
207.73929999995744,RA-MPC
174.90159999988464,RA-MPC
254.00280000008024,RA-MPC
236.4145000001372,RA-MPC
135.10150000001886,RA-MPC
134.67710000008992,RA-MPC
132.91230000004362,RA-MPC
152.03760000008515,RA-MPC
140.5174999999872,RA-MPC
168.26770000011493,RA-MPC
205.65949999991062,RA-MPC
160.62529999999242,RA-MPC
157.38490000012462,RA-MPC
148.52160000009462,RA-MPC
180.10240000012345,RA-MPC
102.14380000002166,RA-MPC
89.69260000003487,RA-MPC
94.50779999997394,RA-MPC
105.65079999992122,RA-MPC
116.81679999992411,RA-MPC
133.73929999988832,RA-MPC
293.2877999999164,RA-MPC
109.61590000010801,RA-MPC
98.64029999994273,RA-MPC
155.46519999998054,RA-MPC
198.95950000000084,RA-MPC
189.16219999982786,RA-MPC
190.8862999998746,RA-MPC
156.65009999997892,RA-MPC
113.18649999998343,RA-MPC
135.2015999998457,RA-MPC
111.66309999998703,RA-MPC
142.63470000014422,RA-MPC
140.57879999995748,RA-MPC
123.07699999996657,RA-MPC
138.97530000008373,RA-MPC
110.84110000001601,RA-MPC
124.71889999983432,RA-MPC
118.09440000001814,RA-MPC
104.31049999988318,RA-MPC
129.01820000001862,RA-MPC
114.98370000003888,RA-MPC
134.11300000007031,RA-MPC
138.23309999997946,RA-MPC
134.50880000004872,RA-MPC
174.75530000001527,RA-MPC
138.42199999999139,RA-MPC
100.43550000000323,RA-MPC
90.5536000000211,RA-MPC
102.88200000013603,RA-MPC
167.52919999998994,RA-MPC
117.63089999999465,RA-MPC
97.66310000009071,RA-MPC
119.83689999988201,RA-MPC
136.07490000003963,RA-MPC
120.14649999991889,RA-MPC
143.7042999998539,RA-MPC
121.46280000001752,RA-MPC
112.99339999982294,RA-MPC
118.75910000003387,RA-MPC
124.67799999990348,RA-MPC
135.35000000001673,RA-MPC
126.31340000007185,RA-MPC
127.51909999997224,RA-MPC
131.78850000008424,RA-MPC
166.55149999996866,RA-MPC
114.20049999992443,RA-MPC
124.82730000010633,RA-MPC
116.0515999999916,RA-MPC
104.45740000000114,RA-MPC
113.7829999997848,RA-MPC
110.94490000004953,RA-MPC
94.58470000004127,RA-MPC
102.62099999999919,RA-MPC
113.70020000003933,RA-MPC
128.39819999999236,RA-MPC
123.57679999990978,RA-MPC
113.04999999993015,RA-MPC
507.7837000001182,RA-MPC
145.84149999996043,RA-MPC
160.96829999992224,RA-MPC
139.40569999999752,RA-MPC
137.81100000005608,RA-MPC
117.49379999992016,RA-MPC
126.23759999996764,RA-MPC
124.82680000016444,RA-MPC
153.97409999991396,RA-MPC
148.47230000009404,RA-MPC
152.93450000012854,RA-MPC
152.6323999999022,RA-MPC
138.71750000021166,RA-MPC
142.65030000001389,RA-MPC
147.3942000000079,RA-MPC
145.23420000000442,RA-MPC
166.30159999999705,RA-MPC
195.44969999992645,RA-MPC
161.15949999993973,RA-MPC
152.34689999988404,RA-MPC
152.52250000003187,RA-MPC
163.278900000023,RA-MPC
158.75479999999698,RA-MPC
149.80709999986175,RA-MPC
134.8448000001099,RA-MPC
126.4054999999189,RA-MPC
408.5284000000229,RA-MPC
151.1715000001459,RA-MPC
157.29830000009315,RA-MPC
160.15549999997347,RA-MPC
151.55699999991157,RA-MPC
133.22850000008657,RA-MPC
145.96350000010716,RA-MPC
149.6529000000919,RA-MPC
143.37139999997817,RA-MPC
141.03610000006483,RA-MPC
138.98340000014286,RA-MPC
121.97130000004108,RA-MPC
118.5365000001184,RA-MPC
1148.1063999999606,RA-MPC
126.52589999993324,RA-MPC
142.31630000017503,RA-MPC
142.31889999996383,RA-MPC
144.14620000002287,RA-MPC
143.08719999985442,RA-MPC
132.61929999998756,RA-MPC
152.9508999999507,RA-MPC
145.90609999982007,RA-MPC
126.22750000014094,RA-MPC
107.98610000006192,RA-MPC
142.49990000007529,RA-MPC
105.47759999985828,RA-MPC
94.40189999986615,RA-MPC
110.7868999999937,RA-MPC
117.95039999992696,RA-MPC
139.7572000000764,RA-MPC
156.42819999993662,RA-MPC
200.24960000000647,RA-MPC
139.2390000000887,RA-MPC
128.18609999999353,RA-MPC
138.36140000012165,RA-MPC
132.62539999982437,RA-MPC
107.78320000008534,RA-MPC
104.97589999999946,RA-MPC
163.38169999994534,RA-MPC
143.72100000014143,RA-MPC
143.03140000015446,RA-MPC
144.95439999996051,RA-MPC
137.160300000005,RA-MPC
142.3403999999664,RA-MPC
134.18960000012703,RA-MPC
137.75329999998576,RA-MPC
117.43239999987054,RA-MPC
110.65619999999399,RA-MPC
107.30180000018663,RA-MPC
132.01290000006338,RA-MPC
123.01030000003266,RA-MPC
119.92039999995541,RA-MPC
125.72480000017094,RA-MPC
119.4405999999617,RA-MPC
114.51800000008916,RA-MPC
120.79330000005939,RA-MPC
113.48199999997632,RA-MPC
112.1459999999388,RA-MPC
98.82160000006479,RA-MPC
108.56220000005123,RA-MPC
110.71259999994254,RA-MPC
95.62970000001769,RA-MPC
116.17759999990085,RA-MPC
75.43200000009165,RA-MPC
83.54770000005374,RA-MPC
100.3610000000208,RA-MPC
85.25500000018837,RA-MPC
91.3762999998653,RA-MPC
134.776200000033,RA-MPC
116.305999999895,RA-MPC
98.8670000001548,RA-MPC
90.13110000000779,RA-MPC
118.45489999996062,RA-MPC
128.0271000000539,RA-MPC
219.79209999994964,RA-MPC
113.64510000021255,RA-MPC
100.56170000007114,RA-MPC
118.35930000006556,RA-MPC
163.9866999998958,RA-MPC
155.6666999999834,RA-MPC
165.43819999992593,RA-MPC
141.94359999987682,RA-MPC
100.84910000000491,RA-MPC
119.94630000003781,RA-MPC
138.31970000001093,RA-MPC
94.16719999990164,RA-MPC
118.92570000009073,RA-MPC
150.83260000005794,RA-MPC
129.2338999999174,RA-MPC
126.5917000000627,RA-MPC
141.08740000006037,RA-MPC
121.05670000005375,RA-MPC
132.67969999992602,RA-MPC
165.87070000014137,RA-MPC
117.77119999987917,RA-MPC
146.5794000000642,RA-MPC
160.02730000013798,RA-MPC
96.41269999997348,RA-MPC
93.67019999990589,RA-MPC
179.30289999981142,RA-MPC
156.63960000006227,RA-MPC
112.65859999980421,RA-MPC
88.27840000003562,RA-MPC
88.42309999999998,RA-MPC
118.69050000018433,RA-MPC
154.38940000012735,RA-MPC
130.75759999992442,RA-MPC
154.37889999998333,RA-MPC
121.97139999989304,RA-MPC
139.15819999988344,RA-MPC
112.48970000019654,RA-MPC
141.16950000016004,RA-MPC
140.29770000001918,RA-MPC
138.51770000019314,RA-MPC
105.3447999997843,RA-MPC
99.02110000007269,RA-MPC
124.62839999989228,RA-MPC
130.1304999999502,RA-MPC
152.5797000001603,RA-MPC
117.15640000011263,RA-MPC
211.05790000001434,RA-MPC
147.5023999998939,RA-MPC
140.3739999998379,RA-MPC
133.69250000005195,RA-MPC
135.2123000001484,RA-MPC
145.3513000001294,RA-MPC
129.34329999984584,RA-MPC
132.96330000002854,RA-MPC
106.8915000000743,RA-MPC
88.48879999982273,RA-MPC
101.8188000000464,RA-MPC
131.57409999985248,RA-MPC
125.76239999998506,RA-MPC
122.8496000001087,RA-MPC
117.03140000008716,RA-MPC
127.27639999980056,RA-MPC
123.7820000001193,RA-MPC
115.16459999984363,RA-MPC
131.61909999985255,RA-MPC
91.66989999994257,RA-MPC
98.52670000009311,RA-MPC
174.1733999999724,RA-MPC
145.6521000000066,RA-MPC
139.4617000000835,RA-MPC
143.3388999998897,RA-MPC
102.62440000019524,RA-MPC
112.001699999837,RA-MPC
125.54559999989579,RA-MPC
116.89050000018142,RA-MPC
106.61830000003647,RA-MPC
134.47819999987587,RA-MPC
150.86770000016259,RA-MPC
148.04210000011153,RA-MPC
129.461400000082,RA-MPC
113.837999999987,RA-MPC
93.46679999998742,RA-MPC
104.3165000000954,RA-MPC
143.87159999978394,RA-MPC
107.49660000010408,RA-MPC
122.85339999993994,RA-MPC
134.98829999980444,RA-MPC
124.3075999998382,RA-MPC
147.306399999934,RA-MPC
182.72449999994933,RA-MPC
114.09230000003845,RA-MPC
126.95619999999508,RA-MPC
123.15219999982219,RA-MPC
138.89750000021195,RA-MPC
136.87110000000757,RA-MPC
115.72819999992134,RA-MPC
85.23689999992712,RA-MPC
105.58130000003985,RA-MPC
126.20889999993778,RA-MPC
79.10709999987375,RA-MPC
87.76740000007521,RA-MPC
207.62220000005982,RA-MPC
168.2172000000719,RA-MPC
167.895499999986,RA-MPC
193.30420000005688,RA-MPC
171.70650000002752,RA-MPC
166.17260000020906,RA-MPC
145.63239999984035,RA-MPC
140.90329999999085,RA-MPC
118.9176000000316,RA-MPC
137.37139999989267,RA-MPC
181.49650000009387,RA-MPC
137.78580000007423,RA-MPC
124.92770000017117,RA-MPC
131.77059999998164,RA-MPC
125.26359999992565,RA-MPC
139.78419999989455,RA-MPC
139.15859999997338,RA-MPC
155.31060000012076,RA-MPC
143.74869999983275,RA-MPC
130.84650000018883,RA-MPC
145.23030000009385,RA-MPC
152.099299999918,RA-MPC
157.12680000001455,RA-MPC
143.7266999998883,RA-MPC
118.1119000000308,RA-MPC
117.09859999996297,RA-MPC
132.1871000000101,RA-MPC
96.54209999985142,RA-MPC
105.4978999998184,RA-MPC
89.7655000001123,RA-MPC
175.53399999997055,RA-MPC
110.32270000009703,RA-MPC
120.28510000004644,RA-MPC
87.07010000011906,RA-MPC
87.25390000017796,RA-MPC
105.50820000003114,RA-MPC
105.16830000005939,RA-MPC
141.2067000001116,RA-MPC
198.58750000003056,RA-MPC
164.0158000000156,RA-MPC
143.08329999994385,RA-MPC
121.82159999997566,RA-MPC
83.5684000001038,RA-MPC
83.92780000008315,RA-MPC
89.73229999992327,RA-MPC
118.06079999996655,RA-MPC
87.85279999983686,RA-MPC
79.66420000002472,RA-MPC
85.04670000002079,RA-MPC
85.93210000003637,RA-MPC
83.81650000001173,RA-MPC
87.31230000012147,RA-MPC
83.44089999991411,RA-MPC
82.40950000003977,RA-MPC
83.2785000000058,RA-MPC
81.26689999994596,RA-MPC
85.05080000009002,RA-MPC
82.34730000003765,RA-MPC
89.06769999998687,RA-MPC
165.57540000007975,RA-MPC
88.87029999982587,RA-MPC
103.83380000007492,RA-MPC
93.33340000011958,RA-MPC
136.37800000014977,RA-MPC
104.80470000015885,RA-MPC
90.7067000000552,RA-MPC
119.800400000031,RA-MPC
83.80620000002637,RA-MPC
92.79160000005504,RA-MPC
85.74569999996129,RA-MPC
101.1026999999558,RA-MPC
79.2052000001604,RA-MPC
87.67029999989973,RA-MPC
83.07550000017727,RA-MPC
82.26390000004358,RA-MPC
82.61259999994763,RA-MPC
85.23190000005343,RA-MPC
86.05850000003556,RA-MPC
89.47449999982382,RA-MPC
83.05679999989479,RA-MPC
80.29039999996712,RA-MPC
79.64559999982157,RA-MPC
88.7192000000141,RA-MPC
91.74370000005183,RA-MPC
89.79840000006334,RA-MPC
84.44860000008703,RA-MPC
95.47810000003665,RA-MPC
81.72899999999572,RA-MPC
90.90939999987313,RA-MPC
99.87969999997404,RA-MPC
112.26929999997992,RA-MPC
146.04690000010123,RA-MPC
150.01780000011422,RA-MPC
102.82469999992827,RA-MPC
89.87180000008266,RA-MPC
129.0567999999439,RA-MPC
259.5988999999008,RA-MPC
119.98879999987366,RA-MPC
85.53560000018479,RA-MPC
84.76949999999306,RA-MPC
85.99709999998595,RA-MPC
86.30560000005971,RA-MPC
87.31209999996281,RA-MPC
96.16200000004937,RA-MPC
128.6388999999417,RA-MPC
120.1467999999295,RA-MPC
87.68000000009124,RA-MPC
81.38239999993857,RA-MPC
86.74780000001192,RA-MPC
94.11130000012236,RA-MPC
93.49070000007487,RA-MPC
100.574700000152,RA-MPC
104.71619999998438,RA-MPC
119.18149999996785,RA-MPC
137.07859999999528,RA-MPC
103.8093999998182,RA-MPC
129.12099999994098,RA-MPC
94.4509000000835,RA-MPC
92.58770000019467,RA-MPC
84.90310000001955,RA-MPC
79.90049999989424,RA-MPC
83.53499999998348,RA-MPC
95.96280000005208,RA-MPC
78.6723000001075,RA-MPC
91.88799999992625,RA-MPC
265.7096000000365,RA-MPC
126.59789999997884,RA-MPC
103.26000000009117,RA-MPC
140.0691999999708,RA-MPC
109.3518000000131,RA-MPC
146.71369999996386,RA-MPC
102.3350999998911,RA-MPC
91.82140000007166,RA-MPC
87.87680000000364,RA-MPC
126.09569999995074,RA-MPC
291.0693999999694,RA-MPC
169.6309999999812,RA-MPC
159.7870000000512,RA-MPC
123.29940000017814,RA-MPC
135.64560000008896,RA-MPC
140.09549999991577,RA-MPC
143.00040000011904,RA-MPC
121.29730000015115,RA-MPC
118.55939999986731,RA-MPC
118.31329999995432,RA-MPC
92.06769999991593,RA-MPC
90.86440000010043,RA-MPC
87.53650000016933,RA-MPC
92.65219999997498,RA-MPC
89.40189999998438,RA-MPC
83.75660000001517,RA-MPC
85.36350000008497,RA-MPC
94.93429999997716,RA-MPC
110.10669999996026,RA-MPC
101.72099999999773,RA-MPC
83.41250000012224,RA-MPC
103.82330000015827,RA-MPC
89.03750000013133,RA-MPC
82.28009999993446,RA-MPC
83.13330000009955,RA-MPC
82.75170000001708,RA-MPC
84.6769999998287,RA-MPC
87.12900000000445,RA-MPC
84.05800000014096,RA-MPC
83.991400000059,RA-MPC
115.75779999998304,RA-MPC
103.57350000003862,RA-MPC
82.73240000016813,RA-MPC
79.96549999984381,RA-MPC
82.01869999993505,RA-MPC
132.01440000011644,RA-MPC
89.41129999993791,RA-MPC
84.1946000000462,RA-MPC
87.32989999998608,RA-MPC
82.41380000004028,RA-MPC
77.63150000005226,RA-MPC
99.50669999989259,RA-MPC
185.576600000104,RA-MPC
97.24200000005112,RA-MPC
149.20240000014928,RA-MPC
77.57670000000871,RA-MPC
78.19390000008752,RA-MPC
75.4732000000331,RA-MPC
85.13399999992544,RA-MPC
83.75180000007276,RA-MPC
78.43529999991006,RA-MPC
77.04019999982847,RA-MPC
79.34750000003987,RA-MPC
77.16320000008636,RA-MPC
77.49639999997271,RA-MPC
79.69930000012937,RA-MPC
157.86550000007082,RA-MPC
85.80819999997402,RA-MPC
84.58199999995486,RA-MPC
86.52480000000651,RA-MPC
84.46429999980865,RA-MPC
84.98210000016115,RA-MPC
85.84989999985737,RA-MPC
87.56859999994049,RA-MPC
90.40909999998803,RA-MPC
95.05309999985911,RA-MPC
94.67109999991408,RA-MPC
90.14999999999418,RA-MPC
104.92279999994025,RA-MPC
131.8983000001026,RA-MPC
121.91280000001825,RA-MPC
132.55609999987428,RA-MPC
87.45820000012827,RA-MPC
83.78890000017236,RA-MPC
82.432800000106,RA-MPC
80.31980000009753,RA-MPC
82.14539999994486,RA-MPC
79.27940000013223,RA-MPC
81.36590000003707,RA-MPC
78.60410000012052,RA-MPC
90.42969999995876,RA-MPC
91.68989999989208,RA-MPC
141.04100000008657,RA-MPC
74.51319999995576,RA-MPC
80.16509999993104,RA-MPC
81.1249000000771,RA-MPC
80.17940000013368,RA-MPC
80.47690000012153,RA-MPC
88.41899999993075,RA-MPC
86.54610000007779,RA-MPC
110.86809999983416,RA-MPC
90.3630999998768,RA-MPC
94.7407999999541,RA-MPC
122.0751000000746,RA-MPC
132.09170000004633,RA-MPC
105.58510000009846,RA-MPC
125.94560000002275,RA-MPC
112.65860000003158,RA-MPC
93.93729999987954,RA-MPC
80.76329999994414,RA-MPC
80.0818000000163,RA-MPC
81.50739999996404,RA-MPC
82.96380000001591,RA-MPC
81.8523999998888,RA-MPC
81.95449999993798,RA-MPC
130.87399999994886,RA-MPC
112.84760000012284,RA-MPC
74.7096000000056,RA-MPC
99.47039999997287,RA-MPC
76.07639999991989,RA-MPC
79.43219999992834,RA-MPC
75.58289999997214,RA-MPC
100.91259999990143,RA-MPC
81.59980000004907,RA-MPC
103.84939999994458,RA-MPC
146.0675999999239,RA-MPC
152.82270000011522,RA-MPC
164.319100000057,RA-MPC
114.3521999999848,RA-MPC
166.79519999979675,RA-MPC
159.11499999992884,RA-MPC
87.53959999990002,RA-MPC
100.45639999998457,RA-MPC
101.06370000016796,RA-MPC
93.2477999999719,RA-MPC
94.6963000001233,RA-MPC
140.5070999999225,RA-MPC
101.5081000000464,RA-MPC
128.0328999998801,RA-MPC
92.09270000019387,RA-MPC
101.36719999991328,RA-MPC
98.3237000000372,RA-MPC
97.6064999999835,RA-MPC
96.55119999979433,RA-MPC
98.29360000003362,RA-MPC
92.81650000002628,RA-MPC
95.92370000018491,RA-MPC
96.38100000006489,RA-MPC
101.31279999995968,RA-MPC
104.27490000006401,RA-MPC
107.20760000003793,RA-MPC
108.32010000012815,RA-MPC
124.1194000001542,RA-MPC
82.79410000000098,RA-MPC
92.3921999999493,RA-MPC
158.026800000016,RA-MPC
86.26390000017636,RA-MPC
91.49149999984729,RA-MPC
100.11920000010832,RA-MPC
177.60859999998502,RA-MPC
126.35820000014064,RA-MPC
98.35889999999381,RA-MPC
87.95600000007653,RA-MPC
91.94640000009713,RA-MPC
88.86989999996331,RA-MPC
91.44119999996292,RA-MPC
92.16499999979533,RA-MPC
88.08710000016617,RA-MPC
90.11020000002645,RA-MPC
91.6383000001133,RA-MPC
115.29030000019702,RA-MPC
107.19249999988278,RA-MPC
89.32079999999587,RA-MPC
98.82020000009106,RA-MPC
89.02250000005552,RA-MPC
91.18409999996402,RA-MPC
99.65069999998377,RA-MPC
140.78219999987596,RA-MPC
139.06810000003134,RA-MPC
120.60170000017933,RA-MPC
105.85549999996147,RA-MPC
98.30880000004072,RA-MPC
87.95359999999164,RA-MPC
81.26740000011523,RA-MPC
81.05460000001585,RA-MPC
117.11300000001756,RA-MPC
84.72380000011981,RA-MPC
85.94659999994292,RA-MPC
88.38639999999032,RA-MPC
92.06930000004832,RA-MPC
85.2524000001722,RA-MPC
84.38849999993181,RA-MPC
85.11150000003909,RA-MPC
82.01480000002448,RA-MPC
105.17240000012862,RA-MPC
103.90449999999873,RA-MPC
82.48380000009092,RA-MPC
81.08440000000883,RA-MPC
86.56300000006922,RA-MPC
85.11339999995471,RA-MPC
88.44180000005508,RA-MPC
142.04429999995227,RA-MPC
114.78119999992487,RA-MPC
108.97900000009031,RA-MPC
84.19200000003002,RA-MPC
78.88219999995272,RA-MPC
107.9411999999138,RA-MPC
79.15219999995315,RA-MPC
72.2273999999743,RA-MPC
72.3917000000256,RA-MPC
96.23160000001008,RA-MPC
76.05339999986427,RA-MPC
79.88049999994473,RA-MPC
76.50919999991856,RA-MPC
93.82010000012997,RA-MPC
91.50579999982256,RA-MPC
82.31999999998152,RA-MPC
86.80760000015653,RA-MPC
86.78359999998975,RA-MPC
106.42710000001898,RA-MPC
93.36910000001808,RA-MPC
86.77600000009988,RA-MPC
80.10859999990316,RA-MPC
81.2857000000804,RA-MPC
81.36530000001585,RA-MPC
85.09799999978895,RA-MPC
85.21350000000893,RA-MPC
79.77579999987938,RA-MPC
197.30570000001535,RA-MPC
148.63089999994372,RA-MPC
112.57210000007944,RA-MPC
104.95670000000246,RA-MPC
103.94419999988713,RA-MPC
81.91179999994347,RA-MPC
79.20619999981682,RA-MPC
83.02249999997002,RA-MPC
81.35919999995167,RA-MPC
80.41069999990214,RA-MPC
82.61160000006385,RA-MPC
79.45990000007441,RA-MPC
83.66239999986647,RA-MPC
79.21310000006088,RA-MPC
78.94260000011855,RA-MPC
82.52440000001116,RA-MPC
80.04189999996925,RA-MPC
90.67199999981312,RA-MPC
98.66640000018378,RA-MPC
87.42099999994934,RA-MPC
80.38200000009965,RA-MPC
78.60439999990376,RA-MPC
84.64690000005248,RA-MPC
84.57950000001802,RA-MPC
119.15690000000723,RA-MPC
90.14849999994112,RA-MPC
92.2797000000628,RA-MPC
109.79649999990215,RA-MPC
113.51989999980105,RA-MPC
108.18560000006983,RA-MPC
109.43169999995916,RA-MPC
94.27589999995689,RA-MPC
84.65300000011666,RA-MPC
82.98790000003464,RA-MPC
82.52459999994244,RA-MPC
80.36650000008194,RA-MPC
82.81289999990804,RA-MPC
86.34710000001178,RA-MPC
83.99239999994279,RA-MPC
81.85009999988324,RA-MPC
82.61220000008507,RA-MPC
83.09439999993629,RA-MPC
81.61749999999302,RA-MPC
82.11970000002111,RA-MPC
103.42749999995249,RA-MPC
114.82120000005125,RA-MPC
111.8228000000272,RA-MPC
84.48429999998552,RA-MPC
78.82880000011028,RA-MPC
116.60789999996268,RA-MPC
104.3190999998842,RA-MPC
82.53960000001825,RA-MPC
97.56640000000516,RA-MPC
125.17920000004779,RA-MPC
80.28730000000905,RA-MPC
76.0454999999638,RA-MPC
75.83100000010745,RA-MPC
79.33170000001155,RA-MPC
81.17560000005142,RA-MPC
81.8323999999393,RA-MPC
80.45070000002852,RA-MPC
88.93769999986034,RA-MPC
101.80690000015602,RA-MPC
83.97239999999329,RA-MPC
88.72840000003634,RA-MPC
126.28649999987829,RA-MPC
80.32780000007733,RA-MPC
72.48150000009446,RA-MPC
75.43740000005528,RA-MPC
77.48179999998683,RA-MPC
87.08900000010544,RA-MPC
78.32689999986542,RA-MPC
81.90280000007988,RA-MPC
79.92829999989226,RA-MPC
80.69619999992028,RA-MPC
80.01500000000306,RA-MPC
81.24420000012833,RA-MPC
104.62299999994684,RA-MPC
101.42079999991438,RA-MPC
115.45449999994162,RA-MPC
143.27680000019427,RA-MPC
90.06290000002082,RA-MPC
77.9818000000887,RA-MPC
78.12689999991562,RA-MPC
90.63399999990907,RA-MPC
145.54440000006252,RA-MPC
87.64870000004521,RA-MPC
90.2742999999191,RA-MPC
89.01790000004439,RA-MPC
85.71370000004208,RA-MPC
107.44260000001304,RA-MPC
110.80170000013823,RA-MPC
86.00840000008247,RA-MPC
86.39789999983805,RA-MPC
91.13960000013321,RA-MPC
85.36039999989953,RA-MPC
81.6471000000547,RA-MPC
78.19390000008752,RA-MPC
82.25160000006326,RA-MPC
79.47829999989153,RA-MPC
80.78660000001037,RA-MPC
82.79050000010102,RA-MPC
78.42759999994087,RA-MPC
86.06110000005174,RA-MPC
94.24510000008013,RA-MPC
136.7264000000432,RA-MPC
158.4138000000621,RA-MPC
108.10850000007122,RA-MPC
81.39789999995628,RA-MPC
82.3473999998896,RA-MPC
120.05120000003444,RA-MPC
76.28540000018802,RA-MPC
78.39779999994789,RA-MPC
76.11969999993562,RA-MPC
78.30349999994723,RA-MPC
78.28840000001946,RA-MPC
85.27760000015405,RA-MPC
110.21600000003673,RA-MPC
146.60370000001421,RA-MPC
121.36059999988902,RA-MPC
120.64779999991515,RA-MPC
108.11699999999291,RA-MPC
125.75240000001031,RA-MPC
124.13349999997081,RA-MPC
168.28989999999067,RA-MPC
150.09820000000218,RA-MPC
200.08529999995517,RA-MPC
190.5640999998468,RA-MPC
176.92369999986113,RA-MPC
158.1402000001617,RA-MPC
141.81389999998828,RA-MPC
121.53340000008939,RA-MPC
93.97960000001149,RA-MPC
143.26570000002903,RA-MPC
90.30389999998079,RA-MPC
92.83919999984391,RA-MPC
90.58479999998781,RA-MPC
91.82650000002468,RA-MPC
94.46609999986322,RA-MPC
93.12669999985701,RA-MPC
96.30280000010316,RA-MPC
108.58110000003762,RA-MPC
89.27049999988412,RA-MPC
94.26040000016656,RA-MPC
106.2067999998817,RA-MPC
115.41330000000016,RA-MPC
133.1732999999531,RA-MPC
110.42960000008861,RA-MPC
112.67390000011801,RA-MPC
102.57470000010471,RA-MPC
130.04450000016732,RA-MPC
186.5287000000535,RA-MPC
98.10010000001057,RA-MPC
88.79350000006525,RA-MPC
90.07529999985309,RA-MPC
105.80879999997705,RA-MPC
96.45870000008472,RA-MPC
89.44190000011076,RA-MPC
85.53940000001603,RA-MPC
89.39439999994647,RA-MPC
86.74280000013823,RA-MPC
90.94740000000456,RA-MPC
87.58510000006936,RA-MPC
84.25660000011703,RA-MPC
92.170299999907,RA-MPC
108.77630000004501,RA-MPC
94.03769999994438,RA-MPC
130.398600000035,RA-MPC
101.017899999988,RA-MPC
91.60590000010416,RA-MPC
153.66080000012516,RA-MPC
112.7292999999554,RA-MPC
114.17710000000625,RA-MPC
107.56229999992684,RA-MPC
90.04359999994449,RA-MPC
96.11370000015995,RA-MPC
89.17289999999412,RA-MPC
90.02820000000611,RA-MPC
119.36200000013741,RA-MPC
121.03899999988244,RA-MPC
165.8354999999574,RA-MPC
123.3578999999736,RA-MPC
103.67410000003474,RA-MPC
133.8853999998264,RA-MPC
134.99260000003233,RA-MPC
133.2020999998349,RA-MPC
150.55879999999888,RA-MPC
141.46169999980884,RA-MPC
78.81889999998748,RA-MPC
87.43550000008327,RA-MPC
89.92899999998372,RA-MPC
104.68439999999646,RA-MPC
105.15699999996286,RA-MPC
144.3331999998918,RA-MPC
133.29090000001997,RA-MPC
132.8835000001618,RA-MPC
96.16710000000239,RA-MPC
128.6340999999993,RA-MPC
123.85339999991629,RA-MPC
94.01750000006359,RA-MPC
91.7887000000519,RA-MPC
107.49919999989288,RA-MPC
97.5912999999764,RA-MPC
90.7959999999548,RA-MPC
92.17939999984992,RA-MPC
88.99599999995189,RA-MPC
103.16770000008546,RA-MPC
85.16720000011446,RA-MPC
90.1234000000386,RA-MPC
124.45049999996627,RA-MPC
89.54689999995935,RA-MPC
97.60739999978796,RA-MPC
93.63600000006045,RA-MPC
90.56329999998525,RA-MPC
98.0149000001802,RA-MPC
138.2666000001791,RA-MPC
139.2614000001231,RA-MPC
109.15669999985766,RA-MPC
83.56069999990723,RA-MPC
116.51809999989382,RA-MPC
124.07659999985299,RA-MPC
105.12519999997494,RA-MPC
134.24970000005487,RA-MPC
96.30010000000766,RA-MPC
138.7489999999616,RA-MPC
92.19179999990956,RA-MPC
94.16910000004464,RA-MPC
91.63820000003398,RA-MPC
89.59019999997508,RA-MPC
90.97059999999146,RA-MPC
103.85569999994004,RA-MPC
103.35040000018125,RA-MPC
91.95590000012999,RA-MPC
103.22710000014013,RA-MPC
87.17879999994693,RA-MPC
90.38170000007995,RA-MPC
89.80659999997442,RA-MPC
304.7043000001395,RA-MPC
113.8895000001412,RA-MPC
94.137499999988,RA-MPC
103.46279999998842,RA-MPC
107.00650000012502,RA-MPC
99.89130000008117,RA-MPC
90.21599999982755,RA-MPC
84.73119999985101,RA-MPC
87.88800000002084,RA-MPC
86.04310000009718,RA-MPC
88.79440000009708,RA-MPC
84.68370000014147,RA-MPC
84.57980000002863,RA-MPC
131.33440000001428,RA-MPC
105.56320000000596,RA-MPC
98.91259999994872,RA-MPC
93.10479999999188,RA-MPC
92.21720000005007,RA-MPC
94.79600000008759,RA-MPC
86.84569999991254,RA-MPC
84.55640000011044,RA-MPC
88.40100000020357,RA-MPC
90.50509999997303,RA-MPC
91.53089999995245,RA-MPC
137.57570000007036,RA-MPC
148.4424999998737,RA-MPC
173.4276999998201,RA-MPC
114.99419999995553,RA-MPC
116.05170000007092,RA-MPC
133.66740000014943,RA-MPC
120.55519999989883,RA-MPC
127.47889999991457,RA-MPC
137.44259999998576,RA-MPC
119.52659999997195,RA-MPC
117.86819999997533,RA-MPC
146.2934999999561,RA-MPC
116.80070000011256,RA-MPC
125.82679999991342,RA-MPC
133.3847999999307,RA-MPC
129.4350000000577,RA-MPC
116.20190000007824,RA-MPC
202.34320000008665,RA-MPC
100.02420000000711,RA-MPC
139.56099999995786,RA-MPC
150.54880000002413,RA-MPC
154.20380000000478,RA-MPC
156.1076000000412,RA-MPC
135.23699999996097,RA-MPC
118.2986000001165,RA-MPC
126.63770000017394,RA-MPC
136.86959999995452,RA-MPC
154.16320000008454,RA-MPC
172.73920000002363,RA-MPC
164.23140000006242,RA-MPC
174.68699999994897,RA-MPC
146.12769999985176,RA-MPC
157.5849000000744,RA-MPC
151.886500000046,RA-MPC
131.20560000015757,RA-MPC
143.14000000013039,RA-MPC
145.71599999999307,RA-MPC
119.18119999995724,RA-MPC
152.0441000000119,RA-MPC
127.39439999995739,RA-MPC
124.28189999991446,RA-MPC
115.32909999982621,RA-MPC
124.68069999999898,RA-MPC
158.39299999993273,RA-MPC
199.63989999996556,RA-MPC
173.04239999998572,RA-MPC
212.80549999983123,RA-MPC
125.10739999993348,RA-MPC
134.3925000001036,RA-MPC
94.58719999997811,RA-MPC
115.01239999984136,RA-MPC
224.11299999998846,RA-MPC
138.232200000175,RA-MPC
138.87660000000324,RA-MPC
142.81759999994392,RA-MPC
138.18800000012743,RA-MPC
144.03070000003027,RA-MPC
133.8253999999779,RA-MPC
117.09810000002108,RA-MPC
131.86389999987114,RA-MPC
131.58340000018143,RA-MPC
144.26970000022266,RA-MPC
152.67040000003362,RA-MPC
135.5786999999964,RA-MPC
129.12630000005265,RA-MPC
144.76239999999052,RA-MPC
119.1871999999421,RA-MPC
125.04300000000512,RA-MPC
149.9903000001268,RA-MPC
147.71550000000389,RA-MPC
118.15069999988737,RA-MPC
141.06679999986227,RA-MPC
119.07359999986511,RA-MPC
109.53459999996085,RA-MPC
132.4610000001485,RA-MPC
159.56550000009884,RA-MPC
133.99500000014086,RA-MPC
137.5719999998637,RA-MPC
99.19889999991938,RA-MPC
135.91479999990952,RA-MPC
137.55910000008953,RA-MPC
112.53499999997985,RA-MPC
116.44730000011805,RA-MPC
119.92989999998827,RA-MPC
111.40890000001491,RA-MPC
109.81799999990471,RA-MPC
144.98669999989033,RA-MPC
148.81229999991774,RA-MPC
140.56830000004084,RA-MPC
164.64169999994738,RA-MPC
133.3135999998376,RA-MPC
137.8592999999455,RA-MPC
163.58100000002196,RA-MPC
134.24770000005992,RA-MPC
577.5456999999733,RA-MPC
137.2592000000168,RA-MPC
126.16849999994884,RA-MPC
131.70080000008966,RA-MPC
129.58839999987504,RA-MPC
149.30540000000292,RA-MPC
136.62879999992583,RA-MPC
141.41010000003007,RA-MPC
118.51900000010573,RA-MPC
127.39779999992606,RA-MPC
128.51339999997435,RA-MPC
128.11450000003788,RA-MPC
121.79290000017318,RA-MPC
131.6062000000784,RA-MPC
122.43269999999029,RA-MPC
197.2713999998632,RA-MPC
131.01570000003449,RA-MPC
133.92809999982092,RA-MPC
128.36109999989276,RA-MPC
132.86900000002788,RA-MPC
133.01099999989674,RA-MPC
143.34040000017012,RA-MPC
152.58369999992283,RA-MPC
139.31720000005043,RA-MPC
129.09160000003794,RA-MPC
147.114399999964,RA-MPC
149.61379999999735,RA-MPC
117.67940000004273,RA-MPC
131.41310000014528,RA-MPC
115.73900000007598,RA-MPC
139.24410000004173,RA-MPC
150.83049999998366,RA-MPC
137.95740000000478,RA-MPC
153.40650000007372,RA-MPC
160.48430000000735,RA-MPC
135.79159999994772,RA-MPC
270.58899999997266,RA-MPC
168.99929999999586,RA-MPC
257.90680000000066,RA-MPC
167.78290000002016,RA-MPC
136.21929999999338,RA-MPC
136.06000000004315,RA-MPC
140.01490000009653,RA-MPC
163.9620000000832,RA-MPC
95.65950000001067,RA-MPC
133.37440000009337,RA-MPC
110.59920000002421,RA-MPC
110.32269999986966,RA-MPC
106.50929999997061,RA-MPC
109.75660000008247,RA-MPC
199.16719999991983,RA-MPC
161.90350000010767,RA-MPC
102.77879999989636,RA-MPC
100.78050000015537,RA-MPC
110.67039999988992,RA-MPC
136.84600000010505,RA-MPC
132.46550000008028,RA-MPC
131.39840000008007,RA-MPC
135.399199999938,RA-MPC
112.36060000010184,RA-MPC
172.58559999982026,RA-MPC
215.32219999994595,RA-MPC
132.80389999999898,RA-MPC
161.35099999996783,RA-MPC
136.75769999986187,RA-MPC
131.86050000012983,RA-MPC
117.84469999997782,RA-MPC
123.65139999997155,RA-MPC
111.33040000004257,RA-MPC
124.91369999997914,RA-MPC
132.85819999987325,RA-MPC
119.91949999992357,RA-MPC
144.36049999994793,RA-MPC
90.84199999983866,RA-MPC
115.37339999995311,RA-MPC
107.3391999998421,RA-MPC
102.68410000003314,RA-MPC
89.63000000017018,RA-MPC
129.7188000000915,RA-MPC
159.66260000004695,RA-MPC
145.54090000001452,RA-MPC
127.1747000000687,RA-MPC
102.68829999995432,RA-MPC
77.45850000014798,RA-MPC
99.62160000009135,RA-MPC
190.96639999997933,RA-MPC
119.76889999982632,RA-MPC
131.8272999999408,RA-MPC
112.9292999999052,RA-MPC
106.20660000017779,RA-MPC
166.94950000010067,RA-MPC
164.43120000008093,RA-MPC
186.75989999997,RA-MPC
102.83069999991312,RA-MPC
123.27940000000126,RA-MPC
165.88190000015857,RA-MPC
160.4515999999876,RA-MPC
133.29379999981938,RA-MPC
159.1222000001835,RA-MPC
142.67940000013368,RA-MPC
110.91869999995652,RA-MPC
94.25499999997555,RA-MPC
157.15559999989637,RA-MPC
166.61260000000766,RA-MPC
110.32649999992827,RA-MPC
131.2379000000874,RA-MPC
102.59480000013355,RA-MPC
85.17230000006748,RA-MPC
78.48859999990054,RA-MPC
130.13870000008865,RA-MPC
153.16580000012436,RA-MPC
126.3862999999219,RA-MPC
143.33000000010543,RA-MPC
83.616099999972,RA-MPC
96.44230000003517,RA-MPC
105.31869999999799,RA-MPC
87.56130000006124,RA-MPC
94.66589999988173,RA-MPC
119.17889999995168,RA-MPC
76.09329999991132,RA-MPC
87.19799999994393,RA-MPC
78.51500000015221,RA-MPC
99.52320000002146,RA-MPC
101.93100000014965,RA-MPC
92.40899999986141,RA-MPC
73.13790000011977,RA-MPC
109.31479999999283,RA-MPC
115.67969999987326,RA-MPC
111.1612999998215,RA-MPC
76.55880000015713,RA-MPC
102.4681999999757,RA-MPC
81.55229999988478,RA-MPC
105.07159999997384,RA-MPC
99.86640000010993,RA-MPC
92.16000000014901,RA-MPC
82.69680000012158,RA-MPC
81.05500000010579,RA-MPC
80.28790000003028,RA-MPC
80.98410000002332,RA-MPC
95.49049999986892,RA-MPC
126.76620000002004,RA-MPC
169.204499999978,RA-MPC
108.16810000005717,RA-MPC
97.80959999989136,RA-MPC
154.22639999997045,RA-MPC
277.1143999998458,RA-MPC
102.6332999999795,RA-MPC
144.56879999988814,RA-MPC
127.42699999989782,RA-MPC
113.33620000004885,RA-MPC
111.26409999997122,RA-MPC
145.5058999999892,RA-MPC
162.76270000003024,RA-MPC
123.24829999988651,RA-MPC
94.24910000007003,RA-MPC
105.19740000017919,RA-MPC
149.236799999926,RA-MPC
78.5663999999997,RA-MPC
128.22189999997136,RA-MPC
124.91280000017468,RA-MPC
132.3614999998881,RA-MPC
109.63549999996758,RA-MPC
144.80570000000625,RA-MPC
88.83400000013353,RA-MPC
94.26060000009784,RA-MPC
151.66639999984,RA-MPC
158.89609999999266,RA-MPC
160.91710000000603,RA-MPC
178.98360000003777,RA-MPC
152.52060000011625,RA-MPC
151.16299999999683,RA-MPC
124.11999999994805,RA-MPC
151.57470000008288,RA-MPC
102.83780000008846,RA-MPC
95.97260000009555,RA-MPC
133.25299999996787,RA-MPC
115.31260000015209,RA-MPC
112.72159999998621,RA-MPC
89.06769999998687,RA-MPC
192.5656999999319,RA-MPC
96.13139999987652,RA-MPC
82.06630000017867,RA-MPC
84.26600000007056,RA-MPC
96.51890000009189,RA-MPC
153.91299999987496,RA-MPC
149.1467000000739,RA-MPC
118.11130000000958,RA-MPC
106.2122000000727,RA-MPC
99.17189999987386,RA-MPC
109.52199999996992,RA-MPC
136.1400999999205,RA-MPC
124.40609999998742,RA-MPC
85.94659999994292,RA-MPC
159.423199999992,RA-MPC
140.71190000004208,RA-MPC
138.7445000000298,RA-MPC
137.8535000001193,RA-MPC
159.91389999999228,RA-MPC
124.93300000005547,RA-MPC
102.70799999989322,RA-MPC
106.5753999998833,RA-MPC
175.76859999985572,RA-MPC
99.84830000007605,RA-MPC
100.3198999999313,RA-MPC
160.37889999984145,RA-MPC
209.01149999986046,RA-MPC
163.0667000001722,RA-MPC
180.9886999999435,RA-MPC
176.4840999999251,RA-MPC
83.94990000010694,RA-MPC
82.9438000000664,RA-MPC
208.74160000016673,RA-MPC
98.71150000003581,RA-MPC
85.76189999985218,RA-MPC
77.12099999980637,RA-MPC
87.76770000008582,RA-MPC
91.05380000005425,RA-MPC
134.21250000010332,RA-MPC
120.58750000005602,RA-MPC
132.28329999992638,RA-MPC
111.34369999990668,RA-MPC
129.59989999990285,RA-MPC
84.0534999999818,RA-MPC
88.89199999998709,RA-MPC
140.51370000015595,RA-MPC
144.57919999995283,RA-MPC
137.7911000001859,RA-MPC
196.0054000001037,RA-MPC
156.17489999999634,RA-MPC
120.60550000001058,RA-MPC
136.6620999999668,RA-MPC
135.87439999992057,RA-MPC
124.93740000013531,RA-MPC
122.40719999999783,RA-MPC
91.54310000008081,RA-MPC
124.74310000015976,RA-MPC
114.4406999999319,RA-MPC
80.46100000001388,RA-MPC
195.86729999991803,RA-MPC
125.9900000000016,RA-MPC
184.1684000000896,RA-MPC
158.24010000005728,RA-MPC
129.38850000000457,RA-MPC
153.65010000004986,RA-MPC
171.83910000017022,RA-MPC
131.22389999989537,RA-MPC
123.0107000001226,RA-MPC
139.49729999990268,RA-MPC
98.46889999994346,RA-MPC
112.20769999999902,RA-MPC
100.51429999998618,RA-MPC
86.13030000014987,RA-MPC
121.14520000000084,RA-MPC
367.8982999999789,RA-MPC
145.67289999990862,RA-MPC
114.42630000010467,RA-MPC
95.28109999996559,RA-MPC
94.63319999986197,RA-MPC
147.0523000000412,RA-MPC
120.37839999993594,RA-MPC
94.42300000000614,RA-MPC
84.1106000000309,RA-MPC
105.2167999998801,RA-MPC
122.47909999996409,RA-MPC
135.82180000003063,RA-MPC
114.77629999990313,RA-MPC
88.0242000000635,RA-MPC
83.93079999996189,RA-MPC
94.73639999987427,RA-MPC
93.95889999996143,RA-MPC
96.8347000000449,RA-MPC
111.27220000003035,RA-MPC
136.89260000001013,RA-MPC
136.2135000001672,RA-MPC
160.4254999999739,RA-MPC
80.18560000004982,RA-MPC
81.47140000005493,RA-MPC
85.11579999981222,RA-MPC
77.1813999999722,RA-MPC
81.92959999996674,RA-MPC
133.25920000011138,RA-MPC
87.97009999989314,RA-MPC
82.42300000006253,RA-MPC
84.11279999995713,RA-MPC
79.8765000001822,RA-MPC
80.0738000000365,RA-MPC
127.22220000000561,RA-MPC
135.19580000001952,RA-MPC
153.72000000002117,RA-MPC
141.7566000000079,RA-MPC
146.29700000000412,RA-MPC
119.26419999986138,RA-MPC
236.46889999986342,RA-MPC
149.50679999992644,RA-MPC
167.28879999982382,RA-MPC
218.241899999839,RA-MPC
148.20620000000417,RA-MPC
151.43809999995028,RA-MPC
155.61830000001464,RA-MPC
151.7164000001685,RA-MPC
142.76940000013383,RA-MPC
138.43770000016775,RA-MPC
152.8021000001445,RA-MPC
159.9568999999974,RA-MPC
145.91990000008082,RA-MPC
141.93169999998645,RA-MPC
154.44730000012896,RA-MPC
155.6417000001602,RA-MPC
116.11729999981435,RA-MPC
129.9380000000383,RA-MPC
138.31600000003164,RA-MPC
132.41149999998925,RA-MPC
160.5526999999256,RA-MPC
140.54940000005445,RA-MPC
142.76919999997517,RA-MPC
136.4191000000119,RA-MPC
131.67049999992742,RA-MPC
152.38240000007863,RA-MPC
156.9965000001048,RA-MPC
157.30580000013106,RA-MPC
363.9819999998508,RA-MPC
141.28019999998287,RA-MPC
142.41590000006,RA-MPC
140.55750000011358,RA-MPC
166.61969999995563,RA-MPC
171.68900000001486,RA-MPC
157.6694000000316,RA-MPC
140.86429999997563,RA-MPC
142.2651999998834,RA-MPC
144.86460000011903,RA-MPC
140.25739999988218,RA-MPC
138.92420000001948,RA-MPC
153.29509999992297,RA-MPC
166.87830000000758,RA-MPC
193.13790000001063,RA-MPC
158.2240999998703,RA-MPC
154.45410000006632,RA-MPC
153.6710000000312,RA-MPC
154.67889999990803,RA-MPC
179.0597000001526,RA-MPC
155.8582000000115,RA-MPC
131.88540000010107,RA-MPC
133.3767999999509,RA-MPC
149.5476999998573,RA-MPC
172.82379999983277,RA-MPC
231.75709999986793,RA-MPC
173.9400999999816,RA-MPC
168.7910999999076,RA-MPC
129.7348000000511,RA-MPC
867.0822999999928,RA-MPC
173.38450000011107,RA-MPC
136.5138000001025,RA-MPC
135.0707000001421,RA-MPC
114.29150000003574,RA-MPC
114.90950000006706,RA-MPC
111.40969999996742,RA-MPC
110.82389999978659,RA-MPC
116.79820000017571,RA-MPC
127.97829999999522,RA-MPC
107.59319999988293,RA-MPC
108.10620000006566,RA-MPC
113.91340000000127,RA-MPC
125.67910000007032,RA-MPC
295.42209999999614,RA-MPC
188.7586000000283,RA-MPC
172.40940000010596,RA-MPC
145.85680000004686,RA-MPC
145.53360000013527,RA-MPC
128.41240000011567,RA-MPC
132.59849999985818,RA-MPC
121.7497000000094,RA-MPC
155.15380000010737,RA-MPC
160.76779999980317,RA-MPC
135.99199999998746,RA-MPC
141.6481000001113,RA-MPC
118.46560000003592,RA-MPC
120.88100000005397,RA-MPC
97.86080000003494,RA-MPC
107.06589999995231,RA-MPC
141.1422000001039,RA-MPC
145.6869999999526,RA-MPC
147.9612000000543,RA-MPC
130.99770000007993,RA-MPC
139.6277999999711,RA-MPC
165.12120000015784,RA-MPC
162.08229999983814,RA-MPC
101.53330000002825,RA-MPC
82.4345999999423,RA-MPC
84.9310000000969,RA-MPC
83.34800000011455,RA-MPC
83.78000000016073,RA-MPC
81.23820000014348,RA-MPC
92.98960000000989,RA-MPC
86.88900000015565,RA-MPC
87.34010000011949,RA-MPC
78.56040000001485,RA-MPC
78.81040000006578,RA-MPC
81.41569999997955,RA-MPC
80.80859999995482,RA-MPC
95.62460000006467,RA-MPC
116.22060000013335,RA-MPC
138.01170000010643,RA-MPC
131.09799999983807,RA-MPC
144.53920000005382,RA-MPC
93.29299999990326,RA-MPC
77.9499999998734,RA-MPC
78.95009999992908,RA-MPC
87.71870000009585,RA-MPC
76.36149999984809,RA-MPC
78.79559999992125,RA-MPC
124.80800000003,RA-MPC
87.22390000002633,RA-MPC
84.43420000003243,RA-MPC
83.72649999978421,RA-MPC
84.72630000005665,RA-MPC
82.9151999998885,RA-MPC
86.38889999997446,RA-MPC
104.52390000000378,RA-MPC
84.76289999998698,RA-MPC
81.07650000010835,RA-MPC
83.09669999994185,RA-MPC
83.4258999998383,RA-MPC
84.22019999989061,RA-MPC
84.96470000000045,RA-MPC
95.90170000001308,RA-MPC
106.19200000019191,RA-MPC
145.23989999997866,RA-MPC
119.3026999999347,RA-MPC
96.49179999996704,RA-MPC
93.60430000015185,RA-MPC
121.95339999993848,RA-MPC
78.43929999989996,RA-MPC
141.64599999980965,RA-MPC
90.40939999999864,RA-MPC
144.89099999991595,RA-MPC
85.41120000018054,RA-MPC
78.49949999990713,RA-MPC
82.78589999986252,RA-MPC
81.10970000007,RA-MPC
83.32210000003215,RA-MPC
79.14340000002085,RA-MPC
80.78520000003664,RA-MPC
84.14519999996628,RA-MPC
88.3965000000444,RA-MPC
107.77250000001004,RA-MPC
112.71069999997962,RA-MPC
104.66949999999997,RA-MPC
127.11699999999837,RA-MPC
78.74599999991005,RA-MPC
128.4387999999126,RA-MPC
86.61340000003293,RA-MPC
92.74359999994886,RA-MPC
90.68860000002132,RA-MPC
90.82919999991645,RA-MPC
89.13040000015826,RA-MPC
93.29000000002452,RA-MPC
89.87439999987146,RA-MPC
88.2598999999118,RA-MPC
94.0871000000243,RA-MPC
94.08690000009301,RA-MPC
95.83870000005845,RA-MPC
89.4149999999172,RA-MPC
87.4476000001323,RA-MPC
86.48779999998624,RA-MPC
92.03919999981736,RA-MPC
89.5284000000629,RA-MPC
85.68379999996978,RA-MPC
87.14780000013889,RA-MPC
131.66419999993195,RA-MPC
131.61360000003697,RA-MPC
186.01790000002438,RA-MPC
111.72899999996844,RA-MPC
92.61459999993349,RA-MPC
89.32400000003327,RA-MPC
84.93459999999686,RA-MPC
94.38720000002832,RA-MPC
81.03649999998197,RA-MPC
82.82400000007328,RA-MPC
83.80349999993086,RA-MPC
79.83639999997649,RA-MPC
79.27679999988868,RA-MPC
76.43289999987246,RA-MPC
81.43309999991288,RA-MPC
91.80549999996401,RA-MPC
95.67020000008597,RA-MPC
77.0270000000437,RA-MPC
89.25359999989269,RA-MPC
78.23039999993853,RA-MPC
78.9214000001266,RA-MPC
77.33789999997498,RA-MPC
74.68999999991865,RA-MPC
114.27939999998671,RA-MPC
218.0826999999681,RA-MPC
90.65620000001218,RA-MPC
99.56620000002658,RA-MPC
99.83069999998406,RA-MPC
100.74370000006638,RA-MPC
95.71090000008553,RA-MPC
102.51449999987017,RA-MPC
102.50249999990046,RA-MPC
100.99500000001171,RA-MPC
109.3246000000363,RA-MPC
130.9838000001946,RA-MPC
874.8759999998583,RA-MPC
89.43139999996674,RA-MPC
88.61549999983254,RA-MPC
116.21019999984128,RA-MPC
181.03679999990163,RA-MPC
116.37379999979203,RA-MPC
86.26180000010208,RA-MPC
89.59489999983816,RA-MPC
134.8897999998826,RA-MPC
91.88250000011067,RA-MPC
80.94389999996565,RA-MPC
86.46420000013677,RA-MPC
79.72630000017489,RA-MPC
97.11670000001504,RA-MPC
121.17699999998877,RA-MPC
87.58929999999054,RA-MPC
79.4945000000098,RA-MPC
111.2834999998995,RA-MPC
85.23209999998471,RA-MPC
82.58810000006633,RA-MPC
85.69620000002942,RA-MPC
85.53469999992558,RA-MPC
79.98730000008436,RA-MPC
77.60010000015427,RA-MPC
78.64999999992506,RA-MPC
76.09999999999673,RA-MPC
77.60699999994358,RA-MPC
77.20749999998588,RA-MPC
84.41390000007232,RA-MPC
301.0306999999557,RA-MPC
151.12890000000334,RA-MPC
86.80970000000343,RA-MPC
91.03410000011536,RA-MPC
95.12260000019523,RA-MPC
100.56280000003426,RA-MPC
103.82479999998395,RA-MPC
96.92200000017692,RA-MPC
109.30699999994431,RA-MPC
127.8505000000223,RA-MPC
136.3896999998815,RA-MPC
122.87409999999,RA-MPC
84.84900000007656,RA-MPC
92.62009999997645,RA-MPC
95.94620000007126,RA-MPC
91.14549999981136,RA-MPC
93.78370000013092,RA-MPC
102.72370000006958,RA-MPC
97.14809999991303,RA-MPC
97.40990000000238,RA-MPC
114.11259999999857,RA-MPC
132.62409999992997,RA-MPC
135.54079999994428,RA-MPC
139.89809999998215,RA-MPC
92.76729999987765,RA-MPC
93.78629999991972,RA-MPC
92.86059999999452,RA-MPC
90.93649999999798,RA-MPC
93.9754000000903,RA-MPC
116.09490000000733,RA-MPC
114.97009999993679,RA-MPC
188.00579999992806,RA-MPC
96.54339999997319,RA-MPC
97.03029999991486,RA-MPC
99.38580000016373,RA-MPC
101.02320000009968,RA-MPC
96.54909999994743,RA-MPC
100.40140000000974,RA-MPC
102.3088000001735,RA-MPC
112.72389999999177,RA-MPC
104.38729999987117,RA-MPC
133.79699999995864,RA-MPC
91.14230000000134,RA-MPC
112.52209999997831,RA-MPC
156.8182999999408,RA-MPC
135.0975999998809,RA-MPC
95.15889999988758,RA-MPC
86.67970000010428,RA-MPC
95.35860000005414,RA-MPC
93.84730000010677,RA-MPC
92.77169999995749,RA-MPC
100.73790000001281,RA-MPC
108.9408000000276,RA-MPC
93.82060000007186,RA-MPC
90.70150000002286,RA-MPC
112.43230000013682,RA-MPC
90.47910000003867,RA-MPC
93.33089999995536,RA-MPC
94.90209999989929,RA-MPC
90.2029000001221,RA-MPC
84.90359999996144,RA-MPC
103.48959999987528,RA-MPC
96.48470000001907,RA-MPC
108.22899999993751,RA-MPC
106.98010000010072,RA-MPC
93.9187999999831,RA-MPC
88.76640000016778,RA-MPC
136.74860000014633,RA-MPC
120.44080000009671,RA-MPC
103.80999999983942,RA-MPC
96.94489999992584,RA-MPC
91.21120000008887,RA-MPC
87.7447000000302,RA-MPC
104.7320000000127,RA-MPC
178.5718999999517,RA-MPC
136.11889999992854,RA-MPC
137.96019999995224,RA-MPC
110.36030000013852,RA-MPC
83.61349999995582,RA-MPC
96.09090000003562,RA-MPC
91.47039999993467,RA-MPC
112.67809999981182,RA-MPC
146.59099999994396,RA-MPC
134.57610000000386,RA-MPC
115.6621999998606,RA-MPC
134.21569999991334,RA-MPC
89.94819999998072,RA-MPC
79.82709999987492,RA-MPC
93.4537000000546,RA-MPC
96.18699999987257,RA-MPC
102.54279999981009,RA-MPC
126.21609999996508,RA-MPC
86.7683000001307,RA-MPC
102.90550000013354,RA-MPC
91.69959999985622,RA-MPC
146.78100000014638,RA-MPC
86.05290000014065,RA-MPC
93.61390000003667,RA-MPC
89.49910000001182,RA-MPC
89.02009999997063,RA-MPC
93.55230000005577,RA-MPC
94.56569999997555,RA-MPC
94.35009999992872,RA-MPC
94.26650000000336,RA-MPC
90.36670000000413,RA-MPC
86.12970000012865,RA-MPC
95.61110000004192,RA-MPC
97.74450000008983,RA-MPC
95.7205999998223,RA-MPC
144.55320000001848,RA-MPC
96.20219999987967,RA-MPC
91.12089999985074,RA-MPC
98.3553999999458,RA-MPC
100.33090000001721,RA-MPC
121.8237999999019,RA-MPC
122.79110000008586,RA-MPC
110.40129999992132,RA-MPC
103.58310000015081,RA-MPC
107.91500000004817,RA-MPC
99.12740000004305,RA-MPC
101.46740000004684,RA-MPC
112.16239999998834,RA-MPC
103.9723999999751,RA-MPC
101.28579999991416,RA-MPC
109.40200000004552,RA-MPC
127.16379999983474,RA-MPC
98.29860000013468,RA-MPC
97.10270000005039,RA-MPC
98.07690000002367,RA-MPC
109.10570000010011,RA-MPC
101.13679999994929,RA-MPC
93.56539999998859,RA-MPC
93.65180000008877,RA-MPC
95.64769999997225,RA-MPC
94.96519999993325,RA-MPC
96.72690000002149,RA-MPC
134.9144000000706,RA-MPC
94.78269999999611,RA-MPC
144.22589999981028,RA-MPC
123.59639999999672,RA-MPC
120.65610000013294,RA-MPC
107.53779999981816,RA-MPC
99.53889999997045,RA-MPC
96.99149999983092,RA-MPC
95.58449999985896,RA-MPC
94.59670000001097,RA-MPC
94.36510000000453,RA-MPC
93.29820000016298,RA-MPC
95.95400000011978,RA-MPC
94.07039999996414,RA-MPC
94.45869999990464,RA-MPC
93.72789999997622,RA-MPC
153.61619999998766,RA-MPC
102.53660000012133,RA-MPC
100.13939999998911,RA-MPC
97.59199999984958,RA-MPC
126.65429999992739,RA-MPC
123.60489999991842,RA-MPC
130.4950999999619,RA-MPC
154.72429999999804,RA-MPC
121.56340000001364,RA-MPC
151.90950000010162,RA-MPC
119.58259999983056,RA-MPC
93.29060000004574,RA-MPC
79.95409999989533,RA-MPC
124.00880000018333,RA-MPC
115.58289999993576,RA-MPC
106.70059999984005,RA-MPC
88.60639999988962,RA-MPC
83.01239999991594,RA-MPC
87.262199999941,RA-MPC
85.80940000001647,RA-MPC
88.84960000000319,RA-MPC
96.07219999998051,RA-MPC
99.34769999995297,RA-MPC
98.07479999994939,RA-MPC
88.97090000004937,RA-MPC
84.85689999997703,RA-MPC
84.78750000017499,RA-MPC
131.3935999999103,RA-MPC
89.47949999992488,RA-MPC
103.39580000004389,RA-MPC
112.55849999997736,RA-MPC
148.95449999994526,RA-MPC
153.2448000000386,RA-MPC
131.64070000016181,RA-MPC
135.38660000017444,RA-MPC
128.40280000000348,RA-MPC
128.2295000000886,RA-MPC
125.83650000010493,RA-MPC
77.21030000016071,RA-MPC
80.61020000013741,RA-MPC
111.48099999991246,RA-MPC
87.70069999991392,RA-MPC
83.85849999990569,RA-MPC
95.64000000000306,RA-MPC
89.83499999999367,RA-MPC
88.02370000012161,RA-MPC
181.49059999996098,RA-MPC
92.55589999997937,RA-MPC
88.70520000004944,RA-MPC
96.95420000002741,RA-MPC
95.12089999998352,RA-MPC
90.43070000006992,RA-MPC
105.82050000016352,RA-MPC
87.11510000011913,RA-MPC
95.71280000000115,RA-MPC
105.04380000020319,RA-MPC
116.42800000004172,RA-MPC
96.60099999996419,RA-MPC
89.25460000000385,RA-MPC
88.7795000001006,RA-MPC
88.54909999990923,RA-MPC
148.29340000005686,RA-MPC
97.84370000011222,RA-MPC
97.6368999999977,RA-MPC
94.71119999989241,RA-MPC
99.33729999988827,RA-MPC
121.40790000012203,RA-MPC
136.25890000002983,RA-MPC
151.38389999992796,RA-MPC
173.61060000007456,RA-MPC
171.15839999996751,RA-MPC
146.52099999989332,RA-MPC
135.77610000015738,RA-MPC
143.8469999998233,RA-MPC
115.34100000017133,RA-MPC
121.20310000000245,RA-MPC
135.5388000001767,RA-MPC
84.64359999993576,RA-MPC
85.30549999977666,RA-MPC
85.42110000007597,RA-MPC
81.3441000000239,RA-MPC
81.90450000006422,RA-MPC
81.56110000004446,RA-MPC
80.95359999992979,RA-MPC
84.47909999995318,RA-MPC
82.47269999992568,RA-MPC
96.53669999988779,RA-MPC
108.26470000006339,RA-MPC
88.03330000000642,RA-MPC
97.69439999990936,RA-MPC
85.92610000005152,RA-MPC
83.90330000020185,RA-MPC
83.47109999999702,RA-MPC
81.29919999987578,RA-MPC
85.01539999997476,RA-MPC
116.96059999985664,RA-MPC
81.06389999989005,RA-MPC
78.18419999989601,RA-MPC
79.07019999993281,RA-MPC
74.62170000007973,RA-MPC
84.96510000009039,RA-MPC
86.58909999985553,RA-MPC
113.84879999991426,RA-MPC
165.53189999990536,RA-MPC
103.71830000008231,RA-MPC
102.57930000011584,RA-MPC
97.56590000006327,RA-MPC
104.20339999996031,RA-MPC
104.12519999999859,RA-MPC
127.61699999987286,RA-MPC
163.36389999992207,RA-MPC
146.75309999984165,RA-MPC
156.00849999987076,RA-MPC
125.04869999997936,RA-MPC
87.1479999998428,RA-MPC
89.21989999998914,RA-MPC
83.3836000001611,RA-MPC
84.41840000000411,RA-MPC
84.4931000001452,RA-MPC
86.69920000011189,RA-MPC
95.73890000001484,RA-MPC
126.36659999998301,RA-MPC
145.63889999999446,RA-MPC
149.74980000010873,RA-MPC
126.69159999995827,RA-MPC
211.8507000000136,RA-MPC
153.87810000015634,RA-MPC
89.55909999986034,RA-MPC
87.96690000008311,RA-MPC
85.25650000001406,RA-MPC
99.07699999985198,RA-MPC
108.22050000001582,RA-MPC
92.42730000005395,RA-MPC
81.81259999992108,RA-MPC
84.11900000010064,RA-MPC
84.52330000000075,RA-MPC
84.33790000003683,RA-MPC
83.49580000003698,RA-MPC
81.24199999997472,RA-MPC
81.49440000011055,RA-MPC
80.86019999996097,RA-MPC
90.67559999994046,RA-MPC
83.25719999993453,RA-MPC
90.04419999996571,RA-MPC
102.13209999983519,RA-MPC
101.61130000005869,RA-MPC
104.68349999996462,RA-MPC
84.20189999992544,RA-MPC
81.97640000003048,RA-MPC
92.01340000004166,RA-MPC
81.88610000001972,RA-MPC
89.02699999998731,RA-MPC
129.03170000004138,RA-MPC
112.91929999993044,RA-MPC
114.674100000002,RA-MPC
99.54540000012457,RA-MPC
100.9483000000273,RA-MPC
92.85439999985101,RA-MPC
96.08189999994465,RA-MPC
83.98499999998421,RA-MPC
84.03399999997418,RA-MPC
87.5773999998728,RA-MPC
86.67080000009264,RA-MPC
85.8970000001591,RA-MPC
86.02620000010575,RA-MPC
112.95080000013513,RA-MPC
95.62199999982113,RA-MPC
101.26820000004955,RA-MPC
97.77060000010351,RA-MPC
99.4625000000724,RA-MPC
89.92689999990944,RA-MPC
89.70839999983582,RA-MPC
93.50329999983842,RA-MPC
89.18010000002141,RA-MPC
94.47210000007544,RA-MPC
189.01340000002165,RA-MPC
133.7054000000535,RA-MPC
150.8292999999412,RA-MPC
115.47679999989668,RA-MPC
81.21000000005552,RA-MPC
92.59479999991527,RA-MPC
130.5222999999387,RA-MPC
139.1801999998279,RA-MPC
144.6441999999024,RA-MPC
168.19699999996374,RA-MPC
139.25109999991037,RA-MPC
145.37689999997383,RA-MPC
148.9473999999973,RA-MPC
139.66180000011263,RA-MPC
141.32689999996728,RA-MPC
144.77950000014062,RA-MPC
113.27329999994618,RA-MPC
141.6937000001326,RA-MPC
154.58459999990737,RA-MPC
154.73569999994652,RA-MPC
152.94440000002396,RA-MPC
136.56449999984943,RA-MPC
134.79910000000928,RA-MPC
115.73069999985819,RA-MPC
175.08020000013857,RA-MPC
127.79680000016924,RA-MPC
143.45129999992423,RA-MPC
146.15539999999783,RA-MPC
116.07789999993656,RA-MPC
118.96260000003167,RA-MPC
144.53630000002704,RA-MPC
142.28249999996478,RA-MPC
149.56030000007559,RA-MPC
145.32280000003084,RA-MPC
110.22830000001704,RA-MPC
125.88819999996304,RA-MPC
143.88869999993403,RA-MPC
148.09710000008636,RA-MPC
161.91810000009355,RA-MPC
150.3144999999222,RA-MPC
139.9628000001485,RA-MPC
263.4559000000536,RA-MPC
143.17979999987074,RA-MPC
133.30709999991086,RA-MPC
144.1515999999865,RA-MPC
132.13199999995595,RA-MPC
105.81360000014683,RA-MPC
122.03339999996388,RA-MPC
153.3378999999968,RA-MPC
121.4729000000716,RA-MPC
114.91350000005696,RA-MPC
124.42720000012741,RA-MPC
127.25890000001527,RA-MPC
130.40399999999863,RA-MPC
110.34760000006827,RA-MPC
132.70160000001852,RA-MPC
99.55110000009881,RA-MPC
92.74909999999181,RA-MPC
97.50669999993988,RA-MPC
92.95339999994212,RA-MPC
133.5249000001113,RA-MPC
83.7163999999575,RA-MPC
126.7089999998916,RA-MPC
186.8493000001763,RA-MPC
143.82369999998446,RA-MPC
90.77040000011039,RA-MPC
90.0867999998809,RA-MPC
93.19899999991321,RA-MPC
131.38570000000982,RA-MPC
117.78579999986505,RA-MPC
160.36650000000918,RA-MPC
132.45159999996758,RA-MPC
150.84860000001754,RA-MPC
117.62369999996736,RA-MPC
114.9511999999504,RA-MPC
104.09929999991618,RA-MPC
115.1027000000795,RA-MPC
131.30320000004758,RA-MPC
141.5117999999893,RA-MPC
122.80050000003939,RA-MPC
122.62530000020888,RA-MPC
127.20420000005106,RA-MPC
110.06940000015675,RA-MPC
118.66519999989578,RA-MPC
124.69119999991563,RA-MPC
208.75219999993533,RA-MPC
154.25970000001143,RA-MPC
131.23240000004444,RA-MPC
140.1860000000852,RA-MPC
158.58109999999215,RA-MPC
145.03149999995912,RA-MPC
78.91519999998309,RA-MPC
142.71660000008524,RA-MPC
81.89149999998335,RA-MPC
120.45209999996587,RA-MPC
136.81700000006458,RA-MPC
198.5600999998951,RA-MPC
165.03960000000006,RA-MPC
163.7966000000688,RA-MPC
161.62609999992128,RA-MPC
131.5422000000126,RA-MPC
139.86189999991439,RA-MPC
94.02119999981551,RA-MPC
115.05080000006274,RA-MPC
117.3605999999836,RA-MPC
91.49719999982153,RA-MPC
103.97020000004886,RA-MPC
130.9052999999949,RA-MPC
114.69160000001466,RA-MPC
121.35280000006787,RA-MPC
106.55369999994946,RA-MPC
152.60029999990365,RA-MPC
133.9268000001539,RA-MPC
120.10600000007798,RA-MPC
145.05270000017845,RA-MPC
83.50759999984803,RA-MPC
110.15169999996033,RA-MPC
123.9900000000489,RA-MPC
130.75879999996687,RA-MPC
108.81669999980659,RA-MPC
123.93459999998413,RA-MPC
128.8641999999527,RA-MPC
95.62849999997525,RA-MPC
121.64070000017091,RA-MPC
124.79500000017651,RA-MPC
82.49829999999747,RA-MPC
134.11359999986416,RA-MPC
100.82640000018728,RA-MPC
102.1899999998368,RA-MPC
103.76449999989745,RA-MPC
143.43499999995402,RA-MPC
120.28559999998834,RA-MPC
92.50459999998384,RA-MPC
102.4221000000125,RA-MPC
145.482500000071,RA-MPC
120.71240000000216,RA-MPC
124.90440000010494,RA-MPC
112.90220000000772,RA-MPC
120.11209999991479,RA-MPC
138.92020000002958,RA-MPC
173.61099999993712,RA-MPC
161.8146999999226,RA-MPC
113.33780000018123,RA-MPC
102.53130000000965,RA-MPC
129.11579999990863,RA-MPC
143.94020000008823,RA-MPC
122.24459999993087,RA-MPC
120.37299999997231,RA-MPC
90.9271999998964,RA-MPC
120.35000000014406,RA-MPC
124.82010000007904,RA-MPC
78.56829999991533,RA-MPC
93.90570000005027,RA-MPC
124.23009999997703,RA-MPC
122.43059999991601,RA-MPC
140.0811999999405,RA-MPC
242.20249999984844,RA-MPC
173.24069999995118,RA-MPC
140.98799999987932,RA-MPC
136.29709999986517,RA-MPC
135.2226999999857,RA-MPC
161.78770000010445,RA-MPC
156.6135000000486,RA-MPC
146.27440000003844,RA-MPC
141.76950000000943,RA-MPC
126.42009999990478,RA-MPC
142.4262999998973,RA-MPC
144.5182999998451,RA-MPC
141.81570000005195,RA-MPC
131.2390000000505,RA-MPC
139.1875000001619,RA-MPC
139.08749999995962,RA-MPC
153.89580000010028,RA-MPC
140.62409999996817,RA-MPC
154.5861000001878,RA-MPC
152.59299999979703,RA-MPC
143.00200000002405,RA-MPC
141.99310000003607,RA-MPC
149.23330000010537,RA-MPC
140.41699999984303,RA-MPC
151.72080000002097,RA-MPC
160.34300000001167,RA-MPC
121.97489999994104,RA-MPC
97.36640000005536,RA-MPC
120.36620000003495,RA-MPC
119.8504999999841,RA-MPC
126.4989000001151,RA-MPC
118.82510000009461,RA-MPC
200.92040000008637,RA-MPC
119.55510000007052,RA-MPC
151.8914999999197,RA-MPC
119.37970000008136,RA-MPC
152.60990000001584,RA-MPC
152.0777000000635,RA-MPC
145.93760000002476,RA-MPC
158.90070000000378,RA-MPC
150.19189999998162,RA-MPC
136.71700000008968,RA-MPC
179.84550000005584,RA-MPC
404.71419999994396,RA-MPC
129.27189999982147,RA-MPC
134.5378000000892,RA-MPC
148.088400000006,RA-MPC
162.63390000017353,RA-MPC
166.52969999995548,RA-MPC
157.969200000025,RA-MPC
137.05949999985023,RA-MPC
140.05760000009104,RA-MPC
150.8082000000286,RA-MPC
151.4354999999341,RA-MPC
150.48369999999522,RA-MPC
140.7796999999391,RA-MPC
131.58679999992273,RA-MPC
142.18929999992724,RA-MPC
151.74920000004022,RA-MPC
143.9393000000564,RA-MPC
196.72280000008868,RA-MPC
158.02899999994224,RA-MPC
129.5694000000367,RA-MPC
133.32370000011906,RA-MPC
116.45729999986543,RA-MPC
119.191199999932,RA-MPC
134.6091999998862,RA-MPC
106.4125000000331,RA-MPC
97.78830000004746,RA-MPC
117.12560000000849,RA-MPC
127.67719999988003,RA-MPC
121.06919999996535,RA-MPC
127.2116999998616,RA-MPC
127.81620000009752,RA-MPC
136.5577999999914,RA-MPC
270.76689999989867,RA-MPC
151.30060000001322,RA-MPC
147.97109999994973,RA-MPC
142.54219999997986,RA-MPC
153.26189999996132,RA-MPC
145.47779999998056,RA-MPC
147.50869999988936,RA-MPC
155.29010000000198,RA-MPC
151.73849999996492,RA-MPC
158.07979999999588,RA-MPC
150.68509999991875,RA-MPC
141.00399999983892,RA-MPC
145.27250000014647,RA-MPC
145.0812999999016,RA-MPC
122.76620000011462,RA-MPC
133.09610000010252,RA-MPC
152.8328000001693,RA-MPC
145.1288000000659,RA-MPC
147.82149999996363,RA-MPC
135.84990000003927,RA-MPC
148.28890000012507,RA-MPC
160.45890000009422,RA-MPC
138.32410000009077,RA-MPC
108.78739999998288,RA-MPC
93.11699999989287,RA-MPC
110.30189999996765,RA-MPC
119.46809999994912,RA-MPC
118.78120000005765,RA-MPC
165.20479999985582,RA-MPC
137.57259999988491,RA-MPC
119.6153000000777,RA-MPC
91.19490000011865,RA-MPC
94.49429999995118,RA-MPC
97.34190000017406,RA-MPC
128.0715999998847,RA-MPC
92.84889999980805,RA-MPC
104.61690000011004,RA-MPC
128.90629999992598,RA-MPC
144.5926999999756,RA-MPC
144.95689999989736,RA-MPC
112.02189999994516,RA-MPC
119.83450000002449,RA-MPC
174.29409999999734,RA-MPC
111.88879999986057,RA-MPC
135.59929999996712,RA-MPC
149.40649999994093,RA-MPC
144.72969999997076,RA-MPC
127.01579999998103,RA-MPC
139.60040000006302,RA-MPC
107.54869999982475,RA-MPC
87.17419999993581,RA-MPC
141.75430000000233,RA-MPC
99.62339999992764,RA-MPC
111.7956000000504,RA-MPC
145.94799999986208,RA-MPC
129.45570000010775,RA-MPC
146.65680000007342,RA-MPC
120.49329999990732,RA-MPC
120.07239999979902,RA-MPC
116.21059999993122,RA-MPC
123.27570000002197,RA-MPC
140.96199999994496,RA-MPC
114.71710000000712,RA-MPC
113.82730000013908,RA-MPC
107.53840000006676,RA-MPC
105.20889999997962,RA-MPC
107.06709999999475,RA-MPC
104.4918999998572,RA-MPC
130.06650000011177,RA-MPC
118.85260000008202,RA-MPC
94.03980000001866,RA-MPC
245.6285000000662,RA-MPC
100.69260000000213,RA-MPC
99.38369999986207,RA-MPC
103.10279999998784,RA-MPC
101.95370000019466,RA-MPC
102.73849999998674,RA-MPC
111.3130999999612,RA-MPC
114.43050000002586,RA-MPC
138.35539999990942,RA-MPC
122.36280000001898,RA-MPC
112.06760000004579,RA-MPC
98.80639999983032,RA-MPC
106.18150000004789,RA-MPC
106.88509999999951,RA-MPC
117.14800000004288,RA-MPC
116.5765000000647,RA-MPC
98.5301000000618,RA-MPC
97.4601000000348,RA-MPC
100.88459999997212,RA-MPC
125.04940000007991,RA-MPC
103.5125999999309,RA-MPC
105.36240000010366,RA-MPC
123.83260000001428,RA-MPC
96.20429999995395,RA-MPC
99.3637999999919,RA-MPC
86.90780000006271,RA-MPC
93.52230000013151,RA-MPC
92.2510999998849,RA-MPC
90.12060000009114,RA-MPC
144.27839999984826,RA-MPC
104.05539999987923,RA-MPC
170.5231000000822,RA-MPC
163.4298999999828,RA-MPC
162.45869999988827,RA-MPC
139.4222000001264,RA-MPC
127.1422000002076,RA-MPC
97.70720000005895,RA-MPC
116.33439999991424,RA-MPC
102.82890000007683,RA-MPC
87.42929999993976,RA-MPC
120.91110000005756,RA-MPC
128.8968000001205,RA-MPC
83.37540000002264,RA-MPC
88.90949999999975,RA-MPC
138.47580000015114,RA-MPC
120.03780000009101,RA-MPC
100.0271000000339,RA-MPC
103.81729999994604,RA-MPC
97.65870000001087,RA-MPC
88.20540000010624,RA-MPC
113.06670000021768,RA-MPC
118.89339999993354,RA-MPC
128.7953999999445,RA-MPC
128.199400000085,RA-MPC
134.0463000001364,RA-MPC
127.99670000003971,RA-MPC
117.31830000007903,RA-MPC
91.95720000002439,RA-MPC
85.93240000004698,RA-MPC
476.0269999999309,RA-MPC
152.79480000003787,RA-MPC
107.75420000004488,RA-MPC
132.66889999999876,RA-MPC
157.23130000014862,RA-MPC
154.32040000018787,RA-MPC
139.15170000018406,RA-MPC
103.33609999997861,RA-MPC
141.75520000003416,RA-MPC
151.98269999996228,RA-MPC
156.69530000013765,RA-MPC
126.67579999992995,RA-MPC
137.73570000012114,RA-MPC
153.62320000008367,RA-MPC
250.7444000000305,RA-MPC
156.2231000000338,RA-MPC
205.12230000008458,RA-MPC
150.04209999983686,RA-MPC
168.25420000009217,RA-MPC
137.08429999996952,RA-MPC
152.36400000003414,RA-MPC
129.9652000000151,RA-MPC
113.38129999990088,RA-MPC
96.02610000001732,RA-MPC
150.92219999996814,RA-MPC
191.0634000000755,RA-MPC
148.11169999984486,RA-MPC
99.44590000009157,RA-MPC
157.1931000000859,RA-MPC
109.73039999998946,RA-MPC
141.67889999998806,RA-MPC
116.26959999989595,RA-MPC
113.5940000001483,RA-MPC
164.80909999995674,RA-MPC
174.7419999999238,RA-MPC
125.05910000004405,RA-MPC
139.18499999999767,RA-MPC
139.6773999999823,RA-MPC
121.65550000008807,RA-MPC
113.93530000009378,RA-MPC
108.72950000020865,RA-MPC
232.62449999992896,RA-MPC
138.06100000010701,RA-MPC
106.5656000000672,RA-MPC
157.09300000003168,RA-MPC
159.8297000000457,RA-MPC
188.60200000017358,RA-MPC
143.5078000001795,RA-MPC
134.61659999984477,RA-MPC
166.3344999999481,RA-MPC
175.03880000003846,RA-MPC
163.33350000013525,RA-MPC
131.74370000001545,RA-MPC
146.95359999996072,RA-MPC
135.17760000013368,RA-MPC
131.12569999998414,RA-MPC
81.87060000000201,RA-MPC
123.3267000000069,RA-MPC
196.79589999987002,RA-MPC
120.33940000014809,RA-MPC
139.21110000001136,RA-MPC
146.64840000000368,RA-MPC
161.63249999999607,RA-MPC
158.45360000002984,RA-MPC
116.24899999992522,RA-MPC
121.76139999996849,RA-MPC
117.70939999996699,RA-MPC
107.53969999996116,RA-MPC
123.14240000000609,RA-MPC
96.09139999997751,RA-MPC
127.55730000003496,RA-MPC
119.88029999997707,RA-MPC
137.60270000011587,RA-MPC
141.48790000012923,RA-MPC
112.40029999999024,RA-MPC
128.53889999996682,RA-MPC
105.89290000007168,RA-MPC
110.99730000000818,RA-MPC
105.72720000004665,RA-MPC
125.11369999992894,RA-MPC
119.23070000011649,RA-MPC
114.63419999995494,RA-MPC
147.77790000016466,RA-MPC
219.47879999993347,RA-MPC
134.37739999994847,RA-MPC
178.7395999999717,RA-MPC
125.69959999996172,RA-MPC
138.26930000004722,RA-MPC
199.9871999998959,RA-MPC
122.42570000012165,RA-MPC
87.76239999997415,RA-MPC
150.46970000003057,RA-MPC
103.55980000008458,RA-MPC
88.87779999986378,RA-MPC
122.65239999987898,RA-MPC
131.2383999998019,RA-MPC
130.5569999999534,RA-MPC
93.23360000007597,RA-MPC
140.11229999982788,RA-MPC
141.8100000000777,RA-MPC
154.04289999992216,RA-MPC
163.68160000001808,RA-MPC
288.7731000000713,RA-MPC
97.71230000001196,RA-MPC
122.40740000015649,RA-MPC
127.54190000009658,RA-MPC
133.05140000011306,RA-MPC
129.65839999992568,RA-MPC
157.23720000005414,RA-MPC
92.97130000004472,RA-MPC
145.66000000013446,RA-MPC
152.93829999995978,RA-MPC
99.67559999995501,RA-MPC
91.86110000018743,RA-MPC
124.55999999997402,RA-MPC
123.75939999992625,RA-MPC
94.14700000002085,RA-MPC
99.75720000011279,RA-MPC
111.94189999991977,RA-MPC
123.57959999985724,RA-MPC
156.7160999998123,RA-MPC
132.47209999985898,RA-MPC
147.23590000016884,RA-MPC
135.33690000008392,RA-MPC
112.47909999997319,RA-MPC
122.52829999988535,RA-MPC
115.82380000004378,RA-MPC
117.50609999990047,RA-MPC
114.55469999987145,RA-MPC
128.81319999996776,RA-MPC
101.26190000005408,RA-MPC
223.3426000000236,RA-MPC
132.98269999995682,RA-MPC
95.85509999988062,RA-MPC
111.58210000007784,RA-MPC
154.6478999998726,RA-MPC
163.8973999999962,RA-MPC
151.68949999997494,RA-MPC
155.37049999988994,RA-MPC
153.31510000009985,RA-MPC
136.476200000061,RA-MPC
119.17269999980817,RA-MPC
103.1305000001339,RA-MPC
108.15989999991871,RA-MPC
102.80729999999494,RA-MPC
105.91999999996915,RA-MPC
122.48330000011265,RA-MPC
144.66519999996308,RA-MPC
108.2542999999987,RA-MPC
140.2983000000404,RA-MPC
102.82920000008744,RA-MPC
96.6537999997854,RA-MPC
128.07500000008076,RA-MPC
87.56080000011934,RA-MPC
124.97229999985393,RA-MPC
148.68449999994482,RA-MPC
128.52620000012394,RA-MPC
184.9174999999832,RA-MPC
176.6903000000184,RA-MPC
159.22430000000531,RA-MPC
185.9469999999419,RA-MPC
375.4409000000578,RA-MPC
152.03699999983655,RA-MPC
177.8189999999995,RA-MPC
137.45330000006106,RA-MPC
130.27919999990445,RA-MPC
129.13400000002184,RA-MPC
120.55729999997311,RA-MPC
124.01900000008936,RA-MPC
106.25279999999293,RA-MPC
132.7621000000363,RA-MPC
118.67629999983365,RA-MPC
108.4505999999692,RA-MPC
122.67550000001393,RA-MPC
142.83819999991465,RA-MPC
150.64050000000861,RA-MPC
232.33170000003156,RA-MPC
113.17319999989195,RA-MPC
117.46489999995902,RA-MPC
122.20400000001064,RA-MPC
149.27910000005795,RA-MPC
112.31850000012855,RA-MPC
123.47399999998743,RA-MPC
96.02240000003803,RA-MPC
102.7520000000095,RA-MPC
114.84540000014931,RA-MPC
148.2362000001558,RA-MPC
114.76549999997587,RA-MPC
123.69639999997162,RA-MPC
151.22339999993528,RA-MPC
174.61130000015146,RA-MPC
191.56859999998233,RA-MPC
162.04480000010335,RA-MPC
150.89850000003935,RA-MPC
182.3250999998436,RA-MPC
175.71459999999206,RA-MPC
146.38000000013562,RA-MPC
137.05800000002455,RA-MPC
109.68089999983022,RA-MPC
144.91670000006707,RA-MPC
127.46440000000803,RA-MPC
135.5058999999983,RA-MPC
92.31440000007751,RA-MPC
89.34640000006766,RA-MPC
80.75890000009167,RA-MPC
106.608499999993,RA-MPC
101.17239999999583,RA-MPC
439.70119999994495,RA-MPC
150.98990000001322,RA-MPC
126.47540000011759,RA-MPC
133.0209999998715,RA-MPC
138.92570000007254,RA-MPC
114.43439999993643,RA-MPC
98.86860000005981,RA-MPC
108.42240000010861,RA-MPC
124.68249999983527,RA-MPC
128.94510000000992,RA-MPC
132.53809999991972,RA-MPC
125.03749999996217,RA-MPC
101.3490999998794,RA-MPC
99.10280000008242,RA-MPC
117.20379999997022,RA-MPC
119.29229999987001,RA-MPC
119.93359999996756,RA-MPC
82.62979999994968,RA-MPC
188.5565999998562,RA-MPC
140.55869999992865,RA-MPC
150.31759999988026,RA-MPC
96.37969999994311,RA-MPC
101.55680000002576,RA-MPC
103.9584999998624,RA-MPC
116.04680000004919,RA-MPC
76.2126999998145,RA-MPC
89.26649999989422,RA-MPC
89.27689999995891,RA-MPC
224.0703999998459,RA-MPC
128.69000000000597,RA-MPC
116.0386000001381,RA-MPC
100.10459999989507,RA-MPC
100.51180000004933,RA-MPC
109.95389999993677,RA-MPC
112.6721999999063,RA-MPC
120.30500000014399,RA-MPC
91.84870000012779,RA-MPC
101.1482999999771,RA-MPC
107.3453999999856,RA-MPC
138.69920000001912,RA-MPC
165.45889999997598,RA-MPC
157.1824000000106,RA-MPC
149.7646000000259,RA-MPC
153.53529999993043,RA-MPC
107.86899999993693,RA-MPC
90.92880000002879,RA-MPC
145.7106999998814,RA-MPC
99.42109999997228,RA-MPC
89.17429999996784,RA-MPC
97.3586999998588,RA-MPC
118.38540000007924,RA-MPC
95.83229999998366,RA-MPC
124.11839999981567,RA-MPC
139.57479999999123,RA-MPC
133.2820999998603,RA-MPC
109.98689999996714,RA-MPC
87.74360000006709,RA-MPC
122.90389999998297,RA-MPC
109.50790000015331,RA-MPC
92.36779999991995,RA-MPC
82.9038000001674,RA-MPC
139.18280000007144,RA-MPC
170.15509999987444,RA-MPC
140.00400000008995,RA-MPC
174.71299999988332,RA-MPC
115.65079999991212,RA-MPC
165.15669999989768,RA-MPC
116.04149999993751,RA-MPC
158.292099999926,RA-MPC
146.64749999997184,RA-MPC
133.7412000000313,RA-MPC
145.52210000010746,RA-MPC
114.18899999989662,RA-MPC
158.80490000017744,RA-MPC
144.8812999999518,RA-MPC
131.3998000000538,RA-MPC
125.72900000009213,RA-MPC
217.19470000016372,RA-MPC
143.2945000001382,RA-MPC
126.18240000006153,RA-MPC
126.12719999992805,RA-MPC
117.27829999995265,RA-MPC
124.34439999992719,RA-MPC
114.20729999986179,RA-MPC
117.30609999995067,RA-MPC
89.0918000000056,RA-MPC
123.58620000009068,RA-MPC
152.13229999994837,RA-MPC
127.94630000007601,RA-MPC
119.96880000015153,RA-MPC
84.1522000000623,RA-MPC
83.67749999979424,RA-MPC
84.60839999997916,RA-MPC
79.75669999996171,RA-MPC
80.77650000018366,RA-MPC
79.3436000001293,RA-MPC
75.08290000009765,RA-MPC
82.51910000012685,RA-MPC
100.69799999996576,RA-MPC
143.7144999999873,RA-MPC
83.23510000013812,RA-MPC
89.23579999986941,RA-MPC
126.59469999994144,RA-MPC
92.32710000014777,RA-MPC
101.65419999998448,RA-MPC
94.66079999992871,RA-MPC
167.2005000000354,RA-MPC
96.57040000001871,RA-MPC
96.16619999997056,RA-MPC
105.6644000000233,RA-MPC
114.66770000015458,RA-MPC
94.37409999986812,RA-MPC
95.56849999989936,RA-MPC
93.7532000000374,RA-MPC
93.39309999995749,RA-MPC
82.58730000011383,RA-MPC
79.7595999999885,RA-MPC
83.6021999998593,RA-MPC
80.58600000003935,RA-MPC
79.6391000001222,RA-MPC
78.09810000003381,RA-MPC
80.90760000004593,RA-MPC
85.214699999824,RA-MPC
102.4253000000499,RA-MPC
91.32210000007035,RA-MPC
78.39349999994738,RA-MPC
79.05200000004697,RA-MPC
78.04510000005394,RA-MPC
95.13310000011188,RA-MPC
125.47169999993457,RA-MPC
131.04309999994257,RA-MPC
91.3209000000279,RA-MPC
87.07920000006197,RA-MPC
77.95379999993202,RA-MPC
82.61020000009012,RA-MPC
120.74839999991127,RA-MPC
105.40659999992386,RA-MPC
80.43369999995775,RA-MPC
86.60110000005261,RA-MPC
80.45660000016142,RA-MPC
77.37489999999525,RA-MPC
79.57669999996142,RA-MPC
81.77989999990132,RA-MPC
77.8063000000202,RA-MPC
79.83509999985472,RA-MPC
78.9865000001555,RA-MPC
76.83299999985138,RA-MPC
76.08379999987847,RA-MPC
206.61569999992935,RA-MPC
85.56049999992865,RA-MPC
99.72520000019358,RA-MPC
106.59680000003391,RA-MPC
90.32530000013139,RA-MPC
113.6868000000959,RA-MPC
134.62039999990338,RA-MPC
118.84779999991224,RA-MPC
144.42510000003494,RA-MPC
91.54880000005505,RA-MPC
108.78239999988182,RA-MPC
103.70549999993273,RA-MPC
90.78559999989011,RA-MPC
89.51870000009876,RA-MPC
84.120399999847,RA-MPC
87.21439999999347,RA-MPC
81.50909999994838,RA-MPC
81.40250000019478,RA-MPC
79.96100000013939,RA-MPC
90.89210000001913,RA-MPC
81.33729999985917,RA-MPC
134.2746000000261,RA-MPC
110.35110000011628,RA-MPC
105.5648999999903,RA-MPC
117.05780000011146,RA-MPC
98.41679999999542,RA-MPC
98.94659999986288,RA-MPC
102.89379999994708,RA-MPC
95.99739999998746,RA-MPC
131.9519000001037,RA-MPC
162.72370000001501,RA-MPC
142.295299999887,RA-MPC
145.92670000001817,RA-MPC
113.55750000006992,RA-MPC
83.2089000000451,RA-MPC
83.36869999993723,RA-MPC
82.05370000018775,RA-MPC
81.27160000003641,RA-MPC
88.68029999985083,RA-MPC
87.21439999999347,RA-MPC
81.5429999997832,RA-MPC
81.98399999992034,RA-MPC
79.47860000012952,RA-MPC
83.33710000010797,RA-MPC
82.32920000000377,RA-MPC
91.50320000003376,RA-MPC
127.4525999999696,RA-MPC
114.61090000011609,RA-MPC
89.62909999991098,RA-MPC
80.64059999992423,RA-MPC
73.82259999985763,RA-MPC
75.42910000006486,RA-MPC
159.25970000012057,RA-MPC
109.85329999994065,RA-MPC
141.87390000006417,RA-MPC
138.95589999992808,RA-MPC
124.99129999991965,RA-MPC
94.72389999996267,RA-MPC
84.72219999998742,RA-MPC
83.9659999999185,RA-MPC
85.80140000003667,RA-MPC
88.65130000003774,RA-MPC
85.94360000006418,RA-MPC
85.57339999993019,RA-MPC
82.63159999978598,RA-MPC
85.68750000017644,RA-MPC
103.20649999994203,RA-MPC
90.41389999993044,RA-MPC
79.02510000008078,RA-MPC
107.3182000000088,RA-MPC
78.030900000158,RA-MPC
75.67119999998795,RA-MPC
80.04419999997481,RA-MPC
76.97940000002745,RA-MPC
93.5345000000325,RA-MPC
83.80360000001019,RA-MPC
83.38849999995546,RA-MPC
86.08569999978499,RA-MPC
84.52979999992749,RA-MPC
84.04889999997067,RA-MPC
141.077100000075,RA-MPC
109.35010000002876,RA-MPC
135.49719999991794,RA-MPC
117.12439999996604,RA-MPC
80.29169999986152,RA-MPC
84.77659999994103,RA-MPC
81.62049999987175,RA-MPC
87.54489999978432,RA-MPC
83.47679999997126,RA-MPC
92.23550000001524,RA-MPC
84.0570000000298,RA-MPC
85.4045999999471,RA-MPC
82.43020000008983,RA-MPC
85.02629999998135,RA-MPC
84.86779999998362,RA-MPC
84.96719999993729,RA-MPC
88.10619999985647,RA-MPC
111.98879999983546,RA-MPC
83.13869999983581,RA-MPC
84.4789000000219,RA-MPC
82.43310000011661,RA-MPC
82.44190000004892,RA-MPC
89.46650000007139,RA-MPC
85.08740000002035,RA-MPC
78.82779999999912,RA-MPC
77.38590000008116,RA-MPC
77.15080000002672,RA-MPC
94.56169999998565,RA-MPC
100.03819999997177,RA-MPC
91.7547999999897,RA-MPC
103.31169999994927,RA-MPC
119.29650000001857,RA-MPC
397.32729999991534,RA-MPC
80.25399999996807,RA-MPC
84.52280000005885,RA-MPC
81.99779999995371,RA-MPC
81.18719999993118,RA-MPC
80.78309999996236,RA-MPC
79.10580000020673,RA-MPC
86.29489999998441,RA-MPC
102.64299999994364,RA-MPC
80.96630000000005,RA-MPC
108.0543000000489,RA-MPC
85.43290000011439,RA-MPC
82.73910000002616,RA-MPC
82.7500999998847,RA-MPC
83.47350000008191,RA-MPC
82.34730000003765,RA-MPC
85.87899999997717,RA-MPC
82.79820000007021,RA-MPC
83.64219999998568,RA-MPC
81.83149999990746,RA-MPC
81.46910000004937,RA-MPC
92.53379999995559,RA-MPC
117.22029999987171,RA-MPC
108.63749999998618,RA-MPC
99.70939999993789,RA-MPC
81.11109999981636,RA-MPC
76.69979999991483,RA-MPC
81.28929999998036,RA-MPC
159.30969999999434,RA-MPC
88.23130000018864,RA-MPC
82.57219999995868,RA-MPC
83.09609999992063,RA-MPC
85.56709999993473,RA-MPC
80.84359999998014,RA-MPC
83.17439999996168,RA-MPC
80.96819999991567,RA-MPC
82.55949999988843,RA-MPC
96.31990000002588,RA-MPC
115.5164000001605,RA-MPC
88.84160000002339,RA-MPC
116.72989999988204,RA-MPC
112.92919999982587,RA-MPC
138.249500000029,RA-MPC
172.8245000001607,RA-MPC
122.83160000015414,RA-MPC
88.28919999996288,RA-MPC
89.70819999990454,RA-MPC
87.32430000009117,RA-MPC
82.57049999997434,RA-MPC
83.51010000001224,RA-MPC
81.95200000000114,RA-MPC
90.44829999993453,RA-MPC
100.4405000001043,RA-MPC
118.06669999987207,RA-MPC
85.17200000005687,RA-MPC
81.32019999993645,RA-MPC
103.24729999979354,RA-MPC
86.84429999993881,RA-MPC
111.88049999987015,RA-MPC
81.5520999999535,RA-MPC
87.83130000006167,RA-MPC
91.31170000000566,RA-MPC
90.73390000003201,RA-MPC
175.25860000000648,RA-MPC
163.99000000001251,RA-MPC
140.29920000007223,RA-MPC
170.83520000005592,RA-MPC
114.78489999990416,RA-MPC
85.12590000009368,RA-MPC
80.89739999991252,RA-MPC
82.00940000006085,RA-MPC
76.40549999996438,RA-MPC
131.65209999988292,RA-MPC
92.02440000012757,RA-MPC
108.61100000010993,RA-MPC
105.46350000004168,RA-MPC
98.052399999915,RA-MPC
103.80259999988084,RA-MPC
91.00909999983742,RA-MPC
93.6427999999978,RA-MPC
88.84309999984907,RA-MPC
88.40759999998227,RA-MPC
85.60790000001361,RA-MPC
90.27830000013637,RA-MPC
85.35619999997834,RA-MPC
88.59869999992043,RA-MPC
97.72420000012971,RA-MPC
90.42930000009619,RA-MPC
111.91230000008545,RA-MPC
112.62480000004871,RA-MPC
129.28119999992305,RA-MPC
110.07250000011481,RA-MPC
80.1546000000144,RA-MPC
81.91979999992327,RA-MPC
79.73689999994349,RA-MPC
80.3456000001006,RA-MPC
82.09339999984877,RA-MPC
194.21509999983755,RA-MPC
128.39260000009745,RA-MPC
115.20899999982248,RA-MPC
116.29710000011073,RA-MPC
135.1207999998678,RA-MPC
129.21419999997852,RA-MPC
124.80959999993502,RA-MPC
132.4658000000909,RA-MPC
133.71890000007625,RA-MPC
125.00480000016978,RA-MPC
140.2484000000186,RA-MPC
146.62529999986873,RA-MPC
164.65489999995953,RA-MPC
154.41579999992427,RA-MPC
134.51009999994312,RA-MPC
137.66020000002754,RA-MPC
140.69309999990764,RA-MPC
141.02520000005825,RA-MPC
140.4736000001776,RA-MPC
135.54389999990235,RA-MPC
129.2769000001499,RA-MPC
134.6288000002005,RA-MPC
125.98479999996925,RA-MPC
160.8782999999221,RA-MPC
253.10339999987264,RA-MPC
163.68760000000293,RA-MPC
151.35059999988698,RA-MPC
134.24959999997554,RA-MPC
135.84460000015497,RA-MPC
127.1171000000777,RA-MPC
148.7297999999555,RA-MPC
151.6429999999218,RA-MPC
151.34980000016185,RA-MPC
136.86369999982162,RA-MPC
137.26120000001174,RA-MPC
133.84599999994862,RA-MPC
122.36269999993965,RA-MPC
72.90960000000268,RA-MPC
189.3949000000248,RA-MPC
202.85609999996268,RA-MPC
247.2219999999652,RA-MPC
144.58620000004885,RA-MPC
146.12779999993109,RA-MPC
128.58439999990878,RA-MPC
134.10730000009607,RA-MPC
145.07849999995415,RA-MPC
184.77129999996578,RA-MPC
144.47040000004563,RA-MPC
110.14569999997548,RA-MPC
116.00780000003397,RA-MPC
128.1963999999789,RA-MPC
124.0623000001051,RA-MPC
127.74190000004637,RA-MPC
163.51000000008753,RA-MPC
139.7033000000647,RA-MPC
139.12819999995918,RA-MPC
133.788099999947,RA-MPC
132.79010000019298,RA-MPC
116.51649999998881,RA-MPC
90.93770000004042,RA-MPC
94.70089999990705,RA-MPC
122.24589999982527,RA-MPC
134.50319999992644,RA-MPC
260.87779999988925,RA-MPC
144.27880000016557,RA-MPC
143.19640000007894,RA-MPC
125.33419999999751,RA-MPC
132.52689999990253,RA-MPC
136.96669999990263,RA-MPC
148.4482000000753,RA-MPC
147.16709999993327,RA-MPC
170.684700000038,RA-MPC
148.59479999995528,RA-MPC
138.97799999995186,RA-MPC
144.00460000001658,RA-MPC
123.45030000005863,RA-MPC
149.4375999998283,RA-MPC
131.90770000005614,RA-MPC
146.0405999998784,RA-MPC
140.78150000000278,RA-MPC
132.030499999928,RA-MPC
131.45480000002863,RA-MPC
133.54900000013004,RA-MPC
121.93349999984093,RA-MPC
112.35060000012709,RA-MPC
114.31820000007065,RA-MPC
142.84109999994143,RA-MPC
154.46609999980865,RA-MPC
137.98479999991287,RA-MPC
129.62510000011207,RA-MPC
136.57489999991412,RA-MPC
134.50729999999567,RA-MPC
162.1697000000495,RA-MPC
124.40040000001318,RA-MPC
139.37819999978274,RA-MPC
153.5599999999704,RA-MPC
163.3590000001277,RA-MPC
127.68710000000283,RA-MPC
126.42550000009578,RA-MPC
126.99109999994107,RA-MPC
122.35949999990225,RA-MPC
127.03890000011597,RA-MPC
129.24469999984467,RA-MPC
124.48190000009163,RA-MPC
130.79470000002402,RA-MPC
109.96779999982209,RA-MPC
108.48069999997279,RA-MPC
86.62409999988085,RA-MPC
99.74170000009508,RA-MPC
99.6400999999878,RA-MPC
141.01370000003044,RA-MPC
143.91890000001695,RA-MPC
143.38390000011714,RA-MPC
146.38489999992998,RA-MPC
145.74649999985922,RA-MPC
130.44459999991886,RA-MPC
136.74240000000282,RA-MPC
130.3587999998399,RA-MPC
133.1104000000778,RA-MPC
134.64350000003833,RA-MPC
132.34590000001845,RA-MPC
113.30390000011903,RA-MPC
140.45959999998558,RA-MPC
249.59129999979268,RA-MPC
147.03919999988102,RA-MPC
135.18709999993916,RA-MPC
147.0577999998568,RA-MPC
144.96299999996154,RA-MPC
155.43649999995068,RA-MPC
162.74569999995947,RA-MPC
165.8217000001514,RA-MPC
151.30669999985003,RA-MPC
160.19619999997303,RA-MPC
185.6092999998964,RA-MPC
127.1964999998545,RA-MPC
151.7645999999786,RA-MPC
146.80199999997967,RA-MPC
151.49280000014187,RA-MPC
138.4266000000025,RA-MPC
147.58370000004106,RA-MPC
119.39810000012585,RA-MPC
107.00610000003508,RA-MPC
102.71239999997306,RA-MPC
132.5736000001143,RA-MPC
111.36959999998908,RA-MPC
116.75540000010187,RA-MPC
145.87249999999585,RA-MPC
152.3491999998896,RA-MPC
170.1324000000568,RA-MPC
146.4086999999381,RA-MPC
139.44440000000213,RA-MPC
211.10810000004676,RA-MPC
124.41160000003038,RA-MPC
107.25940000020273,RA-MPC
120.57660000004944,RA-MPC
95.37890000001426,RA-MPC
128.06539999996858,RA-MPC
135.16329999993104,RA-MPC
163.63899999987552,RA-MPC
143.17060000007586,RA-MPC
99.29160000001502,RA-MPC
83.33100000004379,RA-MPC
132.32700000003206,RA-MPC
141.1215999999058,RA-MPC
142.21980000002077,RA-MPC
130.70340000012948,RA-MPC
270.2759999999671,RA-MPC
113.30419999990227,RA-MPC
101.97340000013355,RA-MPC
116.28299999983938,RA-MPC
120.68180000005668,RA-MPC
95.42000000010376,RA-MPC
143.6333999999988,RA-MPC
132.12210000006053,RA-MPC
85.10980000005475,RA-MPC
83.70209999998224,RA-MPC
101.18740000007165,RA-MPC
163.8328999999885,RA-MPC
139.3051000000014,RA-MPC
81.0578999999052,RA-MPC
103.97790000001805,RA-MPC
96.75459999994018,RA-MPC
150.09630000008656,RA-MPC
115.87370000006558,RA-MPC
109.67089999985546,RA-MPC
84.08519999989039,RA-MPC
95.04550000019663,RA-MPC
114.98719999985951,RA-MPC
77.92130000007091,RA-MPC
156.06739999998354,RA-MPC
105.56919999999081,RA-MPC
70.30420000000959,RA-MPC
96.35400000001937,RA-MPC
111.34819999983847,RA-MPC
144.67360000003282,RA-MPC
150.45299999997042,RA-MPC
133.52039999995213,RA-MPC
215.75899999993453,RA-MPC
179.81359999998858,RA-MPC
120.62009999999646,RA-MPC
90.97220000012385,RA-MPC
93.00230000008014,RA-MPC
141.15099999980885,RA-MPC
106.12569999989319,RA-MPC
157.30150000013055,RA-MPC
110.54510000008122,RA-MPC
124.33340000006865,RA-MPC
134.15549999990617,RA-MPC
101.7512999999326,RA-MPC
86.55049999993025,RA-MPC
90.83430000009685,RA-MPC
126.88759999991817,RA-MPC
105.16609999990578,RA-MPC
135.0735999999415,RA-MPC
104.21619999988252,RA-MPC
132.498299999952,RA-MPC
108.2530000001043,RA-MPC
115.803299999925,RA-MPC
77.7208999998038,RA-MPC
149.51079999991634,RA-MPC
81.7410000001928,RA-MPC
99.68410000010408,RA-MPC
137.2490999999627,RA-MPC
161.34899999997288,RA-MPC
138.56049999981224,RA-MPC
104.678100000001,RA-MPC
137.5278000000435,RA-MPC
151.59330000005866,RA-MPC
149.2911999998796,RA-MPC
91.68439999984912,RA-MPC
138.67679999998472,RA-MPC
143.95629999989978,RA-MPC
86.97849999998652,RA-MPC
106.88630000004196,RA-MPC
78.5084999999981,RA-MPC
101.4657000000625,RA-MPC
124.35570000002372,RA-MPC
101.18200000010802,RA-MPC
177.2077000000536,RA-MPC
127.51730000013595,RA-MPC
123.39079999992464,RA-MPC
104.63049999998475,RA-MPC
127.87879999996221,RA-MPC
144.42890000009356,RA-MPC
138.81690000016533,RA-MPC
164.62269999988166,RA-MPC
165.01990000006117,RA-MPC
147.22059999985504,RA-MPC
173.55169999996178,RA-MPC
87.94489999991129,RA-MPC
104.3746000000283,RA-MPC
113.4845999999925,RA-MPC
105.09469999988141,RA-MPC
123.62269999994169,RA-MPC
125.9291999999732,RA-MPC
131.12989999990532,RA-MPC
130.74409999990166,RA-MPC
108.12009999995098,RA-MPC
120.191400000067,RA-MPC
151.11500000011802,RA-MPC
165.21769999985736,RA-MPC
159.72420000002785,RA-MPC
118.23260000005575,RA-MPC
185.19919999994272,RA-MPC
166.2108000000444,RA-MPC
146.56920000015816,RA-MPC
269.99739999996564,RA-MPC
99.17449999989003,RA-MPC
96.50610000016968,RA-MPC
98.03220000003421,RA-MPC
97.39169999988917,RA-MPC
134.5114000000649,RA-MPC
150.76249999992797,RA-MPC
112.78760000004695,RA-MPC
142.05949999995937,RA-MPC
90.63689999993585,RA-MPC
140.92250000021522,RA-MPC
136.11420000006547,RA-MPC
163.9136999999664,RA-MPC
122.76810000003024,RA-MPC
85.46450000017103,RA-MPC
109.9363999999241,RA-MPC
169.94999999997162,RA-MPC
86.94560000003548,RA-MPC
116.05630000008205,RA-MPC
128.32240000011552,RA-MPC
98.14300000016374,RA-MPC
95.3045999999631,RA-MPC
106.47489999996651,RA-MPC
141.36459999986073,RA-MPC
85.72909999998046,RA-MPC
107.3957999999493,RA-MPC
125.64500000007683,RA-MPC
79.77310000001125,RA-MPC
85.68900000000212,RA-MPC
77.95469999996385,RA-MPC
92.28830000006383,RA-MPC
85.53469999992558,RA-MPC
83.44130000000405,RA-MPC
97.05159999998614,RA-MPC
96.37429999997948,RA-MPC
120.68619999990915,RA-MPC
100.744000000077,RA-MPC
115.08789999993496,RA-MPC
129.92890000009538,RA-MPC
156.76459999986037,RA-MPC
146.6202000001431,RA-MPC
141.64729999993142,RA-MPC
149.35100000002421,RA-MPC
127.0892999998523,RA-MPC
106.7040000000361,RA-MPC
73.1822000000193,RA-MPC
91.26399999991008,RA-MPC
133.16679999979897,RA-MPC
204.72179999978835,RA-MPC
124.29169999995793,RA-MPC
108.36849999986953,RA-MPC
133.63730000014584,RA-MPC
182.0180000001983,RA-MPC
137.9153000000315,RA-MPC
114.78899999997338,RA-MPC
159.0421000000788,RA-MPC
154.5042000000194,RA-MPC
151.76900000005844,RA-MPC
161.02100000011887,RA-MPC
153.03650000009839,RA-MPC
155.6951999998546,RA-MPC
161.49959999984276,RA-MPC
143.2528000000275,RA-MPC
135.09309999994912,RA-MPC
140.94790000012836,RA-MPC
166.93099999997685,RA-MPC
397.9618000000755,RA-MPC
157.03580000013062,RA-MPC
155.62199999999393,RA-MPC
148.54029999992235,RA-MPC
174.41519999988486,RA-MPC
155.95730000018193,RA-MPC
191.75169999994068,RA-MPC
139.93310000000747,RA-MPC
200.5352999999559,RA-MPC
186.35979999999108,RA-MPC
155.6178999999247,RA-MPC
159.0788999999404,RA-MPC
141.75620000014533,RA-MPC
105.73739999995269,RA-MPC
103.49459999997634,RA-MPC
110.6944000000567,RA-MPC
115.21040000002358,RA-MPC
110.21469999991496,RA-MPC
123.13250000011067,RA-MPC
141.40499999984968,RA-MPC
167.7410999998301,RA-MPC
123.07379999992918,RA-MPC
97.53550000004907,RA-MPC
106.13980000016454,RA-MPC
148.03299999994124,RA-MPC
157.3479999999563,RA-MPC
126.28540000014254,RA-MPC
103.6277999999129,RA-MPC
117.29009999999107,RA-MPC
155.09750000001077,RA-MPC
143.75399999994443,RA-MPC
261.1272999999983,RA-MPC
121.14010000004782,RA-MPC
128.07789999988017,RA-MPC
125.59339999984331,RA-MPC
103.57840000006036,RA-MPC
116.815699999961,RA-MPC
101.93860000003951,RA-MPC
130.54009999996197,RA-MPC
94.87609999996494,RA-MPC
91.59959999988132,RA-MPC
131.34290000016335,RA-MPC
123.82589999992888,RA-MPC
110.48219999997855,RA-MPC
135.11979999998402,RA-MPC
134.1004000000794,RA-MPC
125.45640000007552,RA-MPC
143.35049999999683,RA-MPC
129.63809999996556,RA-MPC
146.38219999983448,RA-MPC
129.56169999984013,RA-MPC
98.85450000001583,RA-MPC
111.89669999998841,RA-MPC
115.37739999994301,RA-MPC
87.41239999994832,RA-MPC
102.3525000000518,RA-MPC
160.7398999999532,RA-MPC
129.478699999936,RA-MPC
91.53900000001158,RA-MPC
89.69739999997728,RA-MPC
73.77070000006825,RA-MPC
119.5929000000433,RA-MPC
87.37829999995483,RA-MPC
163.11739999991914,RA-MPC
142.38320000004023,RA-MPC
143.5169000001224,RA-MPC
117.36670000004779,RA-MPC
99.70619999990049,RA-MPC
77.653699999928,RA-MPC
108.48710000004758,RA-MPC
96.28740000016478,RA-MPC
114.13619999984803,RA-MPC
114.64849999993021,RA-MPC
128.68630000002668,RA-MPC
87.6437999997961,RA-MPC
99.55089999994016,RA-MPC
110.23490000002312,RA-MPC
106.73829999996087,RA-MPC
96.76389999981438,RA-MPC
110.33919999999853,RA-MPC
83.72450000001663,RA-MPC
91.08949999995275,RA-MPC
94.38760000011825,RA-MPC
92.7505999998175,RA-MPC
91.41900000008718,RA-MPC
120.09919999991325,RA-MPC
152.51439999997274,RA-MPC
122.90050000001429,RA-MPC
127.99029999996492,RA-MPC
114.2726999999013,RA-MPC
107.5581999998576,RA-MPC
95.60709999982464,RA-MPC
100.49049999997806,RA-MPC
100.29680000002372,RA-MPC
88.0434000000605,RA-MPC
113.6629999998604,RA-MPC
172.34469999993962,RA-MPC
144.9021000000812,RA-MPC
108.45659999995405,RA-MPC
90.15120000003662,RA-MPC
76.37159999990217,RA-MPC
96.06220000000576,RA-MPC
79.83109999986482,RA-MPC
178.67899999987458,RA-MPC
114.69999999985703,RA-MPC
94.22449999988203,RA-MPC
138.23730000012802,RA-MPC
129.67830000002323,RA-MPC
164.5523999998204,RA-MPC
117.70899999987705,RA-MPC
152.37180000008266,RA-MPC
137.67810000013014,RA-MPC
112.33190000007198,RA-MPC
122.4549000000934,RA-MPC
107.46879999987868,RA-MPC
126.19889999996303,RA-MPC
128.0808999999863,RA-MPC
134.9336000000676,RA-MPC
112.07059999992453,RA-MPC
109.9355999999716,RA-MPC
128.31099999993967,RA-MPC
207.73469999994632,RA-MPC
161.5302000000156,RA-MPC
158.67979999984527,RA-MPC
129.06100000009246,RA-MPC
130.56349999988015,RA-MPC
175.41179999989254,RA-MPC
164.4427999999607,RA-MPC
135.1583999999093,RA-MPC
96.83959999983927,RA-MPC
158.24879999991026,RA-MPC
87.03860000014174,RA-MPC
109.32180000008884,RA-MPC
112.74140000000443,RA-MPC
155.94190000001618,RA-MPC
93.57230000000527,RA-MPC
81.36030000014216,RA-MPC
90.53220000009787,RA-MPC
87.0718000001034,RA-MPC
122.99969999980931,RA-MPC
86.94720000016787,RA-MPC
95.06850000002487,RA-MPC
124.1631000000325,RA-MPC
91.10209999994368,RA-MPC
123.04689999996299,RA-MPC
129.08729999981006,RA-MPC
131.17009999996299,RA-MPC
129.38789999998335,RA-MPC
154.55169999995633,RA-MPC
145.81849999990482,RA-MPC
180.5702999999994,RA-MPC
116.97000000003754,RA-MPC
121.7033000000356,RA-MPC
113.91119999984767,RA-MPC
168.17590000005112,RA-MPC
120.48839999988559,RA-MPC
214.89760000008573,RA-MPC
132.97429999988708,RA-MPC
160.42319999996835,RA-MPC
165.4171000000133,RA-MPC
143.18059999982324,RA-MPC
165.91830000015761,RA-MPC
181.66900000005626,RA-MPC
154.72679999993488,RA-MPC
180.4352999999992,RA-MPC
152.53099999995356,RA-MPC
130.04860000000917,RA-MPC
121.28949999987526,RA-MPC
139.85130000014578,RA-MPC
132.5905999999577,RA-MPC
131.61140000011073,RA-MPC
117.6981999999498,RA-MPC
89.55370000012408,RA-MPC
113.28619999994771,RA-MPC
150.36450000002333,RA-MPC
82.07880000009027,RA-MPC
106.86260000011316,RA-MPC
86.30849999985912,RA-MPC
118.99479999988216,RA-MPC
180.17849999978353,RA-MPC
143.506699999989,RA-MPC
146.47819999981948,RA-MPC
147.97199999998156,RA-MPC
129.2212999999265,RA-MPC
108.42079999997623,RA-MPC
98.44539999994595,RA-MPC
90.66759999996066,RA-MPC
96.54619999992065,RA-MPC
121.73840000014025,RA-MPC
138.3570000000418,RA-MPC
112.69700000002558,RA-MPC
103.32879999987199,RA-MPC
163.14459999989595,RA-MPC
131.32049999990159,RA-MPC
155.98700000009558,RA-MPC
128.7522000000081,RA-MPC
123.85619999986375,RA-MPC
121.51939999989736,RA-MPC
122.79130000001715,RA-MPC
122.0858000001499,RA-MPC
134.38880000012432,RA-MPC
109.28910000006908,RA-MPC
188.23229999998148,RA-MPC
174.49100000021645,RA-MPC
140.1883999999427,RA-MPC
139.16080000012698,RA-MPC
133.65219999991496,RA-MPC
136.0121000000163,RA-MPC
132.05680000010034,RA-MPC
140.66860000002634,RA-MPC
127.62849999990067,RA-MPC
130.77670000006947,RA-MPC
141.95620000009512,RA-MPC
149.20970000002853,RA-MPC
112.47449999996206,RA-MPC
109.98580000000402,RA-MPC
124.55389999990985,RA-MPC
86.7940999999064,RA-MPC
82.18540000007124,RA-MPC
77.74459999995997,RA-MPC
145.30360000003384,RA-MPC
78.26320000003761,RA-MPC
79.6683999999459,RA-MPC
80.87619999992057,RA-MPC
74.75509999994756,RA-MPC
74.44689999988441,RA-MPC
79.21430000010332,RA-MPC
86.34510000001683,RA-MPC
81.16240000003927,RA-MPC
89.42800000022544,RA-MPC
75.94399999993584,RA-MPC
74.98520000012832,RA-MPC
74.57140000019535,RA-MPC
78.21370000010575,RA-MPC
148.02559999998266,RA-MPC
82.55490000010468,RA-MPC
79.83880000006138,RA-MPC
83.36750000012216,RA-MPC
83.42960000004496,RA-MPC
98.99859999995897,RA-MPC
106.74749999998312,RA-MPC
103.82309999999961,RA-MPC
113.67649999988316,RA-MPC
75.22710000012012,RA-MPC
80.5363000001762,RA-MPC
78.95540000004075,RA-MPC
79.10889999993742,RA-MPC
76.80929999992259,RA-MPC
78.32550000011906,RA-MPC
78.48910000006981,RA-MPC
80.23759999991853,RA-MPC
86.89320000007683,RA-MPC
84.11690000002636,RA-MPC
83.32500000005894,RA-MPC
94.64750000006461,RA-MPC
106.2698000000637,RA-MPC
80.56889999988925,RA-MPC
76.24789999999848,RA-MPC
75.44540000003508,RA-MPC
74.75899999985813,RA-MPC
76.78450000003068,RA-MPC
78.39419999982056,RA-MPC
74.04640000004292,RA-MPC
75.00979999986157,RA-MPC
84.67439999981252,RA-MPC
275.14659999997093,RA-MPC
136.06129999993755,RA-MPC
154.44380000008096,RA-MPC
153.90439999987393,RA-MPC
122.94090000000324,RA-MPC
135.09339999995973,RA-MPC
136.70810000007805,RA-MPC
140.3623000001062,RA-MPC
130.35619999982373,RA-MPC
93.40049999991606,RA-MPC
110.88740000013786,RA-MPC
99.3829999999889,RA-MPC
91.92649999999958,RA-MPC
85.38780000003499,RA-MPC
82.50870000006216,RA-MPC
85.41649999983747,RA-MPC
87.5741999998354,RA-MPC
113.34659999988617,RA-MPC
90.36560000004101,RA-MPC
93.9010000001872,RA-MPC
101.44159999981639,RA-MPC
85.04900000002635,RA-MPC
104.87020000005032,RA-MPC
114.48820000009619,RA-MPC
149.39499999991313,RA-MPC
89.75599999985207,RA-MPC
85.97950000012133,RA-MPC
88.3820999999898,RA-MPC
86.78060000011101,RA-MPC
81.97310000014113,RA-MPC
84.83580000006441,RA-MPC
170.10789999994813,RA-MPC
75.80239999992955,RA-MPC
96.78929999995489,RA-MPC
86.74649999989015,RA-MPC
87.85760000000664,RA-MPC
76.99310000020887,RA-MPC
74.14369999992232,RA-MPC
96.10970000017005,RA-MPC
85.0572999997894,RA-MPC
77.95339999984208,RA-MPC
71.02230000009513,RA-MPC
71.74550000013369,RA-MPC
206.95789999990666,RA-MPC
82.48789999993278,RA-MPC
89.00370000014846,RA-MPC
92.5278999998227,RA-MPC
98.16879999993944,RA-MPC
138.16300000007686,RA-MPC
125.91189999989183,RA-MPC
105.39399999993293,RA-MPC
91.51829999996153,RA-MPC
84.95029999994586,RA-MPC
85.82109999997556,RA-MPC
83.81280000003244,RA-MPC
85.76190000007955,RA-MPC
86.10939999994116,RA-MPC
89.34020000015153,RA-MPC
85.48480000013114,RA-MPC
116.79919999983213,RA-MPC
129.5933999999761,RA-MPC
91.02899999993497,RA-MPC
91.7276000000129,RA-MPC
91.30839999988893,RA-MPC
86.53150000009191,RA-MPC
87.74489999996149,RA-MPC
91.35670000000573,RA-MPC
80.36379999998644,RA-MPC
77.96099999995931,RA-MPC
98.42060000005404,RA-MPC
84.27660000006654,RA-MPC
103.48920000001272,RA-MPC
87.2733999999582,RA-MPC
214.09840000001168,RA-MPC
122.19440000012582,RA-MPC
103.47619999993185,RA-MPC
87.78350000011415,RA-MPC
84.97270000020762,RA-MPC
83.56570000000829,RA-MPC
88.92170000012811,RA-MPC
89.39690000011069,RA-MPC
126.29830000014408,RA-MPC
129.45409999997537,RA-MPC
80.20680000004177,RA-MPC
81.97610000001987,RA-MPC
76.32870000020375,RA-MPC
79.0150000000267,RA-MPC
77.55610000003799,RA-MPC
132.22410000003038,RA-MPC
90.41580000007343,RA-MPC
89.7112999998626,RA-MPC
90.66779999989194,RA-MPC
85.94779999998536,RA-MPC
85.37050000018098,RA-MPC
85.4160999999749,RA-MPC
97.28759999984504,RA-MPC
94.6796999999151,RA-MPC
128.06490000002668,RA-MPC
147.7405999999064,RA-MPC
127.29619999981878,RA-MPC
86.49080000009235,RA-MPC
81.31339999999909,RA-MPC
95.03219999987778,RA-MPC
98.16799999998693,RA-MPC
88.5576000000583,RA-MPC
99.81569999990825,RA-MPC
100.55110000007517,RA-MPC
93.92449999995733,RA-MPC
90.00379999997676,RA-MPC
90.72859999992033,RA-MPC
87.5631000001249,RA-MPC
85.21519999999327,RA-MPC
85.94990000005964,RA-MPC
81.47119999989627,RA-MPC
140.85210000007464,RA-MPC
85.43260000010378,RA-MPC
81.49260000004688,RA-MPC
90.30809999990197,RA-MPC
89.60289999981796,RA-MPC
102.74130000016157,RA-MPC
100.60569999996005,RA-MPC
146.68470000015077,RA-MPC
105.29840000003787,RA-MPC
102.11290000006557,RA-MPC
106.5164999999979,RA-MPC
103.20569999998952,RA-MPC
91.72190000003866,RA-MPC
88.33500000014283,RA-MPC
84.66169999996964,RA-MPC
85.74090000001888,RA-MPC
94.56260000001748,RA-MPC
113.27649999998357,RA-MPC
90.24729999987358,RA-MPC
91.68580000005022,RA-MPC
86.69610000015382,RA-MPC
88.12379999994846,RA-MPC
88.66969999985486,RA-MPC
90.40350000009312,RA-MPC
87.34400000003006,RA-MPC
84.10890000004656,RA-MPC
85.44540000002598,RA-MPC
90.01740000007885,RA-MPC
85.97409999993033,RA-MPC
160.79160000003867,RA-MPC
149.76920000003702,RA-MPC
144.5595999998659,RA-MPC
148.59440000009272,RA-MPC
158.93979999987096,RA-MPC
124.12580000000162,RA-MPC
88.45599999995102,RA-MPC
82.82220000000962,RA-MPC
80.87389999991501,RA-MPC
84.76089999999203,RA-MPC
84.32319999997162,RA-MPC
94.96179999996457,RA-MPC
83.45980000012787,RA-MPC
85.41660000014417,RA-MPC
83.82170000004407,RA-MPC
84.0203999998721,RA-MPC
81.61549999999806,RA-MPC
80.67270000015014,RA-MPC
76.58219999984794,RA-MPC
75.0405999999657,RA-MPC
75.46069999989413,RA-MPC
