step_time_ms,method
0.15919999987090705,Unconstrained
0.10019999990618089,Unconstrained
0.10180000003856549,Unconstrained
0.10059999999612046,Unconstrained
0.09969999996428669,Unconstrained
0.09920000002239249,Unconstrained
0.0976999999693362,Unconstrained
0.09779999982129084,Unconstrained
0.10169999995923718,Unconstrained
0.10330000009162177,Unconstrained
0.09810000005927577,Unconstrained
0.09799999997994746,Unconstrained
0.10420000012345554,Unconstrained
0.09849999992184166,Unconstrained
0.09799999997994746,Unconstrained
0.10020000013355457,Unconstrained
0.09869999985312461,Unconstrained
0.09870000008049828,Unconstrained
0.10720000000219443,Unconstrained
0.09799999997994746,Unconstrained
0.12179999998807034,Unconstrained
0.09879999993245292,Unconstrained
0.10009999982685258,Unconstrained
0.105000000075961,Unconstrained
0.09839999984251335,Unconstrained
0.11049999989154458,Unconstrained
0.09820000013860408,Unconstrained
0.09959999988495838,Unconstrained
0.10049999991679215,Unconstrained
0.10000000020227162,Unconstrained
0.09999999997489795,Unconstrained
0.09979999981624132,Unconstrained
0.12919999994664977,Unconstrained
0.09909999994306418,Unconstrained
0.10569999994913815,Unconstrained
0.09939999995367543,Unconstrained
0.09860000000116997,Unconstrained
0.09899999986373587,Unconstrained
0.09840000006988703,Unconstrained
0.10220000012850505,Unconstrained
0.099800000043615,Unconstrained
0.09870000008049828,Unconstrained
0.09860000000116997,Unconstrained
0.09900000009110954,Unconstrained
0.09960000011233205,Unconstrained
0.09840000006988703,Unconstrained
0.09879999993245292,Unconstrained
0.0988000001598266,Unconstrained
0.0981999999112304,Unconstrained
0.09860000000116997,Unconstrained
0.09850000014921534,Unconstrained
0.09879999993245292,Unconstrained
0.10679999991225486,Unconstrained
0.0980999998319021,Unconstrained
0.09909999994306418,Unconstrained
0.09899999986373587,Unconstrained
0.10229999998045969,Unconstrained
0.09939999995367543,Unconstrained
0.09999999997489795,Unconstrained
0.09860000000116997,Unconstrained
0.09890000001178123,Unconstrained
0.09909999994306418,Unconstrained
0.10149999980058055,Unconstrained
0.2516000001833163,Unconstrained
0.10100000008606003,Unconstrained
0.24020000000746222,Unconstrained
0.09990000012294331,Unconstrained
0.09869999985312461,Unconstrained
0.09969999996428669,Unconstrained
0.09890000001178123,Unconstrained
0.10380000003351597,Unconstrained
0.10299999985363684,Unconstrained
0.09910000017043785,Unconstrained
0.09820000013860408,Unconstrained
0.09939999995367543,Unconstrained
0.09910000017043785,Unconstrained
0.09849999992184166,Unconstrained
0.0980999998319021,Unconstrained
0.09799999997994746,Unconstrained
0.3385999998499756,Unconstrained
0.10279999992235389,Unconstrained
0.12100000003556488,Unconstrained
0.10820000011335651,Unconstrained
0.2474000000347587,Unconstrained
0.10230000020783336,Unconstrained
0.4046999999900436,Unconstrained
0.10369999995418766,Unconstrained
0.11749999998755811,Unconstrained
0.22819999981038563,Unconstrained
0.22480000006908085,Unconstrained
0.099800000043615,Unconstrained
0.3845999999612104,Unconstrained
0.2354000000650558,Unconstrained
0.09890000001178123,Unconstrained
0.23880000003373425,Unconstrained
0.0976999999693362,Unconstrained
0.2936999999292311,Unconstrained
0.22419999982048466,Unconstrained
0.24920000009842624,Unconstrained
0.2693000001272594,Unconstrained
0.2303000001120381,Unconstrained
0.16720000007808267,Unconstrained
0.14369999985319737,Unconstrained
0.0980999998319021,Unconstrained
0.10870000005525071,Unconstrained
0.10180000003856549,Unconstrained
0.11760000006688642,Unconstrained
0.10400000019217259,Unconstrained
0.10510000015528931,Unconstrained
0.30110000011518423,Unconstrained
0.25009999990288634,Unconstrained
0.24439999992864614,Unconstrained
0.10189999989052012,Unconstrained
0.09820000013860408,Unconstrained
0.10189999989052012,Unconstrained
0.09750000003805326,Unconstrained
0.30110000011518423,Unconstrained
0.11220000010325748,Unconstrained
0.09839999984251335,Unconstrained
0.3078000002005865,Unconstrained
0.23839999994379468,Unconstrained
0.20029999996040715,Unconstrained
0.09909999994306418,Unconstrained
0.09799999997994746,Unconstrained
0.10109999993801466,Unconstrained
0.13899999999011925,Unconstrained
0.09869999985312461,Unconstrained
0.09780000004866451,Unconstrained
0.09909999994306418,Unconstrained
0.0993000001017208,Unconstrained
0.09780000004866451,Unconstrained
0.09860000000116997,Unconstrained
0.09890000001178123,Unconstrained
0.09999999997489795,Unconstrained
0.09870000008049828,Unconstrained
0.1081000000340282,Unconstrained
0.09839999984251335,Unconstrained
0.09860000000116997,Unconstrained
0.09799999997994746,Unconstrained
0.10309999993296515,Unconstrained
0.10019999990618089,Unconstrained
0.2284999998209969,Unconstrained
0.10670000006030023,Unconstrained
0.09849999992184166,Unconstrained
0.10019999990618089,Unconstrained
0.1002999999855092,Unconstrained
0.10520000000724394,Unconstrained
0.09780000004866451,Unconstrained
0.09780000004866451,Unconstrained
0.2983000001677283,Unconstrained
0.1007999999274034,Unconstrained
0.1081000000340282,Unconstrained
0.10300000008101051,Unconstrained
0.31880000005912734,Unconstrained
0.1007999999274034,Unconstrained
0.09869999985312461,Unconstrained
0.2621000000999629,Unconstrained
0.2443000000766915,Unconstrained
0.23269999996955448,Unconstrained
0.24910000001909793,Unconstrained
0.18589999990581418,Unconstrained
0.2571999998508545,Unconstrained
0.09939999995367543,Unconstrained
0.2389999999650172,Unconstrained
0.1133000000663742,Unconstrained
0.13170000011086813,Unconstrained
0.2311999999164982,Unconstrained
0.12379999998302083,Unconstrained
0.10169999995923718,Unconstrained
0.10789999987537158,Unconstrained
0.09810000005927577,Unconstrained
0.2362999998695159,Unconstrained
0.2715999999054475,Unconstrained
0.10259999999107094,Unconstrained
0.12590000005729962,Unconstrained
0.1183999997920182,Unconstrained
0.09780000004866451,Unconstrained
0.10099999985868635,Unconstrained
0.10209999982180307,Unconstrained
0.10229999998045969,Unconstrained
0.09890000001178123,Unconstrained
0.09929999987434712,Unconstrained
0.10049999991679215,Unconstrained
0.09999999997489795,Unconstrained
0.12349999997240957,Unconstrained
0.0993000001017208,Unconstrained
0.10160000010728254,Unconstrained
0.09890000001178123,Unconstrained
0.09820000013860408,Unconstrained
0.12379999998302083,Unconstrained
0.09939999995367543,Unconstrained
0.10109999993801466,Unconstrained
0.09999999997489795,Unconstrained
0.09849999992184166,Unconstrained
0.10160000010728254,Unconstrained
0.09780000004866451,Unconstrained
0.0993000001017208,Unconstrained
0.09780000004866451,Unconstrained
0.09799999997994746,Unconstrained
0.09799999997994746,Unconstrained
0.09849999992184166,Unconstrained
0.09849999992184166,Unconstrained
0.09869999985312461,Unconstrained
0.0980999998319021,Unconstrained
0.09920000002239249,Unconstrained
0.09870000008049828,Unconstrained
0.10189999989052012,Unconstrained
0.09860000000116997,Unconstrained
0.09950000003300374,Unconstrained
0.1314999999522115,Unconstrained
0.10440000005473848,Unconstrained
0.09890000001178123,Unconstrained
0.10019999990618089,Unconstrained
0.10130000009667128,Unconstrained
0.10320000001229346,Unconstrained
0.24020000000746222,Unconstrained
0.10360000010223303,Unconstrained
0.10229999998045969,Unconstrained
0.1019000001178938,Unconstrained
0.105000000075961,Unconstrained
0.11280000012448,Unconstrained
0.09950000003300374,Unconstrained
0.10580000002846646,Unconstrained
0.11210000002392917,Unconstrained
0.10219999990113138,Unconstrained
0.10459999998602143,Unconstrained
0.3626000000167551,Unconstrained
0.21119999996699335,Unconstrained
0.1159000000825472,Unconstrained
0.10790000010274525,Unconstrained
0.11549999999260763,Unconstrained
0.1273000000310276,Unconstrained
0.23890000011306256,Unconstrained
0.14059999989513017,Unconstrained
0.3785000001244043,Unconstrained
0.16529999993508682,Unconstrained
0.2540000000408327,Unconstrained
0.10380000003351597,Unconstrained
0.10300000008101051,Unconstrained
0.09799999997994746,Unconstrained
0.10309999993296515,Unconstrained
0.18369999997958075,Unconstrained
0.09829999999055872,Unconstrained
0.09799999997994746,Unconstrained
0.09909999994306418,Unconstrained
0.09750000003805326,Unconstrained
0.09879999993245292,Unconstrained
0.09939999995367543,Unconstrained
0.1314999999522115,Unconstrained
0.10429999997541017,Unconstrained
0.09890000001178123,Unconstrained
0.09879999993245292,Unconstrained
0.09839999984251335,Unconstrained
0.09969999996428669,Unconstrained
0.09870000008049828,Unconstrained
0.10569999994913815,Unconstrained
0.10199999996984843,Unconstrained
0.10429999997541017,Unconstrained
0.09860000000116997,Unconstrained
0.0981999999112304,Unconstrained
0.09890000001178123,Unconstrained
0.1002999999855092,Unconstrained
0.11589999985517352,Unconstrained
0.10520000000724394,Unconstrained
0.1147999998920568,Unconstrained
0.09899999986373587,Unconstrained
0.09989999989556964,Unconstrained
0.09849999992184166,Unconstrained
0.09920000002239249,Unconstrained
0.09979999981624132,Unconstrained
0.09890000001178123,Unconstrained
0.23009999995338148,Unconstrained
0.09860000000116997,Unconstrained
0.2001000000291242,Unconstrained
0.09829999999055872,Unconstrained
0.09820000013860408,Unconstrained
0.09879999993245292,Unconstrained
0.09810000005927577,Unconstrained
0.10420000012345554,Unconstrained
0.09850000014921534,Unconstrained
0.10169999995923718,Unconstrained
0.09929999987434712,Unconstrained
0.0988000001598266,Unconstrained
0.10270000007039926,Unconstrained
0.09829999999055872,Unconstrained
0.09899999986373587,Unconstrained
0.1002999999855092,Unconstrained
0.09900000009110954,Unconstrained
0.10739999993347737,Unconstrained
0.10049999991679215,Unconstrained
0.1006999998480751,Unconstrained
0.10279999992235389,Unconstrained
0.25649999997767736,Unconstrained
0.10170000018661085,Unconstrained
0.26910000019597646,Unconstrained
0.09879999993245292,Unconstrained
0.09879999993245292,Unconstrained
0.107600000092134,Unconstrained
0.0981999999112304,Unconstrained
0.10399999996479892,Unconstrained
0.099800000043615,Unconstrained
0.13600000011138036,Unconstrained
0.10320000001229346,Unconstrained
0.09750000003805326,Unconstrained
0.11049999989154458,Unconstrained
0.2412000001186243,Unconstrained
0.09969999996428669,Unconstrained
0.23110000006454356,Unconstrained
0.13500000000021828,Unconstrained
0.10229999998045969,Unconstrained
0.10820000011335651,Unconstrained
0.10829999996531114,Unconstrained
0.1168999999663356,Unconstrained
0.10410000004412723,Unconstrained
0.10010000005422626,Unconstrained
0.09959999988495838,Unconstrained
0.1111999999920954,Unconstrained
0.10220000012850505,Unconstrained
0.0981999999112304,Unconstrained
0.13170000011086813,Unconstrained
0.10220000012850505,Unconstrained
0.09750000003805326,Unconstrained
0.10270000007039926,Unconstrained
0.09870000008049828,Unconstrained
0.09789999990061915,Unconstrained
0.1014000001759996,Unconstrained
0.09890000001178123,Unconstrained
0.10479999991730438,Unconstrained
0.09839999984251335,Unconstrained
0.1947999999174499,Unconstrained
0.09869999985312461,Unconstrained
0.09890000001178123,Unconstrained
0.10699999984353781,Unconstrained
0.09870000008049828,Unconstrained
0.10530000008657225,Unconstrained
0.09940000018104911,Unconstrained
0.1002999999855092,Unconstrained
0.09950000003300374,Unconstrained
0.10130000009667128,Unconstrained
0.10139999994862592,Unconstrained
0.09719999980006833,Unconstrained
0.09879999993245292,Unconstrained
0.10479999991730438,Unconstrained
0.10130000009667128,Unconstrained
0.10790000010274525,Unconstrained
0.09920000002239249,Unconstrained
0.10529999985919858,Unconstrained
0.09850000014921534,Unconstrained
0.09860000000116997,Unconstrained
0.10150000002795423,Unconstrained
0.09940000018104911,Unconstrained
0.09920000002239249,Unconstrained
0.09959999988495838,Unconstrained
0.24600000006103073,Unconstrained
0.10229999998045969,Unconstrained
0.0980999998319021,Unconstrained
0.09920000002239249,Unconstrained
0.09920000002239249,Unconstrained
0.09830000021793239,Unconstrained
0.0993000001017208,Unconstrained
0.10090000000673172,Unconstrained
0.10219999990113138,Unconstrained
0.09899999986373587,Unconstrained
0.0993000001017208,Unconstrained
0.09990000012294331,Unconstrained
0.10010000005422626,Unconstrained
0.09909999994306418,Unconstrained
0.25639999989834905,Unconstrained
0.23110000006454356,Unconstrained
0.248900000087815,Unconstrained
0.09900000009110954,Unconstrained
0.09929999987434712,Unconstrained
0.09810000005927577,Unconstrained
0.11199999994460086,Unconstrained
0.09870000008049828,Unconstrained
0.09850000014921534,Unconstrained
0.09909999994306418,Unconstrained
0.09860000000116997,Unconstrained
0.09939999995367543,Unconstrained
0.09799999997994746,Unconstrained
0.09939999995367543,Unconstrained
0.099800000043615,Unconstrained
0.09810000005927577,Unconstrained
0.09919999979501881,Unconstrained
0.10469999983797607,Unconstrained
0.10509999992791563,Unconstrained
0.0980999998319021,Unconstrained
0.09929999987434712,Unconstrained
0.1038999998854706,Unconstrained
0.09879999993245292,Unconstrained
0.09849999992184166,Unconstrained
0.10489999999663269,Unconstrained
0.10039999983746384,Unconstrained
0.09869999985312461,Unconstrained
0.10350000002290471,Unconstrained
0.1033999999435764,Unconstrained
0.09840000006988703,Unconstrained
0.09780000004866451,Unconstrained
0.10010000005422626,Unconstrained
0.0981999999112304,Unconstrained
0.09920000002239249,Unconstrained
0.09950000003300374,Unconstrained
0.09839999984251335,Unconstrained
0.09920000002239249,Unconstrained
0.09910000017043785,Unconstrained
0.09939999995367543,Unconstrained
0.10320000001229346,Unconstrained
0.10070000007544877,Unconstrained
0.20450000010896474,Unconstrained
0.39470000001529115,Unconstrained
0.20050000011906377,Unconstrained
0.09870000008049828,Unconstrained
0.10049999991679215,Unconstrained
0.1002999999855092,Unconstrained
0.294099999791797,Unconstrained
0.10010000005422626,Unconstrained
0.14689999989059288,Unconstrained
0.09959999988495838,Unconstrained
0.09849999992184166,Unconstrained
0.23089999990588694,Unconstrained
0.11259999996582337,Unconstrained
0.10180000003856549,Unconstrained
0.10380000003351597,Unconstrained
0.10620000011840602,Unconstrained
0.17030000003614987,Unconstrained
0.238500000023123,Unconstrained
0.10300000008101051,Unconstrained
0.11659999995572434,Unconstrained
0.13690000014321413,Unconstrained
0.17589999993106176,Unconstrained
0.13629999989461794,Unconstrained
0.11820000008810894,Unconstrained
0.12850000007347262,Unconstrained
0.10900000006586197,Unconstrained
0.12639999999919382,Unconstrained
0.10840000004463946,Unconstrained
0.1164000000244414,Unconstrained
0.09830000021793239,Unconstrained
0.0981999999112304,Unconstrained
0.10819999988598283,Unconstrained
0.23430000010193908,Unconstrained
0.20870000003014866,Unconstrained
0.1588999998602958,Unconstrained
0.1651999998557585,Unconstrained
0.10799999995469989,Unconstrained
0.09820000013860408,Unconstrained
0.238500000023123,Unconstrained
0.2506000000721542,Unconstrained
0.15559999997094565,Unconstrained
0.09969999996428669,Unconstrained
0.15099999995982216,Unconstrained
0.0980999998319021,Unconstrained
0.0988000001598266,Unconstrained
0.09860000000116997,Unconstrained
0.09829999999055872,Unconstrained
0.14869999995426042,Unconstrained
0.09860000000116997,Unconstrained
0.09849999992184166,Unconstrained
0.09890000001178123,Unconstrained
0.09799999997994746,Unconstrained
0.17610000008971838,Unconstrained
0.09920000002239249,Unconstrained
0.09799999997994746,Unconstrained
0.09829999999055872,Unconstrained
0.14099999998506973,Unconstrained
0.09879999993245292,Unconstrained
0.0976999999693362,Unconstrained
0.23680000003878376,Unconstrained
0.2976999999191321,Unconstrained
0.16699999991942605,Unconstrained
0.09869999985312461,Unconstrained
0.31669999998484855,Unconstrained
0.25219999997716513,Unconstrained
0.1882000001387496,Unconstrained
0.09920000002239249,Unconstrained
0.1746000000366621,Unconstrained
0.09829999999055872,Unconstrained
0.09790000012799283,Unconstrained
0.25059999984478054,Unconstrained
0.2724000000853266,Unconstrained
0.36090000003241585,Unconstrained
0.10990000009769574,Unconstrained
0.09799999997994746,Unconstrained
0.09849999992184166,Unconstrained
0.09789999990061915,Unconstrained
0.11569999992389057,Unconstrained
0.10739999993347737,Unconstrained
0.10299999985363684,Unconstrained
0.24040000016611884,Unconstrained
0.11010000002897868,Unconstrained
0.09970000019166037,Unconstrained
0.18020000015894766,Unconstrained
0.09860000000116997,Unconstrained
0.10850000012396777,Unconstrained
0.0988000001598266,Unconstrained
0.0988000001598266,Unconstrained
0.09960000011233205,Unconstrained
0.09800000020732114,Unconstrained
0.1767000001109409,Unconstrained
0.0981999999112304,Unconstrained
0.09760000011738157,Unconstrained
0.09849999992184166,Unconstrained
0.09869999985312461,Unconstrained
0.0993000001017208,Unconstrained
0.10610000003907771,Unconstrained
0.1002999999855092,Unconstrained
0.1046000002133951,Unconstrained
0.09929999987434712,Unconstrained
0.09849999992184166,Unconstrained
0.09909999994306418,Unconstrained
0.1781999999366235,Unconstrained
0.10270000007039926,Unconstrained
0.09969999996428669,Unconstrained
0.09939999995367543,Unconstrained
0.0980999998319021,Unconstrained
0.10009999982685258,Unconstrained
0.09849999992184166,Unconstrained
0.12920000017402344,Unconstrained
0.09870000008049828,Unconstrained
0.09970000019166037,Unconstrained
0.09840000006988703,Unconstrained
0.10520000000724394,Unconstrained
0.10160000010728254,Unconstrained
0.09810000005927577,Unconstrained
0.23149999992710946,Unconstrained
0.12149999997745908,Unconstrained
0.3808999999819207,Unconstrained
0.21660000015799596,Unconstrained
0.1085999999759224,Unconstrained
0.39519999995718536,Unconstrained
0.23570000007566705,Unconstrained
0.10020000013355457,Unconstrained
0.09870000008049828,Unconstrained
0.24880000000848668,Unconstrained
0.19780000002356246,Unconstrained
0.18120000004273606,Unconstrained
0.09849999992184166,Unconstrained
0.14209999994818645,Unconstrained
0.1803000000109023,Unconstrained
0.12070000002495362,Unconstrained
0.11059999997087289,Unconstrained
0.12130000004617614,Unconstrained
0.09860000000116997,Unconstrained
0.10070000007544877,Unconstrained
0.1262999999198655,Unconstrained
0.17529999990983924,Unconstrained
0.09840000006988703,Unconstrained
0.1107000000502012,Unconstrained
0.09969999996428669,Unconstrained
0.11820000008810894,Unconstrained
0.09909999994306418,Unconstrained
0.10399999996479892,Unconstrained
0.10429999997541017,Unconstrained
0.10230000020783336,Unconstrained
0.11630000017248676,Unconstrained
0.10470000006534974,Unconstrained
0.21779999997306732,Unconstrained
0.24770000004536996,Unconstrained
0.15680000001339067,Unconstrained
0.34329999994042737,Unconstrained
0.13420000004771282,Unconstrained
0.13960000001134176,Unconstrained
0.25789999995140533,Unconstrained
0.15730000018265855,Unconstrained
0.2297000000908156,Unconstrained
0.11059999997087289,Unconstrained
0.0981999999112304,Unconstrained
0.14579999992747616,Unconstrained
0.09860000000116997,Unconstrained
0.09750000003805326,Unconstrained
0.09800000020732114,Unconstrained
0.09870000008049828,Unconstrained
0.15520000010837975,Unconstrained
0.09799999997994746,Unconstrained
0.15259999986483308,Unconstrained
0.09789999990061915,Unconstrained
0.09879999993245292,Unconstrained
0.11210000002392917,Unconstrained
0.10440000005473848,Unconstrained
0.1002999999855092,Unconstrained
0.09890000001178123,Unconstrained
0.15029999985927134,Unconstrained
0.0980999998319021,Unconstrained
0.09840000006988703,Unconstrained
0.10009999982685258,Unconstrained
0.09780000004866451,Unconstrained
0.09870000008049828,Unconstrained
0.09780000004866451,Unconstrained
0.09810000005927577,Unconstrained
0.10320000001229346,Unconstrained
0.09870000008049828,Unconstrained
0.1006999998480751,Unconstrained
0.09840000006988703,Unconstrained
0.10680000013962854,Unconstrained
0.1055000000178552,Unconstrained
0.11150000000270666,Unconstrained
0.09799999997994746,Unconstrained
0.09799999997994746,Unconstrained
0.09750000003805326,Unconstrained
0.09870000008049828,Unconstrained
0.10539999993852689,Unconstrained
0.10189999989052012,Unconstrained
0.20710000012513774,Unconstrained
0.10839999981726578,Unconstrained
0.10620000011840602,Unconstrained
0.1045000001340668,Unconstrained
0.10410000004412723,Unconstrained
0.10429999997541017,Unconstrained
0.10449999990669312,Unconstrained
0.10479999991730438,Unconstrained
0.10539999993852689,Unconstrained
0.15920000009828073,Unconstrained
0.09850000014921534,Unconstrained
0.09829999999055872,Unconstrained
0.10099999985868635,Unconstrained
0.09960000011233205,Unconstrained
0.10120000001734297,Unconstrained
0.09890000001178123,Unconstrained
0.17139999999926658,Unconstrained
0.09810000005927577,Unconstrained
0.09829999999055872,Unconstrained
0.09839999984251335,Unconstrained
0.09909999994306418,Unconstrained
0.38929999982428853,Unconstrained
0.09899999986373587,Unconstrained
0.15549999989161734,Unconstrained
0.09839999984251335,Unconstrained
0.0976999999693362,Unconstrained
0.09850000014921534,Unconstrained
0.09829999999055872,Unconstrained
0.09899999986373587,Unconstrained
0.09789999990061915,Unconstrained
0.17729999990478973,Unconstrained
0.09860000000116997,Unconstrained
0.10090000000673172,Unconstrained
0.10309999993296515,Unconstrained
0.10210000004917674,Unconstrained
0.13180000019019644,Unconstrained
0.10569999994913815,Unconstrained
0.10580000002846646,Unconstrained
0.09870000008049828,Unconstrained
0.15110000003915047,Unconstrained
0.10150000002795423,Unconstrained
0.10210000004917674,Unconstrained
0.11659999995572434,Unconstrained
0.09780000004866451,Unconstrained
0.09760000011738157,Unconstrained
0.09780000004866451,Unconstrained
0.1423999999587977,Unconstrained
0.10360000010223303,Unconstrained
0.15570000005027396,Unconstrained
0.10780000002341694,Unconstrained
0.0981999999112304,Unconstrained
0.1243000001522887,Unconstrained
0.10369999995418766,Unconstrained
0.14280000004873727,Unconstrained
0.10370000018156134,Unconstrained
0.09829999999055872,Unconstrained
0.22469999998975254,Unconstrained
0.09730000010677031,Unconstrained
0.18809999983204762,Unconstrained
0.1273000000310276,Unconstrained
0.12059999994562531,Unconstrained
0.09789999990061915,Unconstrained
0.1032999998642481,Unconstrained
0.24510000002919696,Unconstrained
0.10449999990669312,Unconstrained
0.3544999999576248,Unconstrained
0.13160000003153982,Unconstrained
0.13639999997394625,Unconstrained
0.14380000015989935,Unconstrained
0.15029999985927134,Unconstrained
0.09860000000116997,Unconstrained
0.4320000000461732,Unconstrained
0.14280000004873727,Unconstrained
0.2030999999078631,Unconstrained
0.1268000000891334,Unconstrained
0.32869999995455146,Unconstrained
0.10829999996531114,Unconstrained
0.1217000001361157,Unconstrained
0.09860000000116997,Unconstrained
0.13020000005781185,Unconstrained
0.10010000005422626,Unconstrained
0.09899999986373587,Unconstrained
0.10369999995418766,Unconstrained
0.10150000002795423,Unconstrained
0.23409999994328246,Unconstrained
0.23869999995440594,Unconstrained
0.3137999999580643,Unconstrained
0.31360000002678134,Unconstrained
0.21280000009937794,Unconstrained
0.1085999999759224,Unconstrained
0.2712999998948362,Unconstrained
0.20660000018324354,Unconstrained
0.09900000009110954,Unconstrained
0.09860000000116997,Unconstrained
0.09870000008049828,Unconstrained
0.09950000003300374,Unconstrained
0.09920000002239249,Unconstrained
0.14620000001741573,Unconstrained
0.09899999986373587,Unconstrained
0.1055000000178552,Unconstrained
0.11959999983446323,Unconstrained
0.10099999985868635,Unconstrained
0.18900000009125506,Unconstrained
0.10579999980109278,Unconstrained
0.09789999990061915,Unconstrained
0.09949999980563007,Unconstrained
0.10059999999612046,Unconstrained
0.10169999995923718,Unconstrained
0.10019999990618089,Unconstrained
0.10320000001229346,Unconstrained
0.10739999993347737,Unconstrained
0.10670000006030023,Unconstrained
0.12460000016289996,Unconstrained
0.09879999993245292,Unconstrained
0.2660999998624902,Unconstrained
0.26569999999992433,Unconstrained
0.2775000000383443,Unconstrained
0.14250000003812602,Unconstrained
0.09829999999055872,Unconstrained
0.2310999998371699,Unconstrained
0.099800000043615,Unconstrained
0.10350000002290471,Unconstrained
0.3760999998121406,Unconstrained
0.22080000007917988,Unconstrained
0.31480000006922637,Unconstrained
0.09959999988495838,Unconstrained
0.09920000002239249,Unconstrained
0.09860000000116997,Unconstrained
0.09860000000116997,Unconstrained
0.12279999987185874,Unconstrained
0.0988000001598266,Unconstrained
0.16870000013113895,Unconstrained
0.15919999987090705,Unconstrained
0.10300000008101051,Unconstrained
0.09879999993245292,Unconstrained
0.0993000001017208,Unconstrained
0.09860000000116997,Unconstrained
0.09829999999055872,Unconstrained
0.09849999992184166,Unconstrained
0.09799999997994746,Unconstrained
0.10139999994862592,Unconstrained
0.09789999990061915,Unconstrained
0.09870000008049828,Unconstrained
0.09840000006988703,Unconstrained
0.10139999994862592,Unconstrained
0.10509999992791563,Unconstrained
0.19780000002356246,Unconstrained
0.09860000000116997,Unconstrained
0.09739999995872495,Unconstrained
0.2308000000539323,Unconstrained
0.14520000013362733,Unconstrained
0.17439999987800547,Unconstrained
0.11270000004515168,Unconstrained
0.16100000016194826,Unconstrained
0.0980999998319021,Unconstrained
0.1428999999006919,Unconstrained
0.10380000003351597,Unconstrained
0.09820000013860408,Unconstrained
0.09780000004866451,Unconstrained
0.12900000001536682,Unconstrained
0.10469999983797607,Unconstrained
0.10780000002341694,Unconstrained
0.14880000003358873,Unconstrained
0.09789999990061915,Unconstrained
0.10679999991225486,Unconstrained
0.09780000004866451,Unconstrained
0.09750000003805326,Unconstrained
0.09740000018609862,Unconstrained
0.09839999984251335,Unconstrained
0.10700000007091148,Unconstrained
0.10170000018661085,Unconstrained
0.09829999999055872,Unconstrained
0.09799999997994746,Unconstrained
0.1029000000016822,Unconstrained
0.09730000010677031,Unconstrained
0.10309999993296515,Unconstrained
0.17729999990478973,Unconstrained
0.09920000002239249,Unconstrained
0.10109999993801466,Unconstrained
0.10249999991174263,Unconstrained
0.10209999982180307,Unconstrained
0.16760000016802223,Unconstrained
0.11960000006183691,Unconstrained
0.09679999993750243,Unconstrained
0.09869999985312461,Unconstrained
0.0975999998900079,Unconstrained
0.11250000011386874,Unconstrained
0.1029000000016822,Unconstrained
0.14839999994364916,Unconstrained
0.107600000092134,Unconstrained
0.11440000002949091,Unconstrained
0.23979999991752265,Unconstrained
0.22930000000087603,Unconstrained
0.10139999994862592,Unconstrained
0.09839999984251335,Unconstrained
0.097200000027442,Unconstrained
0.1006999998480751,Unconstrained
0.11510000013004174,Unconstrained
0.10130000009667128,Unconstrained
0.10169999995923718,Unconstrained
0.10040000006483751,Unconstrained
0.09950000003300374,Unconstrained
0.10300000008101051,Unconstrained
0.10529999985919858,Unconstrained
0.10250000013911631,Unconstrained
0.09790000012799283,Unconstrained
0.09829999999055872,Unconstrained
0.1599999998234125,Unconstrained
0.1038999998854706,Unconstrained
0.09890000001178123,Unconstrained
0.09869999985312461,Unconstrained
0.15399999983856105,Unconstrained
0.10320000001229346,Unconstrained
0.0988000001598266,Unconstrained
0.097200000027442,Unconstrained
0.0981999999112304,Unconstrained
0.0975999998900079,Unconstrained
0.09840000006988703,Unconstrained
0.14469999996435945,Unconstrained
0.09810000005927577,Unconstrained
0.10110000016538834,Unconstrained
0.09870000008049828,Unconstrained
0.09790000012799283,Unconstrained
0.11029999996026163,Unconstrained
0.09789999990061915,Unconstrained
0.1606000000720087,Unconstrained
0.09790000012799283,Unconstrained
0.09829999999055872,Unconstrained
0.09840000006988703,Unconstrained
0.09820000013860408,Unconstrained
0.0976999999693362,Unconstrained
0.10099999985868635,Unconstrained
0.09839999984251335,Unconstrained
0.09820000013860408,Unconstrained
0.09799999997994746,Unconstrained
0.09730000010677031,Unconstrained
0.09820000013860408,Unconstrained
0.18710000017563289,Unconstrained
0.09810000005927577,Unconstrained
0.09779999982129084,Unconstrained
0.09810000005927577,Unconstrained
0.09810000005927577,Unconstrained
0.15989999997145787,Unconstrained
0.09780000004866451,Unconstrained
0.09900000009110954,Unconstrained
0.10320000001229346,Unconstrained
0.09760000011738157,Unconstrained
0.1537999999072781,Unconstrained
0.0988000001598266,Unconstrained
0.09829999999055872,Unconstrained
0.10559999986980984,Unconstrained
0.10480000014467805,Unconstrained
0.1019000001178938,Unconstrained
0.10139999994862592,Unconstrained
0.17490000004727335,Unconstrained
0.11050000011891825,Unconstrained
0.10080000015477708,Unconstrained
0.10999999994965037,Unconstrained
0.10100000008606003,Unconstrained
0.10080000015477708,Unconstrained
0.10070000007544877,Unconstrained
0.15189999999165593,Unconstrained
0.10040000006483751,Unconstrained
0.10440000005473848,Unconstrained
0.10150000002795423,Unconstrained
0.10159999987990886,Unconstrained
0.10090000000673172,Unconstrained
0.10399999996479892,Unconstrained
0.10160000010728254,Unconstrained
0.10139999994862592,Unconstrained
0.10070000007544877,Unconstrained
0.10090000000673172,Unconstrained
0.09929999987434712,Unconstrained
0.09750000003805326,Unconstrained
0.09760000011738157,Unconstrained
0.09890000001178123,Unconstrained
0.19829999996545666,Unconstrained
0.09890000001178123,Unconstrained
0.10180000003856549,Unconstrained
0.09840000006988703,Unconstrained
0.09739999995872495,Unconstrained
0.10360000010223303,Unconstrained
0.10590000010779477,Unconstrained
0.10270000007039926,Unconstrained
0.09900000009110954,Unconstrained
0.1300000001265289,Unconstrained
0.09939999995367543,Unconstrained
0.09890000001178123,Unconstrained
0.09969999996428669,Unconstrained
0.10319999978491978,Unconstrained
0.10100000008606003,Unconstrained
0.09800000020732114,Unconstrained
0.10509999992791563,Unconstrained
0.10249999991174263,Unconstrained
0.09840000006988703,Unconstrained
0.09920000002239249,Unconstrained
0.09999999997489795,Unconstrained
0.09849999992184166,Unconstrained
0.09900000009110954,Unconstrained
0.09890000001178123,Unconstrained
0.09959999988495838,Unconstrained
0.10429999997541017,Unconstrained
0.09870000008049828,Unconstrained
0.09860000000116997,Unconstrained
0.099800000043615,Unconstrained
0.09879999993245292,Unconstrained
0.22719999992659723,Unconstrained
0.09920000002239249,Unconstrained
0.09939999995367543,Unconstrained
0.28360000010252406,Unconstrained
0.10509999992791563,Unconstrained
0.09840000006988703,Unconstrained
0.09849999992184166,Unconstrained
0.09919999979501881,Unconstrained
0.10440000005473848,Unconstrained
0.09920000002239249,Unconstrained
0.10509999992791563,Unconstrained
0.10449999990669312,Unconstrained
0.09860000000116997,Unconstrained
0.09849999992184166,Unconstrained
0.09939999995367543,Unconstrained
0.23220000002766028,Unconstrained
0.23260000011759985,Unconstrained
0.10189999989052012,Unconstrained
0.12310000010984368,Unconstrained
0.09810000005927577,Unconstrained
0.09750000003805326,Unconstrained
0.10539999993852689,Unconstrained
0.10180000003856549,Unconstrained
0.10939999992842786,Unconstrained
0.10430000020278385,Unconstrained
0.10229999998045969,Unconstrained
0.10220000012850505,Unconstrained
0.17760000014277466,Unconstrained
0.3455999999459891,Unconstrained
0.09860000000116997,Unconstrained
0.2426999999443069,Unconstrained
0.09840000006988703,Unconstrained
0.09900000009110954,Unconstrained
0.10350000002290471,Unconstrained
0.23780000014994584,Unconstrained
0.1138000000082684,Unconstrained
0.13749999993706297,Unconstrained
0.10070000007544877,Unconstrained
0.15790000020388106,Unconstrained
0.1007999999274034,Unconstrained
0.1497000000654225,Unconstrained
0.09939999995367543,Unconstrained
0.178799999957846,Unconstrained
0.10179999981119181,Unconstrained
0.17379999985678296,Unconstrained
0.10580000002846646,Unconstrained
0.11569999992389057,Unconstrained
0.10580000002846646,Unconstrained
0.10570000017651182,Unconstrained
0.10480000014467805,Unconstrained
0.10489999999663269,Unconstrained
0.10540000016590056,Unconstrained
0.10530000008657225,Unconstrained
0.10520000000724394,Unconstrained
0.10470000006534974,Unconstrained
0.17959999991035147,Unconstrained
0.10539999993852689,Unconstrained
0.1336000000264903,Unconstrained
0.10530000008657225,Unconstrained
0.12030000016238773,Unconstrained
0.105000000075961,Unconstrained
0.1055000000178552,Unconstrained
0.11240000003454043,Unconstrained
0.1116999999339896,Unconstrained
0.10800000018207356,Unconstrained
0.1085999999759224,Unconstrained
0.17899999988912896,Unconstrained
0.11049999989154458,Unconstrained
0.18109999996340775,Unconstrained
0.11610000001383014,Unconstrained
0.1081000000340282,Unconstrained
0.09849999992184166,Unconstrained
0.09840000006988703,Unconstrained
0.10610000003907771,Unconstrained
0.22899999999026477,Unconstrained
0.2110000000357104,Unconstrained
0.125800000205345,Unconstrained
0.18840000007003255,Unconstrained
0.14979999991737714,Unconstrained
0.10209999982180307,Unconstrained
0.1756999999997788,Unconstrained
0.32699999997021223,Unconstrained
0.38529999983438756,Unconstrained
0.281200000017634,Unconstrained
0.10569999994913815,Unconstrained
0.14050000004317553,Unconstrained
0.1059999999597494,Unconstrained
0.0988000001598266,Unconstrained
0.23770000007061753,Unconstrained
0.37510000015572587,Unconstrained
0.2993999999034713,Unconstrained
0.28029999998580024,Unconstrained
0.4016000000319764,Unconstrained
0.25030000006154296,Unconstrained
0.23620000001756125,Unconstrained
0.2935999998499028,Unconstrained
0.2709000000322703,Unconstrained
0.22620000004280882,Unconstrained
0.24500000017724233,Unconstrained
0.28079999992769444,Unconstrained
0.270799999952942,Unconstrained
0.30160000005707843,Unconstrained
0.32190000001719454,Unconstrained
0.15619999999216816,Unconstrained
0.1767000001109409,Unconstrained
0.09760000011738157,Unconstrained
0.09840000006988703,Unconstrained
0.09840000006988703,Unconstrained
0.09739999995872495,Unconstrained
0.10109999993801466,Unconstrained
0.10509999992791563,Unconstrained
0.10520000000724394,Unconstrained
0.105000000075961,Unconstrained
0.1643000000512984,Unconstrained
0.10719999977482075,Unconstrained
0.31869999997979903,Unconstrained
0.2779999999802385,Unconstrained
0.3088000000843749,Unconstrained
0.35000000002582965,Unconstrained
0.28820000011364755,Unconstrained
0.23510000005444454,Unconstrained
0.23839999994379468,Unconstrained
0.2374999999119609,Unconstrained
0.26490000004741887,Unconstrained
0.2951000001303328,Unconstrained
0.24129999997057894,Unconstrained
0.2577000000201224,Unconstrained
0.2649999998993735,Unconstrained
0.3632000000379776,Unconstrained
0.2360000000862783,Unconstrained
0.23790000000190048,Unconstrained
0.24020000000746222,Unconstrained
0.24000000007617928,Unconstrained
0.523500000099375,Unconstrained
0.10820000011335651,Unconstrained
0.2302000000327098,Unconstrained
0.3924000000097294,Unconstrained
0.24189999999180145,Unconstrained
0.23519999990639917,Unconstrained
0.2601999999569671,Unconstrained
0.23250000003827154,Unconstrained
0.2406000000974018,Unconstrained
0.23060000012264936,Unconstrained
0.15080000002853922,Unconstrained
0.37849999989703065,Unconstrained
0.22750000016458216,Unconstrained
0.3007999998771993,Unconstrained
0.4360000000360742,Unconstrained
0.2365000000281725,Unconstrained
0.3669000000172673,Unconstrained
0.22919999992154771,Unconstrained
0.3211000000646891,Unconstrained
0.28140000017629063,Unconstrained
0.30639999999948486,Unconstrained
0.29949999998279964,Unconstrained
0.2723000000059983,Unconstrained
0.413499999922351,Unconstrained
0.22369999987859046,Unconstrained
0.19100000008620555,Unconstrained
0.16169999980775174,Unconstrained
0.10610000003907771,Unconstrained
0.10189999989052012,Unconstrained
0.11389999986022303,Unconstrained
0.10169999995923718,Unconstrained
0.11679999988700729,Unconstrained
0.1007999999274034,Unconstrained
0.1019000001178938,Unconstrained
0.10129999986929761,Unconstrained
0.10129999986929761,Unconstrained
0.11160000008203497,Unconstrained
0.10169999995923718,Unconstrained
0.11210000002392917,Unconstrained
0.10110000016538834,Unconstrained
0.13909999984207388,Unconstrained
0.1111999999920954,Unconstrained
0.10889999998653366,Unconstrained
0.1138000000082684,Unconstrained
0.12050000009367068,Unconstrained
0.11790000007749768,Unconstrained
0.20549999999275315,Unconstrained
0.11210000002392917,Unconstrained
0.22139999987302872,Unconstrained
0.11629999994511309,Unconstrained
0.11810000000878063,Unconstrained
0.11659999995572434,Unconstrained
0.12249999986124749,Unconstrained
0.11680000011438096,Unconstrained
0.1314999999522115,Unconstrained
0.11790000007749768,Unconstrained
0.1168999999663356,Unconstrained
0.15210000015031255,Unconstrained
0.1164000000244414,Unconstrained
0.11700000004566391,Unconstrained
0.11859999995067483,Unconstrained
0.11760000006688642,Unconstrained
0.11679999988700729,Unconstrained
0.12230000015733822,Unconstrained
0.11410000001887965,Unconstrained
0.18230000000585278,Unconstrained
0.11259999996582337,Unconstrained
0.1859999999851425,Unconstrained
0.11690000019370927,Unconstrained
0.18249999993713573,Unconstrained
0.12450000008357165,Unconstrained
0.13060000014775142,Unconstrained
0.12110000011489319,Unconstrained
0.12190000006739865,Unconstrained
0.12500000002546585,Unconstrained
0.12190000006739865,Unconstrained
0.11719999997694686,Unconstrained
0.12109999988751952,Unconstrained
0.12110000011489319,Unconstrained
0.12059999994562531,Unconstrained
0.12149999997745908,Unconstrained
0.11650000010376971,Unconstrained
0.1248000000941829,Unconstrained
0.1220999999986816,Unconstrained
0.20709999989776406,Unconstrained
0.12109999988751952,Unconstrained
0.17739999998411804,Unconstrained
0.12119999996684783,Unconstrained
0.13289999992593948,Unconstrained
0.1257999999779713,Unconstrained
0.12100000003556488,Unconstrained
0.1164000000244414,Unconstrained
0.11509999990266806,Unconstrained
0.12139999989813077,Unconstrained
0.1216000000567874,Unconstrained
0.12050000009367068,Unconstrained
0.12109999988751952,Unconstrained
0.12200000014672696,Unconstrained
0.12070000002495362,Unconstrained
0.18950000003314926,Unconstrained
0.12799999990420474,Unconstrained
0.19419999989622738,Unconstrained
0.41550000014467514,Unconstrained
0.11779999999816937,Unconstrained
0.11779999999816937,Unconstrained
0.133499999947162,Unconstrained
0.22009999997862906,Unconstrained
0.13699999999516876,Unconstrained
0.1283999999941443,Unconstrained
0.12670000000980508,Unconstrained
0.12250000008862116,Unconstrained
0.12040000001434237,Unconstrained
0.22109999986241746,Unconstrained
0.13119999994160025,Unconstrained
0.19360000010237854,Unconstrained
0.12600000013662793,Unconstrained
0.1289000001634122,Unconstrained
0.12670000000980508,Unconstrained
0.1268000000891334,Unconstrained
0.12660000015785045,Unconstrained
0.1277999999729218,Unconstrained
0.11979999999311985,Unconstrained
0.651800000014191,Unconstrained
0.4297000000406115,Unconstrained
0.23570000007566705,Unconstrained
0.2987000000302942,Unconstrained
0.2878999998756626,Unconstrained
0.3045999999358173,Unconstrained
0.2816999999595282,Unconstrained
0.23120000014387188,Unconstrained
0.2329000001282111,Unconstrained
0.2250000000003638,Unconstrained
0.2686000000267086,Unconstrained
0.34540000001470617,Unconstrained
0.4174000000602973,Unconstrained
0.24840000014592079,Unconstrained
0.24129999997057894,Unconstrained
0.23859999987507763,Unconstrained
0.23170000008576608,Unconstrained
0.43380000010984077,Unconstrained
0.23829999986446637,Unconstrained
0.22860000012769888,Unconstrained
0.3418999999666994,Unconstrained
0.36439999985304894,Unconstrained
0.26010000010501244,Unconstrained
0.2380000000812288,Unconstrained
0.23660000010750082,Unconstrained
0.2312999999958265,Unconstrained
0.2310999998371699,Unconstrained
0.10429999997541017,Unconstrained
0.23680000003878376,Unconstrained
0.22449999983109592,Unconstrained
0.22420000004785834,Unconstrained
0.27139999997416453,Unconstrained
0.28339999994386744,Unconstrained
0.2977999999984604,Unconstrained
0.23759999999128922,Unconstrained
0.22819999981038563,Unconstrained
0.2873000000818138,Unconstrained
0.2801000000545173,Unconstrained
0.36030000001119333,Unconstrained
0.279999999975189,Unconstrained
0.2945999999610649,Unconstrained
0.2256000000215863,Unconstrained
0.2305999998952757,Unconstrained
0.325299999985873,Unconstrained
0.266999999894324,Unconstrained
0.26619999994181853,Unconstrained
0.14250000003812602,Unconstrained
0.3446000000622007,Unconstrained
0.28980000001865847,Unconstrained
0.22269999999480206,Unconstrained
0.22360000002663583,Unconstrained
0.3232000001389679,Unconstrained
0.26440000010552467,Unconstrained
0.24669999993420788,Unconstrained
0.37899999983892485,Unconstrained
0.4681999998865649,Unconstrained
0.23570000007566705,Unconstrained
0.22659999990537472,Unconstrained
0.22889999991093646,Unconstrained
0.23029999988466443,Unconstrained
0.22330000001602457,Unconstrained
0.22309999985736795,Unconstrained
0.22749999993720849,Unconstrained
0.25600000003578316,Unconstrained
0.2805999999964115,Unconstrained
0.2832000000125845,Unconstrained
0.28360000010252406,Unconstrained
0.3454999998666608,Unconstrained
0.31249999983629095,Unconstrained
0.28029999998580024,Unconstrained
0.2982999999403546,Unconstrained
0.3364000001511158,Unconstrained
0.28090000000702275,Unconstrained
0.22520000015902042,Unconstrained
0.2858000000287575,Unconstrained
0.3119000000424421,Unconstrained
0.2329000001282111,Unconstrained
0.3348000000187312,Unconstrained
0.1942999999755557,Unconstrained
0.1356000000214408,Unconstrained
0.16039999991335208,Unconstrained
0.09780000004866451,Unconstrained
0.09789999990061915,Unconstrained
0.09820000013860408,Unconstrained
0.09790000012799283,Unconstrained
0.10489999999663269,Unconstrained
0.09790000012799283,Unconstrained
0.1006999998480751,Unconstrained
0.09810000005927577,Unconstrained
0.09709999994811369,Unconstrained
0.09799999997994746,Unconstrained
0.09799999997994746,Unconstrained
0.10309999993296515,Unconstrained
0.09789999990061915,Unconstrained
0.167199999850709,Unconstrained
0.10350000002290471,Unconstrained
0.10489999999663269,Unconstrained
0.0975999998900079,Unconstrained
0.09730000010677031,Unconstrained
0.10090000000673172,Unconstrained
0.09890000001178123,Unconstrained
0.15200000007098424,Unconstrained
0.09780000004866451,Unconstrained
0.11589999985517352,Unconstrained
0.10889999998653366,Unconstrained
0.09789999990061915,Unconstrained
0.10999999994965037,Unconstrained
0.0975999998900079,Unconstrained
0.10610000003907771,Unconstrained
0.0975999998900079,Unconstrained
0.17649999995228427,Unconstrained
0.09810000005927577,Unconstrained
0.09740000018609862,Unconstrained
0.09870000008049828,Unconstrained
0.09799999997994746,Unconstrained
0.09860000000116997,Unconstrained
0.10059999999612046,Unconstrained
0.17500000012660166,Unconstrained
0.09849999992184166,Unconstrained
0.09799999997994746,Unconstrained
0.09879999993245292,Unconstrained
0.10790000010274525,Unconstrained
0.09829999999055872,Unconstrained
0.09950000003300374,Unconstrained
0.09799999997994746,Unconstrained
0.12749999996231054,Unconstrained
0.09829999999055872,Unconstrained
0.09820000013860408,Unconstrained
0.09909999994306418,Unconstrained
0.09810000005927577,Unconstrained
0.09729999987939664,Unconstrained
0.10109999993801466,Unconstrained
0.0981999999112304,Unconstrained
0.1014000001759996,Unconstrained
0.09799999997994746,Unconstrained
0.09829999999055872,Unconstrained
0.15349999989666685,Unconstrained
0.09810000005927577,Unconstrained
0.09829999999055872,Unconstrained
0.09780000004866451,Unconstrained
0.09839999984251335,Unconstrained
0.10730000008152274,Unconstrained
0.09799999997994746,Unconstrained
0.09799999997994746,Unconstrained
0.09840000006988703,Unconstrained
0.09780000004866451,Unconstrained
0.09870000008049828,Unconstrained
0.09879999993245292,Unconstrained
0.0981999999112304,Unconstrained
0.1190000000406144,Unconstrained
0.09840000006988703,Unconstrained
0.09870000008049828,Unconstrained
0.09829999999055872,Unconstrained
0.09969999996428669,Unconstrained
0.10340000017095008,Unconstrained
0.10169999995923718,Unconstrained
0.10950000000775617,Unconstrained
0.10150000002795423,Unconstrained
0.09829999999055872,Unconstrained
0.10010000005422626,Unconstrained
0.09900000009110954,Unconstrained
0.09820000013860408,Unconstrained
0.09849999992184166,Unconstrained
0.0988000001598266,Unconstrained
0.1002999999855092,Unconstrained
0.09799999997994746,Unconstrained
0.10580000002846646,Unconstrained
0.09829999999055872,Unconstrained
0.09889999978440756,Unconstrained
0.09760000011738157,Unconstrained
0.09860000000116997,Unconstrained
0.09840000006988703,Unconstrained
0.09790000012799283,Unconstrained
0.10950000000775617,Unconstrained
0.09799999997994746,Unconstrained
0.09750000003805326,Unconstrained
0.2504999999928259,Unconstrained
0.3233000002182962,Unconstrained
0.2779999999802385,Unconstrained
0.19559999986995535,Unconstrained
0.19480000014482357,Unconstrained
0.1362000000426633,Unconstrained
0.09739999995872495,Unconstrained
0.09799999997994746,Unconstrained
0.09860000000116997,Unconstrained
0.11870000003000314,Unconstrained
0.09730000010677031,Unconstrained
0.1090999999178166,Unconstrained
0.1007999999274034,Unconstrained
0.10160000010728254,Unconstrained
0.1007999999274034,Unconstrained
0.11509999990266806,Unconstrained
0.10109999993801466,Unconstrained
0.10929999984909955,Unconstrained
0.10559999986980984,Unconstrained
0.10670000006030023,Unconstrained
0.10050000014416582,Unconstrained
0.10160000010728254,Unconstrained
0.10610000003907771,Unconstrained
0.10569999994913815,Unconstrained
0.105000000075961,Unconstrained
0.107600000092134,Unconstrained
0.10440000005473848,Unconstrained
0.23989999999685097,Unconstrained
0.09890000001178123,Unconstrained
0.10950000000775617,Unconstrained
0.23529999998572748,Unconstrained
0.09829999999055872,Unconstrained
0.09799999997994746,Unconstrained
0.23499999997511622,Unconstrained
0.13910000006944756,Unconstrained
0.10299999985363684,Unconstrained
0.40460000013808894,Unconstrained
0.20859999995082035,Unconstrained
0.10730000008152274,Unconstrained
0.3423999999085936,Unconstrained
0.14950000013413955,Unconstrained
0.324099999943428,Unconstrained
0.23110000006454356,Unconstrained
0.3443999999035441,Unconstrained
0.09849999992184166,Unconstrained
0.21319999996194383,Unconstrained
0.36959999988539494,Unconstrained
0.2061999998659303,Unconstrained
0.3242000000227563,Unconstrained
0.09829999999055872,Unconstrained
0.10100000008606003,Unconstrained
0.09789999990061915,Unconstrained
0.23000000010142685,Unconstrained
0.256700000136334,Unconstrained
0.1963999998224608,Unconstrained
0.3580000000056316,Unconstrained
0.17370000000482833,Unconstrained
0.10459999998602143,Unconstrained
0.09869999985312461,Unconstrained
0.09850000014921534,Unconstrained
0.09690000001683075,Unconstrained
0.09740000018609862,Unconstrained
0.09810000005927577,Unconstrained
0.10540000016590056,Unconstrained
0.09730000010677031,Unconstrained
0.09939999995367543,Unconstrained
0.102400000059788,Unconstrained
0.09820000013860408,Unconstrained
0.09690000001683075,Unconstrained
0.09799999997994746,Unconstrained
0.09940000018104911,Unconstrained
0.09839999984251335,Unconstrained
0.09810000005927577,Unconstrained
0.09790000012799283,Unconstrained
0.0975999998900079,Unconstrained
0.09729999987939664,Unconstrained
0.09710000017548737,Unconstrained
0.09719999980006833,Unconstrained
0.09750000003805326,Unconstrained
0.0981999999112304,Unconstrained
0.1646999999138643,Unconstrained
0.09729999987939664,Unconstrained
0.19560000009732903,Unconstrained
0.09810000005927577,Unconstrained
0.10279999992235389,Unconstrained
0.09760000011738157,Unconstrained
0.11139999992337835,Unconstrained
0.10609999981170404,Unconstrained
0.10070000007544877,Unconstrained
0.09899999986373587,Unconstrained
0.11619999986578478,Unconstrained
0.09890000001178123,Unconstrained
0.09860000000116997,Unconstrained
0.09909999994306418,Unconstrained
0.10840000004463946,Unconstrained
0.09900000009110954,Unconstrained
0.10270000007039926,Unconstrained
0.16660000005686015,Unconstrained
0.10509999992791563,Unconstrained
0.12440000000424334,Unconstrained
0.09870000008049828,Unconstrained
0.18480000017007114,Unconstrained
0.3616999999849213,Unconstrained
0.3596999999899708,Unconstrained
0.4791999999724794,Unconstrained
0.11629999994511309,Unconstrained
0.24069999994935642,Unconstrained
0.16860000005181064,Unconstrained
0.11519999998199637,Unconstrained
0.10819999988598283,Unconstrained
0.1495999999860942,Unconstrained
0.09879999993245292,Unconstrained
0.10120000001734297,Unconstrained
0.14559999999619322,Unconstrained
0.0981999999112304,Unconstrained
0.11749999998755811,Unconstrained
0.11620000009315845,Unconstrained
0.1225999999405758,Unconstrained
0.09780000004866451,Unconstrained
0.09790000012799283,Unconstrained
0.09890000001178123,Unconstrained
0.11150000000270666,Unconstrained
0.17190000016853446,Unconstrained
0.09890000001178123,Unconstrained
0.15720000010333024,Unconstrained
0.09799999997994746,Unconstrained
0.12409999999363208,Unconstrained
0.09849999992184166,Unconstrained
0.10310000016033882,Unconstrained
0.11589999985517352,Unconstrained
0.1294000001053064,Unconstrained
0.10449999990669312,Unconstrained
0.1038999998854706,Unconstrained
0.10070000007544877,Unconstrained
0.10789999987537158,Unconstrained
0.12169999990874203,Unconstrained
0.10230000020783336,Unconstrained
0.11310000013509125,Unconstrained
0.11730000005627517,Unconstrained
0.09989999989556964,Unconstrained
0.0981999999112304,Unconstrained
0.14719999990120414,Unconstrained
0.125699999898643,Unconstrained
0.09849999992184166,Unconstrained
0.09870000008049828,Unconstrained
0.0980999998319021,Unconstrained
0.09829999999055872,Unconstrained
0.09849999992184166,Unconstrained
0.09860000000116997,Unconstrained
0.09790000012799283,Unconstrained
0.0976999999693362,Unconstrained
0.09830000021793239,Unconstrained
0.11109999991276709,Unconstrained
0.09780000004866451,Unconstrained
0.11659999995572434,Unconstrained
0.11659999995572434,Unconstrained
0.0981999999112304,Unconstrained
0.09910000017043785,Unconstrained
0.09850000014921534,Unconstrained
0.09780000004866451,Unconstrained
0.09879999993245292,Unconstrained
0.09810000005927577,Unconstrained
0.09810000005927577,Unconstrained
0.09890000001178123,Unconstrained
0.09860000000116997,Unconstrained
0.09920000002239249,Unconstrained
0.09860000000116997,Unconstrained
0.09840000006988703,Unconstrained
0.09779999982129084,Unconstrained
0.09750000003805326,Unconstrained
0.11709999989761855,Unconstrained
0.09939999995367543,Unconstrained
0.09789999990061915,Unconstrained
0.09810000005927577,Unconstrained
0.09810000005927577,Unconstrained
0.09799999997994746,Unconstrained
0.09849999992184166,Unconstrained
0.09879999993245292,Unconstrained
0.09800000020732114,Unconstrained
0.1635999999507476,Unconstrained
0.11259999996582337,Unconstrained
0.10850000012396777,Unconstrained
0.09799999997994746,Unconstrained
0.22839999996904226,Unconstrained
0.1991000001453358,Unconstrained
0.0988000001598266,Unconstrained
0.0980999998319021,Unconstrained
0.23929999997562845,Unconstrained
0.09950000003300374,Unconstrained
0.1168999999663356,Unconstrained
0.16789999995125982,Unconstrained
0.0993000001017208,Unconstrained
0.14579999992747616,Unconstrained
0.0976999999693362,Unconstrained
0.15969999981280125,Unconstrained
0.09909999994306418,Unconstrained
0.20250000011401426,Unconstrained
0.10499999984858732,Unconstrained
0.23710000004939502,Unconstrained
0.12689999994108803,Unconstrained
0.1475999999911437,Unconstrained
0.09799999997994746,Unconstrained
0.23039999996399274,Unconstrained
0.152900000102818,Unconstrained
0.2349000001231616,Unconstrained
0.09860000000116997,Unconstrained
0.0980999998319021,Unconstrained
0.0976999999693362,Unconstrained
0.24140000004990725,Unconstrained
0.2328000000488828,Unconstrained
0.10980000001836743,Unconstrained
0.0976999999693362,Unconstrained
0.37799999995513645,Unconstrained
0.3206999999747495,Unconstrained
0.1835000000482978,Unconstrained
0.10059999999612046,Unconstrained
0.3079999999044958,Unconstrained
0.0975999998900079,Unconstrained
0.09879999993245292,Unconstrained
0.09860000000116997,Unconstrained
0.09829999999055872,Unconstrained
0.09939999995367543,Unconstrained
0.10120000001734297,Unconstrained
0.1095999998597108,Unconstrained
0.09870000008049828,Unconstrained
0.10480000014467805,Unconstrained
0.10169999995923718,Unconstrained
0.10670000006030023,Unconstrained
0.10150000002795423,Unconstrained
0.10559999986980984,Unconstrained
0.10169999995923718,Unconstrained
0.09939999995367543,Unconstrained
0.12220000007800991,Unconstrained
0.09900000009110954,Unconstrained
0.10059999999612046,Unconstrained
0.21200000014687248,Unconstrained
0.0981999999112304,Unconstrained
0.16350000009879295,Unconstrained
0.09900000009110954,Unconstrained
0.11080000012952951,Unconstrained
0.0981999999112304,Unconstrained
0.0988000001598266,Unconstrained
0.09849999992184166,Unconstrained
0.09849999992184166,Unconstrained
0.09810000005927577,Unconstrained
0.10350000002290471,Unconstrained
0.10169999995923718,Unconstrained
0.09920000002239249,Unconstrained
0.09860000000116997,Unconstrained
0.09849999992184166,Unconstrained
0.09839999984251335,Unconstrained
0.2336999998533429,Unconstrained
0.23160000000643777,Unconstrained
0.11500000005071342,Unconstrained
0.09920000002239249,Unconstrained
0.14880000003358873,Unconstrained
0.19449999990683864,Unconstrained
0.17240000011042866,Unconstrained
0.09870000008049828,Unconstrained
0.10520000000724394,Unconstrained
0.09789999990061915,Unconstrained
0.09840000006988703,Unconstrained
0.25300000015704427,Unconstrained
0.23170000008576608,Unconstrained
0.11440000002949091,Unconstrained
0.18490000002202578,Unconstrained
0.13940000008005882,Unconstrained
0.25059999984478054,Unconstrained
0.11309999990771757,Unconstrained
0.19629999997050618,Unconstrained
0.1263000001472392,Unconstrained
0.19939999992857338,Unconstrained
0.0980999998319021,Unconstrained
0.10059999999612046,Unconstrained
0.09790000012799283,Unconstrained
0.09860000000116997,Unconstrained
0.09799999997994746,Unconstrained
0.09900000009110954,Unconstrained
0.09799999997994746,Unconstrained
0.23139999984778115,Unconstrained
0.10150000002795423,Unconstrained
0.10679999991225486,Unconstrained
0.10750000001280569,Unconstrained
0.10169999995923718,Unconstrained
0.09920000002239249,Unconstrained
0.1045000001340668,Unconstrained
0.1032999998642481,Unconstrained
0.09879999993245292,Unconstrained
0.10130000009667128,Unconstrained
0.10120000001734297,Unconstrained
0.10170000018661085,Unconstrained
0.09879999993245292,Unconstrained
0.10199999996984843,Unconstrained
0.10840000004463946,Unconstrained
0.09999999997489795,Unconstrained
0.12050000009367068,Unconstrained
0.1029000000016822,Unconstrained
0.09879999993245292,Unconstrained
0.09860000000116997,Unconstrained
0.09890000001178123,Unconstrained
0.09750000003805326,Unconstrained
0.1055000000178552,Unconstrained
0.09840000006988703,Unconstrained
0.0988000001598266,Unconstrained
0.09860000000116997,Unconstrained
0.09879999993245292,Unconstrained
0.09729999987939664,Unconstrained
0.09850000014921534,Unconstrained
0.14209999994818645,Unconstrained
0.09939999995367543,Unconstrained
0.09849999992184166,Unconstrained
0.09860000000116997,Unconstrained
0.09879999993245292,Unconstrained
0.099800000043615,Unconstrained
0.10129999986929761,Unconstrained
0.33650000000307045,Unconstrained
0.13280000007398485,Unconstrained
0.09849999992184166,Unconstrained
0.28570000017680286,Unconstrained
0.3630999999586493,Unconstrained
0.21259999994072132,Unconstrained
0.20479999989220232,Unconstrained
0.1940000001923181,Unconstrained
0.10049999991679215,Unconstrained
0.099800000043615,Unconstrained
0.11259999996582337,Unconstrained
0.18230000000585278,Unconstrained
0.09810000005927577,Unconstrained
0.09810000005927577,Unconstrained
0.09729999987939664,Unconstrained
0.09780000004866451,Unconstrained
0.09790000012799283,Unconstrained
0.09779999982129084,Unconstrained
0.10489999999663269,Unconstrained
0.0981999999112304,Unconstrained
0.15630000007149647,Unconstrained
0.10070000007544877,Unconstrained
0.10130000009667128,Unconstrained
0.097200000027442,Unconstrained
0.09729999987939664,Unconstrained
0.09789999990061915,Unconstrained
0.09739999995872495,Unconstrained
0.10269999984302558,Unconstrained
0.09799999997994746,Unconstrained
0.09869999985312461,Unconstrained
0.09839999984251335,Unconstrained
0.09700000009615906,Unconstrained
0.09879999993245292,Unconstrained
0.09909999994306418,Unconstrained
0.16290000007757044,Unconstrained
0.09779999982129084,Unconstrained
0.0981999999112304,Unconstrained
0.0981999999112304,Unconstrained
0.09810000005927577,Unconstrained
0.09780000004866451,Unconstrained
0.09820000013860408,Unconstrained
0.09810000005927577,Unconstrained
0.0976999999693362,Unconstrained
0.10510000015528931,Unconstrained
0.099800000043615,Unconstrained
0.11059999997087289,Unconstrained
0.1029000000016822,Unconstrained
0.10020000013355457,Unconstrained
0.10229999998045969,Unconstrained
0.10640000004968897,Unconstrained
0.14620000001741573,Unconstrained
0.09799999997994746,Unconstrained
0.09729999987939664,Unconstrained
0.09899999986373587,Unconstrained
0.09850000014921534,Unconstrained
0.09730000010677031,Unconstrained
0.09750000003805326,Unconstrained
0.10970000016641279,Unconstrained
0.0981999999112304,Unconstrained
0.18110000019078143,Unconstrained
0.10229999998045969,Unconstrained
0.09760000011738157,Unconstrained
0.09860000000116997,Unconstrained
0.10439999982736481,Unconstrained
0.0976999999693362,Unconstrained
0.09810000005927577,Unconstrained
0.16240000013567624,Unconstrained
0.09829999999055872,Unconstrained
0.09860000000116997,Unconstrained
0.10180000003856549,Unconstrained
0.09760000011738157,Unconstrained
0.10109999993801466,Unconstrained
0.0975999998900079,Unconstrained
0.1724999999623833,Unconstrained
0.22979999994277023,Unconstrained
0.33749999988685886,Unconstrained
0.15630000007149647,Unconstrained
0.09959999988495838,Unconstrained
0.09890000001178123,Unconstrained
0.10229999998045969,Unconstrained
0.13119999994160025,Unconstrained
0.09870000008049828,Unconstrained
0.09829999999055872,Unconstrained
0.23089999990588694,Unconstrained
0.10830000019268482,Unconstrained
0.10999999994965037,Unconstrained
0.2431999998862011,Unconstrained
0.10659999998097192,Unconstrained
0.0988000001598266,Unconstrained
0.09910000017043785,Unconstrained
0.10199999996984843,Unconstrained
0.10440000005473848,Unconstrained
0.2511000000140484,Unconstrained
0.1055000000178552,Unconstrained
0.1485999998749321,Unconstrained
0.10879999990720535,Unconstrained
0.17539999998916755,Unconstrained
0.11170000016136328,Unconstrained
0.10869999982787704,Unconstrained
0.1059999999597494,Unconstrained
0.10889999998653366,Unconstrained
0.10520000000724394,Unconstrained
0.10919999999714491,Unconstrained
0.10840000004463946,Unconstrained
0.10829999996531114,Unconstrained
0.10930000007647322,Unconstrained
0.1090999999178166,Unconstrained
0.12060000017299899,Unconstrained
0.1107000000502012,Unconstrained
0.1728999998249492,Unconstrained
0.1055000000178552,Unconstrained
0.10849999989659409,Unconstrained
0.10750000001280569,Unconstrained
0.10740000016085105,Unconstrained
0.10990000009769574,Unconstrained
0.10569999994913815,Unconstrained
0.105000000075961,Unconstrained
0.10489999999663269,Unconstrained
0.10579999980109278,Unconstrained
0.10980000001836743,Unconstrained
0.1310000000103173,Unconstrained
0.10739999993347737,Unconstrained
0.1932999998643936,Unconstrained
0.10419999989608186,Unconstrained
0.17279999997299456,Unconstrained
0.11040000003958994,Unconstrained
0.10830000019268482,Unconstrained
0.10569999994913815,Unconstrained
0.1055000000178552,Unconstrained
0.10590000010779477,Unconstrained
0.10529999985919858,Unconstrained
0.10980000001836743,Unconstrained
0.10759999986476032,Unconstrained
0.19090000000687724,Unconstrained
0.1129000002038083,Unconstrained
0.11930000005122565,Unconstrained
0.22719999992659723,Unconstrained
0.15029999985927134,Unconstrained
0.17600000001039007,Unconstrained
0.09869999985312461,Unconstrained
0.0976999999693362,Unconstrained
0.09879999993245292,Unconstrained
0.09829999999055872,Unconstrained
0.0976999999693362,Unconstrained
0.23089999990588694,Unconstrained
0.320099999953527,Unconstrained
0.1220999999986816,Unconstrained
0.1029000000016822,Unconstrained
0.10970000016641279,Unconstrained
0.3881999998611718,Unconstrained
0.16889999983504822,Unconstrained
0.11019999988093332,Unconstrained
0.10419999989608186,Unconstrained
0.10900000006586197,Unconstrained
0.09889999978440756,Unconstrained
0.1002999999855092,Unconstrained
0.09990000012294331,Unconstrained
0.10280000014972757,Unconstrained
0.10380000003351597,Unconstrained
0.09799999997994746,Unconstrained
0.10520000000724394,Unconstrained
0.09849999992184166,Unconstrained
0.1441000001705106,Unconstrained
0.09899999986373587,Unconstrained
0.09909999994306418,Unconstrained
0.10499999984858732,Unconstrained
0.09860000000116997,Unconstrained
0.09939999995367543,Unconstrained
0.09879999993245292,Unconstrained
0.09890000001178123,Unconstrained
0.099800000043615,Unconstrained
0.09860000000116997,Unconstrained
0.10019999990618089,Unconstrained
0.09939999995367543,Unconstrained
0.1957999998012383,Unconstrained
0.1064999999016436,Unconstrained
0.10420000012345554,Unconstrained
0.10520000000724394,Unconstrained
0.105000000075961,Unconstrained
0.11870000003000314,Unconstrained
0.11339999991832883,Unconstrained
0.1247000000148546,Unconstrained
0.11109999991276709,Unconstrained
0.11190000009264622,Unconstrained
0.10659999998097192,Unconstrained
0.13400000011642987,Unconstrained
0.10520000000724394,Unconstrained
0.17439999987800547,Unconstrained
0.1734999998461717,Unconstrained
0.10489999999663269,Unconstrained
0.10619999989103235,Unconstrained
0.10520000000724394,Unconstrained
0.10569999994913815,Unconstrained
0.10440000005473848,Unconstrained
0.10580000002846646,Unconstrained
0.10440000005473848,Unconstrained
0.19090000000687724,Unconstrained
0.23420000002261077,Unconstrained
0.2363999999488442,Unconstrained
0.23820000001251174,Unconstrained
0.10410000004412723,Unconstrained
0.1575000001139415,Unconstrained
0.14349999992191442,Unconstrained
0.09899999986373587,Unconstrained
0.14230000010684307,Unconstrained
0.18460000001141452,Unconstrained
0.09840000006988703,Unconstrained
0.11240000003454043,Unconstrained
0.27189999991605873,Unconstrained
0.18490000002202578,Unconstrained
0.09810000005927577,Unconstrained
0.4085000000486616,Unconstrained
0.12330000004112662,Unconstrained
0.10010000005422626,Unconstrained
0.102400000059788,Unconstrained
0.1019000001178938,Unconstrained
0.10250000013911631,Unconstrained
0.10169999995923718,Unconstrained
0.1029000000016822,Unconstrained
0.10150000002795423,Unconstrained
0.23669999995945545,Unconstrained
0.2381000001605571,Unconstrained
0.23979999991752265,Unconstrained
0.13749999993706297,Unconstrained
0.0988000001598266,Unconstrained
0.1273000000310276,Unconstrained
0.2334000000701053,Unconstrained
0.1002999999855092,Unconstrained
0.09820000013860408,Unconstrained
0.10040000006483751,Unconstrained
0.10330000009162177,Unconstrained
0.09829999999055872,Unconstrained
0.09869999985312461,Unconstrained
0.09860000000116997,Unconstrained
0.19969999993918464,Unconstrained
0.1029000000016822,Unconstrained
0.0981999999112304,Unconstrained
0.0981999999112304,Unconstrained
0.09879999993245292,Unconstrained
0.09840000006988703,Unconstrained
0.09929999987434712,Unconstrained
0.09920000002239249,Unconstrained
0.10510000015528931,Unconstrained
0.09899999986373587,Unconstrained
0.09829999999055872,Unconstrained
0.09849999992184166,Unconstrained
0.10300000008101051,Unconstrained
0.11730000005627517,Unconstrained
0.0993000001017208,Unconstrained
0.09869999985312461,Unconstrained
0.10019999990618089,Unconstrained
0.22840000019641593,Unconstrained
0.09920000002239249,Unconstrained
0.09879999993245292,Unconstrained
0.23430000010193908,Unconstrained
0.3293999998277286,Unconstrained
0.09989999989556964,Unconstrained
0.17709999997350678,Unconstrained
0.09860000000116997,Unconstrained
0.16329999994013633,Unconstrained
0.17790000015338592,Unconstrained
0.10270000007039926,Unconstrained
0.09829999999055872,Unconstrained
0.09990000012294331,Unconstrained
0.09860000000116997,Unconstrained
0.16299999992952507,Unconstrained
0.09899999986373587,Unconstrained
0.13630000012199162,Unconstrained
0.09920000002239249,Unconstrained
0.1002999999855092,Unconstrained
0.099800000043615,Unconstrained
0.09839999984251335,Unconstrained
0.10320000001229346,Unconstrained
0.14529999998558196,Unconstrained
0.09920000002239249,Unconstrained
0.15520000010837975,Unconstrained
0.09870000008049828,Unconstrained
0.15110000003915047,Unconstrained
0.10010000005422626,Unconstrained
0.11410000001887965,Unconstrained
0.1033999999435764,Unconstrained
0.17290000005232287,Unconstrained
0.09849999992184166,Unconstrained
0.16449999998258136,Unconstrained
0.09969999996428669,Unconstrained
0.09959999988495838,Unconstrained
0.0993000001017208,Unconstrained
0.17669999988356722,Unconstrained
0.1002999999855092,Unconstrained
0.1776999999947293,Unconstrained
0.09890000001178123,Unconstrained
0.15040000016597332,Unconstrained
0.23709999982202135,Unconstrained
0.13109999986227194,Unconstrained
0.176199999941673,Unconstrained
0.1220999999986816,Unconstrained
0.28640000004998,Unconstrained
0.10650000012901728,Unconstrained
0.09900000009110954,Unconstrained
0.10199999996984843,Unconstrained
0.10629999997036066,Unconstrained
0.10169999995923718,Unconstrained
0.10480000014467805,Unconstrained
0.10459999998602143,Unconstrained
0.10489999999663269,Unconstrained
0.10520000000724394,Unconstrained
0.10549999979048152,Unconstrained
0.10559999986980984,Unconstrained
0.12460000016289996,Unconstrained
0.10499999984858732,Unconstrained
0.1159000000825472,Unconstrained
0.12520000018412247,Unconstrained
0.14020000003256428,Unconstrained
0.10939999992842786,Unconstrained
0.10530000008657225,Unconstrained
0.12189999984002498,Unconstrained
0.10560000009718351,Unconstrained
0.10650000012901728,Unconstrained
0.11160000008203497,Unconstrained
0.10419999989608186,Unconstrained
0.10659999998097192,Unconstrained
0.10919999999714491,Unconstrained
0.17610000008971838,Unconstrained
0.10659999998097192,Unconstrained
0.10679999991225486,Unconstrained
0.10480000014467805,Unconstrained
0.11220000010325748,Unconstrained
0.10640000004968897,Unconstrained
0.10629999997036066,Unconstrained
0.10919999999714491,Unconstrained
0.10569999994913815,Unconstrained
0.10109999993801466,Unconstrained
0.10040000006483751,Unconstrained
0.10180000003856549,Unconstrained
0.10259999999107094,Unconstrained
0.1064999999016436,Unconstrained
0.11849999987134652,Unconstrained
0.10210000004917674,Unconstrained
0.09969999996428669,Unconstrained
0.09899999986373587,Unconstrained
0.09890000001178123,Unconstrained
0.12010000000373111,Unconstrained
0.09870000008049828,Unconstrained
0.09829999999055872,Unconstrained
0.0993000001017208,Unconstrained
0.23929999997562845,Unconstrained
0.10320000001229346,Unconstrained
0.10159999987990886,Unconstrained
0.23420000002261077,Unconstrained
0.1090999999178166,Unconstrained
0.10560000009718351,Unconstrained
0.10050000014416582,Unconstrained
0.11079999990215583,Unconstrained
0.17120000006798364,Unconstrained
0.09929999987434712,Unconstrained
0.09960000011233205,Unconstrained
0.257799999872077,Unconstrained
0.23110000006454356,Unconstrained
0.22850000004837057,Unconstrained
0.10420000012345554,Unconstrained
0.18919999979516433,Unconstrained
0.23709999982202135,Unconstrained
0.12360000005173788,Unconstrained
0.09810000005927577,Unconstrained
0.23869999995440594,Unconstrained
0.09920000002239249,Unconstrained
0.261799999861978,Unconstrained
0.10530000008657225,Unconstrained
0.10769999994408863,Unconstrained
0.11610000001383014,Unconstrained
0.11339999991832883,Unconstrained
0.11040000003958994,Unconstrained
0.10820000011335651,Unconstrained
0.3077000001212582,Unconstrained
0.11270000004515168,Unconstrained
0.11960000006183691,Unconstrained
0.10889999998653366,Unconstrained
0.1303999999890948,Unconstrained
0.12549999996736005,Unconstrained
0.10590000010779477,Unconstrained
0.3193999998529762,Unconstrained
0.2673000001323089,Unconstrained
0.2575999999407941,Unconstrained
0.2365000000281725,Unconstrained
0.268199999936769,Unconstrained
0.2844000000550295,Unconstrained
0.22409999996853003,Unconstrained
0.24619999999231368,Unconstrained
0.25019999998221465,Unconstrained
0.25019999998221465,Unconstrained
0.22639999997409177,Unconstrained
0.22689999991598597,Unconstrained
0.23729999998067797,Unconstrained
0.2720999998473417,Unconstrained
0.22749999993720849,Unconstrained
0.11360000007698545,Unconstrained
0.23160000000643777,Unconstrained
0.24849999999787542,Unconstrained
0.31309999985751347,Unconstrained
0.2575999999407941,Unconstrained
0.3091999999469408,Unconstrained
0.2767999999377935,Unconstrained
0.25170000003527093,Unconstrained
0.28040000006512855,Unconstrained
0.2365000000281725,Unconstrained
0.23940000005495676,Unconstrained
0.2264999998260464,Unconstrained
0.22690000014335965,Unconstrained
0.23669999995945545,Unconstrained
0.12880000008408388,Unconstrained
0.19599999995989492,Unconstrained
0.11719999997694686,Unconstrained
0.1414000000750093,Unconstrained
0.23220000002766028,Unconstrained
0.10139999994862592,Unconstrained
0.09999999997489795,Unconstrained
0.1064999999016436,Unconstrained
0.10680000013962854,Unconstrained
0.09959999988495838,Unconstrained
0.10139999994862592,Unconstrained
0.1002999999855092,Unconstrained
0.09900000009110954,Unconstrained
0.10659999998097192,Unconstrained
0.28459999998631247,Unconstrained
0.2546000000620552,Unconstrained
0.09950000003300374,Unconstrained
0.10059999999612046,Unconstrained
0.09900000009110954,Unconstrained
0.10780000002341694,Unconstrained
0.09860000000116997,Unconstrained
0.09829999999055872,Unconstrained
0.09840000006988703,Unconstrained
0.10040000006483751,Unconstrained
0.09920000002239249,Unconstrained
0.09860000000116997,Unconstrained
0.0981999999112304,Unconstrained
0.10470000006534974,Unconstrained
0.09829999999055872,Unconstrained
0.09959999988495838,Unconstrained
0.10019999990618089,Unconstrained
0.2577000000201224,Unconstrained
0.2779999999802385,Unconstrained
0.11899999981324072,Unconstrained
0.24800000005598122,Unconstrained
0.2753999999640655,Unconstrained
0.3050000000257569,Unconstrained
0.10280000014972757,Unconstrained
0.10479999991730438,Unconstrained
0.255199999855904,Unconstrained
0.11250000011386874,Unconstrained
0.33169999983329035,Unconstrained
0.33429999984946335,Unconstrained
0.1288999999360385,Unconstrained
0.12189999984002498,Unconstrained
0.26209999987258925,Unconstrained
0.28859999997621344,Unconstrained
0.3030000000308064,Unconstrained
0.26490000004741887,Unconstrained
0.3246999999646505,Unconstrained
0.2718000000641041,Unconstrained
0.246300000071642,Unconstrained
0.2547000001413835,Unconstrained
0.18060000002151355,Unconstrained
0.22520000015902042,Unconstrained
0.22910000006959308,Unconstrained
0.23139999984778115,Unconstrained
0.22639999997409177,Unconstrained
0.2286999999796535,Unconstrained
0.22899999999026477,Unconstrained
0.22719999992659723,Unconstrained
0.23220000002766028,Unconstrained
0.10149999980058055,Unconstrained
0.23170000008576608,Unconstrained
0.22780000017519342,Unconstrained
0.228099999958431,Unconstrained
0.22519999993164674,Unconstrained
0.2571999998508545,Unconstrained
0.2277000000958651,Unconstrained
0.23469999996450497,Unconstrained
0.2561999999670661,Unconstrained
0.2607999999781896,Unconstrained
0.254100000120161,Unconstrained
0.2469000000928645,Unconstrained
0.31300000000555883,Unconstrained
0.23139999984778115,Unconstrained
0.27509999995345424,Unconstrained
0.27000000000043656,Unconstrained
0.2394999999069114,Unconstrained
0.23209999994833197,Unconstrained
0.22689999991598597,Unconstrained
0.22810000018580467,Unconstrained
0.281200000017634,Unconstrained
0.27829999999084976,Unconstrained
0.23529999998572748,Unconstrained
0.24040000016611884,Unconstrained
0.23570000007566705,Unconstrained
0.24499999994986865,Unconstrained
0.32820000001265726,Unconstrained
0.3308999998807849,Unconstrained
0.2844000000550295,Unconstrained
0.28250000013940735,Unconstrained
0.2524999999877764,Unconstrained
0.26779999984682945,Unconstrained
0.26700000012169767,Unconstrained
0.11400000016692502,Unconstrained
0.26419999994686805,Unconstrained
0.23469999996450497,Unconstrained
0.29190000009293726,Unconstrained
0.23200000009637733,Unconstrained
0.23409999994328246,Unconstrained
0.41959999998653075,Unconstrained
0.3813999999238149,Unconstrained
0.23099999998521525,Unconstrained
0.2673000001323089,Unconstrained
0.31099999978323467,Unconstrained
0.557200000002922,Unconstrained
0.711700000010751,Unconstrained
0.3064999998514395,Unconstrained
0.10369999995418766,Unconstrained
0.25950000008378993,Unconstrained
0.16870000013113895,Unconstrained
0.46220000012908713,Unconstrained
0.22960000001148728,Unconstrained
0.23099999998521525,Unconstrained
0.13760000001639128,Unconstrained
0.1667999999881431,Unconstrained
0.35840000009557116,Unconstrained
0.1456000002235669,Unconstrained
0.13710000007449707,Unconstrained
0.2818000000388565,Unconstrained
0.12360000005173788,Unconstrained
0.29799999992974335,Unconstrained
0.1289000001634122,Unconstrained
0.28029999998580024,Unconstrained
0.1377000000957196,Unconstrained
0.14259999989008065,Unconstrained
0.12290000017856073,Unconstrained
0.3229000001283566,Unconstrained
0.10900000006586197,Unconstrained
0.10999999994965037,Unconstrained
0.12169999990874203,Unconstrained
0.1833999999689695,Unconstrained
0.12169999990874203,Unconstrained
0.11300000005576294,Unconstrained
0.10969999993903912,Unconstrained
0.1383000001169421,Unconstrained
0.10629999997036066,Unconstrained
0.10610000003907771,Unconstrained
0.10679999991225486,Unconstrained
0.11730000005627517,Unconstrained
0.11459999996077386,Unconstrained
0.11360000007698545,Unconstrained
0.10369999995418766,Unconstrained
0.11390000008759671,Unconstrained
0.1279000000522501,Unconstrained
0.20140000015089754,Unconstrained
0.12689999994108803,Unconstrained
0.11339999991832883,Unconstrained
0.13369999987844494,Unconstrained
0.1173999999082298,Unconstrained
0.11039999981221627,Unconstrained
0.10930000007647322,Unconstrained
0.2759000001333334,Unconstrained
0.1002999999855092,Unconstrained
0.09979999981624132,Unconstrained
0.10100000008606003,Unconstrained
0.09969999996428669,Unconstrained
0.1029000000016822,Unconstrained
0.11389999986022303,Unconstrained
0.11730000005627517,Unconstrained
0.11440000002949091,Unconstrained
0.11029999996026163,Unconstrained
0.11079999990215583,Unconstrained
0.11440000002949091,Unconstrained
0.10320000001229346,Unconstrained
0.1199999999244028,Unconstrained
0.1029000000016822,Unconstrained
0.10209999982180307,Unconstrained
0.10680000013962854,Unconstrained
0.11040000003958994,Unconstrained
0.16190000019378203,Unconstrained
0.11110000014014076,Unconstrained
0.13370000010581862,Unconstrained
0.12369999990369251,Unconstrained
0.12650000007852213,Unconstrained
0.1216000000567874,Unconstrained
0.11010000002897868,Unconstrained
0.12590000005729962,Unconstrained
0.1313999998728832,Unconstrained
0.1528000000234897,Unconstrained
0.11779999999816937,Unconstrained
0.10970000016641279,Unconstrained
0.10510000015528931,Unconstrained
0.10369999995418766,Unconstrained
0.11799999992945231,Unconstrained
0.17580000007910712,Unconstrained
0.10509999992791563,Unconstrained
0.19869999982802256,Unconstrained
0.12250000008862116,Unconstrained
0.11810000000878063,Unconstrained
0.1129000002038083,Unconstrained
0.11369999992894009,Unconstrained
0.11560000007193594,Unconstrained
0.11170000016136328,Unconstrained
0.10619999989103235,Unconstrained
0.11099999983343878,Unconstrained
0.10919999999714491,Unconstrained
0.10530000008657225,Unconstrained
0.10930000007647322,Unconstrained
0.17480000019531872,Unconstrained
0.11470000004010217,Unconstrained
0.1081000000340282,Unconstrained
0.10919999999714491,Unconstrained
0.3792999998495361,Unconstrained
0.09939999995367543,Unconstrained
0.24610000014035904,Unconstrained
0.24150000012923556,Unconstrained
0.11560000007193594,Unconstrained
0.12179999998807034,Unconstrained
0.2635000000736909,Unconstrained
0.230699999974604,Unconstrained
0.3294000000551023,Unconstrained
0.18419999992147496,Unconstrained
0.1190000000406144,Unconstrained
0.11779999999816937,Unconstrained
0.11339999991832883,Unconstrained
0.1168999999663356,Unconstrained
0.11259999996582337,Unconstrained
0.11419999987083429,Unconstrained
0.11489999997138511,Unconstrained
0.21070000002509914,Unconstrained
0.1942999999755557,Unconstrained
0.11019999988093332,Unconstrained
0.1216000000567874,Unconstrained
0.11129999984405003,Unconstrained
0.1999999999497959,Unconstrained
0.10950000000775617,Unconstrained
0.10309999993296515,Unconstrained
0.10900000006586197,Unconstrained
0.12999999989915523,Unconstrained
0.1055000000178552,Unconstrained
0.10530000008657225,Unconstrained
0.21390000006249466,Unconstrained
0.10650000012901728,Unconstrained
0.10940000015580154,Unconstrained
0.1107000000502012,Unconstrained
0.10900000006586197,Unconstrained
0.10980000001836743,Unconstrained
0.10470000006534974,Unconstrained
0.09959999988495838,Unconstrained
0.10120000001734297,Unconstrained
0.12809999998353305,Unconstrained
0.09939999995367543,Unconstrained
0.10640000004968897,Unconstrained
0.10219999990113138,Unconstrained
0.09810000005927577,Unconstrained
0.09960000011233205,Unconstrained
0.09849999992184166,Unconstrained
0.10030000021288288,Unconstrained
0.10099999985868635,Unconstrained
0.10399999996479892,Unconstrained
0.09939999995367543,Unconstrained
0.09750000003805326,Unconstrained
0.10380000003351597,Unconstrained
0.10070000007544877,Unconstrained
0.20200000017212005,Unconstrained
0.09810000005927577,Unconstrained
0.0981999999112304,Unconstrained
0.14639999994869868,Unconstrained
0.09909999994306418,Unconstrained
0.1111999999920954,Unconstrained
0.09780000004866451,Unconstrained
0.16249999998763087,Unconstrained
0.09789999990061915,Unconstrained
0.09849999992184166,Unconstrained
0.09799999997994746,Unconstrained
0.0993000001017208,Unconstrained
0.10429999997541017,Unconstrained
0.09849999992184166,Unconstrained
0.1589999999396241,Unconstrained
0.09850000014921534,Unconstrained
0.09829999999055872,Unconstrained
0.10410000004412723,Unconstrained
0.09840000006988703,Unconstrained
0.10750000001280569,Unconstrained
0.10000000020227162,Unconstrained
0.09919999979501881,Unconstrained
0.10199999996984843,Unconstrained
0.10259999999107094,Unconstrained
0.10590000010779477,Unconstrained
0.10410000004412723,Unconstrained
0.09789999990061915,Unconstrained
0.24129999997057894,Unconstrained
0.16869999990376527,Unconstrained
0.4397000000153639,Unconstrained
0.16920000007303315,Unconstrained
0.13650000005327456,Unconstrained
0.09799999997994746,Unconstrained
0.17490000004727335,Unconstrained
0.09779999982129084,Unconstrained
0.09799999997994746,Unconstrained
0.12070000002495362,Unconstrained
0.09760000011738157,Unconstrained
0.2612999999200838,Unconstrained
0.09799999997994746,Unconstrained
0.09729999987939664,Unconstrained
0.0980999998319021,Unconstrained
0.15170000006037299,Unconstrained
0.0988000001598266,Unconstrained
0.09789999990061915,Unconstrained
0.22830000011708762,Unconstrained
0.10139999994862592,Unconstrained
0.09849999992184166,Unconstrained
0.2261000001908542,Unconstrained
0.2589000000625674,Unconstrained
0.23609999993823294,Unconstrained
0.22910000006959308,Unconstrained
0.14110000006439805,Unconstrained
0.10470000006534974,Unconstrained
0.09840000006988703,Unconstrained
0.11220000010325748,Unconstrained
0.09799999997994746,Unconstrained
0.09760000011738157,Unconstrained
0.2230000000054133,Unconstrained
0.3492999999252788,Unconstrained
0.09799999997994746,Unconstrained
0.0976999999693362,Unconstrained
0.0981999999112304,Unconstrained
0.09849999992184166,Unconstrained
0.17850000017460843,Unconstrained
0.09829999999055872,Unconstrained
0.10090000000673172,Unconstrained
0.09870000008049828,Unconstrained
0.09810000005927577,Unconstrained
0.10040000006483751,Unconstrained
0.09750000003805326,Unconstrained
0.09829999999055872,Unconstrained
0.09849999992184166,Unconstrained
0.1033999999435764,Unconstrained
0.09850000014921534,Unconstrained
0.09869999985312461,Unconstrained
0.0981999999112304,Unconstrained
0.107600000092134,Unconstrained
0.13949999993201345,Unconstrained
0.26109999998880085,Unconstrained
0.09969999996428669,Unconstrained
0.0976999999693362,Unconstrained
0.23289999990083743,Unconstrained
0.10139999994862592,Unconstrained
0.09960000011233205,Unconstrained
0.09840000006988703,Unconstrained
0.09840000006988703,Unconstrained
0.16200000004573667,Unconstrained
0.097200000027442,Unconstrained
0.0976999999693362,Unconstrained
0.359100000196122,Unconstrained
0.233299999990777,Unconstrained
0.25219999997716513,Unconstrained
0.23300000020753941,Unconstrained
0.12910000009469513,Unconstrained
0.09760000011738157,Unconstrained
0.1750999999785563,Unconstrained
0.09789999990061915,Unconstrained
0.1029000000016822,Unconstrained
0.09900000009110954,Unconstrained
0.09840000006988703,Unconstrained
0.2417000000605185,Unconstrained
0.3408000000035827,Unconstrained
0.16510000000380387,Unconstrained
0.10449999990669312,Unconstrained
0.09840000006988703,Unconstrained
0.10210000004917674,Unconstrained
0.10120000001734297,Unconstrained
0.16559999994569807,Unconstrained
0.10469999983797607,Unconstrained
0.10489999999663269,Unconstrained
0.10479999991730438,Unconstrained
0.1045000001340668,Unconstrained
0.10520000000724394,Unconstrained
0.10480000014467805,Unconstrained
0.1071000001502398,Unconstrained
0.10380000003351597,Unconstrained
0.18480000017007114,Unconstrained
0.1045000001340668,Unconstrained
0.10489999999663269,Unconstrained
0.10499999984858732,Unconstrained
0.11509999990266806,Unconstrained
0.10480000014467805,Unconstrained
0.10489999999663269,Unconstrained
0.10530000008657225,Unconstrained
0.10489999999663269,Unconstrained
0.1190000000406144,Unconstrained
0.12289999995118706,Unconstrained
0.10470000006534974,Unconstrained
0.10530000008657225,Unconstrained
0.10669999983292655,Unconstrained
0.10509999992791563,Unconstrained
0.10399999996479892,Unconstrained
0.1085999999759224,Unconstrained
0.10410000004412723,Unconstrained
0.11630000017248676,Unconstrained
0.23529999998572748,Unconstrained
0.09860000000116997,Unconstrained
0.09810000005927577,Unconstrained
0.15299999995477265,Unconstrained
0.13090000015836267,Unconstrained
0.14890000011291704,Unconstrained
0.097200000027442,Unconstrained
0.09860000000116997,Unconstrained
0.09840000006988703,Unconstrained
0.09850000014921534,Unconstrained
0.09760000011738157,Unconstrained
0.09999999997489795,Unconstrained
0.2329000001282111,Unconstrained
0.11040000003958994,Unconstrained
0.097200000027442,Unconstrained
0.09799999997994746,Unconstrained
0.09950000003300374,Unconstrained
0.10429999997541017,Unconstrained
0.23269999996955448,Unconstrained
0.09739999995872495,Unconstrained
0.10039999983746384,Unconstrained
0.1033999999435764,Unconstrained
0.1138000000082684,Unconstrained
0.1357000001007691,Unconstrained
0.09879999993245292,Unconstrained
0.09890000001178123,Unconstrained
0.15350000012404053,Unconstrained
0.09870000008049828,Unconstrained
0.1747000001159904,Unconstrained
0.23089999990588694,Unconstrained
0.10350000002290471,Unconstrained
0.09840000006988703,Unconstrained
0.24119999989125063,Unconstrained
0.10369999995418766,Unconstrained
0.12549999996736005,Unconstrained
0.1516999998329993,Unconstrained
0.3626000000167551,Unconstrained
0.16930000015236146,Unconstrained
0.10390000011284428,Unconstrained
0.09780000004866451,Unconstrained
0.18939999995382095,Unconstrained
0.09939999995367543,Unconstrained
0.09829999999055872,Unconstrained
0.09849999992184166,Unconstrained
0.10249999991174263,Unconstrained
0.3382999998393643,Unconstrained
0.10229999998045969,Unconstrained
0.19820000011350203,Unconstrained
0.10619999989103235,Unconstrained
0.1818999999159132,Unconstrained
0.12759999981426517,Unconstrained
0.15419999999721767,Unconstrained
0.09799999997994746,Unconstrained
0.09760000011738157,Unconstrained
0.0975999998900079,Unconstrained
0.09840000006988703,Unconstrained
0.09739999995872495,Unconstrained
0.09890000001178123,Unconstrained
0.10629999997036066,Unconstrained
0.09829999999055872,Unconstrained
0.0993000001017208,Unconstrained
0.10849999989659409,Unconstrained
0.09810000005927577,Unconstrained
0.09789999990061915,Unconstrained
0.09790000012799283,Unconstrained
0.10479999991730438,Unconstrained
0.10110000016538834,Unconstrained
0.10640000004968897,Unconstrained
0.10419999989608186,Unconstrained
0.09870000008049828,Unconstrained
0.09840000006988703,Unconstrained
0.12140000012550445,Unconstrained
0.09729999987939664,Unconstrained
0.09799999997994746,Unconstrained
0.1870999999482592,Unconstrained
0.09840000006988703,Unconstrained
0.17739999998411804,Unconstrained
0.11969999991379154,Unconstrained
0.1168999999663356,Unconstrained
0.10479999991730438,Unconstrained
0.10090000000673172,Unconstrained
0.11799999992945231,Unconstrained
0.09860000000116997,Unconstrained
0.09999999997489795,Unconstrained
0.10410000004412723,Unconstrained
0.11100000006081245,Unconstrained
0.1019000001178938,Unconstrained
0.10489999999663269,Unconstrained
0.10350000002290471,Unconstrained
0.09810000005927577,Unconstrained
0.23889999988568889,Unconstrained
0.10759999986476032,Unconstrained
0.10020000013355457,Unconstrained
0.09959999988495838,Unconstrained
0.09839999984251335,Unconstrained
0.09919999979501881,Unconstrained
0.10199999996984843,Unconstrained
0.16260000006695918,Unconstrained
0.2443000000766915,Unconstrained
0.33059999987017363,Unconstrained
0.2342999998745654,Unconstrained
0.2551000000039494,Unconstrained
0.3366999999343534,Unconstrained
0.2606999998988613,Unconstrained
0.2848999999969237,Unconstrained
0.277399999959016,Unconstrained
0.3991999999470863,Unconstrained
0.14510000005429902,Unconstrained
0.29999999992469384,Unconstrained
0.26009999987763877,Unconstrained
0.48029999993559613,Unconstrained
0.24230000008174102,Unconstrained
0.3606000000218046,Unconstrained
0.42110000003958703,Unconstrained
0.42170000006080954,Unconstrained
0.2821000000494678,Unconstrained
0.23729999998067797,Unconstrained
0.2660000000105356,Unconstrained
0.22659999990537472,Unconstrained
0.30420000007325143,Unconstrained
0.3019000000676897,Unconstrained
0.23099999998521525,Unconstrained
0.2276000000165368,Unconstrained
0.33080000002883025,Unconstrained
0.43619999996735714,Unconstrained
0.25540000001456065,Unconstrained
0.2765000001545559,Unconstrained
0.30030000016267877,Unconstrained
0.22939999985283066,Unconstrained
0.22580000018024293,Unconstrained
0.23549999991701043,Unconstrained
0.3444999999828724,Unconstrained
0.34589999995660037,Unconstrained
0.23590000000695,Unconstrained
0.3752000000076805,Unconstrained
0.23669999995945545,Unconstrained
0.23349999992205994,Unconstrained
0.2311999999164982,Unconstrained
0.22899999999026477,Unconstrained
0.311099999862563,Unconstrained
0.23460000011255033,Unconstrained
0.23630000009688956,Unconstrained
0.2375000001393346,Unconstrained
0.11010000002897868,Unconstrained
0.2368999998907384,Unconstrained
0.23710000004939502,Unconstrained
0.22940000008020434,Unconstrained
0.228099999958431,Unconstrained
0.3512000000682747,Unconstrained
0.2971999999772379,Unconstrained
0.29710000012528326,Unconstrained
0.22650000005342008,Unconstrained
0.2967999998872983,Unconstrained
0.3264000001763634,Unconstrained
0.26850000017475395,Unconstrained
0.32349999992220546,Unconstrained
0.31010000020614825,Unconstrained
0.29589999985546456,Unconstrained
0.8682000000135304,Unconstrained
0.1299000000472006,Unconstrained
0.22680000006403134,Unconstrained
0.3963999999996304,Unconstrained
0.2337999999326712,Unconstrained
0.24589999998170242,Unconstrained
0.2634999998463172,Unconstrained
0.22889999991093646,Unconstrained
0.22520000015902042,Unconstrained
0.23450000003322202,Unconstrained
0.248900000087815,Unconstrained
0.22579999995286926,Unconstrained
0.2826999998433166,Unconstrained
0.2733000001171604,Unconstrained
0.25329999994028185,Unconstrained
0.25219999997716513,Unconstrained
0.28550000001814624,Unconstrained
0.3091999999469408,Unconstrained
0.3561000000900094,Unconstrained
0.3141000001960492,Unconstrained
0.27969999996457773,Unconstrained
0.27460000001156004,Unconstrained
0.23509999982707086,Unconstrained
0.22629999989476346,Unconstrained
0.2573000001575565,Unconstrained
0.2701999999317195,Unconstrained
0.32300000020768493,Unconstrained
0.33400000006622577,Unconstrained
0.2561999999670661,Unconstrained
0.3512000000682747,Unconstrained
0.36350000004858884,Unconstrained
0.2836999999544787,Unconstrained
0.23309999983212037,Unconstrained
0.31250000006366463,Unconstrained
0.26890000003731984,Unconstrained
0.4619999999704305,Unconstrained
0.23720000012872333,Unconstrained
0.2561999999670661,Unconstrained
0.2498999999716034,Unconstrained
0.38619999986622133,Unconstrained
0.16570000002502638,Unconstrained
0.2266000001327484,Unconstrained
0.4116000000067288,Unconstrained
0.24090000010801305,Unconstrained
0.10100000008606003,Unconstrained
0.3946000001633365,Unconstrained
0.23299999998016574,Unconstrained
0.22540000009030337,Unconstrained
0.30519999995703984,Unconstrained
0.2763999998478539,Unconstrained
0.26840000009542564,Unconstrained
0.3346000000874483,Unconstrained
0.2323000001069886,Unconstrained
0.35919999982070294,Unconstrained
0.30049999986658804,Unconstrained
0.2621000000999629,Unconstrained
0.29599999993479287,Unconstrained
0.2422000000024127,Unconstrained
0.2692000000479311,Unconstrained
0.26739999998426356,Unconstrained
0.28019999990647193,Unconstrained
0.34219999997731065,Unconstrained
0.4145999998854677,Unconstrained
0.2696999999898253,Unconstrained
0.10100000008606003,Unconstrained
0.3002999999353051,Unconstrained
0.24340000004485773,Unconstrained
0.4046999999900436,Unconstrained
0.35000000002582965,Unconstrained
0.2558000001045002,Unconstrained
0.27210000007471535,Unconstrained
0.31089999993128004,Unconstrained
0.36920000002282904,Unconstrained
0.23620000001756125,Unconstrained
0.225499999942258,Unconstrained
0.10529999985919858,Unconstrained
0.2334000000701053,Unconstrained
0.31409999996867555,Unconstrained
0.24250000001302396,Unconstrained
0.4288000000087777,Unconstrained
0.20870000003014866,Unconstrained
0.43470000014167454,Unconstrained
0.2744000000802771,Unconstrained
0.2323000001069886,Unconstrained
0.2781000000595668,Unconstrained
0.23370000008071656,Unconstrained
0.10159999987990886,Unconstrained
0.23400000009132782,Unconstrained
0.1299000000472006,Unconstrained
0.22960000001148728,Unconstrained
0.23139999984778115,Unconstrained
0.2432000001135748,Unconstrained
0.25920000007317867,Unconstrained
0.509299999976065,Unconstrained
0.35729999990508077,Unconstrained
0.22730000000592554,Unconstrained
0.23979999991752265,Unconstrained
0.2893999999287189,Unconstrained
0.3605999997944309,Unconstrained
0.3813999999238149,Unconstrained
0.2506000000721542,Unconstrained
0.2334000000701053,Unconstrained
0.10189999989052012,Unconstrained
0.2399999998488056,Unconstrained
0.23360000000138825,Unconstrained
0.26690000004236936,Unconstrained
0.3045999999358173,Unconstrained
0.3314999999020074,Unconstrained
0.27219999992667,Unconstrained
0.4441999999471591,Unconstrained
0.3204999998160929,Unconstrained
0.22630000012213713,Unconstrained
0.23829999986446637,Unconstrained
0.3113000000212196,Unconstrained
0.28399999996508996,Unconstrained
0.3024999998615385,Unconstrained
0.33129999997072446,Unconstrained
0.22930000000087603,Unconstrained
0.25860000005195616,Unconstrained
0.22769999986849143,Unconstrained
0.2375000001393346,Unconstrained
0.2765000001545559,Unconstrained
0.2245000000584696,Unconstrained
0.28360000010252406,Unconstrained
0.23559999999633874,Unconstrained
0.3102999999100575,Unconstrained
0.246300000071642,Unconstrained
0.22689999991598597,Unconstrained
0.25540000001456065,Unconstrained
0.29119999999238644,Unconstrained
0.364199999921766,Unconstrained
0.4191999998965912,Unconstrained
0.2560999998877378,Unconstrained
0.23530000021310116,Unconstrained
0.23239999995894323,Unconstrained
0.31120000016926497,Unconstrained
0.3533999999945081,Unconstrained
0.2790999999433552,Unconstrained
0.6120000000464643,Unconstrained
0.2420999999230844,Unconstrained
0.34199999981865403,Unconstrained
0.2822999999807507,Unconstrained
0.29229999995550315,Unconstrained
0.27769999996962724,Unconstrained
0.3005000000939617,Unconstrained
0.22630000012213713,Unconstrained
0.2248999999210355,Unconstrained
0.30010000000402215,Unconstrained
0.23719999990134966,Unconstrained
0.2583000000413449,Unconstrained
0.26059999981953297,Unconstrained
0.4031999999369873,Unconstrained
0.22759999978916312,Unconstrained
0.29289999997672567,Unconstrained
0.3242999998747109,Unconstrained
0.23289999990083743,Unconstrained
0.22570000010091462,Unconstrained
0.30419999984587776,Unconstrained
0.27380000028642826,Unconstrained
0.1495999999860942,Unconstrained
0.4434000002220273,Unconstrained
0.4171999999016407,Unconstrained
0.2106000001731445,Unconstrained
0.1283999999941443,Unconstrained
0.09829999999055872,Unconstrained
0.09920000002239249,Unconstrained
0.09760000011738157,Unconstrained
0.09850000014921534,Unconstrained
0.09799999997994746,Unconstrained
0.09869999985312461,Unconstrained
0.09829999999055872,Unconstrained
0.09860000000116997,Unconstrained
0.09920000002239249,Unconstrained
0.09910000017043785,Unconstrained
0.2457999999023741,Unconstrained
0.13069999977233238,Unconstrained
0.09829999999055872,Unconstrained
0.09829999999055872,Unconstrained
0.10080000038215076,Unconstrained
0.11089999998148414,Unconstrained
0.11129999984405003,Unconstrained
0.1059999999597494,Unconstrained
0.2803000002131739,Unconstrained
0.3108000000793254,Unconstrained
0.2806000002237852,Unconstrained
0.44460000026447233,Unconstrained
0.24359999997614068,Unconstrained
0.24880000000848668,Unconstrained
0.21490000017365674,Unconstrained
0.2915000000029977,Unconstrained
0.2564000001257227,Unconstrained
0.11279999989710632,Unconstrained
0.09860000000116997,Unconstrained
0.10960000008708448,Unconstrained
0.10059999976874678,Unconstrained
0.11959999983446323,Unconstrained
0.1778000000740576,Unconstrained
0.11540000014065299,Unconstrained
0.10040000006483751,Unconstrained
0.11709999989761855,Unconstrained
0.21280000009937794,Unconstrained
0.18929999987449264,Unconstrained
0.12400000014167745,Unconstrained
0.10870000005525071,Unconstrained
0.4295999997339095,Unconstrained
0.11379999978089472,Unconstrained
0.2248999999210355,Unconstrained
0.27409999984229216,Unconstrained
0.09950000003300374,Unconstrained
0.0984000002972607,Unconstrained
0.10370000018156134,Unconstrained
0.15859999984968454,Unconstrained
0.13219999982538866,Unconstrained
0.09950000003300374,Unconstrained
0.09829999999055872,Unconstrained
0.1443999999537482,Unconstrained
0.2140999999937776,Unconstrained
0.1440000000911823,Unconstrained
0.2752999998847372,Unconstrained
0.10089999977935804,Unconstrained
0.10579999980109278,Unconstrained
0.13420000004771282,Unconstrained
0.2865000001293083,Unconstrained
0.30810000043857144,Unconstrained
0.1760999998623447,Unconstrained
0.38270000004558824,Unconstrained
0.12409999999363208,Unconstrained
0.33639999992374214,Unconstrained
0.09939999972630176,Unconstrained
0.1277999999729218,Unconstrained
0.22910000006959308,Unconstrained
0.2714000002015382,Unconstrained
0.12349999997240957,Unconstrained
0.09869999985312461,Unconstrained
0.33910000001924345,Unconstrained
0.10209999982180307,Unconstrained
0.11230000018258579,Unconstrained
0.2639999997882114,Unconstrained
0.25560000040059094,Unconstrained
0.3461999999672116,Unconstrained
0.09950000003300374,Unconstrained
0.16140000025188783,Unconstrained
0.23270000019692816,Unconstrained
0.23139999984778115,Unconstrained
0.5242000001999259,Unconstrained
0.17550000029586954,Unconstrained
0.3526999998939573,Unconstrained
0.2610000001368462,Unconstrained
0.2337999999326712,Unconstrained
0.23529999998572748,Unconstrained
0.3071000001000357,Unconstrained
0.23099999998521525,Unconstrained
0.0988000001598266,Unconstrained
0.09839999984251335,Unconstrained
0.09839999984251335,Unconstrained
0.11129999984405003,Unconstrained
0.10300000030838419,Unconstrained
0.09760000011738157,Unconstrained
0.09839999984251335,Unconstrained
0.0980999998319021,Unconstrained
0.09890000001178123,Unconstrained
0.09810000028664945,Unconstrained
0.09829999999055872,Unconstrained
0.12250000008862116,Unconstrained
0.120499999866297,Unconstrained
0.12520000018412247,Unconstrained
0.19199999996999395,Unconstrained
0.11720000020432053,Unconstrained
0.11610000001383014,Unconstrained
0.11590000030992087,Unconstrained
0.12300000025788904,Unconstrained
0.1208999997288629,Unconstrained
0.12010000000373111,Unconstrained
0.11760000006688642,Unconstrained
0.12280000009923242,Unconstrained
0.12379999998302083,Unconstrained
0.12639999977182015,Unconstrained
0.12090000018361025,Unconstrained
0.1218999996126513,Unconstrained
0.125699999898643,Unconstrained
0.12639999977182015,Unconstrained
0.12630000037461286,Unconstrained
0.12199999991935329,Unconstrained
0.1225999999405758,Unconstrained
0.12109999988751952,Unconstrained
0.3021000002263463,Unconstrained
0.19770000017160783,Unconstrained
0.10689999999158317,Unconstrained
0.10229999998045969,Unconstrained
0.09910000017043785,Unconstrained
0.10060000022349413,Unconstrained
0.09739999995872495,Unconstrained
0.12420000030033407,Unconstrained
0.125699999898643,Unconstrained
0.12749999996231054,Unconstrained
0.12949999972988735,Unconstrained
0.12650000007852213,Unconstrained
0.12220000007800991,Unconstrained
0.12560000004668836,Unconstrained
0.12719999995169928,Unconstrained
0.12100000003556488,Unconstrained
0.11659999972835067,Unconstrained
0.12079999987690826,Unconstrained
0.1301000002058572,Unconstrained
0.11649999987639603,Unconstrained
0.1283999999941443,Unconstrained
0.11689999973896192,Unconstrained
0.12099999958081753,Unconstrained
0.12150000020483276,Unconstrained
0.12070000002495362,Unconstrained
0.12239999978191918,Unconstrained
0.12229999992996454,Unconstrained
0.12579999975059764,Unconstrained
0.11850000009872019,Unconstrained
0.10140000040337327,Unconstrained
0.1071000001502398,Unconstrained
0.11059999997087289,Unconstrained
0.1351000000795466,Unconstrained
0.12620000006791088,Unconstrained
0.18430000000080327,Unconstrained
0.12249999963387381,Unconstrained
0.1264000002265675,Unconstrained
0.13319999970917706,Unconstrained
0.12149999975008541,Unconstrained
0.12599999990925426,Unconstrained
0.12699999979304266,Unconstrained
0.12749999996231054,Unconstrained
0.12579999975059764,Unconstrained
0.1262999999198655,Unconstrained
0.1212000001942215,Unconstrained
0.12109999988751952,Unconstrained
0.12179999976069666,Unconstrained
0.14009999995323597,Unconstrained
0.12130000004617614,Unconstrained
0.12599999990925426,Unconstrained
0.12079999987690826,Unconstrained
0.12349999997240957,Unconstrained
0.12059999971825164,Unconstrained
0.125800000205345,Unconstrained
0.1264000002265675,Unconstrained
0.12490000017351122,Unconstrained
0.12579999975059764,Unconstrained
0.12130000004617614,Unconstrained
0.12079999987690826,Unconstrained
0.32439999995403923,Unconstrained
0.2730000001065491,Unconstrained
0.3044000000045344,Unconstrained
0.6204000001162058,Unconstrained
0.1853999997365463,Unconstrained
0.1181000002361543,Unconstrained
0.13369999987844494,Unconstrained
0.2482999998392188,Unconstrained
0.09819999968385673,Unconstrained
0.33849999999802094,Unconstrained
0.20919999997204286,Unconstrained
0.23300000020753941,Unconstrained
0.23319999991144869,Unconstrained
0.14430000010179356,Unconstrained
0.09920000002239249,Unconstrained
0.0990999997156905,Unconstrained
0.09829999999055872,Unconstrained
0.09819999968385673,Unconstrained
0.10960000008708448,Unconstrained
0.24020000000746222,Unconstrained
0.12620000006791088,Unconstrained
0.15089999988049385,Unconstrained
0.12459999970815261,Unconstrained
0.1216000000567874,Unconstrained
0.11939999967580661,Unconstrained
0.1305000000684231,Unconstrained
0.12190000006739865,Unconstrained
0.21740000011050142,Unconstrained
0.1173999999082298,Unconstrained
0.12200000037410064,Unconstrained
0.12100000003556488,Unconstrained
0.12169999990874203,Unconstrained
0.23980000014489633,Unconstrained
0.120499999866297,Unconstrained
0.13290000015331316,Unconstrained
0.12650000007852213,Unconstrained
0.12789999982487643,Unconstrained
0.1297999997404986,Unconstrained
0.12119999973947415,Unconstrained
0.1216000000567874,Unconstrained
0.10370000018156134,Unconstrained
0.10890000021390733,Unconstrained
0.18360000012762612,Unconstrained
0.13970000009067007,Unconstrained
0.2382999996370927,Unconstrained
0.3434999998717103,Unconstrained
0.13209999997343402,Unconstrained
0.09790000012799283,Unconstrained
0.18890000001192675,Unconstrained
0.2712000000428816,Unconstrained
0.5041999997956736,Unconstrained
0.12150000020483276,Unconstrained
0.09899999986373587,Unconstrained
0.09799999997994746,Unconstrained
0.33600000006117625,Unconstrained
0.09890000001178123,Unconstrained
0.12179999976069666,Unconstrained
0.0988000001598266,Unconstrained
0.09829999999055872,Unconstrained
0.2328000000488828,Unconstrained
0.3297000002930872,Unconstrained
0.4619000001184759,Unconstrained
0.1901999999063264,Unconstrained
0.09820000013860408,Unconstrained
0.10100000008606003,Unconstrained
0.10999999994965037,Unconstrained
0.10519999977987027,Unconstrained
0.10560000009718351,Unconstrained
0.1542999998491723,Unconstrained
0.0988000001598266,Unconstrained
0.0988000001598266,Unconstrained
0.23969999983819434,Unconstrained
0.09759999966263422,Unconstrained
0.18170000021200394,Unconstrained
0.2927000000454427,Unconstrained
0.27750000026571797,Unconstrained
0.09850000014921534,Unconstrained
0.09789999967324547,Unconstrained
0.24220000022978638,Unconstrained
0.26479999996809056,Unconstrained
0.13429999989966745,Unconstrained
0.09929999987434712,Unconstrained
0.1824000000851811,Unconstrained
0.3676000001178181,Unconstrained
0.10439999959999113,Unconstrained
0.14349999992191442,Unconstrained
0.10310000016033882,Unconstrained
0.23849999979574932,Unconstrained
0.23830000009184005,Unconstrained
0.13579999995272374,Unconstrained
0.09869999985312461,Unconstrained
0.0976999999693362,Unconstrained
0.29029999996055267,Unconstrained
0.10220000012850505,Unconstrained
0.10159999965253519,Unconstrained
0.1019000001178938,Unconstrained
0.1059999999597494,Unconstrained
0.10130000009667128,Unconstrained
0.1032999998642481,Unconstrained
0.11210000002392917,Unconstrained
0.10160000010728254,Unconstrained
0.1015000002553279,Unconstrained
0.1029000000016822,Unconstrained
0.10120000024471665,Unconstrained
0.1689000000624219,Unconstrained
0.10250000013911631,Unconstrained
0.10759999986476032,Unconstrained
0.10269999984302558,Unconstrained
0.10199999996984843,Unconstrained
0.1021999996737577,Unconstrained
0.10359999987485935,Unconstrained
0.16909999976633117,Unconstrained
0.10239999983241432,Unconstrained
0.16150000010384247,Unconstrained
0.10679999968488119,Unconstrained
0.10179999981119181,Unconstrained
0.12070000002495362,Unconstrained
0.10309999970559147,Unconstrained
0.11089999998148414,Unconstrained
0.10199999996984843,Unconstrained
0.10469999961060239,Unconstrained
0.09899999986373587,Unconstrained
0.5496999997376406,Unconstrained
0.28949999978067353,Unconstrained
0.2835999998751504,Unconstrained
0.34529999993537785,Unconstrained
0.29859999995096587,Unconstrained
0.31320000016421545,Unconstrained
0.2764000000752276,Unconstrained
0.10900000006586197,Unconstrained
0.2785000001495064,Unconstrained
0.3343000003042107,Unconstrained
0.2901999996538507,Unconstrained
0.24949999988166383,Unconstrained
0.268199999936769,Unconstrained
0.28190000011818483,Unconstrained
0.2341999997952371,Unconstrained
0.3333000004204223,Unconstrained
0.29230000018287683,Unconstrained
0.2887999999074964,Unconstrained
0.241100000039296,Unconstrained
0.414699999964796,Unconstrained
0.532799999746203,Unconstrained
0.28270000029806397,Unconstrained
0.31260000014299294,Unconstrained
0.3652999998848827,Unconstrained
0.34779999987222254,Unconstrained
0.23049999981594738,Unconstrained
0.2395999999862397,Unconstrained
0.3901999998561223,Unconstrained
0.22659999967800104,Unconstrained
0.675299999784329,Unconstrained
0.241100000039296,Unconstrained
0.23610000016560662,Unconstrained
0.22420000004785834,Unconstrained
0.2235000001746812,Unconstrained
0.5056999998487299,Unconstrained
0.33810000013545505,Unconstrained
0.2927000000454427,Unconstrained
0.4386000000522472,Unconstrained
0.35630000002129236,Unconstrained
0.33389999998689746,Unconstrained
0.3158999998049694,Unconstrained
0.28710000015053083,Unconstrained
0.24050000001807348,Unconstrained
0.29989999984536553,Unconstrained
0.29109999968568445,Unconstrained
0.315000000227883,Unconstrained
0.3166000001328939,Unconstrained
0.37489999976969557,Unconstrained
0.33849999999802094,Unconstrained
0.2973000000565662,Unconstrained
0.27130000034958357,Unconstrained
0.3194999999323045,Unconstrained
0.3154000000904489,Unconstrained
0.22879999960423447,Unconstrained
0.2230000000054133,Unconstrained
0.30929999957152177,Unconstrained
0.28549999979077256,Unconstrained
0.25319999986095354,Unconstrained
0.22730000000592554,Unconstrained
0.3145000000586151,Unconstrained
0.32699999974283855,Unconstrained
0.4110999998374609,Unconstrained
0.2303000001120381,Unconstrained
0.3937999999834574,Unconstrained
0.2248999999210355,Unconstrained
0.27869999985341565,Unconstrained
0.5812999997942825,Unconstrained
0.2534999998715648,Unconstrained
0.251500000103988,Unconstrained
0.22740000031262753,Unconstrained
0.22639999997409177,Unconstrained
0.24859999984983006,Unconstrained
0.28659999998126295,Unconstrained
0.3123000001323817,Unconstrained
0.29859999995096587,Unconstrained
0.2795999998852494,Unconstrained
0.23000000010142685,Unconstrained
0.2783999998428044,Unconstrained
0.2922999997281295,Unconstrained
0.2907000002778659,Unconstrained
0.25300000015704427,Unconstrained
0.23770000007061753,Unconstrained
0.24629999961689464,Unconstrained
0.26809999963006703,Unconstrained
0.5169999999452557,Unconstrained
0.3013000000464672,Unconstrained
0.26130000014745747,Unconstrained
0.23099999998521525,Unconstrained
0.388699999803066,Unconstrained
0.24830000029396615,Unconstrained
0.4874999999628926,Unconstrained
0.38219999987632036,Unconstrained
0.12040000001434237,Unconstrained
0.10229999998045969,Unconstrained
0.23210000017570565,Unconstrained
0.23459999965780298,Unconstrained
0.38180000001375447,Unconstrained
0.2337999999326712,Unconstrained
0.3749000002244429,Unconstrained
0.2324000001863169,Unconstrained
0.25200000027325586,Unconstrained
0.30290000040622544,Unconstrained
0.31360000002678134,Unconstrained
0.23289999990083743,Unconstrained
0.2810999999383057,Unconstrained
0.3446000000622007,Unconstrained
0.2953000002889894,Unconstrained
0.2799999997478153,Unconstrained
0.27399999999033753,Unconstrained
0.32980000014504185,Unconstrained
0.2818999996634375,Unconstrained
0.26979999984177994,Unconstrained
0.3048000003218476,Unconstrained
0.34609999966050964,Unconstrained
0.33069999972212827,Unconstrained
0.2248999999210355,Unconstrained
0.28930000007676426,Unconstrained
0.2578000003268244,Unconstrained
0.32460000011269585,Unconstrained
0.22659999967800104,Unconstrained
0.10560000009718351,Unconstrained
0.10239999983241432,Unconstrained
0.10440000005473848,Unconstrained
0.09850000014921534,Unconstrained
0.09999999974752427,Unconstrained
0.09829999999055872,Unconstrained
0.152900000102818,Unconstrained
0.1007999999274034,Unconstrained
0.1490999998168263,Unconstrained
0.2733000001171604,Unconstrained
0.158100000135164,Unconstrained
0.099800000043615,Unconstrained
0.09790000012799283,Unconstrained
0.09820000013860408,Unconstrained
0.09869999985312461,Unconstrained
0.11499999982333975,Unconstrained
0.09709999994811369,Unconstrained
0.14479999981631408,Unconstrained
0.1007999999274034,Unconstrained
0.16139999979714048,Unconstrained
0.14169999985824688,Unconstrained
0.0976999999693362,Unconstrained
0.15419999999721767,Unconstrained
0.09729999965202296,Unconstrained
0.15050000001792796,Unconstrained
0.09739999995872495,Unconstrained
0.09779999982129084,Unconstrained
0.24060000032477546,Unconstrained
0.1978999998755171,Unconstrained
0.17250000018975697,Unconstrained
0.09799999997994746,Unconstrained
0.09730000010677031,Unconstrained
0.09799999997994746,Unconstrained
0.09780000027603819,Unconstrained
0.09760000011738157,Unconstrained
0.09760000011738157,Unconstrained
0.09910000017043785,Unconstrained
0.10070000007544877,Unconstrained
0.12579999975059764,Unconstrained
0.09709999994811369,Unconstrained
0.09709999994811369,Unconstrained
0.22979999994277023,Unconstrained
0.09879999970507924,Unconstrained
0.09789999967324547,Unconstrained
0.17760000037014834,Unconstrained
0.09829999999055872,Unconstrained
0.09960000033970573,Unconstrained
0.1038999998854706,Unconstrained
0.09730000010677031,Unconstrained
0.09890000001178123,Unconstrained
0.10100000008606003,Unconstrained
0.0976999999693362,Unconstrained
0.09910000017043785,Unconstrained
0.09720000025481568,Unconstrained
0.09750000026542693,Unconstrained
0.09799999997994746,Unconstrained
0.15209999992293888,Unconstrained
0.09989999989556964,Unconstrained
0.09760000011738157,Unconstrained
0.2258999998048239,Unconstrained
0.2310999998371699,Unconstrained
0.2082999999402091,Unconstrained
0.1643000000512984,Unconstrained
0.10259999999107094,Unconstrained
0.10530000008657225,Unconstrained
0.0990999997156905,Unconstrained
0.09790000012799283,Unconstrained
0.09829999999055872,Unconstrained
0.0988000001598266,Unconstrained
0.0976999999693362,Unconstrained
0.1264000002265675,Unconstrained
0.1407999998264131,Unconstrained
0.13179999996282277,Unconstrained
0.16450000020995503,Unconstrained
0.15189999976428226,Unconstrained
0.10269999984302558,Unconstrained
0.09879999970507924,Unconstrained
0.1430000002073939,Unconstrained
0.10229999998045969,Unconstrained
0.1557999999022286,Unconstrained
0.09910000017043785,Unconstrained
0.09920000002239249,Unconstrained
0.10170000041398453,Unconstrained
0.09790000012799283,Unconstrained
0.09910000017043785,Unconstrained
0.11580000000321888,Unconstrained
0.1059999999597494,Unconstrained
0.10549999979048152,Unconstrained
0.11059999997087289,Unconstrained
0.0988000001598266,Unconstrained
0.10110000039276201,Unconstrained
0.10380000003351597,Unconstrained
0.09790000012799283,Unconstrained
0.09799999997994746,Unconstrained
0.0976999999693362,Unconstrained
0.09940000018104911,Unconstrained
0.10400000019217259,Unconstrained
0.1596000001882203,Unconstrained
0.1071000001502398,Unconstrained
0.09839999984251335,Unconstrained
0.11160000030940864,Unconstrained
0.09749999981067958,Unconstrained
0.09749999981067958,Unconstrained
0.09810000028664945,Unconstrained
0.09899999986373587,Unconstrained
0.0988000001598266,Unconstrained
0.14430000010179356,Unconstrained
0.1125999997384497,Unconstrained
0.16219999997701962,Unconstrained
0.09869999985312461,Unconstrained
0.09879999970507924,Unconstrained
0.10169999995923718,Unconstrained
0.11080000012952951,Unconstrained
0.09729999965202296,Unconstrained
0.09779999982129084,Unconstrained
0.09799999997994746,Unconstrained
0.12050000032104435,Unconstrained
0.23659999988012714,Unconstrained
0.130899999930989,Unconstrained
0.13699999999516876,Unconstrained
0.10939999992842786,Unconstrained
0.15150000035646372,Unconstrained
0.09820000013860408,Unconstrained
0.11619999986578478,Unconstrained
0.10189999966314645,Unconstrained
0.10400000019217259,Unconstrained
0.09929999987434712,Unconstrained
0.09820000013860408,Unconstrained
0.1133000000663742,Unconstrained
0.09890000001178123,Unconstrained
0.10139999994862592,Unconstrained
0.09950000003300374,Unconstrained
0.09899999986373587,Unconstrained
0.10470000006534974,Unconstrained
0.12650000007852213,Unconstrained
0.1301999996030645,Unconstrained
0.136099999963335,Unconstrained
0.1312999997935549,Unconstrained
0.1312999997935549,Unconstrained
0.13059999992037774,Unconstrained
0.125800000205345,Unconstrained
0.20530000028884388,Unconstrained
0.12650000007852213,Unconstrained
0.12639999977182015,Unconstrained
0.1250999998774205,Unconstrained
0.130899999930989,Unconstrained
0.13169999965612078,Unconstrained
0.12650000007852213,Unconstrained
0.12649999962377478,Unconstrained
0.11940000013055396,Unconstrained
0.09870000030787196,Unconstrained
0.11050000011891825,Unconstrained
0.0984000002972607,Unconstrained
0.09899999986373587,Unconstrained
0.12060000017299899,Unconstrained
0.13730000000578002,Unconstrained
0.13739999985773466,Unconstrained
0.13170000011086813,Unconstrained
0.22579999995286926,Unconstrained
0.1268000000891334,Unconstrained
0.12560000004668836,Unconstrained
0.12659999993047677,Unconstrained
0.13130000024830224,Unconstrained
0.12960000003658934,Unconstrained
0.12129999959142879,Unconstrained
0.10129999964192393,Unconstrained
0.13960000023871544,Unconstrained
0.09779999982129084,Unconstrained
0.09839999984251335,Unconstrained
0.10229999998045969,Unconstrained
0.10100000008606003,Unconstrained
0.0980999998319021,Unconstrained
0.13529999978345586,Unconstrained
0.09920000002239249,Unconstrained
0.09910000017043785,Unconstrained
0.10729999985414906,Unconstrained
0.13049999961367575,Unconstrained
0.1253000000360771,Unconstrained
0.10769999971671496,Unconstrained
0.11230000018258579,Unconstrained
0.0976999999693362,Unconstrained
0.09780000027603819,Unconstrained
0.10979999979099375,Unconstrained
0.2283000003444613,Unconstrained
0.15769999981785077,Unconstrained
0.10539999993852689,Unconstrained
0.23590000000695,Unconstrained
0.5855999997947947,Unconstrained
0.21470000001500011,Unconstrained
0.12250000008862116,Unconstrained
0.2540999998927873,Unconstrained
0.14270000019678264,Unconstrained
0.1700000002529123,Unconstrained
0.09860000000116997,Unconstrained
0.1164000000244414,Unconstrained
0.09820000013860408,Unconstrained
0.09779999982129084,Unconstrained
0.09890000001178123,Unconstrained
0.09829999999055872,Unconstrained
0.09819999968385673,Unconstrained
0.09869999985312461,Unconstrained
0.1870999999482592,Unconstrained
0.09729999965202296,Unconstrained
0.09829999999055872,Unconstrained
0.09970000019166037,Unconstrained
0.10480000037205173,Unconstrained
0.099800000043615,Unconstrained
0.1430000002073939,Unconstrained
0.10849999989659409,Unconstrained
0.09860000000116997,Unconstrained
0.10799999972732621,Unconstrained
0.10049999991679215,Unconstrained
0.10579999980109278,Unconstrained
0.10510000038266298,Unconstrained
0.11140000015075202,Unconstrained
0.16180000011445372,Unconstrained
0.09910000017043785,Unconstrained
0.11099999983343878,Unconstrained
0.09939999972630176,Unconstrained
0.10609999981170404,Unconstrained
0.09910000017043785,Unconstrained
0.10010000005422626,Unconstrained
0.0988000001598266,Unconstrained
0.11670000003505265,Unconstrained
0.09799999997994746,Unconstrained
0.09950000003300374,Unconstrained
0.09829999999055872,Unconstrained
0.10090000023410539,Unconstrained
0.09820000013860408,Unconstrained
0.09829999999055872,Unconstrained
0.10620000011840602,Unconstrained
0.09860000000116997,Unconstrained
0.09829999999055872,Unconstrained
0.09890000001178123,Unconstrained
0.09829999999055872,Unconstrained
0.10509999992791563,Unconstrained
0.09899999986373587,Unconstrained
0.09829999999055872,Unconstrained
0.099800000043615,Unconstrained
0.11590000030992087,Unconstrained
0.09869999985312461,Unconstrained
0.22699999999531428,Unconstrained
0.09860000000116997,Unconstrained
0.14729999975315877,Unconstrained
0.09869999985312461,Unconstrained
0.10930000007647322,Unconstrained
0.20390000008774223,Unconstrained
0.09899999986373587,Unconstrained
0.10569999994913815,Unconstrained
0.23620000001756125,Unconstrained
0.11469999981272849,Unconstrained
0.09850000014921534,Unconstrained
0.1090999999178166,Unconstrained
0.09829999999055872,Unconstrained
0.10239999983241432,Unconstrained
0.0980999998319021,Unconstrained
0.09850000014921534,Unconstrained
0.09760000011738157,Unconstrained
0.10069999962070142,Unconstrained
0.09939999972630176,Unconstrained
0.1011999997899693,Unconstrained
0.1029000000016822,Unconstrained
0.09820000013860408,Unconstrained
0.10040000006483751,Unconstrained
0.10109999993801466,Unconstrained
0.10010000005422626,Unconstrained
0.09929999987434712,Unconstrained
0.09890000001178123,Unconstrained
0.09970000019166037,Unconstrained
0.10369999972681399,Unconstrained
0.09920000002239249,Unconstrained
0.1059999999597494,Unconstrained
0.14860000010230578,Unconstrained
0.23790000022927416,Unconstrained
0.1021999996737577,Unconstrained
0.10939999992842786,Unconstrained
0.1019000001178938,Unconstrained
0.09860000000116997,Unconstrained
0.10850000035134144,Unconstrained
0.10259999999107094,Unconstrained
0.1191000001199427,Unconstrained
0.1007999999274034,Unconstrained
0.09899999986373587,Unconstrained
0.105000000075961,Unconstrained
0.09799999997994746,Unconstrained
0.09920000002239249,Unconstrained
0.23239999973156955,Unconstrained
0.23409999994328246,Unconstrained
0.11059999997087289,Unconstrained
0.0990999997156905,Unconstrained
0.09929999987434712,Unconstrained
0.09850000014921534,Unconstrained
0.09839999984251335,Unconstrained
0.09890000001178123,Unconstrained
0.09810000028664945,Unconstrained
0.09860000000116997,Unconstrained
0.0980999998319021,Unconstrained
0.17900000011650263,Unconstrained
0.11229999972783844,Unconstrained
0.10010000005422626,Unconstrained
0.10359999987485935,Unconstrained
0.24600000006103073,Unconstrained
0.09850000014921534,Unconstrained
0.11610000001383014,Unconstrained
0.0990999997156905,Unconstrained
0.09760000011738157,Unconstrained
0.11699999959091656,Unconstrained
0.09850000014921534,Unconstrained
0.09839999984251335,Unconstrained
0.09779999982129084,Unconstrained
0.1978999998755171,Unconstrained
0.10179999981119181,Unconstrained
0.15549999989161734,Unconstrained
0.10720000000219443,Unconstrained
0.10729999985414906,Unconstrained
0.12490000017351122,Unconstrained
0.13110000008964562,Unconstrained
0.25300000015704427,Unconstrained
0.1449999999749707,Unconstrained
0.1938000000336615,Unconstrained
0.09879999970507924,Unconstrained
0.0980999998319021,Unconstrained
0.2531000000089989,Unconstrained
0.23250000003827154,Unconstrained
0.19980000024588662,Unconstrained
0.24890000031518866,Unconstrained
0.4210000001876324,Unconstrained
0.22910000006959308,Unconstrained
0.10380000003351597,Unconstrained
0.11589999985517352,Unconstrained
0.09870000030787196,Unconstrained
0.09860000000116997,Unconstrained
0.09810000028664945,Unconstrained
0.146500000028027,Unconstrained
0.09850000014921534,Unconstrained
0.10830000019268482,Unconstrained
0.10180000026593916,Unconstrained
0.09810000028664945,Unconstrained
0.10999999994965037,Unconstrained
0.1584999999977299,Unconstrained
0.12490000017351122,Unconstrained
0.13600000011138036,Unconstrained
0.13660000013260287,Unconstrained
0.13750000016443664,Unconstrained
0.13219999982538866,Unconstrained
0.1320000001214794,Unconstrained
0.125699999898643,Unconstrained
0.12590000005729962,Unconstrained
0.1253000000360771,Unconstrained
0.11250000034124241,Unconstrained
0.09839999984251335,Unconstrained
0.13660000013260287,Unconstrained
0.09829999999055872,Unconstrained
0.09929999987434712,Unconstrained
0.09780000027603819,Unconstrained
0.12100000003556488,Unconstrained
0.11270000004515168,Unconstrained
0.11690000019370927,Unconstrained
0.10300000030838419,Unconstrained
0.09819999968385673,Unconstrained
0.0980999998319021,Unconstrained
0.09789999967324547,Unconstrained
0.09849999969446799,Unconstrained
0.1007999999274034,Unconstrained
0.0988000001598266,Unconstrained
0.11689999973896192,Unconstrained
0.16529999993508682,Unconstrained
0.0976999999693362,Unconstrained
0.09890000001178123,Unconstrained
0.10109999993801466,Unconstrained
0.09829999999055872,Unconstrained
0.10179999981119181,Unconstrained
0.0984000002972607,Unconstrained
0.0984000002972607,Unconstrained
0.10229999998045969,Unconstrained
0.18600000021251617,Unconstrained
0.09860000000116997,Unconstrained
0.09900000031848322,Unconstrained
0.09790000012799283,Unconstrained
0.10030000021288288,Unconstrained
0.11510000013004174,Unconstrained
0.09910000017043785,Unconstrained
0.10070000007544877,Unconstrained
0.1133000000663742,Unconstrained
0.21080000033180113,Unconstrained
0.13369999987844494,Unconstrained
0.15089999988049385,Unconstrained
0.12110000034226687,Unconstrained
0.12590000005729962,Unconstrained
0.1208999997288629,Unconstrained
0.1339999998890562,Unconstrained
0.1250999998774205,Unconstrained
0.12560000004668836,Unconstrained
0.12610000021595624,Unconstrained
0.1260999997612089,Unconstrained
0.12519999972937512,Unconstrained
0.11789999962275033,Unconstrained
0.1094999997803825,Unconstrained
0.1519000002190296,Unconstrained
0.09989999989556964,Unconstrained
0.0988000001598266,Unconstrained
0.09829999999055872,Unconstrained
0.10520000023461762,Unconstrained
0.15100000018719584,Unconstrained
0.10160000010728254,Unconstrained
0.10089999977935804,Unconstrained
0.0976999999693362,Unconstrained
0.10169999995923718,Unconstrained
0.272300000233372,Unconstrained
0.24500000017724233,Unconstrained
0.2349000001231616,Unconstrained
0.23949999967953772,Unconstrained
0.22990000024947221,Unconstrained
0.2337999999326712,Unconstrained
0.21090000018375576,Unconstrained
0.13970000009067007,Unconstrained
0.10279999969498022,Unconstrained
0.23170000031313975,Unconstrained
0.11409999979150598,Unconstrained
0.09929999987434712,Unconstrained
0.14719999990120414,Unconstrained
0.09860000000116997,Unconstrained
0.10699999984353781,Unconstrained
0.09820000013860408,Unconstrained
0.10590000010779477,Unconstrained
0.09999999974752427,Unconstrained
0.09799999997994746,Unconstrained
0.09819999968385673,Unconstrained
0.09829999999055872,Unconstrained
0.10799999972732621,Unconstrained
0.09899999986373587,Unconstrained
0.16420000019934378,Unconstrained
0.0976999999693362,Unconstrained
0.0980999998319021,Unconstrained
0.09960000033970573,Unconstrained
0.09849999969446799,Unconstrained
0.10189999966314645,Unconstrained
0.09779999982129084,Unconstrained
0.17560000014782418,Unconstrained
0.09839999984251335,Unconstrained
0.11439999980211724,Unconstrained
0.0984000002972607,Unconstrained
0.09869999985312461,Unconstrained
0.11169999970661593,Unconstrained
0.10689999999158317,Unconstrained
0.10650000012901728,Unconstrained
0.10370000018156134,Unconstrained
0.17130000014731195,Unconstrained
0.09860000000116997,Unconstrained
0.0976999999693362,Unconstrained
0.09829999999055872,Unconstrained
0.0980999998319021,Unconstrained
0.12329999981375295,Unconstrained
0.09929999987434712,Unconstrained
0.16200000027311035,Unconstrained
0.10620000011840602,Unconstrained
0.09860000000116997,Unconstrained
0.09890000001178123,Unconstrained
0.09920000002239249,Unconstrained
0.09970000019166037,Unconstrained
0.09929999987434712,Unconstrained
0.10420000035082921,Unconstrained
0.10100000008606003,Unconstrained
0.15699999994467362,Unconstrained
0.10480000037205173,Unconstrained
0.09900000031848322,Unconstrained
0.10060000022349413,Unconstrained
0.09849999969446799,Unconstrained
0.11860000040542218,Unconstrained
0.10419999989608186,Unconstrained
0.16210000012506498,Unconstrained
0.09839999984251335,Unconstrained
0.0984000002972607,Unconstrained
0.10539999993852689,Unconstrained
0.0988000001598266,Unconstrained
0.10960000008708448,Unconstrained
0.09920000002239249,Unconstrained
0.11099999983343878,Unconstrained
0.09970000019166037,Unconstrained
0.09870000030787196,Unconstrained
0.09730000010677031,Unconstrained
0.09820000013860408,Unconstrained
0.09829999999055872,Unconstrained
0.09920000002239249,Unconstrained
0.09910000017043785,Unconstrained
0.09860000000116997,Unconstrained
0.17530000013721292,Unconstrained
0.09799999997994746,Unconstrained
0.09839999984251335,Unconstrained
0.1071000001502398,Unconstrained
0.11079999967478216,Unconstrained
0.09799999997994746,Unconstrained
0.09799999997994746,Unconstrained
0.09839999984251335,Unconstrained
0.09899999986373587,Unconstrained
0.0984000002972607,Unconstrained
0.09860000000116997,Unconstrained
0.09849999969446799,Unconstrained
0.09869999985312461,Unconstrained
0.09890000001178123,Unconstrained
0.10600000041449675,Unconstrained
0.11730000005627517,Unconstrained
0.09870000030787196,Unconstrained
0.16899999991437653,Unconstrained
0.09910000017043785,Unconstrained
0.10100000008606003,Unconstrained
0.10579999980109278,Unconstrained
0.10320000001229346,Unconstrained
0.09959999988495838,Unconstrained
0.10469999961060239,Unconstrained
0.0990999997156905,Unconstrained
0.10870000005525071,Unconstrained
0.11379999978089472,Unconstrained
0.10139999994862592,Unconstrained
0.10610000026645139,Unconstrained
0.10320000001229346,Unconstrained
0.10280000014972757,Unconstrained
0.11610000001383014,Unconstrained
0.10650000012901728,Unconstrained
0.09879999970507924,Unconstrained
0.10049999991679215,Unconstrained
0.09829999999055872,Unconstrained
0.10539999993852689,Unconstrained
0.09850000014921534,Unconstrained
0.18220000038127182,Unconstrained
0.09829999999055872,Unconstrained
0.09860000000116997,Unconstrained
0.09870000030787196,Unconstrained
0.09920000002239249,Unconstrained
0.10280000014972757,Unconstrained
0.0988000001598266,Unconstrained
0.1007999999274034,Unconstrained
0.1019000001178938,Unconstrained
0.10489999976925901,Unconstrained
0.09839999984251335,Unconstrained
0.09879999970507924,Unconstrained
0.10070000007544877,Unconstrained
0.09869999985312461,Unconstrained
0.09790000012799283,Unconstrained
0.0988000001598266,Unconstrained
0.09799999997994746,Unconstrained
0.24370000028284267,Unconstrained
0.09900000031848322,Unconstrained
0.3411000002415676,Unconstrained
0.357599999915692,Unconstrained
0.12809999998353305,Unconstrained
0.23740000006000628,Unconstrained
0.3034999999727006,Unconstrained
0.1038999998854706,Unconstrained
0.1978999998755171,Unconstrained
0.13059999992037774,Unconstrained
0.09829999999055872,Unconstrained
0.09910000017043785,Unconstrained
0.09819999968385673,Unconstrained
0.14000000010128133,Unconstrained
0.09839999984251335,Unconstrained
0.13859999990017968,Unconstrained
0.09869999985312461,Unconstrained
0.13450000005832408,Unconstrained
0.09959999988495838,Unconstrained
0.0988000001598266,Unconstrained
0.09799999997994746,Unconstrained
0.09850000014921534,Unconstrained
0.09799999997994746,Unconstrained
0.09899999986373587,Unconstrained
0.09799999997994746,Unconstrained
0.0990999997156905,Unconstrained
0.09829999999055872,Unconstrained
0.09900000031848322,Unconstrained
0.09730000010677031,Unconstrained
0.09969999973691301,Unconstrained
0.10179999981119181,Unconstrained
0.2590999997664767,Unconstrained
0.1094999997803825,Unconstrained
0.09910000017043785,Unconstrained
0.09920000002239249,Unconstrained
0.09869999985312461,Unconstrained
0.16870000035851263,Unconstrained
0.09929999987434712,Unconstrained
0.09870000030787196,Unconstrained
0.0980999998319021,Unconstrained
0.09860000000116997,Unconstrained
0.09930000032909447,Unconstrained
0.09799999997994746,Unconstrained
0.11549999999260763,Unconstrained
0.09829999999055872,Unconstrained
0.1544000001558743,Unconstrained
0.09920000002239249,Unconstrained
0.09939999972630176,Unconstrained
0.09879999970507924,Unconstrained
0.09940000018104911,Unconstrained
0.09870000030787196,Unconstrained
0.09890000001178123,Unconstrained
0.09969999973691301,Unconstrained
0.09850000014921534,Unconstrained
0.1523000000815955,Unconstrained
0.10680000013962854,Unconstrained
0.10589999965304742,Unconstrained
0.09950000003300374,Unconstrained
0.15780000012455275,Unconstrained
0.0980999998319021,Unconstrained
0.1578999999765074,Unconstrained
0.09919999956764514,Unconstrained
0.10489999976925901,Unconstrained
0.09940000018104911,Unconstrained
0.10699999984353781,Unconstrained
0.099800000043615,Unconstrained
0.10280000014972757,Unconstrained
0.10149999980058055,Unconstrained
0.10679999968488119,Unconstrained
0.10139999994862592,Unconstrained
0.09820000013860408,Unconstrained
0.09920000002239249,Unconstrained
0.10970000039378647,Unconstrained
0.09910000017043785,Unconstrained
0.10130000009667128,Unconstrained
0.11410000024625333,Unconstrained
0.09810000028664945,Unconstrained
0.11139999969600467,Unconstrained
0.09860000000116997,Unconstrained
0.09799999997994746,Unconstrained
0.1706000002741348,Unconstrained
0.09879999970507924,Unconstrained
0.14430000010179356,Unconstrained
0.09890000001178123,Unconstrained
0.14830000009169453,Unconstrained
0.3413999997974315,Unconstrained
0.10210000027655042,Unconstrained
0.10210000027655042,Unconstrained
0.2546000000620552,Unconstrained
0.2123000003848574,Unconstrained
0.1059999999597494,Unconstrained
0.17690000004222384,Unconstrained
0.10020000036092824,Unconstrained
0.11660000018309802,Unconstrained
0.09920000002239249,Unconstrained
0.10259999999107094,Unconstrained
0.09829999999055872,Unconstrained
0.18039999986285693,Unconstrained
0.10490000022400636,Unconstrained
0.10539999993852689,Unconstrained
0.09910000017043785,Unconstrained
0.09829999999055872,Unconstrained
0.10680000013962854,Unconstrained
0.1059999999597494,Unconstrained
0.09929999987434712,Unconstrained
0.11099999983343878,Unconstrained
0.09989999989556964,Unconstrained
0.10390000034021796,Unconstrained
0.0988000001598266,Unconstrained
0.09899999986373587,Unconstrained
0.09779999982129084,Unconstrained
0.1005000003715395,Unconstrained
0.0980999998319021,Unconstrained
0.3483000000414904,Unconstrained
0.14160000000629225,Unconstrained
0.09860000000116997,Unconstrained
0.09820000013860408,Unconstrained
0.09959999988495838,Unconstrained
0.09890000001178123,Unconstrained
0.2719000003708061,Unconstrained
0.19410000004427275,Unconstrained
0.2490000001671433,Unconstrained
0.10590000010779477,Unconstrained
0.16649999997753184,Unconstrained
0.09829999999055872,Unconstrained
0.09970000019166037,Unconstrained
0.09910000017043785,Unconstrained
0.10040000006483751,Unconstrained
0.0980999998319021,Unconstrained
0.10030000021288288,Unconstrained
0.10030000021288288,Unconstrained
0.10099999963131268,Unconstrained
0.48509999987800256,Unconstrained
0.10740000016085105,Unconstrained
0.22469999976237887,Unconstrained
0.22699999999531428,Unconstrained
0.15570000005027396,Unconstrained
0.10280000014972757,Unconstrained
0.1042999997480365,Unconstrained
0.10310000016033882,Unconstrained
0.23770000007061753,Unconstrained
0.3441000003476802,Unconstrained
0.19520000023476314,Unconstrained
0.15729999995528487,Unconstrained
0.13330000001587905,Unconstrained
0.10669999983292655,Unconstrained
0.12519999972937512,Unconstrained
0.11130000029879739,Unconstrained
0.099800000043615,Unconstrained
0.23359999977401458,Unconstrained
0.09780000027603819,Unconstrained
0.10060000022349413,Unconstrained
0.16789999972388614,Unconstrained
0.1826000002438377,Unconstrained
0.09879999970507924,Unconstrained
0.09869999985312461,Unconstrained
0.09789999967324547,Unconstrained
0.14309999960460118,Unconstrained
0.09860000000116997,Unconstrained
0.16860000005181064,Unconstrained
0.11230000018258579,Unconstrained
0.12010000000373111,Unconstrained
0.09790000012799283,Unconstrained
0.11039999981221627,Unconstrained
0.09879999970507924,Unconstrained
0.10359999987485935,Unconstrained
0.09799999997994746,Unconstrained
0.09870000030787196,Unconstrained
0.09760000011738157,Unconstrained
0.12060000017299899,Unconstrained
0.13029999990976648,Unconstrained
0.12579999975059764,Unconstrained
0.12900000001536682,Unconstrained
0.12930000002597808,Unconstrained
0.12969999988854397,Unconstrained
0.13390000003710156,Unconstrained
0.10010000005422626,Unconstrained
0.11809999978140695,Unconstrained
0.09850000014921534,Unconstrained
0.09920000002239249,Unconstrained
0.17939999997906853,Unconstrained
0.09739999995872495,Unconstrained
0.10650000012901728,Unconstrained
0.09779999982129084,Unconstrained
0.13390000003710156,Unconstrained
0.10419999989608186,Unconstrained
0.09900000031848322,Unconstrained
0.10669999983292655,Unconstrained
0.10539999993852689,Unconstrained
0.10220000012850505,Unconstrained
0.15179999991232762,Unconstrained
0.13489999992088997,Unconstrained
0.1374999997096893,Unconstrained
0.1314999999522115,Unconstrained
0.1250999998774205,Unconstrained
0.12229999992996454,Unconstrained
0.12539999988803174,Unconstrained
0.1253000000360771,Unconstrained
0.12650000007852213,Unconstrained
0.12180000021544402,Unconstrained
0.12749999996231054,Unconstrained
0.12590000005729962,Unconstrained
0.1318999998147774,Unconstrained
0.13309999985722243,Unconstrained
0.13689999968846678,Unconstrained
0.13770000032309326,Unconstrained
0.13110000008964562,Unconstrained
0.13630000012199162,Unconstrained
0.1747000001159904,Unconstrained
0.10879999990720535,Unconstrained
0.12179999976069666,Unconstrained
0.13119999994160025,Unconstrained
0.14620000001741573,Unconstrained
0.12310000010984368,Unconstrained
0.12649999962377478,Unconstrained
0.13230000013209064,Unconstrained
0.14069999997445848,Unconstrained
0.2936000000772765,Unconstrained
0.26209999987258925,Unconstrained
0.11300000005576294,Unconstrained
0.12190000006739865,Unconstrained
0.09829999999055872,Unconstrained
0.1484999997956038,Unconstrained
0.13379999973039958,Unconstrained
0.15379999967990443,Unconstrained
0.15450000000782893,Unconstrained
0.14359999977386906,Unconstrained
0.3403000000616885,Unconstrained
0.12639999977182015,Unconstrained
0.22309999985736795,Unconstrained
0.1301000002058572,Unconstrained
0.13800000033370452,Unconstrained
0.125699999898643,Unconstrained
0.13219999982538866,Unconstrained
0.12650000007852213,Unconstrained
0.12500000002546585,Unconstrained
0.13450000005832408,Unconstrained
0.13489999992088997,Unconstrained
0.13339999986783369,Unconstrained
0.2168000000892789,Unconstrained
0.22809999973105732,Unconstrained
0.13059999992037774,Unconstrained
0.14160000000629225,Unconstrained
0.10370000018156134,Unconstrained
0.10990000009769574,Unconstrained
0.12710000009974465,Unconstrained
0.12199999991935329,Unconstrained
0.1270999996449973,Unconstrained
0.2285999999003252,Unconstrained
0.15460000031453092,Unconstrained
0.15029999985927134,Unconstrained
0.1098000002457411,Unconstrained
0.09810000028664945,Unconstrained
0.23289999990083743,Unconstrained
0.16490000007252092,Unconstrained
0.10419999989608186,Unconstrained
0.17750000006344635,Unconstrained
0.23809999993318343,Unconstrained
0.09869999985312461,Unconstrained
0.10669999983292655,Unconstrained
0.26550000029601506,Unconstrained
0.18650000038178405,Unconstrained
0.25340000001961016,Unconstrained
0.1640999998926418,Unconstrained
0.28069999962099246,Unconstrained
0.2544999997553532,Unconstrained
0.2570999999988999,Unconstrained
0.10659999998097192,Unconstrained
0.1183999997920182,Unconstrained
0.09850000014921534,Unconstrained
0.09760000011738157,Unconstrained
0.10419999989608186,Unconstrained
0.1164000000244414,Unconstrained
0.2571999998508545,Unconstrained
0.23220000002766028,Unconstrained
0.2647000001161359,Unconstrained
0.09790000012799283,Unconstrained
0.11260000019319705,Unconstrained
0.09829999999055872,Unconstrained
0.10120000024471665,Unconstrained
0.19100000008620555,Unconstrained
0.11159999985466129,Unconstrained
0.12550000019473373,Unconstrained
0.23000000010142685,Unconstrained
0.10130000009667128,Unconstrained
0.17230000003110035,Unconstrained
0.27980000004390604,Unconstrained
0.10030000021288288,Unconstrained
0.09959999988495838,Unconstrained
0.1262999999198655,Unconstrained
0.26349999961894355,Unconstrained
0.1542999998491723,Unconstrained
0.13080000007903436,Unconstrained
0.1312999997935549,Unconstrained
0.12820000029023504,Unconstrained
0.13049999961367575,Unconstrained
0.1366999999845575,Unconstrained
0.22780000017519342,Unconstrained
0.1395999997839681,Unconstrained
0.14680000003863825,Unconstrained
0.13080000007903436,Unconstrained
0.3698999998960062,Unconstrained
0.23790000022927416,Unconstrained
0.09929999987434712,Unconstrained
0.23869999995440594,Unconstrained
0.09870000030787196,Unconstrained
0.09860000000116997,Unconstrained
0.2449000003252877,Unconstrained
0.32559999999648426,Unconstrained
0.09890000001178123,Unconstrained
0.09760000011738157,Unconstrained
0.23330000021815067,Unconstrained
0.33710000025166664,Unconstrained
0.16800000003058813,Unconstrained
0.23220000002766028,Unconstrained
0.3568999995877675,Unconstrained
0.17840000009528012,Unconstrained
0.3967999996348226,Unconstrained
0.09869999985312461,Unconstrained
0.3464999999778229,Unconstrained
0.38560000029974617,Unconstrained
0.15799999982846202,Unconstrained
0.09779999982129084,Unconstrained
0.09829999999055872,Unconstrained
0.13259999968795455,Unconstrained
0.10209999982180307,Unconstrained
0.1612000000932312,Unconstrained
0.10169999995923718,Unconstrained
0.13579999995272374,Unconstrained
0.17710000020088046,Unconstrained
0.16119999963848386,Unconstrained
0.13110000008964562,Unconstrained
0.14009999995323597,Unconstrained
0.12109999988751952,Unconstrained
0.12149999975008541,Unconstrained
0.12169999990874203,Unconstrained
0.12749999996231054,Unconstrained
0.12620000006791088,Unconstrained
0.12620000006791088,Unconstrained
0.12649999962377478,Unconstrained
0.1264000002265675,Unconstrained
0.23609999971085927,Unconstrained
0.13219999982538866,Unconstrained
0.14180000016494887,Unconstrained
0.12659999993047677,Unconstrained
0.2708000001803157,Unconstrained
0.12130000004617614,Unconstrained
0.12689999994108803,Unconstrained
0.17500000012660166,Unconstrained
0.1268000000891334,Unconstrained
0.1283999999941443,Unconstrained
0.12719999995169928,Unconstrained
0.13390000003710156,Unconstrained
0.1316000002589135,Unconstrained
0.12670000023717876,Unconstrained
0.12739999965560855,Unconstrained
0.12870000000475557,Unconstrained
0.125699999898643,Unconstrained
0.12500000002546585,Unconstrained
0.2181999998356332,Unconstrained
0.12620000006791088,Unconstrained
0.19830000019283034,Unconstrained
0.12719999995169928,Unconstrained
0.1419000000169035,Unconstrained
0.1339999998890562,Unconstrained
0.12240000023666653,Unconstrained
0.12650000007852213,Unconstrained
0.1366999999845575,Unconstrained
0.24100000018734136,Unconstrained
0.1264000002265675,Unconstrained
0.12930000002597808,Unconstrained
0.12719999995169928,Unconstrained
0.3015000002051238,Unconstrained
0.1121999998758838,Unconstrained
0.13380000018514693,Unconstrained
0.12110000034226687,Unconstrained
0.1318999998147774,Unconstrained
0.21340000012060045,Unconstrained
0.13269999999465654,Unconstrained
0.12729999980365392,Unconstrained
0.12650000007852213,Unconstrained
0.12070000002495362,Unconstrained
0.1212000001942215,Unconstrained
0.12119999973947415,Unconstrained
0.1314999999522115,Unconstrained
0.125699999898643,Unconstrained
0.21120000019436702,Unconstrained
0.12719999995169928,Unconstrained
0.1554000000396627,Unconstrained
0.1262999999198655,Unconstrained
0.12860000015280093,Unconstrained
0.1260999997612089,Unconstrained
0.13290000015331316,Unconstrained
0.12800000013157842,Unconstrained
0.12570000035339035,Unconstrained
0.1264000002265675,Unconstrained
0.15930000017760904,Unconstrained
0.12650000007852213,Unconstrained
0.12619999961316353,Unconstrained
0.13390000003710156,Unconstrained
0.13179999996282277,Unconstrained
0.13119999994160025,Unconstrained
0.1625999998395855,Unconstrained
0.2252000003863941,Unconstrained
0.13560000024881447,Unconstrained
0.13409999974101083,Unconstrained
0.1449999999749707,Unconstrained
0.13110000008964562,Unconstrained
0.1316000002589135,Unconstrained
0.12670000023717876,Unconstrained
0.1264000002265675,Unconstrained
0.14899999996487168,Unconstrained
0.12679999963438604,Unconstrained
0.12610000021595624,Unconstrained
0.1612000000932312,Unconstrained
0.12620000006791088,Unconstrained
0.12700000024779,Unconstrained
0.1336000000264903,Unconstrained
0.14430000010179356,Unconstrained
0.13899999976274557,Unconstrained
0.13279999984661117,Unconstrained
0.13230000013209064,Unconstrained
0.28580000025613117,Unconstrained
0.3490999997666222,Unconstrained
0.0990999997156905,Unconstrained
0.25219999997716513,Unconstrained
0.1059999999597494,Unconstrained
0.23049999981594738,Unconstrained
0.26690000004236936,Unconstrained
0.3645000001597509,Unconstrained
0.37489999976969557,Unconstrained
0.11109999968539341,Unconstrained
0.16189999996640836,Unconstrained
0.09749999981067958,Unconstrained
0.1606000000720087,Unconstrained
0.1916999999593827,Unconstrained
0.12090000018361025,Unconstrained
0.125800000205345,Unconstrained
0.23499999997511622,Unconstrained
0.14420000024983892,Unconstrained
0.13139999964550952,Unconstrained
0.22360000002663583,Unconstrained
0.13290000015331316,Unconstrained
0.30950000018492574,Unconstrained
0.3009000001839013,Unconstrained
0.25649999997767736,Unconstrained
0.09899999986373587,Unconstrained
0.09839999984251335,Unconstrained
0.14860000010230578,Unconstrained
0.10299999985363684,Unconstrained
0.11210000002392917,Unconstrained
0.25740000000951113,Unconstrained
0.3967000002376153,Unconstrained
0.14940000028218492,Unconstrained
0.09989999989556964,Unconstrained
0.12280000009923242,Unconstrained
0.15970000004017493,Unconstrained
0.1502000000073167,Unconstrained
0.251500000103988,Unconstrained
0.3391999998711981,Unconstrained
0.230699999974604,Unconstrained
0.27549999958864646,Unconstrained
0.12320000041654566,Unconstrained
0.09870000030787196,Unconstrained
0.11050000011891825,Unconstrained
0.11100000028818613,Unconstrained
0.1111999999920954,Unconstrained
0.09779999982129084,Unconstrained
0.14689999989059288,Unconstrained
0.27260000024398323,Unconstrained
0.14479999981631408,Unconstrained
0.11790000007749768,Unconstrained
0.120499999866297,Unconstrained
0.22529999978360138,Unconstrained
0.1526999999441614,Unconstrained
0.29469999981301953,Unconstrained
0.10109999993801466,Unconstrained
0.120499999866297,Unconstrained
0.13070000022707973,Unconstrained
0.14379999993252568,Unconstrained
0.15660000008210773,Unconstrained
0.13760000001639128,Unconstrained
0.13280000030135852,Unconstrained
0.13620000027003698,Unconstrained
0.2556999997977982,Unconstrained
0.158100000135164,Unconstrained
0.15200000007098424,Unconstrained
0.1498000001447508,Unconstrained
0.14270000019678264,Unconstrained
0.13140000010025688,Unconstrained
0.1291000003220688,Unconstrained
0.1922999999806052,Unconstrained
0.09779999982129084,Unconstrained
0.0980999998319021,Unconstrained
0.13170000011086813,Unconstrained
0.12369999967631884,Unconstrained
0.10590000010779477,Unconstrained
0.0967000000855478,Unconstrained
0.11519999998199637,Unconstrained
0.11919999997189734,Unconstrained
0.09959999988495838,Unconstrained
0.273500000275817,Unconstrained
0.19569999994928367,Unconstrained
0.35430000025371555,Unconstrained
0.22699999999531428,Unconstrained
0.22809999973105732,Unconstrained
0.24339999981748406,Unconstrained
0.14929999997548293,Unconstrained
0.24810000013530953,Unconstrained
0.10239999983241432,Unconstrained
0.20599999970727367,Unconstrained
0.22519999993164674,Unconstrained
0.18309999995835824,Unconstrained
0.352500000190048,Unconstrained
0.356299999566545,Unconstrained
0.32520000013391837,Unconstrained
0.1913000000968168,Unconstrained
0.19160000010742806,Unconstrained
0.36880000016026315,Unconstrained
0.22949999993215897,Unconstrained
0.42750000011437805,Unconstrained
0.12940000033268007,Unconstrained
0.09950000003300374,Unconstrained
0.10199999996984843,Unconstrained
0.10720000000219443,Unconstrained
0.10339999971620273,Unconstrained
0.24649999977555126,Unconstrained
0.267100000201026,Unconstrained
0.20899999981338624,Unconstrained
0.25439999990339857,Unconstrained
0.22989999979472486,Unconstrained
0.3941999998460233,Unconstrained
0.41360000022905297,Unconstrained
0.16520000008313218,Unconstrained
0.22949999993215897,Unconstrained
0.21150000020497828,Unconstrained
0.14899999996487168,Unconstrained
0.09810000028664945,Unconstrained
0.09819999968385673,Unconstrained
0.29489999997167615,Unconstrained
0.22739999985788018,Unconstrained
0.4144000004089321,Unconstrained
0.24260000009235227,Unconstrained
0.10130000009667128,Unconstrained
0.09829999999055872,Unconstrained
0.23079999982655863,Unconstrained
0.22730000000592554,Unconstrained
0.4110999998374609,Unconstrained
0.2077999997709412,Unconstrained
0.2698000002965273,Unconstrained
0.09959999988495838,Unconstrained
0.35769999976764666,Unconstrained
0.22519999993164674,Unconstrained
0.09829999999055872,Unconstrained
0.11399999993955134,Unconstrained
0.2220000001216249,Unconstrained
0.2420999999230844,Unconstrained
0.26059999981953297,Unconstrained
0.15720000010333024,Unconstrained
0.14490000012301607,Unconstrained
0.09869999985312461,Unconstrained
0.09850000014921534,Unconstrained
0.23319999991144869,Unconstrained
0.12000000015177648,Unconstrained
0.16670000013618846,Unconstrained
0.22869999975227984,Unconstrained
0.25009999990288634,Unconstrained
0.2891999997700623,Unconstrained
0.10509999992791563,Unconstrained
0.2558000001045002,Unconstrained
0.3504000001157692,Unconstrained
0.11019999965355964,Unconstrained
0.2264999998260464,Unconstrained
0.3391999998711981,Unconstrained
0.36639999962062575,Unconstrained
0.39569999989907956,Unconstrained
0.35029999980906723,Unconstrained
0.2235000001746812,Unconstrained
0.478200000088691,Unconstrained
0.14590000000680448,Unconstrained
0.09940000018104911,Unconstrained
0.16310000000885339,Unconstrained
0.2506000000721542,Unconstrained
0.10940000038317521,Unconstrained
0.18989999989571515,Unconstrained
0.1142999999501626,Unconstrained
0.15299999995477265,Unconstrained
0.09760000011738157,Unconstrained
0.09940000018104911,Unconstrained
0.10089999977935804,Unconstrained
0.10060000022349413,Unconstrained
0.3793999999288644,Unconstrained
0.3820000001724111,Unconstrained
0.19449999990683864,Unconstrained
0.4668000001402106,Unconstrained
0.10510000038266298,Unconstrained
0.09950000003300374,Unconstrained
0.10390000034021796,Unconstrained
0.10299999985363684,Unconstrained
0.09789999967324547,Unconstrained
0.14280000004873727,Unconstrained
0.26170000001002336,Unconstrained
0.099800000043615,Unconstrained
0.18540000019129366,Unconstrained
0.27150000005349284,Unconstrained
0.1111999999920954,Unconstrained
0.10459999975864775,Unconstrained
0.49600000011196244,Unconstrained
0.25610000011511147,Unconstrained
0.16499999992447556,Unconstrained
0.3673999999591615,Unconstrained
0.12079999987690826,Unconstrained
0.31829999988985946,Unconstrained
0.24260000009235227,Unconstrained
0.10170000041398453,Unconstrained
0.10830000019268482,Unconstrained
0.09950000003300374,Unconstrained
0.0976999999693362,Unconstrained
0.09829999999055872,Unconstrained
0.099800000043615,Unconstrained
0.23310000005949405,Unconstrained
0.513400000272668,Unconstrained
0.17209999987244373,Unconstrained
0.09940000018104911,Unconstrained
0.09869999985312461,Unconstrained
0.09860000000116997,Unconstrained
0.16449999975520768,Unconstrained
0.1262999999198655,Unconstrained
0.20970000014131074,Unconstrained
0.15910000001895241,Unconstrained
0.15499999972234946,Unconstrained
0.09940000018104911,Unconstrained
0.1312999997935549,Unconstrained
0.12220000007800991,Unconstrained
0.09899999986373587,Unconstrained
0.0988000001598266,Unconstrained
0.09899999986373587,Unconstrained
0.09790000012799283,Unconstrained
0.34500000037951395,Unconstrained
0.11039999981221627,Unconstrained
0.0976999999693362,Unconstrained
0.09829999999055872,Unconstrained
0.09820000013860408,Unconstrained
0.22810000018580467,Unconstrained
0.18710000040300656,Unconstrained
0.12969999988854397,Unconstrained
0.09860000000116997,Unconstrained
0.09779999982129084,Unconstrained
0.1729999999042775,Unconstrained
0.0990999997156905,Unconstrained
0.21569999989878852,Unconstrained
0.09999999974752427,Unconstrained
0.13770000032309326,Unconstrained
0.1532999999653839,Unconstrained
0.3384000001460663,Unconstrained
0.22880000005898182,Unconstrained
0.19810000003417372,Unconstrained
0.09779999982129084,Unconstrained
0.14139999984763563,Unconstrained
0.09910000017043785,Unconstrained
0.11599999970712815,Unconstrained
0.11679999988700729,Unconstrained
0.13679999983651214,Unconstrained
0.13750000016443664,Unconstrained
0.130899999930989,Unconstrained
0.1275000004170579,Unconstrained
0.1305000000684231,Unconstrained
0.13790000002700253,Unconstrained
0.13190000026952475,Unconstrained
0.13929999977335683,Unconstrained
0.22469999976237887,Unconstrained
0.11039999981221627,Unconstrained
0.1264000002265675,Unconstrained
0.13760000001639128,Unconstrained
0.1434000000699598,Unconstrained
0.13739999985773466,Unconstrained
0.1384000001962704,Unconstrained
0.12639999977182015,Unconstrained
0.30470000001514563,Unconstrained
0.10229999998045969,Unconstrained
0.10409999958937988,Unconstrained
0.11349999977028347,Unconstrained
0.10100000008606003,Unconstrained
0.10440000005473848,Unconstrained
0.11590000030992087,Unconstrained
0.0980999998319021,Unconstrained
0.3529000000526139,Unconstrained
0.09860000000116997,Unconstrained
0.10990000009769574,Unconstrained
0.09839999984251335,Unconstrained
0.09829999999055872,Unconstrained
0.10100000008606003,Unconstrained
0.09839999984251335,Unconstrained
0.15870000015638652,Unconstrained
0.09860000000116997,Unconstrained
0.27309999995850376,Unconstrained
0.10180000026593916,Unconstrained
0.10309999970559147,Unconstrained
0.10650000012901728,Unconstrained
0.09820000013860408,Unconstrained
0.1019000001178938,Unconstrained
0.09950000003300374,Unconstrained
0.10109999993801466,Unconstrained
0.09989999989556964,Unconstrained
0.09839999984251335,Unconstrained
0.1173999999082298,Unconstrained
0.10560000009718351,Unconstrained
0.1194999999825086,Unconstrained
0.10019999990618089,Unconstrained
0.09860000000116997,Unconstrained
0.09939999972630176,Unconstrained
0.09829999999055872,Unconstrained
0.10030000021288288,Unconstrained
0.10359999987485935,Unconstrained
0.13779999972030055,Unconstrained
0.09790000012799283,Unconstrained
0.09890000001178123,Unconstrained
0.10480000037205173,Unconstrained
0.09829999999055872,Unconstrained
0.09940000018104911,Unconstrained
0.09860000000116997,Unconstrained
0.09870000030787196,Unconstrained
0.09920000002239249,Unconstrained
0.10090000023410539,Unconstrained
0.25040000036824495,Unconstrained
0.12440000000424334,Unconstrained
0.39669999978286796,Unconstrained
0.12969999988854397,Unconstrained
0.10149999980058055,Unconstrained
0.10280000014972757,Unconstrained
0.10960000008708448,Unconstrained
0.09849999969446799,Unconstrained
0.11339999991832883,Unconstrained
0.10330000031899544,Unconstrained
0.09959999988495838,Unconstrained
0.09899999986373587,Unconstrained
0.17349999961879803,Unconstrained
0.0980999998319021,Unconstrained
0.09779999982129084,Unconstrained
0.0988000001598266,Unconstrained
0.10369999972681399,Unconstrained
0.09929999987434712,Unconstrained
0.09869999985312461,Unconstrained
0.12460000016289996,Unconstrained
0.10380000003351597,Unconstrained
0.10269999984302558,Unconstrained
0.10370000018156134,Unconstrained
0.2847999999175954,Unconstrained
0.10309999970559147,Unconstrained
0.0984000002972607,Unconstrained
0.1042999997480365,Unconstrained
0.10179999981119181,Unconstrained
0.10070000007544877,Unconstrained
0.09869999985312461,Unconstrained
0.1274000001103559,Unconstrained
0.10580000025584013,Unconstrained
0.10229999998045969,Unconstrained
0.10160000010728254,Unconstrained
0.09890000001178123,Unconstrained
0.11350000022503082,Unconstrained
0.09849999969446799,Unconstrained
0.09829999999055872,Unconstrained
0.10419999989608186,Unconstrained
0.0984000002972607,Unconstrained
0.10469999961060239,Unconstrained
0.09790000012799283,Unconstrained
0.1625999998395855,Unconstrained
0.11180000001331791,Unconstrained
0.10490000022400636,Unconstrained
0.10180000026593916,Unconstrained
0.0984000002972607,Unconstrained
0.10950000023512985,Unconstrained
0.1071000001502398,Unconstrained
0.11559999984456226,Unconstrained
0.1268000000891334,Unconstrained
0.09829999999055872,Unconstrained
0.10199999996984843,Unconstrained
0.09760000011738157,Unconstrained
0.1015000002553279,Unconstrained
0.10759999986476032,Unconstrained
0.11549999999260763,Unconstrained
0.09869999985312461,Unconstrained
0.10519999977987027,Unconstrained
0.09860000000116997,Unconstrained
0.11630000017248676,Unconstrained
0.10840000004463946,Unconstrained
0.09819999968385673,Unconstrained
0.11150000000270666,Unconstrained
0.105000000075961,Unconstrained
0.09839999984251335,Unconstrained
0.09820000013860408,Unconstrained
0.16439999990325305,Unconstrained
0.09890000001178123,Unconstrained
0.11730000005627517,Unconstrained
0.12130000004617614,Unconstrained
0.1249999995707185,Unconstrained
0.11849999964397284,Unconstrained
0.0980999998319021,Unconstrained
0.1071000001502398,Unconstrained
0.09829999999055872,Unconstrained
0.23139999984778115,Unconstrained
0.16579999964960734,Unconstrained
0.16400000004068715,Unconstrained
0.3428999998504878,Unconstrained
0.10769999971671496,Unconstrained
0.4334000000199012,Unconstrained
0.37750000001324224,Unconstrained
0.5172000001039123,Unconstrained
0.3246999999646505,Unconstrained
0.3486000000521017,Unconstrained
0.18979999958901317,Unconstrained
0.146500000028027,Unconstrained
0.15699999994467362,Unconstrained
0.15740000026198686,Unconstrained
0.11829999994006357,Unconstrained
0.14899999996487168,Unconstrained
0.10440000005473848,Unconstrained
0.12699999979304266,Unconstrained
0.09969999973691301,Unconstrained
0.12149999975008541,Unconstrained
0.11029999996026163,Unconstrained
0.09790000012799283,Unconstrained
0.09709999994811369,Unconstrained
0.10229999998045969,Unconstrained
0.09750000026542693,Unconstrained
0.11349999977028347,Unconstrained
0.09969999973691301,Unconstrained
0.10180000026593916,Unconstrained
0.1081000000340282,Unconstrained
0.099800000043615,Unconstrained
0.09839999984251335,Unconstrained
0.09779999982129084,Unconstrained
0.09900000031848322,Unconstrained
0.09829999999055872,Unconstrained
0.11420000009820797,Unconstrained
0.09799999997994746,Unconstrained
0.1395999997839681,Unconstrained
0.10179999981119181,Unconstrained
0.09890000001178123,Unconstrained
0.10419999989608186,Unconstrained
0.10510000038266298,Unconstrained
0.17180000031657983,Unconstrained
0.10209999982180307,Unconstrained
0.1536999998279498,Unconstrained
0.10590000010779477,Unconstrained
0.09819999968385673,Unconstrained
0.09739999995872495,Unconstrained
0.09789999967324547,Unconstrained
0.10370000018156134,Unconstrained
0.10239999983241432,Unconstrained
0.11399999993955134,Unconstrained
0.09820000013860408,Unconstrained
0.09839999984251335,Unconstrained
0.0980999998319021,Unconstrained
0.09820000013860408,Unconstrained
0.10160000010728254,Unconstrained
0.09819999968385673,Unconstrained
0.17070000012608944,Unconstrained
0.099800000043615,Unconstrained
0.1826000002438377,Unconstrained
0.09860000000116997,Unconstrained
0.1029000000016822,Unconstrained
0.09899999986373587,Unconstrained
0.10379999957876862,Unconstrained
0.09869999985312461,Unconstrained
0.10669999983292655,Unconstrained
0.15669999993406236,Unconstrained
0.09829999999055872,Unconstrained
0.09870000030787196,Unconstrained
0.11889999996128608,Unconstrained
0.10109999993801466,Unconstrained
0.11150000000270666,Unconstrained
0.10210000027655042,Unconstrained
0.16289999985019676,Unconstrained
0.09920000002239249,Unconstrained
0.10100000008606003,Unconstrained
0.23819999978513806,Unconstrained
0.23590000000695,Unconstrained
0.26740000021163723,Unconstrained
0.4166999997323728,Unconstrained
0.23259999989022617,Unconstrained
0.2469000000928645,Unconstrained
0.3650000003290188,Unconstrained
0.27119999958813423,Unconstrained
0.23539999983768212,Unconstrained
0.12479999986680923,Unconstrained
0.12240000023666653,Unconstrained
0.12199999991935329,Unconstrained
0.10919999976977124,Unconstrained
0.0988000001598266,Unconstrained
0.24289999964821618,Unconstrained
0.3403000000616885,Unconstrained
0.13699999999516876,Unconstrained
0.09899999986373587,Unconstrained
0.09860000000116997,Unconstrained
0.09989999989556964,Unconstrained
0.0988000001598266,Unconstrained
0.09969999973691301,Unconstrained
0.10459999975864775,Unconstrained
0.09920000002239249,Unconstrained
0.24450000000797445,Unconstrained
0.22719999969922355,Unconstrained
0.2663999998731015,Unconstrained
0.2287000002070272,Unconstrained
0.4073000000062166,Unconstrained
0.10160000010728254,Unconstrained
0.2505000002201996,Unconstrained
0.2641000000949134,Unconstrained
0.2546000000620552,Unconstrained
0.24140000004990725,Unconstrained
0.10209999982180307,Unconstrained
0.10130000009667128,Unconstrained
0.1212000001942215,Unconstrained
0.10380000003351597,Unconstrained
0.22149999995235703,Unconstrained
0.10539999993852689,Unconstrained
0.10530000008657225,Unconstrained
0.14939999982743757,Unconstrained
0.1191000001199427,Unconstrained
0.1216000000567874,Unconstrained
0.17769999976735562,Unconstrained
0.36539999973683734,Unconstrained
0.10179999981119181,Unconstrained
0.10220000012850505,Unconstrained
0.2857999998013838,Unconstrained
0.23480000027120695,Unconstrained
0.23580000015499536,Unconstrained
0.4017999999632593,Unconstrained
0.11189999986527255,Unconstrained
0.16880000021046726,Unconstrained
0.2621000003273366,Unconstrained
0.2731999998104584,Unconstrained
0.23460000011255033,Unconstrained
0.1090999999178166,Unconstrained
0.2169000003959809,Unconstrained
0.10340000017095008,Unconstrained
0.11040000026696362,Unconstrained
0.17849999994723476,Unconstrained
0.2320999997209583,Unconstrained
0.2832000000125845,Unconstrained
0.23819999978513806,Unconstrained
0.23349999992205994,Unconstrained
0.2355000001443841,Unconstrained
0.24370000028284267,Unconstrained
0.25479999976596446,Unconstrained
0.16789999972388614,Unconstrained
0.24239999993369565,Unconstrained
0.27409999984229216,Unconstrained
0.17539999998916755,Unconstrained
0.4266000000825443,Unconstrained
0.10380000003351597,Unconstrained
0.10029999975813553,Unconstrained
0.10169999995923718,Unconstrained
0.09860000000116997,Unconstrained
0.0988000001598266,Unconstrained
0.11769999991884106,Unconstrained
0.09869999985312461,Unconstrained
0.10039999961009016,Unconstrained
0.2638999999362568,Unconstrained
0.11859999995067483,Unconstrained
0.09890000001178123,Unconstrained
0.09890000001178123,Unconstrained
0.09899999986373587,Unconstrained
0.10049999991679215,Unconstrained
0.11110000014014076,Unconstrained
0.23989999999685097,Unconstrained
0.10330000031899544,Unconstrained
0.09910000017043785,Unconstrained
0.09869999985312461,Unconstrained
0.10629999997036066,Unconstrained
0.09870000030787196,Unconstrained
0.10700000029828516,Unconstrained
0.09860000000116997,Unconstrained
0.09989999989556964,Unconstrained
0.23229999987961492,Unconstrained
0.3492999999252788,Unconstrained
0.23279999959413544,Unconstrained
0.23190000001704902,Unconstrained
0.17430000025342451,Unconstrained
0.16349999987141928,Unconstrained
0.11059999997087289,Unconstrained
0.2586999999039108,Unconstrained
0.23520000013377285,Unconstrained
0.1708999998299987,Unconstrained
0.20730000005642069,Unconstrained
0.1029000000016822,Unconstrained
0.4127999995944265,Unconstrained
0.09869999985312461,Unconstrained
0.2787999997053703,Unconstrained
0.11239999957979308,Unconstrained
0.26789999992615776,Unconstrained
0.10070000007544877,Unconstrained
0.09929999987434712,Unconstrained
0.2939999999398424,Unconstrained
0.09989999989556964,Unconstrained
0.09799999997994746,Unconstrained
0.10169999995923718,Unconstrained
0.268300000243471,Unconstrained
0.0976999999693362,Unconstrained
0.18629999976838008,Unconstrained
0.21300000025803456,Unconstrained
0.09799999997994746,Unconstrained
0.09910000017043785,Unconstrained
0.09839999984251335,Unconstrained
0.09829999999055872,Unconstrained
0.22529999978360138,Unconstrained
0.25749999986146577,Unconstrained
0.11360000007698545,Unconstrained
0.1032999998642481,Unconstrained
0.10520000023461762,Unconstrained
0.09899999986373587,Unconstrained
0.22469999976237887,Unconstrained
0.2546999999140098,Unconstrained
0.16730000015741098,Unconstrained
0.10029999975813553,Unconstrained
0.09949999957825639,Unconstrained
0.11770000037358841,Unconstrained
0.09779999982129084,Unconstrained
0.1637000000300759,Unconstrained
0.09850000014921534,Unconstrained
0.22639999997409177,Unconstrained
0.2751000001808279,Unconstrained
0.13109999963489827,Unconstrained
0.09860000000116997,Unconstrained
0.2297000000908156,Unconstrained
0.31979999994291575,Unconstrained
0.2171999999518448,Unconstrained
0.1260999997612089,Unconstrained
0.10100000008606003,Unconstrained
0.0990999997156905,Unconstrained
0.11700000004566391,Unconstrained
0.0988000001598266,Unconstrained
0.09819999968385673,Unconstrained
0.09820000013860408,Unconstrained
0.22500000022773747,Unconstrained
0.0984000002972607,Unconstrained
0.1029000000016822,Unconstrained
0.22869999975227984,Unconstrained
0.19459999975879327,Unconstrained
0.09870000030787196,Unconstrained
0.10259999999107094,Unconstrained
0.10620000011840602,Unconstrained
0.1032999998642481,Unconstrained
0.5087999998067971,Unconstrained
0.10229999998045969,Unconstrained
0.2179000002797693,Unconstrained
0.10000000020227162,Unconstrained
0.0980999998319021,Unconstrained
0.22780000017519342,Unconstrained
0.11300000005576294,Unconstrained
0.09929999987434712,Unconstrained
0.09929999987434712,Unconstrained
0.2644999999574793,Unconstrained
0.2627999997457664,Unconstrained
0.09760000011738157,Unconstrained
0.17960000013772515,Unconstrained
0.10300000030838419,Unconstrained
0.10340000017095008,Unconstrained
0.10070000007544877,Unconstrained
0.09950000003300374,Unconstrained
0.0988000001598266,Unconstrained
0.23029999965729075,Unconstrained
0.4102999996575818,Unconstrained
0.1975000000129512,Unconstrained
0.19720000000233995,Unconstrained
0.21440000000438886,Unconstrained
0.13119999994160025,Unconstrained
0.09879999970507924,Unconstrained
0.09759999966263422,Unconstrained
0.2328000000488828,Unconstrained
0.36189999991620425,Unconstrained
0.3893000002790359,Unconstrained
0.22669999998470303,Unconstrained
0.09829999999055872,Unconstrained
0.23659999988012714,Unconstrained
0.1212000001942215,Unconstrained
0.14479999981631408,Unconstrained
0.3529000000526139,Unconstrained
0.1851000001806824,Unconstrained
0.11979999999311985,Unconstrained
0.10070000007544877,Unconstrained
0.246300000071642,Unconstrained
0.36169999975754763,Unconstrained
0.12229999992996454,Unconstrained
0.10609999981170404,Unconstrained
0.09969999973691301,Unconstrained
0.09920000002239249,Unconstrained
0.15200000007098424,Unconstrained
0.09940000018104911,Unconstrained
0.09920000002239249,Unconstrained
0.09959999988495838,Unconstrained
0.0976999999693362,Unconstrained
0.11210000002392917,Unconstrained
0.1913000000968168,Unconstrained
0.10249999968436896,Unconstrained
0.09929999987434712,Unconstrained
0.13859999990017968,Unconstrained
0.15720000010333024,Unconstrained
0.14890000011291704,Unconstrained
0.11159999985466129,Unconstrained
0.14380000038727303,Unconstrained
0.11700000004566391,Unconstrained
0.12110000034226687,Unconstrained
0.14890000011291704,Unconstrained
0.11370000038368744,Unconstrained
0.17759999991540099,Unconstrained
0.10850000035134144,Unconstrained
0.09749999981067958,Unconstrained
0.10110000039276201,Unconstrained
0.10109999993801466,Unconstrained
0.09970000019166037,Unconstrained
0.10539999993852689,Unconstrained
0.10139999994862592,Unconstrained
0.14419999979509157,Unconstrained
0.1405999996677565,Unconstrained
0.099800000043615,Unconstrained
0.11240000003454043,Unconstrained
0.10280000014972757,Unconstrained
0.13179999996282277,Unconstrained
0.13699999999516876,Unconstrained
0.14259999989008065,Unconstrained
0.15110000003915047,Unconstrained
0.1254000003427791,Unconstrained
0.13249999983599992,Unconstrained
0.14160000000629225,Unconstrained
0.13239999998404528,Unconstrained
0.2036999999290856,Unconstrained
0.13760000001639128,Unconstrained
0.38790000007793424,Unconstrained
0.13869999975213432,Unconstrained
0.12440000000424334,Unconstrained
0.10269999984302558,Unconstrained
0.10760000031950767,Unconstrained
0.09950000003300374,Unconstrained
0.11559999984456226,Unconstrained
0.11270000004515168,Unconstrained
0.15359999997599516,Unconstrained
0.09810000028664945,Unconstrained
0.15350000012404053,Unconstrained
0.12490000017351122,Unconstrained
0.15299999995477265,Unconstrained
0.1314999999522115,Unconstrained
0.13309999985722243,Unconstrained
0.23219999957291293,Unconstrained
0.12880000031145755,Unconstrained
0.19179999981133733,Unconstrained
0.09940000018104911,Unconstrained
0.10489999976925901,Unconstrained
0.10340000017095008,Unconstrained
0.10170000041398453,Unconstrained
0.10110000039276201,Unconstrained
0.09850000014921534,Unconstrained
0.10569999994913815,Unconstrained
0.0976999999693362,Unconstrained
0.0976999999693362,Unconstrained
0.10560000009718351,Unconstrained
0.1090999999178166,Unconstrained
0.0990999997156905,Unconstrained
0.0980999998319021,Unconstrained
0.09870000030787196,Unconstrained
0.0980999998319021,Unconstrained
0.0988000001598266,Unconstrained
0.09989999989556964,Unconstrained
0.09790000012799283,Unconstrained
0.11820000008810894,Unconstrained
0.09929999987434712,Unconstrained
0.09870000030787196,Unconstrained
0.10919999976977124,Unconstrained
0.09850000014921534,Unconstrained
0.10730000030889641,Unconstrained
0.10179999981119181,Unconstrained
0.12190000006739865,Unconstrained
0.12549999973998638,Unconstrained
0.09829999999055872,Unconstrained
0.10049999991679215,Unconstrained
0.10270000029777293,Unconstrained
0.10199999996984843,Unconstrained
0.10410000004412723,Unconstrained
0.18940000018119463,Unconstrained
0.09819999968385673,Unconstrained
0.09879999970507924,Unconstrained
0.10220000012850505,Unconstrained
0.09829999999055872,Unconstrained
0.1133000000663742,Unconstrained
0.1262999999198655,Unconstrained
0.14590000000680448,Unconstrained
0.1156999996965169,Unconstrained
0.09860000000116997,Unconstrained
0.0988000001598266,Unconstrained
0.099800000043615,Unconstrained
0.11849999964397284,Unconstrained
0.10180000026593916,Unconstrained
0.10229999998045969,Unconstrained
0.1164000000244414,Unconstrained
0.09919999956764514,Unconstrained
0.09850000014921534,Unconstrained
0.12079999987690826,Unconstrained
0.14779999992242665,Unconstrained
0.1490999998168263,Unconstrained
0.11499999982333975,Unconstrained
0.10359999987485935,Unconstrained
0.10430000020278385,Unconstrained
0.10159999965253519,Unconstrained
0.11200000017197453,Unconstrained
0.10669999983292655,Unconstrained
0.11309999990771757,Unconstrained
0.11549999999260763,Unconstrained
0.09969999973691301,Unconstrained
0.10129999964192393,Unconstrained
0.10120000024471665,Unconstrained
0.12199999991935329,Unconstrained
0.10479999991730438,Unconstrained
0.11599999970712815,Unconstrained
0.10859999974854873,Unconstrained
0.09869999985312461,Unconstrained
0.0988000001598266,Unconstrained
0.09779999982129084,Unconstrained
0.13059999992037774,Unconstrained
0.11240000003454043,Unconstrained
0.10859999974854873,Unconstrained
0.09860000000116997,Unconstrained
0.10229999998045969,Unconstrained
0.12139999989813077,Unconstrained
0.1320000001214794,Unconstrained
0.10539999993852689,Unconstrained
0.09839999984251335,Unconstrained
0.10199999996984843,Unconstrained
0.11770000037358841,Unconstrained
0.10220000012850505,Unconstrained
0.17660000003161258,Unconstrained
0.09940000018104911,Unconstrained
0.09989999989556964,Unconstrained
0.09789999967324547,Unconstrained
0.09829999999055872,Unconstrained
0.10189999966314645,Unconstrained
0.09940000018104911,Unconstrained
0.20919999997204286,Unconstrained
0.28279999969527125,Unconstrained
0.12140000035287812,Unconstrained
0.09920000002239249,Unconstrained
0.10249999968436896,Unconstrained
0.3828999997494975,Unconstrained
0.3646999998636602,Unconstrained
0.21779999997306732,Unconstrained
0.12859999969805358,Unconstrained
0.12860000015280093,Unconstrained
0.09819999968385673,Unconstrained
0.09850000014921534,Unconstrained
0.10030000021288288,Unconstrained
0.105000000075961,Unconstrained
0.09799999997994746,Unconstrained
0.0984000002972607,Unconstrained
0.10650000012901728,Unconstrained
0.09849999969446799,Unconstrained
0.1299000000472006,Unconstrained
0.09829999999055872,Unconstrained
0.10049999991679215,Unconstrained
0.09829999999055872,Unconstrained
0.09860000000116997,Unconstrained
0.11300000005576294,Unconstrained
0.12599999990925426,Unconstrained
0.12590000005729962,Unconstrained
0.09900000031848322,Unconstrained
0.0984000002972607,Unconstrained
0.10629999997036066,Unconstrained
0.10279999969498022,Unconstrained
0.09860000000116997,Unconstrained
0.10650000012901728,Unconstrained
0.09820000013860408,Unconstrained
0.09730000010677031,Unconstrained
0.10740000016085105,Unconstrained
0.10930000007647322,Unconstrained
0.23809999993318343,Unconstrained
0.10950000023512985,Unconstrained
0.09890000001178123,Unconstrained
0.09920000002239249,Unconstrained
0.09940000018104911,Unconstrained
0.09930000032909447,Unconstrained
0.09959999988495838,Unconstrained
0.0980999998319021,Unconstrained
0.1073999997061037,Unconstrained
0.09900000031848322,Unconstrained
0.10179999981119181,Unconstrained
0.1183999997920182,Unconstrained
0.09879999970507924,Unconstrained
0.09910000017043785,Unconstrained
0.09929999987434712,Unconstrained
0.09939999972630176,Unconstrained
0.2550999997765757,Unconstrained
0.17800000023271423,Unconstrained
0.1276999996662198,Unconstrained
0.11270000004515168,Unconstrained
0.2347999998164596,Unconstrained
0.1063999998223153,Unconstrained
0.09860000000116997,Unconstrained
0.2285999999003252,Unconstrained
0.1731000002109795,Unconstrained
0.09790000012799283,Unconstrained
0.09939999972630176,Unconstrained
0.09850000014921534,Unconstrained
0.10100000008606003,Unconstrained
0.10850000035134144,Unconstrained
0.10090000023410539,Unconstrained
0.1726000000417116,Unconstrained
0.13170000011086813,Unconstrained
0.2395999999862397,Unconstrained
0.3538999999364023,Unconstrained
0.36399999999048305,Unconstrained
0.24250000024039764,Unconstrained
0.21809999998367857,Unconstrained
0.10649999967426993,Unconstrained
0.09860000000116997,Unconstrained
0.2362999998695159,Unconstrained
0.26789999992615776,Unconstrained
0.10089999977935804,Unconstrained
0.10309999970559147,Unconstrained
0.10480000037205173,Unconstrained
0.1971000001503853,Unconstrained
0.13750000016443664,Unconstrained
0.2341000003980298,Unconstrained
0.3320999999232299,Unconstrained
0.30729999980394496,Unconstrained
0.24129999974320526,Unconstrained
0.10280000014972757,Unconstrained
0.11720000020432053,Unconstrained
0.29180000001360895,Unconstrained
0.24750000011408702,Unconstrained
0.2341999997952371,Unconstrained
0.21150000020497828,Unconstrained
0.21779999997306732,Unconstrained
0.19790000033026445,Unconstrained
0.10180000026593916,Unconstrained
0.10680000013962854,Unconstrained
0.09860000000116997,Unconstrained
0.11379999978089472,Unconstrained
0.10220000012850505,Unconstrained
0.10220000012850505,Unconstrained
0.1019000001178938,Unconstrained
0.10130000009667128,Unconstrained
0.10179999981119181,Unconstrained
0.10220000012850505,Unconstrained
0.10270000029777293,Unconstrained
0.10270000029777293,Unconstrained
0.10530000008657225,Unconstrained
0.10179999981119181,Unconstrained
0.10250000013911631,Unconstrained
0.10330000031899544,Unconstrained
0.10179999981119181,Unconstrained
0.10309999970559147,Unconstrained
0.1019000001178938,Unconstrained
0.10430000020278385,Unconstrained
0.2916000003096997,Unconstrained
0.18309999995835824,Unconstrained
0.105000000075961,Unconstrained
0.09869999985312461,Unconstrained
0.10659999998097192,Unconstrained
0.09959999988495838,Unconstrained
0.1029000000016822,Unconstrained
0.0984000002972607,Unconstrained
0.10410000004412723,Unconstrained
0.13490000037563732,Unconstrained
0.10049999991679215,Unconstrained
0.15279999979611603,Unconstrained
0.09929999987434712,Unconstrained
0.09820000013860408,Unconstrained
0.10030000021288288,Unconstrained
0.10900000006586197,Unconstrained
0.10789999987537158,Unconstrained
0.09860000000116997,Unconstrained
0.0976999999693362,Unconstrained
0.09869999985312461,Unconstrained
0.1019000001178938,Unconstrained
0.10209999982180307,Unconstrained
0.10209999982180307,Unconstrained
0.17560000014782418,Unconstrained
0.1019000001178938,Unconstrained
0.16639999967082986,Unconstrained
0.10250000013911631,Unconstrained
0.16319999986080802,Unconstrained
0.10220000012850505,Unconstrained
0.16200000027311035,Unconstrained
0.10229999998045969,Unconstrained
0.16080000023066532,Unconstrained
0.10239999983241432,Unconstrained
0.17290000005232287,Unconstrained
0.10259999999107094,Unconstrained
0.12090000018361025,Unconstrained
0.10499999962121365,Unconstrained
0.2351000002818182,Unconstrained
0.0980999998319021,Unconstrained
0.09929999987434712,Unconstrained
0.0988000001598266,Unconstrained
0.09910000017043785,Unconstrained
0.09910000017043785,Unconstrained
0.1000999995994789,Unconstrained
0.09829999999055872,Unconstrained
0.10029999975813553,Unconstrained
0.09890000001178123,Unconstrained
0.099800000043615,Unconstrained
0.1059999999597494,Unconstrained
0.1007999999274034,Unconstrained
0.09899999986373587,Unconstrained
0.11979999999311985,Unconstrained
0.09799999997994746,Unconstrained
0.1015000002553279,Unconstrained
0.0984000002972607,Unconstrained
0.09860000000116997,Unconstrained
0.09929999987434712,Unconstrained
0.10000000020227162,Unconstrained
0.09799999997994746,Unconstrained
0.1081000000340282,Unconstrained
0.09899999986373587,Unconstrained
0.09829999999055872,Unconstrained
0.09860000000116997,Unconstrained
0.09820000013860408,Unconstrained
0.09869999985312461,Unconstrained
0.09910000017043785,Unconstrained
0.0984000002972607,Unconstrained
0.10780000002341694,Unconstrained
0.09950000003300374,Unconstrained
0.10760000031950767,Unconstrained
0.09799999997994746,Unconstrained
0.09860000000116997,Unconstrained
0.10199999996984843,Unconstrained
0.105000000075961,Unconstrained
0.09929999987434712,Unconstrained
0.09970000019166037,Unconstrained
0.09920000002239249,Unconstrained
0.09929999987434712,Unconstrained
0.09969999973691301,Unconstrained
0.10169999995923718,Unconstrained
0.10370000018156134,Unconstrained
0.10489999976925901,Unconstrained
0.10410000004412723,Unconstrained
0.0990999997156905,Unconstrained
0.0976999999693362,Unconstrained
0.09929999987434712,Unconstrained
0.09899999986373587,Unconstrained
0.09910000017043785,Unconstrained
0.09860000000116997,Unconstrained
0.09860000000116997,Unconstrained
0.10400000019217259,Unconstrained
0.11610000001383014,Unconstrained
0.0990999997156905,Unconstrained
0.09910000017043785,Unconstrained
0.09950000003300374,Unconstrained
0.09940000018104911,Unconstrained
0.09899999986373587,Unconstrained
0.10000000020227162,Unconstrained
0.09839999984251335,Unconstrained
0.09839999984251335,Unconstrained
0.09799999997994746,Unconstrained
0.10169999995923718,Unconstrained
0.14319999991130317,Unconstrained
0.11690000019370927,Unconstrained
0.09799999997994746,Unconstrained
0.09860000000116997,Unconstrained
0.09700000009615906,Unconstrained
0.09940000018104911,Unconstrained
0.099800000043615,Unconstrained
0.1071000001502398,Unconstrained
0.09860000000116997,Unconstrained
0.10120000024471665,Unconstrained
0.10269999984302558,Unconstrained
0.2310999998371699,Unconstrained
0.20229999972798396,Unconstrained
0.2663999998731015,Unconstrained
0.3364999997756968,Unconstrained
0.13410000019575818,Unconstrained
0.10059999976874678,Unconstrained
0.09860000000116997,Unconstrained
0.10299999985363684,Unconstrained
0.10059999976874678,Unconstrained
0.25899999991452205,Unconstrained
0.13720000015382539,Unconstrained
0.1021999996737577,Unconstrained
0.10640000027706265,Unconstrained
0.0988000001598266,Unconstrained
0.12610000021595624,Unconstrained
0.09890000001178123,Unconstrained
0.09960000033970573,Unconstrained
0.09890000001178123,Unconstrained
0.09870000030787196,Unconstrained
0.09799999997994746,Unconstrained
0.2233999998679792,Unconstrained
0.09790000012799283,Unconstrained
0.12440000000424334,Unconstrained
0.09839999984251335,Unconstrained
0.09790000012799283,Unconstrained
0.09939999972630176,Unconstrained
0.09709999994811369,Unconstrained
0.0976999999693362,Unconstrained
0.10470000006534974,Unconstrained
0.130799999624287,Unconstrained
0.13179999996282277,Unconstrained
0.12650000007852213,Unconstrained
0.14069999997445848,Unconstrained
0.12980000019524596,Unconstrained
0.12599999990925426,Unconstrained
0.12510000033216784,Unconstrained
0.1283999999941443,Unconstrained
0.12100000003556488,Unconstrained
0.12010000000373111,Unconstrained
0.12520000018412247,Unconstrained
0.12510000033216784,Unconstrained
0.12520000018412247,Unconstrained
0.12460000016289996,Unconstrained
0.1260999997612089,Unconstrained
0.2494000000297092,Unconstrained
0.1643000000512984,Unconstrained
0.14830000009169453,Unconstrained
0.0974000004134723,Unconstrained
0.09739999995872495,Unconstrained
0.10209999982180307,Unconstrained
0.0988000001598266,Unconstrained
0.09709999994811369,Unconstrained
0.09950000003300374,Unconstrained
0.10320000001229346,Unconstrained
0.1019000001178938,Unconstrained
0.09970000019166037,Unconstrained
0.0980999998319021,Unconstrained
0.09700000009615906,Unconstrained
0.10259999999107094,Unconstrained
0.09780000027603819,Unconstrained
0.09790000012799283,Unconstrained
0.09760000011738157,Unconstrained
0.09969999973691301,Unconstrained
0.10059999976874678,Unconstrained
0.09870000030787196,Unconstrained
0.0976999999693362,Unconstrained
0.09819999968385673,Unconstrained
0.10120000024471665,Unconstrained
0.09709999994811369,Unconstrained
0.10010000005422626,Unconstrained
0.11300000005576294,Unconstrained
0.09779999982129084,Unconstrained
0.0976999999693362,Unconstrained
0.09860000000116997,Unconstrained
0.09860000000116997,Unconstrained
0.09689999978945707,Unconstrained
0.0990999997156905,Unconstrained
0.0976999999693362,Unconstrained
0.0976999999693362,Unconstrained
0.09779999982129084,Unconstrained
0.09739999995872495,Unconstrained
0.09730000010677031,Unconstrained
0.09820000013860408,Unconstrained
0.09700000009615906,Unconstrained
0.09779999982129084,Unconstrained
0.1019000001178938,Unconstrained
0.09779999982129084,Unconstrained
0.10010000005422626,Unconstrained
0.23670000018682913,Unconstrained
0.3756999999495747,Unconstrained
0.22430000035456032,Unconstrained
0.22349999971993384,Unconstrained
0.19600000041464227,Unconstrained
0.09890000001178123,Unconstrained
0.20029999996040715,Unconstrained
0.1194999999825086,Unconstrained
0.1409000001331151,Unconstrained
0.09700000009615906,Unconstrained
0.37019999990661745,Unconstrained
0.10130000009667128,Unconstrained
0.2372999997533043,Unconstrained
0.1021999996737577,Unconstrained
0.09819999968385673,Unconstrained
0.3861000000142667,Unconstrained
0.16999999979816494,Unconstrained
0.15570000005027396,Unconstrained
0.41069999997489504,Unconstrained
0.2071999997497187,Unconstrained
0.2148000003217021,Unconstrained
0.09950000003300374,Unconstrained
0.10729999985414906,Unconstrained
0.09730000010677031,Unconstrained
0.1081000000340282,Unconstrained
0.10210000027655042,Unconstrained
0.09810000028664945,Unconstrained
0.23009999995338148,Unconstrained
0.3123999999843363,Unconstrained
0.4664000002776447,Unconstrained
0.24389999998675194,Unconstrained
0.2179000002797693,Unconstrained
0.22619999981543515,Unconstrained
0.23680000003878376,Unconstrained
0.19350000002305023,Unconstrained
0.24230000008174102,Unconstrained
0.13249999983599992,Unconstrained
0.09860000000116997,Unconstrained
0.09829999999055872,Unconstrained
0.23210000017570565,Unconstrained
0.16869999990376527,Unconstrained
0.1225999999405758,Unconstrained
0.10650000012901728,Unconstrained
0.09899999986373587,Unconstrained
0.09750000026542693,Unconstrained
0.0984000002972607,Unconstrained
0.10740000016085105,Unconstrained
0.1073999997061037,Unconstrained
0.10799999972732621,Unconstrained
0.09760000011738157,Unconstrained
0.10139999994862592,Unconstrained
0.09739999995872495,Unconstrained
0.14819999978499254,Unconstrained
0.11469999981272849,Unconstrained
0.09780000027603819,Unconstrained
0.0980999998319021,Unconstrained
0.09759999966263422,Unconstrained
0.12700000024779,Unconstrained
0.0980999998319021,Unconstrained
0.1059999999597494,Unconstrained
0.09820000013860408,Unconstrained
0.09790000012799283,Unconstrained
0.09719999980006833,Unconstrained
0.09700000009615906,Unconstrained
0.10859999974854873,Unconstrained
0.10060000022349413,Unconstrained
0.10589999965304742,Unconstrained
0.09749999981067958,Unconstrained
0.0976999999693362,Unconstrained
0.09730000010677031,Unconstrained
0.09709999994811369,Unconstrained
0.11919999997189734,Unconstrained
0.09749999981067958,Unconstrained
0.09790000012799283,Unconstrained
0.09689999978945707,Unconstrained
0.10259999999107094,Unconstrained
0.35950000028606155,Unconstrained
0.09789999967324547,Unconstrained
0.10550000024522888,Unconstrained
0.10280000014972757,Unconstrained
0.10130000009667128,Unconstrained
0.09819999968385673,Unconstrained
0.09739999995872495,Unconstrained
0.09829999999055872,Unconstrained
0.09860000000116997,Unconstrained
0.09790000012799283,Unconstrained
0.0976999999693362,Unconstrained
0.15959999973347294,Unconstrained
0.09759999966263422,Unconstrained
0.0980999998319021,Unconstrained
0.09799999997994746,Unconstrained
0.09869999985312461,Unconstrained
0.09799999997994746,Unconstrained
0.1005000003715395,Unconstrained
0.09899999986373587,Unconstrained
0.09750000026542693,Unconstrained
0.09810000028664945,Unconstrained
0.0976999999693362,Unconstrained
0.1007999999274034,Unconstrained
0.10509999992791563,Unconstrained
0.115299999833951,Unconstrained
0.10419999989608186,Unconstrained
0.1042999997480365,Unconstrained
0.10369999972681399,Unconstrained
0.09700000009615906,Unconstrained
0.11489999997138511,Unconstrained
0.12800000013157842,Unconstrained
0.10040000006483751,Unconstrained
0.10689999999158317,Unconstrained
0.09899999986373587,Unconstrained
0.18049999971481157,Unconstrained
0.10299999985363684,Unconstrained
0.10139999994862592,Unconstrained
0.09829999999055872,Unconstrained
0.10769999971671496,Unconstrained
0.09779999982129084,Unconstrained
0.0976999999693362,Unconstrained
0.17729999990478973,Unconstrained
0.0988000001598266,Unconstrained
0.12090000018361025,Unconstrained
0.1337000003331923,Unconstrained
0.12620000006791088,Unconstrained
0.1121999998758838,Unconstrained
0.0980999998319021,Unconstrained
0.10199999996984843,Unconstrained
0.09869999985312461,Unconstrained
0.09920000002239249,Unconstrained
0.09860000000116997,Unconstrained
0.1216000000567874,Unconstrained
0.1208999997288629,Unconstrained
0.12000000015177648,Unconstrained
0.10070000007544877,Unconstrained
0.24840000014592079,Unconstrained
0.09739999995872495,Unconstrained
0.1260999997612089,Unconstrained
0.0984000002972607,Unconstrained
0.10720000000219443,Unconstrained
0.11270000004515168,Unconstrained
0.12849999984609894,Unconstrained
0.1005000003715395,Unconstrained
0.10540000039327424,Unconstrained
0.09789999967324547,Unconstrained
0.09879999970507924,Unconstrained
0.13219999982538866,Unconstrained
0.26669999988371274,Unconstrained
0.18929999987449264,Unconstrained
0.1032999998642481,Unconstrained
0.09730000010677031,Unconstrained
0.25740000000951113,Unconstrained
0.1063999998223153,Unconstrained
0.10029999975813553,Unconstrained
0.09939999972630176,Unconstrained
0.12570000035339035,Unconstrained
0.09890000001178123,Unconstrained
0.10449999990669312,Unconstrained
0.0980999998319021,Unconstrained
0.09829999999055872,Unconstrained
0.0976999999693362,Unconstrained
0.0976999999693362,Unconstrained
0.09899999986373587,Unconstrained
0.09860000000116997,Unconstrained
0.0988000001598266,Unconstrained
0.09990000035031699,Unconstrained
0.11730000005627517,Unconstrained
0.09929999987434712,Unconstrained
0.09970000019166037,Unconstrained
0.09869999985312461,Unconstrained
0.10149999980058055,Unconstrained
0.10149999980058055,Unconstrained
0.372100000276987,Unconstrained
0.2003000004151545,Unconstrained
0.17530000013721292,Unconstrained
0.17119999984060996,Unconstrained
0.09920000002239249,Unconstrained
0.23400000009132782,Unconstrained
0.2936000000772765,Unconstrained
0.1855000000432483,Unconstrained
0.10310000016033882,Unconstrained
0.16610000011496595,Unconstrained
0.09799999997994746,Unconstrained
0.1382000000376138,Unconstrained
0.09799999997994746,Unconstrained
0.09890000001178123,Unconstrained
0.09820000013860408,Unconstrained
0.09939999972630176,Unconstrained
0.09839999984251335,Unconstrained
0.09899999986373587,Unconstrained
0.10569999994913815,Unconstrained
0.2694999998311687,Unconstrained
0.16759999971327488,Unconstrained
0.10299999985363684,Unconstrained
0.09899999986373587,Unconstrained
0.11349999977028347,Unconstrained
0.0984000002972607,Unconstrained
0.1019000001178938,Unconstrained
0.10049999991679215,Unconstrained
0.10560000009718351,Unconstrained
0.10449999990669312,Unconstrained
0.10110000039276201,Unconstrained
0.10939999992842786,Unconstrained
0.09719999980006833,Unconstrained
0.09860000000116997,Unconstrained
0.09999999974752427,Unconstrained
0.16449999975520768,Unconstrained
0.10860000020329608,Unconstrained
0.1046000002133951,Unconstrained
0.09869999985312461,Unconstrained
0.0988000001598266,Unconstrained
0.09790000012799283,Unconstrained
0.0988000001598266,Unconstrained
0.10130000009667128,Unconstrained
0.10840000004463946,Unconstrained
0.19969999993918464,Unconstrained
0.1046000002133951,Unconstrained
0.11789999962275033,Unconstrained
0.1019000001178938,Unconstrained
0.12030000016238773,Unconstrained
0.09920000002239249,Unconstrained
0.12100000003556488,Unconstrained
0.1026000004458183,Unconstrained
0.09779999982129084,Unconstrained
0.1094999997803825,Unconstrained
0.11299999960101559,Unconstrained
0.11279999989710632,Unconstrained
0.11260000019319705,Unconstrained
0.1133000000663742,Unconstrained
0.09819999968385673,Unconstrained
0.1011999997899693,Unconstrained
0.10780000002341694,Unconstrained
0.09910000017043785,Unconstrained
0.09799999997994746,Unconstrained
0.11150000000270666,Unconstrained
0.10169999995923718,Unconstrained
0.099800000043615,Unconstrained
0.09879999970507924,Unconstrained
0.10229999998045969,Unconstrained
0.10130000009667128,Unconstrained
0.09779999982129084,Unconstrained
0.10259999999107094,Unconstrained
0.10259999999107094,Unconstrained
0.10680000013962854,Unconstrained
0.09829999999055872,Unconstrained
0.09790000012799283,Unconstrained
0.09779999982129084,Unconstrained
0.09760000011738157,Unconstrained
0.09870000030787196,Unconstrained
0.12809999998353305,Unconstrained
0.12200000037410064,Unconstrained
0.12289999995118706,Unconstrained
0.09890000001178123,Unconstrained
0.15720000010333024,Unconstrained
0.09860000000116997,Unconstrained
0.16079999977591797,Unconstrained
0.09749999981067958,Unconstrained
0.12519999972937512,Unconstrained
0.18559999989520293,Unconstrained
0.16520000008313218,Unconstrained
0.11059999997087289,Unconstrained
0.2714000002015382,Unconstrained
0.15050000001792796,Unconstrained
0.1555000003463647,Unconstrained
0.10620000011840602,Unconstrained
0.11480000011943048,Unconstrained
0.09789999967324547,Unconstrained
0.13719999969907803,Unconstrained
0.09779999982129084,Unconstrained
0.10930000007647322,Unconstrained
0.2054000001407985,Unconstrained
0.33999999959632987,Unconstrained
0.09869999985312461,Unconstrained
0.09970000019166037,Unconstrained
0.11140000015075202,Unconstrained
0.09799999997994746,Unconstrained
0.09789999967324547,Unconstrained
0.09799999997994746,Unconstrained
0.12010000000373111,Unconstrained
0.36539999973683734,Unconstrained
0.09939999972630176,Unconstrained
0.10030000021288288,Unconstrained
0.1584999999977299,Unconstrained
0.11320000021441956,Unconstrained
0.09890000001178123,Unconstrained
0.09779999982129084,Unconstrained
0.10199999996984843,Unconstrained
0.10129999964192393,Unconstrained
0.17630000002100132,Unconstrained
0.13069999977233238,Unconstrained
0.12689999994108803,Unconstrained
0.12539999988803174,Unconstrained
0.12179999976069666,Unconstrained
0.10180000026593916,Unconstrained
0.13290000015331316,Unconstrained
0.09819999968385673,Unconstrained
0.2310999998371699,Unconstrained
0.11279999989710632,Unconstrained
0.1710000001367007,Unconstrained
0.10269999984302558,Unconstrained
0.09979999958886765,Unconstrained
0.11279999989710632,Unconstrained
0.11769999991884106,Unconstrained
0.15080000002853922,Unconstrained
0.09799999997994746,Unconstrained
0.11089999998148414,Unconstrained
0.10040000006483751,Unconstrained
0.09920000002239249,Unconstrained
0.09860000000116997,Unconstrained
0.1032999998642481,Unconstrained
0.0984000002972607,Unconstrained
0.10229999998045969,Unconstrained
0.1899999997476698,Unconstrained
0.09860000000116997,Unconstrained
0.09820000013860408,Unconstrained
0.09829999999055872,Unconstrained
0.09820000013860408,Unconstrained
0.142600000344828,Unconstrained
0.09870000030787196,Unconstrained
0.09850000014921534,Unconstrained
0.10269999984302558,Unconstrained
0.09860000000116997,Unconstrained
0.12080000033165561,Unconstrained
0.09810000028664945,Unconstrained
0.09830000044530607,Unconstrained
0.0984000002972607,Unconstrained
0.09900000031848322,Unconstrained
0.10689999999158317,Unconstrained
0.10199999996984843,Unconstrained
0.09820000013860408,Unconstrained
0.10130000009667128,Unconstrained
0.10470000006534974,Unconstrained
0.09779999982129084,Unconstrained
0.09829999999055872,Unconstrained
0.09829999999055872,Unconstrained
0.09730000010677031,Unconstrained
0.11410000024625333,Unconstrained
0.11770000037358841,Unconstrained
0.1457999997001025,Unconstrained
0.14430000010179356,Unconstrained
0.13219999982538866,Unconstrained
0.110200000108307,Unconstrained
0.12870000000475557,Unconstrained
0.09789999967324547,Unconstrained
0.1756999999997788,Unconstrained
0.10860000020329608,Unconstrained
0.12610000021595624,Unconstrained
0.1216000000567874,Unconstrained
0.12070000002495362,Unconstrained
0.10960000008708448,Unconstrained
0.09869999985312461,Unconstrained
0.10169999995923718,Unconstrained
0.10470000006534974,Unconstrained
0.1847000003181165,Unconstrained
0.09939999972630176,Unconstrained
0.09900000031848322,Unconstrained
0.10320000001229346,Unconstrained
0.10419999989608186,Unconstrained
0.09939999972630176,Unconstrained
0.09829999999055872,Unconstrained
0.09870000030787196,Unconstrained
0.09839999984251335,Unconstrained
0.09920000002239249,Unconstrained
0.10750000001280569,Unconstrained
0.10339999971620273,Unconstrained
0.10659999998097192,Unconstrained
0.10650000012901728,Unconstrained
0.1177999997707957,Unconstrained
0.0980999998319021,Unconstrained
0.15399999983856105,Unconstrained
0.09839999984251335,Unconstrained
0.10130000009667128,Unconstrained
0.11189999986527255,Unconstrained
0.230699999974604,Unconstrained
0.19830000019283034,Unconstrained
0.4205000000183645,Unconstrained
0.36860000000160653,Unconstrained
0.19729999985429458,Unconstrained
0.09890000001178123,Unconstrained
0.0988000001598266,Unconstrained
0.13249999983599992,Unconstrained
0.16570000025240006,Unconstrained
0.09839999984251335,Unconstrained
0.09899999986373587,Unconstrained
0.25350000032631215,Unconstrained
0.10799999972732621,Unconstrained
0.18559999989520293,Unconstrained
0.10629999997036066,Unconstrained
0.16830000004119938,Unconstrained
0.35800000023300527,Unconstrained
0.13069999977233238,Unconstrained
0.09799999997994746,Unconstrained
0.17099999968195334,Unconstrained
0.09910000017043785,Unconstrained
0.09899999986373587,Unconstrained
0.2362999998695159,Unconstrained
0.09900000031848322,Unconstrained
0.38939999967624317,Unconstrained
0.12610000021595624,Unconstrained
0.3349999997226405,Unconstrained
0.20219999987602932,Unconstrained
0.5689999998139683,Unconstrained
0.1243000001522887,Unconstrained
0.11679999988700729,Unconstrained
0.11099999983343878,Unconstrained
0.10560000009718351,Unconstrained
0.2432000001135748,Unconstrained
0.24500000017724233,Unconstrained
0.2248999999210355,Unconstrained
0.2731999998104584,Unconstrained
0.2991999999721884,Unconstrained
0.3968999999415246,Unconstrained
0.15319999965868192,Unconstrained
0.377200000002631,Unconstrained
0.10490000022400636,Unconstrained
0.3785999997489853,Unconstrained
0.21839999999428983,Unconstrained
0.2079000000776432,Unconstrained
0.09879999970507924,Unconstrained
0.1042999997480365,Unconstrained
0.09749999981067958,Unconstrained
0.2289000003656838,Unconstrained
0.2594999996290426,Unconstrained
0.2382999996370927,Unconstrained
0.18530000033933902,Unconstrained
0.10490000022400636,Unconstrained
0.10829999973793747,Unconstrained
0.09749999981067958,Unconstrained
0.24919999987105257,Unconstrained
0.30010000000402215,Unconstrained
0.14450000026045018,Unconstrained
0.17630000002100132,Unconstrained
0.3971000001001812,Unconstrained
0.3004000000146334,Unconstrained
0.10820000034073018,Unconstrained
0.15669999993406236,Unconstrained
0.09790000012799283,Unconstrained
0.12319999996179831,Unconstrained
0.17109999998865533,Unconstrained
0.34890000006271293,Unconstrained
0.1578999999765074,Unconstrained
0.23160000000643777,Unconstrained
0.14979999969000346,Unconstrained
0.10369999972681399,Unconstrained
0.14419999979509157,Unconstrained
0.1250999998774205,Unconstrained
0.10470000006534974,Unconstrained
0.16420000019934378,Unconstrained
0.2741999996942468,Unconstrained
0.1021999996737577,Unconstrained
0.1588999998602958,Unconstrained
0.13119999994160025,Unconstrained
0.14319999991130317,Unconstrained
0.14220000002751476,Unconstrained
0.13619999981528963,Unconstrained
0.4390999997667677,Unconstrained
0.12960000003658934,Unconstrained
0.5730999996558239,Unconstrained
0.15209999992293888,Unconstrained
0.337000000399712,Unconstrained
0.14420000024983892,Unconstrained
0.24540000003980822,Unconstrained
0.13309999985722243,Unconstrained
0.09869999985312461,Unconstrained
0.2947000002677669,Unconstrained
0.10419999989608186,Unconstrained
0.09920000002239249,Unconstrained
0.14430000010179356,Unconstrained
0.14999999984866008,Unconstrained
0.5903999999645748,Unconstrained
0.2181999998356332,Unconstrained
0.1963999998224608,Unconstrained
0.3071999999519903,Unconstrained
0.3139000000373926,Unconstrained
0.325199999679171,Unconstrained
0.23370000008071656,Unconstrained
0.23850000025049667,Unconstrained
0.22740000031262753,Unconstrained
0.11719999974957318,Unconstrained
0.0980999998319021,Unconstrained
0.23329999976340332,Unconstrained
0.168500000199856,Unconstrained
0.1895999998851039,Unconstrained
0.26729999990493525,Unconstrained
0.4503999998632935,Unconstrained
0.25740000000951113,Unconstrained
0.13330000001587905,Unconstrained
0.13140000010025688,Unconstrained
0.42550000034680124,Unconstrained
0.1370999998471234,Unconstrained
0.34790000017892453,Unconstrained
0.24539999958506087,Unconstrained
0.2563999996709754,Unconstrained
0.29469999981301953,Unconstrained
0.11979999999311985,Unconstrained
0.24360000043088803,Unconstrained
0.1142999999501626,Unconstrained
0.20709999989776406,Unconstrained
0.1090999999178166,Unconstrained
0.09849999969446799,Unconstrained
0.16040000036809943,Unconstrained
0.09839999984251335,Unconstrained
0.10900000006586197,Unconstrained
0.1266999997824314,Unconstrained
0.2274999997098348,Unconstrained
0.13690000014321413,Unconstrained
0.1328999996985658,Unconstrained
0.1318999998147774,Unconstrained
0.12659999993047677,Unconstrained
0.1268000000891334,Unconstrained
0.12139999989813077,Unconstrained
0.19960000008723,Unconstrained
0.13209999997343402,Unconstrained
0.13450000005832408,Unconstrained
0.1328999996985658,Unconstrained
0.1426999997420353,Unconstrained
0.15040000016597332,Unconstrained
0.1370999998471234,Unconstrained
0.13639999997394625,Unconstrained
0.12689999994108803,Unconstrained
0.13169999965612078,Unconstrained
0.1283999999941443,Unconstrained
0.130899999930989,Unconstrained
0.1260999997612089,Unconstrained
0.132200000280136,Unconstrained
0.1320000001214794,Unconstrained
0.1403000001118926,Unconstrained
0.1270999996449973,Unconstrained
0.13720000015382539,Unconstrained
0.13159999980416615,Unconstrained
0.13070000022707973,Unconstrained
0.24450000000797445,Unconstrained
0.13159999980416615,Unconstrained
0.48079999987749034,Unconstrained
0.13219999982538866,Unconstrained
0.13140000010025688,Unconstrained
0.16260000029433286,Unconstrained
0.13250000029074727,Unconstrained
0.1695000000836444,Unconstrained
0.13249999983599992,Unconstrained
0.12610000021595624,Unconstrained
0.1314999999522115,Unconstrained
0.1407999998264131,Unconstrained
0.20300000005590846,Unconstrained
0.13790000002700253,Unconstrained
0.13330000001587905,Unconstrained
0.13139999964550952,Unconstrained
0.13239999998404528,Unconstrained
0.1253000000360771,Unconstrained
0.13239999998404528,Unconstrained
0.14770000007047202,Unconstrained
0.13140000010025688,Unconstrained
0.13100000023769098,Unconstrained
0.13099999978294363,Unconstrained
0.13179999996282277,Unconstrained
0.14460000011240481,Unconstrained
0.12650000007852213,Unconstrained
0.14039999996384722,Unconstrained
0.13059999992037774,Unconstrained
0.13159999980416615,Unconstrained
0.13989999979457934,Unconstrained
0.13159999980416615,Unconstrained
0.13009999975110986,Unconstrained
0.13859999990017968,Unconstrained
0.1254000003427791,Unconstrained
0.12549999973998638,Unconstrained
0.39149999975052197,Unconstrained
0.18290000025444897,Unconstrained
0.37689999999201973,Unconstrained
0.3381999999874097,Unconstrained
0.16249999998763087,Unconstrained
0.2515999999559426,Unconstrained
0.3067000002374698,Unconstrained
0.2079000000776432,Unconstrained
0.13549999994211248,Unconstrained
0.15979999989212956,Unconstrained
0.37130000009710784,Unconstrained
0.11189999986527255,Unconstrained
0.1384000001962704,Unconstrained
0.30160000005707843,Unconstrained
0.09960000033970573,Unconstrained
0.22869999975227984,Unconstrained
0.10320000001229346,Unconstrained
0.1042999997480365,Unconstrained
0.10789999987537158,Unconstrained
0.10510000038266298,Unconstrained
0.10760000031950767,Unconstrained
0.10399999973742524,Unconstrained
0.10479999991730438,Unconstrained
0.10370000018156134,Unconstrained
0.1822999997784791,Unconstrained
0.10470000006534974,Unconstrained
0.12100000003556488,Unconstrained
0.10440000005473848,Unconstrained
0.10350000002290471,Unconstrained
0.10669999983292655,Unconstrained
0.10479999991730438,Unconstrained
0.1046000002133951,Unconstrained
0.10440000005473848,Unconstrained
0.11100000028818613,Unconstrained
0.10510000038266298,Unconstrained
0.11060000042562024,Unconstrained
0.10309999970559147,Unconstrained
0.1968999999917287,Unconstrained
0.11540000014065299,Unconstrained
0.1059999999597494,Unconstrained
0.10090000023410539,Unconstrained
0.10049999991679215,Unconstrained
0.09759999966263422,Unconstrained
0.09810000028664945,Unconstrained
0.10900000006586197,Unconstrained
0.09760000011738157,Unconstrained
0.11220000033063116,Unconstrained
0.09839999984251335,Unconstrained
0.14060000012250384,Unconstrained
0.09739999995872495,Unconstrained
0.09780000027603819,Unconstrained
0.09899999986373587,Unconstrained
0.09869999985312461,Unconstrained
0.09860000000116997,Unconstrained
0.09659999977884581,Unconstrained
0.15910000001895241,Unconstrained
0.09789999967324547,Unconstrained
0.09739999995872495,Unconstrained
0.10139999994862592,Unconstrained
0.09890000001178123,Unconstrained
0.10090000023410539,Unconstrained
0.10320000001229346,Unconstrained
0.10059999976874678,Unconstrained
0.09730000010677031,Unconstrained
0.1571000002513756,Unconstrained
0.0976999999693362,Unconstrained
0.17490000027464703,Unconstrained
0.10820000034073018,Unconstrained
0.09799999997994746,Unconstrained
0.11399999993955134,Unconstrained
0.0974000004134723,Unconstrained
0.09929999987434712,Unconstrained
0.10279999969498022,Unconstrained
0.09820000013860408,Unconstrained
0.099800000043615,Unconstrained
0.09829999999055872,Unconstrained
0.09869999985312461,Unconstrained
0.09860000000116997,Unconstrained
0.1505999998698826,Unconstrained
0.10479999991730438,Unconstrained
0.09829999999055872,Unconstrained
0.099800000043615,Unconstrained
0.10259999999107094,Unconstrained
0.1121999998758838,Unconstrained
0.10170000041398453,Unconstrained
0.10199999996984843,Unconstrained
0.10180000026593916,Unconstrained
0.09739999995872495,Unconstrained
0.09720000025481568,Unconstrained
0.158100000135164,Unconstrained
0.09940000018104911,Unconstrained
0.0967000000855478,Unconstrained
0.10049999991679215,Unconstrained
0.09869999985312461,Unconstrained
0.15410000014526304,Unconstrained
0.09839999984251335,Unconstrained
0.19569999994928367,Unconstrained
0.24200000007112976,Unconstrained
0.4598000000441971,Unconstrained
0.4418000003170164,Unconstrained
0.12180000021544402,Unconstrained
0.4506000000219501,Unconstrained
0.44649999972534715,Unconstrained
0.24120000034599798,Unconstrained
0.4745000001094013,Unconstrained
0.409399999625748,Unconstrained
0.23359999977401458,Unconstrained
0.1422999998794694,Unconstrained
0.31399999988934724,Unconstrained
0.32179999971049256,Unconstrained
0.32429999964733724,Unconstrained
0.29230000018287683,Unconstrained
0.26579999985187897,Unconstrained
0.29729999960181885,Unconstrained
0.3100999997514009,Unconstrained
0.329199999669072,Unconstrained
0.3388000000086322,Unconstrained
0.30810000043857144,Unconstrained
0.2609000002848916,Unconstrained
0.2230000000054133,Unconstrained
0.3707000000758853,Unconstrained
0.23060000012264936,Unconstrained
0.2864000002773537,Unconstrained
0.1646999999138643,Unconstrained
0.27769999996962724,Unconstrained
0.2451999998811516,Unconstrained
0.2696999999898253,Unconstrained
0.31430000035470584,Unconstrained
0.3604000003178953,Unconstrained
0.2262000002701825,Unconstrained
0.3424999999879219,Unconstrained
0.2681000000848144,Unconstrained
0.22330000001602457,Unconstrained
0.2959999997074192,Unconstrained
0.27499999987412593,Unconstrained
0.31260000014299294,Unconstrained
0.2801000000545173,Unconstrained
0.2488999998604413,Unconstrained
0.2668000001904147,Unconstrained
0.3027000002475688,Unconstrained
0.2961000000141212,Unconstrained
0.2235000001746812,Unconstrained
0.251399999797286,Unconstrained
0.10299999985363684,Unconstrained
0.09749999981067958,Unconstrained
0.099800000043615,Unconstrained
0.09749999981067958,Unconstrained
0.15079999957379187,Unconstrained
0.10220000012850505,Unconstrained
0.09739999995872495,Unconstrained
0.09890000001178123,Unconstrained
0.09940000018104911,Unconstrained
0.0984000002972607,Unconstrained
0.09899999986373587,Unconstrained
0.14989999999670545,Unconstrained
0.09810000028664945,Unconstrained
0.09839999984251335,Unconstrained
0.09950000003300374,Unconstrained
0.10000000020227162,Unconstrained
0.1474999999118154,Unconstrained
0.10449999990669312,Unconstrained
0.17009999965011957,Unconstrained
0.09910000017043785,Unconstrained
0.09829999999055872,Unconstrained
0.10920000022451859,Unconstrained
0.09820000013860408,Unconstrained
0.16340000001946464,Unconstrained
0.1038999998854706,Unconstrained
0.1818999999159132,Unconstrained
0.2343999999538937,Unconstrained
0.3741999998965184,Unconstrained
0.12250000008862116,Unconstrained
0.17179999986183248,Unconstrained
0.10019999990618089,Unconstrained
0.12749999996231054,Unconstrained
0.099800000043615,Unconstrained
0.09899999986373587,Unconstrained
0.09850000014921534,Unconstrained
0.09959999988495838,Unconstrained
0.09940000018104911,Unconstrained
0.09839999984251335,Unconstrained
0.1038999998854706,Unconstrained
0.09910000017043785,Unconstrained
0.09890000001178123,Unconstrained
0.6258999997044157,Unconstrained
0.09919999956764514,Unconstrained
0.09849999969446799,Unconstrained
0.09849999969446799,Unconstrained
0.09940000018104911,Unconstrained
0.09899999986373587,Unconstrained
0.10049999991679215,Unconstrained
0.09950000003300374,Unconstrained
0.10160000010728254,Unconstrained
0.1029000000016822,Unconstrained
0.09899999986373587,Unconstrained
0.22989999979472486,Unconstrained
0.09920000002239249,Unconstrained
0.09910000017043785,Unconstrained
0.10029999975813553,Unconstrained
0.1596000001882203,Unconstrained
0.09900000031848322,Unconstrained
0.19720000000233995,Unconstrained
0.09849999969446799,Unconstrained
0.1548000000184402,Unconstrained
0.09739999995872495,Unconstrained
0.11300000005576294,Unconstrained
0.09910000017043785,Unconstrained
0.10089999977935804,Unconstrained
0.09939999972630176,Unconstrained
0.11099999983343878,Unconstrained
0.17019999995682156,Unconstrained
0.11790000007749768,Unconstrained
0.09939999972630176,Unconstrained
0.23610000016560662,Unconstrained
0.11140000015075202,Unconstrained
0.13690000014321413,Unconstrained
0.10040000006483751,Unconstrained
0.3569000000425149,Unconstrained
0.232000000323751,Unconstrained
0.10330000031899544,Unconstrained
0.0980999998319021,Unconstrained
0.361700000212295,Unconstrained
0.1747000001159904,Unconstrained
0.2260999999634805,Unconstrained
0.36630000022341846,Unconstrained
0.17090000028474606,Unconstrained
0.3027000002475688,Unconstrained
0.09899999986373587,Unconstrained
0.10049999991679215,Unconstrained
0.09829999999055872,Unconstrained
0.10419999989608186,Unconstrained
0.10350000002290471,Unconstrained
0.12479999986680923,Unconstrained
0.3609999998843705,Unconstrained
0.09850000014921534,Unconstrained
0.09780000027603819,Unconstrained
0.10069999962070142,Unconstrained
0.11169999970661593,Unconstrained
0.09900000031848322,Unconstrained
0.09829999999055872,Unconstrained
0.09829999999055872,Unconstrained
0.09749999981067958,Unconstrained
0.10139999994862592,Unconstrained
0.10789999987537158,Unconstrained
0.18359999967287877,Unconstrained
0.10139999994862592,Unconstrained
0.11260000019319705,Unconstrained
0.1042999997480365,Unconstrained
0.16769999956522952,Unconstrained
0.0988000001598266,Unconstrained
0.16039999991335208,Unconstrained
0.09820000013860408,Unconstrained
0.09790000012799283,Unconstrained
0.09799999997994746,Unconstrained
0.09850000014921534,Unconstrained
0.0976999999693362,Unconstrained
0.09869999985312461,Unconstrained
0.09810000028664945,Unconstrained
0.09790000012799283,Unconstrained
0.09790000012799283,Unconstrained
0.12500000002546585,Unconstrained
0.09799999997994746,Unconstrained
0.09799999997994746,Unconstrained
0.10310000016033882,Unconstrained
0.11309999990771757,Unconstrained
0.09810000028664945,Unconstrained
0.09959999988495838,Unconstrained
0.10330000031899544,Unconstrained
0.0974000004134723,Unconstrained
0.12179999976069666,Unconstrained
0.12610000021595624,Unconstrained
0.18790000012813834,Unconstrained
0.09790000012799283,Unconstrained
0.15929999972286168,Unconstrained
0.37639999982275185,Unconstrained
0.18929999987449264,Unconstrained
0.10440000005473848,Unconstrained
0.13100000023769098,Unconstrained
0.3185999999004707,Unconstrained
0.16009999990274082,Unconstrained
0.3391999998711981,Unconstrained
0.20989999984522,Unconstrained
0.09990000035031699,Unconstrained
0.10109999993801466,Unconstrained
0.09920000002239249,Unconstrained
0.15260000009220676,Unconstrained
0.11959999983446323,Unconstrained
0.3815000000031432,Unconstrained
0.44759999991583754,Unconstrained
0.12220000007800991,Unconstrained
0.16649999997753184,Unconstrained
0.09860000000116997,Unconstrained
0.0976999999693362,Unconstrained
0.0980999998319021,Unconstrained
0.0976999999693362,Unconstrained
0.11549999999260763,Unconstrained
0.10130000009667128,Unconstrained
0.10120000024471665,Unconstrained
0.10239999983241432,Unconstrained
0.09849999969446799,Unconstrained
0.16749999986132025,Unconstrained
0.11180000001331791,Unconstrained
0.10780000002341694,Unconstrained
0.09690000024420442,Unconstrained
0.1046000002133951,Unconstrained
0.09759999966263422,Unconstrained
0.11260000019319705,Unconstrained
0.0984000002972607,Unconstrained
0.11380000023564207,Unconstrained
0.0984000002972607,Unconstrained
0.10740000016085105,Unconstrained
0.251500000103988,Unconstrained
0.0980999998319021,Unconstrained
0.0984000002972607,Unconstrained
0.09799999997994746,Unconstrained
0.09850000014921534,Unconstrained
0.09829999999055872,Unconstrained
0.09829999999055872,Unconstrained
0.0988000001598266,Unconstrained
0.0976999999693362,Unconstrained
0.0984000002972607,Unconstrained
0.1081000000340282,Unconstrained
0.1081000000340282,Unconstrained
0.0984000002972607,Unconstrained
0.10370000018156134,Unconstrained
0.09940000018104911,Unconstrained
0.10210000027655042,Unconstrained
0.1021999996737577,Unconstrained
0.09869999985312461,Unconstrained
0.10279999969498022,Unconstrained
0.09839999984251335,Unconstrained
0.09759999966263422,Unconstrained
0.1059999999597494,Unconstrained
0.10470000006534974,Unconstrained
0.09839999984251335,Unconstrained
0.105000000075961,Unconstrained
0.09960000033970573,Unconstrained
0.11869999980262946,Unconstrained
0.10509999992791563,Unconstrained
0.0976999999693362,Unconstrained
0.10769999971671496,Unconstrained
0.09709999994811369,Unconstrained
0.0976999999693362,Unconstrained
0.09899999986373587,Unconstrained
0.10159999965253519,Unconstrained
0.1046000002133951,Unconstrained
0.10179999981119181,Unconstrained
0.11480000011943048,Unconstrained
0.09920000002239249,Unconstrained
0.0988000001598266,Unconstrained
0.09789999967324547,Unconstrained
0.4208000000289758,Unconstrained
0.09839999984251335,Unconstrained
0.09890000001178123,Unconstrained
0.09760000011738157,Unconstrained
0.0976999999693362,Unconstrained
0.09730000010677031,Unconstrained
0.09820000013860408,Unconstrained
0.09799999997994746,Unconstrained
0.09750000026542693,Unconstrained
0.09869999985312461,Unconstrained
0.09890000001178123,Unconstrained
0.09799999997994746,Unconstrained
0.10109999993801466,Unconstrained
0.09850000014921534,Unconstrained
0.11549999999260763,Unconstrained
0.09799999997994746,Unconstrained
0.10130000009667128,Unconstrained
0.0980999998319021,Unconstrained
0.10930000007647322,Unconstrained
0.12500000002546585,Unconstrained
0.12550000019473373,Unconstrained
0.1262999999198655,Unconstrained
0.1419000000169035,Unconstrained
0.18150000005334732,Unconstrained
0.11450000010881922,Unconstrained
0.17939999997906853,Unconstrained
0.09929999987434712,Unconstrained
0.1563999999234511,Unconstrained
0.09799999997994746,Unconstrained
0.19139999994877144,Unconstrained
0.09839999984251335,Unconstrained
0.10100000008606003,Unconstrained
0.09790000012799283,Unconstrained
0.12400000014167745,Unconstrained
0.099800000043615,Unconstrained
0.09780000027603819,Unconstrained
0.09879999970507924,Unconstrained
0.09899999986373587,Unconstrained
0.10199999996984843,Unconstrained
0.10149999980058055,Unconstrained
0.09810000028664945,Unconstrained
0.09930000032909447,Unconstrained
0.09799999997994746,Unconstrained
0.09799999997994746,Unconstrained
0.09829999999055872,Unconstrained
0.11930000027859933,Unconstrained
0.12130000004617614,Unconstrained
0.125699999898643,Unconstrained
0.18989999989571515,Unconstrained
0.4283000002942572,Unconstrained
0.3455000000940345,Unconstrained
0.3602000001592387,Unconstrained
0.1225999999405758,Unconstrained
0.09910000017043785,Unconstrained
0.09890000001178123,Unconstrained
0.10590000010779477,Unconstrained
0.09950000003300374,Unconstrained
0.105000000075961,Unconstrained
0.11379999978089472,Unconstrained
0.12899999956061947,Unconstrained
0.09940000018104911,Unconstrained
0.2542000001994893,Unconstrained
0.1704999999674328,Unconstrained
0.1422999998794694,Unconstrained
0.12770000012096716,Unconstrained
0.09950000003300374,Unconstrained
0.099800000043615,Unconstrained
0.10430000020278385,Unconstrained
0.1698999999462103,Unconstrained
0.10720000000219443,Unconstrained
0.16900000036912388,Unconstrained
0.10169999995923718,Unconstrained
0.17180000031657983,Unconstrained
0.10019999990618089,Unconstrained
0.1063999998223153,Unconstrained
0.1088000003619527,Unconstrained
0.10130000009667128,Unconstrained
0.10900000006586197,Unconstrained
0.11180000001331791,Unconstrained
0.11220000033063116,Unconstrained
0.09850000014921534,Unconstrained
0.09949999957825639,Unconstrained
0.09860000000116997,Unconstrained
0.0988000001598266,Unconstrained
0.10989999964294839,Unconstrained
0.240999999732594,Unconstrained
0.1419000000169035,Unconstrained
0.3401999997549865,Unconstrained
0.3457999996498984,Unconstrained
0.33119999989139615,Unconstrained
0.4536000001280627,Unconstrained
0.24210000037783175,Unconstrained
0.3584999999475258,Unconstrained
0.26640000032784883,Unconstrained
0.23400000009132782,Unconstrained
0.2393999998275831,Unconstrained
0.1968999999917287,Unconstrained
0.23540000029242947,Unconstrained
0.13239999998404528,Unconstrained
0.11210000002392917,Unconstrained
0.35790000038105063,Unconstrained
0.23580000015499536,Unconstrained
0.15260000009220676,Unconstrained
0.1971000001503853,Unconstrained
0.1947999999174499,Unconstrained
0.22139999964565504,Unconstrained
0.3661999999167165,Unconstrained
0.2799999997478153,Unconstrained
0.16239999968092889,Unconstrained
0.39449999985663453,Unconstrained
0.105000000075961,Unconstrained
0.0984000002972607,Unconstrained
0.09869999985312461,Unconstrained
0.09920000002239249,Unconstrained
0.09860000000116997,Unconstrained
0.09869999985312461,Unconstrained
0.09890000001178123,Unconstrained
0.09839999984251335,Unconstrained
0.09890000001178123,Unconstrained
0.0980999998319021,Unconstrained
0.1042999997480365,Unconstrained
0.21729999980379944,Unconstrained
0.10209999982180307,Unconstrained
0.10030000021288288,Unconstrained
0.09779999982129084,Unconstrained
0.09829999999055872,Unconstrained
0.09799999997994746,Unconstrained
0.0988000001598266,Unconstrained
0.09929999987434712,Unconstrained
0.09829999999055872,Unconstrained
0.12040000001434237,Unconstrained
0.12130000004617614,Unconstrained
0.20329999961177236,Unconstrained
0.13029999990976648,Unconstrained
0.11769999991884106,Unconstrained
0.11679999988700729,Unconstrained
0.12109999988751952,Unconstrained
0.1999999999497959,Unconstrained
0.1243000001522887,Unconstrained
0.20180000001346343,Unconstrained
0.15729999995528487,Unconstrained
0.11059999997087289,Unconstrained
0.2347999998164596,Unconstrained
0.1646999999138643,Unconstrained
0.10459999975864775,Unconstrained
0.38429999995059916,Unconstrained
0.4092999997737934,Unconstrained
0.1695000000836444,Unconstrained
0.09900000031848322,Unconstrained
0.09860000000116997,Unconstrained
0.0988000001598266,Unconstrained
0.11369999992894009,Unconstrained
0.13159999980416615,Unconstrained
0.14270000019678264,Unconstrained
0.1382000000376138,Unconstrained
0.22050000006856862,Unconstrained
0.19029999975828105,Unconstrained
0.14000000010128133,Unconstrained
0.125699999898643,Unconstrained
0.1250999998774205,Unconstrained
0.12550000019473373,Unconstrained
0.12719999995169928,Unconstrained
0.130899999930989,Unconstrained
0.13230000013209064,Unconstrained
0.20009999980175053,Unconstrained
0.1291000003220688,Unconstrained
0.13059999992037774,Unconstrained
0.13059999992037774,Unconstrained
0.12710000009974465,Unconstrained
0.19000000020241714,Unconstrained
0.12660000038522412,Unconstrained
0.15590000020893058,Unconstrained
0.13110000008964562,Unconstrained
0.12650000007852213,Unconstrained
0.1262999999198655,Unconstrained
0.1351000000795466,Unconstrained
0.24260000009235227,Unconstrained
0.1260999997612089,Unconstrained
0.1320000001214794,Unconstrained
0.12670000023717876,Unconstrained
0.12659999993047677,Unconstrained
0.21419999984573224,Unconstrained
0.12900000001536682,Unconstrained
0.13829999988956843,Unconstrained
0.1260999997612089,Unconstrained
0.14149999969959026,Unconstrained
0.13179999996282277,Unconstrained
0.12659999993047677,Unconstrained
0.1330000000052678,Unconstrained
0.13159999980416615,Unconstrained
0.15470000016648555,Unconstrained
0.13230000013209064,Unconstrained
0.1283999999941443,Unconstrained
0.13230000013209064,Unconstrained
0.1262999999198655,Unconstrained
0.1916999999593827,Unconstrained
0.12630000037461286,Unconstrained
0.12960000003658934,Unconstrained
0.13349999971978832,Unconstrained
0.13269999999465654,Unconstrained
0.23880000026110793,Unconstrained
0.20110000014028628,Unconstrained
0.1314999999522115,Unconstrained
0.14060000012250384,Unconstrained
0.13269999999465654,Unconstrained
0.1266999997824314,Unconstrained
0.13209999997343402,Unconstrained
0.25629999981902074,Unconstrained
0.12759999981426517,Unconstrained
0.13269999999465654,Unconstrained
0.130899999930989,Unconstrained
0.12590000005729962,Unconstrained
0.17019999995682156,Unconstrained
0.1268000000891334,Unconstrained
0.13309999985722243,Unconstrained
0.14029999965714524,Unconstrained
0.12689999994108803,Unconstrained
0.15320000011342927,Unconstrained
0.12949999972988735,Unconstrained
0.13969999963592272,Unconstrained
0.12920000017402344,Unconstrained
0.14729999975315877,Unconstrained
0.13070000022707973,Unconstrained
0.13090000038573635,Unconstrained
0.15189999976428226,Unconstrained
0.125800000205345,Unconstrained
0.14969999983804883,Unconstrained
0.125800000205345,Unconstrained
0.13230000013209064,Unconstrained
0.13209999997343402,Unconstrained
0.12659999993047677,Unconstrained
0.2085000000988657,Unconstrained
0.13239999998404528,Unconstrained
0.13739999985773466,Unconstrained
0.1405999996677565,Unconstrained
0.1382000000376138,Unconstrained
0.2131000001099892,Unconstrained
0.14060000012250384,Unconstrained
0.13080000007903436,Unconstrained
0.13730000000578002,Unconstrained
0.1312999997935549,Unconstrained
0.13109999963489827,Unconstrained
0.12659999993047677,Unconstrained
0.200900000436377,Unconstrained
0.1299000000472006,Unconstrained
0.12199999991935329,Unconstrained
0.1253000000360771,Unconstrained
0.12610000021595624,Unconstrained
0.21880000031160307,Unconstrained
0.13059999992037774,Unconstrained
0.13590000025942572,Unconstrained
0.13730000000578002,Unconstrained
0.13100000023769098,Unconstrained
0.1422999998794694,Unconstrained
0.13829999988956843,Unconstrained
0.2065999997284962,Unconstrained
0.09820000013860408,Unconstrained
0.17430000025342451,Unconstrained
0.0988000001598266,Unconstrained
0.09739999995872495,Unconstrained
0.09950000003300374,Unconstrained
0.09850000014921534,Unconstrained
0.17750000006344635,Unconstrained
0.10520000023461762,Unconstrained
0.10380000003351597,Unconstrained
0.10199999996984843,Unconstrained
0.10550000024522888,Unconstrained
0.24649999977555126,Unconstrained
0.17459999980928842,Unconstrained
0.305800000205636,Unconstrained
0.22919999992154771,Unconstrained
0.12830000014218967,Unconstrained
0.19649999967441545,Unconstrained
0.21490000017365674,Unconstrained
0.13249999983599992,Unconstrained
0.10259999999107094,Unconstrained
0.2656000001479697,Unconstrained
0.16730000015741098,Unconstrained
0.09930000032909447,Unconstrained
0.20279999989725184,Unconstrained
0.09930000032909447,Unconstrained
0.11549999999260763,Unconstrained
0.09920000002239249,Unconstrained
0.09829999999055872,Unconstrained
0.09850000014921534,Unconstrained
0.0980999998319021,Unconstrained
0.1038999998854706,Unconstrained
0.09789999967324547,Unconstrained
0.10440000005473848,Unconstrained
0.09760000011738157,Unconstrained
0.10049999991679215,Unconstrained
0.09950000003300374,Unconstrained
0.15729999995528487,Unconstrained
0.09910000017043785,Unconstrained
0.13059999992037774,Unconstrained
0.1434000000699598,Unconstrained
0.220400000216614,Unconstrained
0.1451000002816727,Unconstrained
0.2963999995699851,Unconstrained
0.36709999994855025,Unconstrained
0.2013000002989429,Unconstrained
0.41329999976369436,Unconstrained
0.11889999996128608,Unconstrained
0.6662999999207386,Unconstrained
0.2921000000242202,Unconstrained
0.12080000033165561,Unconstrained
0.09829999999055872,Unconstrained
0.09839999984251335,Unconstrained
0.1011999997899693,Unconstrained
0.0984000002972607,Unconstrained
0.10060000022349413,Unconstrained
0.17179999986183248,Unconstrained
0.23710000004939502,Unconstrained
0.09950000003300374,Unconstrained
0.09900000031848322,Unconstrained
0.09920000002239249,Unconstrained
0.0988000001598266,Unconstrained
0.13209999997343402,Unconstrained
0.09829999999055872,Unconstrained
0.12000000015177648,Unconstrained
0.10160000010728254,Unconstrained
0.10840000004463946,Unconstrained
0.09969999973691301,Unconstrained
0.11919999997189734,Unconstrained
0.12579999975059764,Unconstrained
0.18630000022312743,Unconstrained
0.09739999995872495,Unconstrained
0.0976999999693362,Unconstrained
0.099800000043615,Unconstrained
0.10750000001280569,Unconstrained
0.11570000015126425,Unconstrained
0.09799999997994746,Unconstrained
0.11909999966519536,Unconstrained
0.09910000017043785,Unconstrained
0.09860000000116997,Unconstrained
0.10449999990669312,Unconstrained
0.10120000024471665,Unconstrained
0.09829999999055872,Unconstrained
0.09899999986373587,Unconstrained
0.1692999999249878,Unconstrained
0.0980999998319021,Unconstrained
0.11289999974906095,Unconstrained
0.10040000006483751,Unconstrained
0.10139999994862592,Unconstrained
0.09959999988495838,Unconstrained
0.09839999984251335,Unconstrained
0.10269999984302558,Unconstrained
0.09979999958886765,Unconstrained
0.09829999999055872,Unconstrained
0.1094999997803825,Unconstrained
0.10509999992791563,Unconstrained
0.10309999970559147,Unconstrained
0.09850000014921534,Unconstrained
0.14210000017556013,Unconstrained
0.09860000000116997,Unconstrained
0.09869999985312461,Unconstrained
0.10720000000219443,Unconstrained
0.09950000003300374,Unconstrained
0.1121999998758838,Unconstrained
0.09899999986373587,Unconstrained
0.13889999991079094,Unconstrained
0.09829999999055872,Unconstrained
0.09819999968385673,Unconstrained
0.09799999997994746,Unconstrained
0.09879999970507924,Unconstrained
0.10740000016085105,Unconstrained
0.10130000009667128,Unconstrained
0.17799999977796688,Unconstrained
0.09900000031848322,Unconstrained
0.0984000002972607,Unconstrained
0.09790000012799283,Unconstrained
0.09839999984251335,Unconstrained
0.09890000001178123,Unconstrained
0.09910000017043785,Unconstrained
0.1772000000528351,Unconstrained
0.09860000000116997,Unconstrained
0.09850000014921534,Unconstrained
0.09920000002239249,Unconstrained
0.09829999999055872,Unconstrained
0.09799999997994746,Unconstrained
0.09779999982129084,Unconstrained
0.1005000003715395,Unconstrained
0.1038999998854706,Unconstrained
0.09739999995872495,Unconstrained
0.09970000019166037,Unconstrained
0.0976999999693362,Unconstrained
0.1005000003715395,Unconstrained
0.09800000043469481,Unconstrained
0.09850000014921534,Unconstrained
0.12490000017351122,Unconstrained
0.10459999975864775,Unconstrained
0.09860000000116997,Unconstrained
0.09850000014921534,Unconstrained
0.1764999997249106,Unconstrained
0.099800000043615,Unconstrained
0.09690000024420442,Unconstrained
0.09780000027603819,Unconstrained
0.09779999982129084,Unconstrained
0.11379999978089472,Unconstrained
0.09750000026542693,Unconstrained
0.10090000023410539,Unconstrained
0.1032999998642481,Unconstrained
0.0984000002972607,Unconstrained
0.09799999997994746,Unconstrained
0.0976999999693362,Unconstrained
0.10509999992791563,Unconstrained
0.09820000013860408,Unconstrained
0.10459999975864775,Unconstrained
0.10689999999158317,Unconstrained
0.09819999968385673,Unconstrained
0.10199999996984843,Unconstrained
0.09810000028664945,Unconstrained
0.1661999999669206,Unconstrained
0.09760000011738157,Unconstrained
0.09779999982129084,Unconstrained
0.09890000001178123,Unconstrained
0.09660000023359316,Unconstrained
0.1007999999274034,Unconstrained
0.09749999981067958,Unconstrained
0.15070000017658458,Unconstrained
0.09800000043469481,Unconstrained
0.09730000010677031,Unconstrained
0.09999999974752427,Unconstrained
0.09739999995872495,Unconstrained
0.1019000001178938,Unconstrained
0.09790000012799283,Unconstrained
0.0976999999693362,Unconstrained
0.09779999982129084,Unconstrained
0.09799999997994746,Unconstrained
0.09839999984251335,Unconstrained
0.10169999995923718,Unconstrained
0.09970000019166037,Unconstrained
0.10680000013962854,Unconstrained
0.11769999991884106,Unconstrained
0.10410000004412723,Unconstrained
0.10090000023410539,Unconstrained
0.10470000006534974,Unconstrained
0.09989999989556964,Unconstrained
0.10220000012850505,Unconstrained
0.10449999990669312,Unconstrained
0.10020000036092824,Unconstrained
0.10470000006534974,Unconstrained
0.15859999984968454,Unconstrained
0.1121999998758838,Unconstrained
0.09790000012799283,Unconstrained
0.10239999983241432,Unconstrained
0.11080000012952951,Unconstrained
0.11399999993955134,Unconstrained
0.09779999982129084,Unconstrained
0.09890000001178123,Unconstrained
0.0969999996414117,Unconstrained
0.11899999981324072,Unconstrained
0.09810000028664945,Unconstrained
0.09700000009615906,Unconstrained
0.23620000001756125,Unconstrained
0.23310000005949405,Unconstrained
0.12920000017402344,Unconstrained
0.1443999999537482,Unconstrained
0.09689999978945707,Unconstrained
0.18559999989520293,Unconstrained
0.09790000012799283,Unconstrained
0.099800000043615,Unconstrained
0.09860000000116997,Unconstrained
0.21639999977196567,Unconstrained
0.09689999978945707,Unconstrained
0.0988000001598266,Unconstrained
0.10340000017095008,Unconstrained
0.10569999994913815,Unconstrained
0.09849999969446799,Unconstrained
0.11979999999311985,Unconstrained
0.16479999976581894,Unconstrained
0.10939999992842786,Unconstrained
0.1366999999845575,Unconstrained
0.09800000043469481,Unconstrained
0.1718999997137871,Unconstrained
0.2598000000944012,Unconstrained
0.10269999984302558,Unconstrained
0.1007999999274034,Unconstrained
0.12289999995118706,Unconstrained
0.13219999982538866,Unconstrained
0.11189999986527255,Unconstrained
0.1011999997899693,Unconstrained
0.09730000010677031,Unconstrained
0.10699999984353781,Unconstrained
0.1253000000360771,Unconstrained
0.13020000005781185,Unconstrained
0.13249999983599992,Unconstrained
0.1876000001175271,Unconstrained
0.11589999985517352,Unconstrained
0.16700000014679972,Unconstrained
0.10380000003351597,Unconstrained
0.1959000001079403,Unconstrained
0.10070000007544877,Unconstrained
0.12130000004617614,Unconstrained
0.10059999976874678,Unconstrained
0.10380000003351597,Unconstrained
0.09860000000116997,Unconstrained
0.09930000032909447,Unconstrained
0.10520000023461762,Unconstrained
0.0990999997156905,Unconstrained
0.10340000017095008,Unconstrained
0.11570000015126425,Unconstrained
0.25860000005195616,Unconstrained
0.10160000010728254,Unconstrained
0.10399999973742524,Unconstrained
0.09730000010677031,Unconstrained
0.09900000031848322,Unconstrained
0.10629999997036066,Unconstrained
0.11249999988649506,Unconstrained
0.09820000013860408,Unconstrained
0.099800000043615,Unconstrained
0.1007999999274034,Unconstrained
0.09810000028664945,Unconstrained
0.09760000011738157,Unconstrained
0.09750000026542693,Unconstrained
0.11510000013004174,Unconstrained
0.09879999970507924,Unconstrained
0.10070000007544877,Unconstrained
0.19049999991693767,Unconstrained
0.10759999986476032,Unconstrained
0.16959999993559904,Unconstrained
0.10959999963233713,Unconstrained
0.10969999993903912,Unconstrained
0.09820000013860408,Unconstrained
0.09899999986373587,Unconstrained
0.09860000000116997,Unconstrained
0.10800000018207356,Unconstrained
0.09739999995872495,Unconstrained
0.09799999997994746,Unconstrained
0.0976999999693362,Unconstrained
0.09940000018104911,Unconstrained
0.11210000002392917,Unconstrained
0.09789999967324547,Unconstrained
0.09820000013860408,Unconstrained
0.09869999985312461,Unconstrained
0.10939999992842786,Unconstrained
0.11249999988649506,Unconstrained
0.14939999982743757,Unconstrained
0.09860000000116997,Unconstrained
0.23210000017570565,Unconstrained
0.10350000002290471,Unconstrained
0.22989999979472486,Unconstrained
0.2403000003141642,Unconstrained
0.2420999999230844,Unconstrained
0.34500000037951395,Unconstrained
0.10309999970559147,Unconstrained
0.13829999988956843,Unconstrained
0.15720000010333024,Unconstrained
0.10660000043571927,Unconstrained
0.15870000015638652,Unconstrained
0.12980000019524596,Unconstrained
0.09920000002239249,Unconstrained
0.10000000020227162,Unconstrained
0.10210000027655042,Unconstrained
0.11499999982333975,Unconstrained
0.1019000001178938,Unconstrained
0.1042999997480365,Unconstrained
0.1036000003296067,Unconstrained
0.11029999996026163,Unconstrained
0.23969999983819434,Unconstrained
0.09829999999055872,Unconstrained
0.18850000014936086,Unconstrained
0.09940000018104911,Unconstrained
0.15780000012455275,Unconstrained
0.16749999986132025,Unconstrained
0.27399999999033753,Unconstrained
0.11670000003505265,Unconstrained
0.13390000003710156,Unconstrained
0.12129999959142879,Unconstrained
0.09920000002239249,Unconstrained
0.09910000017043785,Unconstrained
0.09860000000116997,Unconstrained
0.14099999998506973,Unconstrained
0.09910000017043785,Unconstrained
0.09820000013860408,Unconstrained
0.09820000013860408,Unconstrained
0.09960000033970573,Unconstrained
0.09889999955703388,Unconstrained
0.14750000036656274,Unconstrained
0.09869999985312461,Unconstrained
0.10209999982180307,Unconstrained
0.09989999989556964,Unconstrained
0.09900000031848322,Unconstrained
0.09870000030787196,Unconstrained
0.0988000001598266,Unconstrained
0.10380000003351597,Unconstrained
0.10709999969549244,Unconstrained
0.0988000001598266,Unconstrained
0.09879999970507924,Unconstrained
0.0984000002972607,Unconstrained
0.09820000013860408,Unconstrained
0.09820000013860408,Unconstrained
0.10220000012850505,Unconstrained
0.0984000002972607,Unconstrained
0.09989999989556964,Unconstrained
0.09899999986373587,Unconstrained
0.0990999997156905,Unconstrained
0.09760000011738157,Unconstrained
0.14989999999670545,Unconstrained
0.22269999999480206,Unconstrained
0.09819999968385673,Unconstrained
0.0984000002972607,Unconstrained
0.10610000026645139,Unconstrained
0.1803000000109023,Unconstrained
0.09989999989556964,Unconstrained
0.10239999983241432,Unconstrained
0.1077000001714623,Unconstrained
0.1661999999669206,Unconstrained
0.09970000019166037,Unconstrained
0.16179999965970637,Unconstrained
0.09799999997994746,Unconstrained
0.16510000023117755,Unconstrained
0.09950000003300374,Unconstrained
0.15530000018770806,Unconstrained
0.10000000020227162,Unconstrained
0.10310000016033882,Unconstrained
0.09970000019166037,Unconstrained
0.17389999993611127,Unconstrained
0.10040000006483751,Unconstrained
0.17320000006293412,Unconstrained
0.09849999969446799,Unconstrained
0.17219999972439837,Unconstrained
0.10089999977935804,Unconstrained
0.17489999981989968,Unconstrained
0.10349999956815736,Unconstrained
0.16039999991335208,Unconstrained
0.16279999999824213,Unconstrained
0.10280000014972757,Unconstrained
0.09850000014921534,Unconstrained
0.18389999968349002,Unconstrained
0.09870000030787196,Unconstrained
0.09970000019166037,Unconstrained
0.09849999969446799,Unconstrained
0.09829999999055872,Unconstrained
0.09779999982129084,Unconstrained
0.1554000000396627,Unconstrained
0.09930000032909447,Unconstrained
0.11080000012952951,Unconstrained
0.0980999998319021,Unconstrained
0.24950000033641118,Unconstrained
0.2488999998604413,Unconstrained
0.10799999972732621,Unconstrained
0.11409999979150598,Unconstrained
0.34120000009352225,Unconstrained
0.1666999996814411,Unconstrained
0.10400000019217259,Unconstrained
0.09899999986373587,Unconstrained
0.2583000000413449,Unconstrained
0.09910000017043785,Unconstrained
0.14879999980621506,Unconstrained
0.09940000018104911,Unconstrained
0.09940000018104911,Unconstrained
0.10410000004412723,Unconstrained
0.09989999989556964,Unconstrained
0.23289999990083743,Unconstrained
0.267100000201026,Unconstrained
0.24770000027274364,Unconstrained
0.4122000000279513,Unconstrained
0.3332000001137203,Unconstrained
0.32830000009198557,Unconstrained
0.25040000036824495,Unconstrained
0.2795000000332948,Unconstrained
0.22840000019641593,Unconstrained
0.24489999987054034,Unconstrained
0.23029999965729075,Unconstrained
0.2712000000428816,Unconstrained
0.11649999987639603,Unconstrained
0.39759999981470173,Unconstrained
0.23830000009184005,Unconstrained
0.11829999994006357,Unconstrained
0.3166000001328939,Unconstrained
0.32400000009147334,Unconstrained
0.29930000027889037,Unconstrained
0.24200000007112976,Unconstrained
0.4384000003483379,Unconstrained
0.2287000002070272,Unconstrained
0.2403000003141642,Unconstrained
0.25430000005144393,Unconstrained
0.2557000002525456,Unconstrained
0.23099999998521525,Unconstrained
0.2376000002186629,Unconstrained
0.23529999998572748,Unconstrained
0.09770000042408356,Unconstrained
0.19740000016099657,Unconstrained
0.13859999990017968,Unconstrained
0.09989999989556964,Unconstrained
0.1077000001714623,Unconstrained
0.15559999974357197,Unconstrained
0.09940000018104911,Unconstrained
0.10000000020227162,Unconstrained
0.0990999997156905,Unconstrained
0.14800000008108327,Unconstrained
0.11549999999260763,Unconstrained
0.11580000000321888,Unconstrained
0.10019999990618089,Unconstrained
0.18049999971481157,Unconstrained
0.2715999999054475,Unconstrained
0.11679999988700729,Unconstrained
0.10530000008657225,Unconstrained
0.10280000014972757,Unconstrained
0.09920000002239249,Unconstrained
0.10370000018156134,Unconstrained
0.15129999974305974,Unconstrained
0.3621000000748609,Unconstrained
0.3552000002855493,Unconstrained
0.2349000001231616,Unconstrained
0.5452000000332191,Unconstrained
0.2303000001120381,Unconstrained
0.1337000003331923,Unconstrained
0.11210000002392917,Unconstrained
0.325299999985873,Unconstrained
0.10000000020227162,Unconstrained
0.2818000002662302,Unconstrained
0.4386000000522472,Unconstrained
0.28880000036224374,Unconstrained
0.24229999962699367,Unconstrained
0.23719999990134966,Unconstrained
0.2782000001388951,Unconstrained
0.26630000002114684,Unconstrained
0.23819999978513806,Unconstrained
0.232000000323751,Unconstrained
0.23300000020753941,Unconstrained
0.16590000041105668,Unconstrained
0.22790000002714805,Unconstrained
0.24589999975432875,Unconstrained
0.24600000006103073,Unconstrained
0.11230000018258579,Unconstrained
0.23250000003827154,Unconstrained
0.4795999998350453,Unconstrained
0.439399999777379,Unconstrained
0.4553000003397756,Unconstrained
0.465299999632407,Unconstrained
0.22400000034394907,Unconstrained
0.09930000032909447,Unconstrained
0.24140000004990725,Unconstrained
0.1249999995707185,Unconstrained
0.10649999967426993,Unconstrained
0.46760000032008975,Unconstrained
0.33699999994496466,Unconstrained
0.5248000002211484,Unconstrained
0.14550000014423858,Unconstrained
0.17279999974562088,Unconstrained
0.09900000031848322,Unconstrained
0.11479999966468313,Unconstrained
0.10440000005473848,Unconstrained
0.16920000007303315,Unconstrained
0.09910000017043785,Unconstrained
0.09890000001178123,Unconstrained
0.10259999999107094,Unconstrained
0.09989999989556964,Unconstrained
0.09899999986373587,Unconstrained
0.28050000037183054,Unconstrained
0.0988000001598266,Unconstrained
0.15120000034585246,Unconstrained
0.2438000001347973,Unconstrained
0.2345000002605957,Unconstrained
0.22540000009030337,Unconstrained
0.24129999974320526,Unconstrained
0.2666000000317581,Unconstrained
0.2355000001443841,Unconstrained
0.22940000008020434,Unconstrained
0.23139999984778115,Unconstrained
0.23489999966841424,Unconstrained
0.23559999999633874,Unconstrained
0.10049999991679215,Unconstrained
0.4193999998278741,Unconstrained
0.27969999973720405,Unconstrained
0.5753999998887593,Unconstrained
0.5496000003404333,Unconstrained
0.6504000002678367,Unconstrained
0.25300000015704427,Unconstrained
0.23539999983768212,Unconstrained
0.2448000000185857,Unconstrained
0.6164000001263048,Unconstrained
0.24780000012469827,Unconstrained
0.22869999975227984,Unconstrained
0.10440000005473848,Unconstrained
0.0990999997156905,Unconstrained
0.10130000009667128,Unconstrained
0.15000000030340743,Unconstrained
0.09810000028664945,Unconstrained
0.12099999958081753,Unconstrained
0.23909999981697183,Unconstrained
0.31519999993179226,Unconstrained
0.10230000043520704,Unconstrained
0.10400000019217259,Unconstrained
0.1029000000016822,Unconstrained
0.10239999983241432,Unconstrained
0.09959999988495838,Unconstrained
0.11769999991884106,Unconstrained
0.099800000043615,Unconstrained
0.099800000043615,Unconstrained
0.09960000033970573,Unconstrained
0.09900000031848322,Unconstrained
0.24230000008174102,Unconstrained
0.25700000014694524,Unconstrained
0.14160000000629225,Unconstrained
0.11660000018309802,Unconstrained
0.10269999984302558,Unconstrained
0.12310000010984368,Unconstrained
0.24059999987002811,Unconstrained
0.10120000024471665,Unconstrained
0.1609999999345746,Unconstrained
0.23430000010193908,Unconstrained
0.10070000007544877,Unconstrained
0.10020000036092824,Unconstrained
0.2374999999119609,Unconstrained
0.10370000018156134,Unconstrained
0.1809000000321248,Unconstrained
0.24179999991247314,Unconstrained
0.23859999964770395,Unconstrained
0.24399999983870657,Unconstrained
0.24060000032477546,Unconstrained
0.24970000004032045,Unconstrained
0.32210000017585116,Unconstrained
0.12169999990874203,Unconstrained
0.0976999999693362,Unconstrained
0.17759999991540099,Unconstrained
0.10139999994862592,Unconstrained
0.35729999990508077,Unconstrained
0.09930000032909447,Unconstrained
0.09900000031848322,Unconstrained
0.09979999958886765,Unconstrained
0.10470000006534974,Unconstrained
0.10149999980058055,Unconstrained
0.1534000002720859,Unconstrained
0.24670000038895523,Unconstrained
0.24359999997614068,Unconstrained
0.18810000028679497,Unconstrained
0.1059999999597494,Unconstrained
0.0988000001598266,Unconstrained
0.09870000030787196,Unconstrained
0.0980999998319021,Unconstrained
0.0984000002972607,Unconstrained
0.09790000012799283,Unconstrained
0.15609999991283985,Unconstrained
0.2386000001024513,Unconstrained
0.115299999833951,Unconstrained
0.1337000003331923,Unconstrained
0.19470000006549526,Unconstrained
0.09940000018104911,Unconstrained
0.099800000043615,Unconstrained
0.10900000006586197,Unconstrained
0.46150000025591,Unconstrained
0.09879999970507924,Unconstrained
0.1281999998354877,Unconstrained
0.0988000001598266,Unconstrained
0.1239999996869301,Unconstrained
0.09850000014921534,Unconstrained
0.1658000001043547,Unconstrained
0.15380000013465178,Unconstrained
0.0988000001598266,Unconstrained
0.0990999997156905,Unconstrained
0.0988000001598266,Unconstrained
0.0990999997156905,Unconstrained
0.10109999993801466,Unconstrained
0.10010000005422626,Unconstrained
0.09989999989556964,Unconstrained
0.09959999988495838,Unconstrained
0.09860000000116997,Unconstrained
0.099800000043615,Unconstrained
0.580800000079762,Unconstrained
0.2696999999898253,Unconstrained
0.10370000018156134,Unconstrained
0.17430000025342451,Unconstrained
0.1801999997042003,Unconstrained
0.16000000005078618,Unconstrained
0.22949999993215897,Unconstrained
0.43020000020987936,Unconstrained
0.14409999994313694,Unconstrained
0.28649999967456097,Unconstrained
0.1554000000396627,Unconstrained
0.1029000000016822,Unconstrained
0.09870000030787196,Unconstrained
0.16690000029484509,Unconstrained
0.16700000014679972,Unconstrained
0.10090000023410539,Unconstrained
0.09860000000116997,Unconstrained
0.0984000002972607,Unconstrained
0.10040000006483751,Unconstrained
0.1071000001502398,Unconstrained
0.4813000000467582,Unconstrained
0.21630000037475838,Unconstrained
0.0980999998319021,Unconstrained
0.0988000001598266,Unconstrained
0.09930000032909447,Unconstrained
0.09970000019166037,Unconstrained
0.09860000000116997,Unconstrained
0.09970000019166037,Unconstrained
0.11249999988649506,Unconstrained
0.22420000004785834,Unconstrained
0.09929999987434712,Unconstrained
0.10310000016033882,Unconstrained
0.24410000014540856,Unconstrained
0.1038999998854706,Unconstrained
0.24370000028284267,Unconstrained
0.09929999987434712,Unconstrained
0.15380000013465178,Unconstrained
0.10999999994965037,Unconstrained
0.09920000002239249,Unconstrained
0.09849999969446799,Unconstrained
0.09869999985312461,Unconstrained
0.1704999999674328,Unconstrained
0.09890000001178123,Unconstrained
0.0988000001598266,Unconstrained
0.09850000014921534,Unconstrained
0.09910000017043785,Unconstrained
0.09950000003300374,Unconstrained
0.10139999994862592,Unconstrained
0.09829999999055872,Unconstrained
0.1077000001714623,Unconstrained
0.09799999997994746,Unconstrained
0.11059999997087289,Unconstrained
0.25920000007317867,Unconstrained
0.10929999962172587,Unconstrained
0.1276999996662198,Unconstrained
0.2684999999473803,Unconstrained
0.10879999990720535,Unconstrained
0.13269999999465654,Unconstrained
0.10470000006534974,Unconstrained
0.09930000032909447,Unconstrained
0.09829999999055872,Unconstrained
0.10230000043520704,Unconstrained
0.2912999998443411,Unconstrained
0.1314999999522115,Unconstrained
0.09860000000116997,Unconstrained
0.1830000001064036,Unconstrained
0.09850000014921534,Unconstrained
0.0988000001598266,Unconstrained
0.23260000034497352,Unconstrained
0.22989999979472486,Unconstrained
0.6014000000504893,Unconstrained
0.24639999992359662,Unconstrained
0.10590000010779477,Unconstrained
0.19840000004478497,Unconstrained
0.09920000002239249,Unconstrained
0.09899999986373587,Unconstrained
0.230699999974604,Unconstrained
0.3422999998292653,Unconstrained
0.1011999997899693,Unconstrained
0.09849999969446799,Unconstrained
0.23049999981594738,Unconstrained
0.11919999997189734,Unconstrained
0.09899999986373587,Unconstrained
0.09970000019166037,Unconstrained
0.25769999956537504,Unconstrained
0.28949999978067353,Unconstrained
0.23920000012367382,Unconstrained
0.12300000025788904,Unconstrained
0.25539999978718697,Unconstrained
0.22470000021712622,Unconstrained
0.11659999972835067,Unconstrained
0.38949999998294516,Unconstrained
0.37500000007639755,Unconstrained
0.14220000002751476,Unconstrained
0.09879999970507924,Unconstrained
0.09929999987434712,Unconstrained
0.09890000001178123,Unconstrained
0.09940000018104911,Unconstrained
0.10199999996984843,Unconstrained
0.1000999995994789,Unconstrained
0.099800000043615,Unconstrained
0.151599999753671,Unconstrained
0.09879999970507924,Unconstrained
0.09890000001178123,Unconstrained
0.2899999999499414,Unconstrained
0.22880000005898182,Unconstrained
0.3639000001385284,Unconstrained
0.18369999997958075,Unconstrained
0.09940000018104911,Unconstrained
0.09799999997994746,Unconstrained
0.10099999963131268,Unconstrained
0.09950000003300374,Unconstrained
0.09940000018104911,Unconstrained
0.10470000006534974,Unconstrained
0.11089999998148414,Unconstrained
0.10059999976874678,Unconstrained
0.10259999999107094,Unconstrained
0.10430000020278385,Unconstrained
0.25660000028437935,Unconstrained
0.12010000000373111,Unconstrained
0.12090000018361025,Unconstrained
0.36320000026535126,Unconstrained
0.3762000001188426,Unconstrained
0.11159999985466129,Unconstrained
0.11849999964397284,Unconstrained
0.09839999984251335,Unconstrained
0.15570000005027396,Unconstrained
0.27000000000043656,Unconstrained
0.4177000000709086,Unconstrained
0.10930000007647322,Unconstrained
0.09939999972630176,Unconstrained
0.09939999972630176,Unconstrained
0.10189999966314645,Unconstrained
0.09970000019166037,Unconstrained
0.11619999986578478,Unconstrained
0.11369999992894009,Unconstrained
0.14140000030238298,Unconstrained
0.17069999967134208,Unconstrained
0.14390000023922767,Unconstrained
0.09849999969446799,Unconstrained
0.28599999996004044,Unconstrained
0.099800000043615,Unconstrained
0.09879999970507924,Unconstrained
0.09950000003300374,Unconstrained
0.09929999987434712,Unconstrained
0.23150000015448313,Unconstrained
0.0988000001598266,Unconstrained
0.09910000017043785,Unconstrained
0.5166000000826898,Unconstrained
0.4507000003286521,Unconstrained
0.3652999998848827,Unconstrained
0.34629999981916626,Unconstrained
0.1005000003715395,Unconstrained
0.10659999998097192,Unconstrained
0.105000000075961,Unconstrained
0.09979999958886765,Unconstrained
0.10030000021288288,Unconstrained
0.3606999998737592,Unconstrained
0.1716000001579232,Unconstrained
0.24529999973310623,Unconstrained
0.12270000024727779,Unconstrained
0.10049999991679215,Unconstrained
0.09929999987434712,Unconstrained
0.09799999997994746,Unconstrained
0.15200000007098424,Unconstrained
0.09920000002239249,Unconstrained
0.09889999955703388,Unconstrained
0.09959999988495838,Unconstrained
0.0984000002972607,Unconstrained
0.09820000013860408,Unconstrained
0.10029999975813553,Unconstrained
0.09940000018104911,Unconstrained
0.09910000017043785,Unconstrained
0.09849999969446799,Unconstrained
0.09820000013860408,Unconstrained
0.09849999969446799,Unconstrained
0.22769999986849143,Unconstrained
0.23420000024998444,Unconstrained
0.12019999985568575,Unconstrained
0.10099999963131268,Unconstrained
0.12770000012096716,Unconstrained
0.34419999974488746,Unconstrained
0.23499999997511622,Unconstrained
0.3910999998879561,Unconstrained
0.2245000000584696,Unconstrained
0.2434999996694387,Unconstrained
0.13929999977335683,Unconstrained
0.4666999998335086,Unconstrained
0.24220000022978638,Unconstrained
0.11700000004566391,Unconstrained
0.5529999998543644,Unconstrained
0.2106000001731445,Unconstrained
0.14239999973142403,Unconstrained
0.20330000006651971,Unconstrained
0.20940000013069948,Unconstrained
0.3827999998975429,Unconstrained
0.132200000280136,Unconstrained
0.2289999997628911,Unconstrained
0.10730000030889641,Unconstrained
0.16910000022107852,Unconstrained
0.10179999981119181,Unconstrained
0.1785000004019821,Unconstrained
0.12730000025840127,Unconstrained
0.0988000001598266,Unconstrained
0.23590000000695,Unconstrained
0.1260000003640016,Unconstrained
0.3498000000945467,Unconstrained
0.2785000001495064,Unconstrained
0.16699999969205237,Unconstrained
0.10470000006534974,Unconstrained
0.09900000031848322,Unconstrained
0.10789999987537158,Unconstrained
0.2706999998736137,Unconstrained
0.09940000018104911,Unconstrained
0.3011999997397652,Unconstrained
0.4206000003250665,Unconstrained
0.24450000000797445,Unconstrained
0.2727999999478925,Unconstrained
0.18020000015894766,Unconstrained
0.18690000024434994,Unconstrained
0.23099999998521525,Unconstrained
0.10049999991679215,Unconstrained
0.10180000026593916,Unconstrained
0.34009999990303186,Unconstrained
0.3930000002583256,Unconstrained
0.19669999983307207,Unconstrained
0.0976999999693362,Unconstrained
0.09910000017043785,Unconstrained
0.09870000030787196,Unconstrained
0.09860000000116997,Unconstrained
0.09860000000116997,Unconstrained
0.0980999998319021,Unconstrained
0.09860000000116997,Unconstrained
0.10000000020227162,Unconstrained
0.0988000001598266,Unconstrained
0.14160000000629225,Unconstrained
0.09920000002239249,Unconstrained
0.11670000003505265,Unconstrained
0.09839999984251335,Unconstrained
0.09799999997994746,Unconstrained
0.09829999999055872,Unconstrained
0.11279999989710632,Unconstrained
0.09860000000116997,Unconstrained
0.16599999980826396,Unconstrained
0.09869999985312461,Unconstrained
0.18110000019078143,Unconstrained
0.0988000001598266,Unconstrained
0.10680000013962854,Unconstrained
0.09760000011738157,Unconstrained
0.09789999967324547,Unconstrained
0.09799999997994746,Unconstrained
0.09910000017043785,Unconstrained
0.10209999982180307,Unconstrained
0.09910000017043785,Unconstrained
0.0990999997156905,Unconstrained
0.099800000043615,Unconstrained
0.09869999985312461,Unconstrained
0.0988000001598266,Unconstrained
0.09860000000116997,Unconstrained
0.09849999969446799,Unconstrained
0.09869999985312461,Unconstrained
0.09920000002239249,Unconstrained
0.09820000013860408,Unconstrained
0.09839999984251335,Unconstrained
0.16129999994518585,Unconstrained
0.09950000003300374,Unconstrained
0.16560000040044542,Unconstrained
0.09900000031848322,Unconstrained
0.18110000019078143,Unconstrained
0.10370000018156134,Unconstrained
0.16930000037973514,Unconstrained
0.09959999988495838,Unconstrained
0.13290000015331316,Unconstrained
0.0984000002972607,Unconstrained
0.10049999991679215,Unconstrained
0.099800000043615,Unconstrained
0.15990000019883155,Unconstrained
0.1488999996581697,Unconstrained
0.09950000003300374,Unconstrained
0.15570000005027396,Unconstrained
0.16080000023066532,Unconstrained
0.24429999984931783,Unconstrained
0.14209999972081278,Unconstrained
0.10299999985363684,Unconstrained
0.23300000020753941,Unconstrained
0.10629999997036066,Unconstrained
0.09929999987434712,Unconstrained
0.10750000001280569,Unconstrained
0.09760000011738157,Unconstrained
0.10159999965253519,Unconstrained
0.10499999962121365,Unconstrained
0.10879999990720535,Unconstrained
0.11459999996077386,Unconstrained
0.10969999993903912,Unconstrained
0.16490000007252092,Unconstrained
0.10539999993852689,Unconstrained
0.15419999999721767,Unconstrained
0.10560000009718351,Unconstrained
0.11440000025686459,Unconstrained
0.11070000027757487,Unconstrained
0.11309999990771757,Unconstrained
0.09829999999055872,Unconstrained
0.10369999972681399,Unconstrained
0.10199999996984843,Unconstrained
0.099800000043615,Unconstrained
0.09899999986373587,Unconstrained
0.09999999974752427,Unconstrained
0.10070000007544877,Unconstrained
0.10449999990669312,Unconstrained
0.10380000003351597,Unconstrained
0.09930000032909447,Unconstrained
0.0976999999693362,Unconstrained
0.0969999996414117,Unconstrained
0.10259999999107094,Unconstrained
0.10470000006534974,Unconstrained
0.09879999970507924,Unconstrained
0.09929999987434712,Unconstrained
0.09959999988495838,Unconstrained
0.09989999989556964,Unconstrained
0.10229999998045969,Unconstrained
0.10160000010728254,Unconstrained
0.09870000030787196,Unconstrained
0.10970000039378647,Unconstrained
0.10449999990669312,Unconstrained
0.09929999987434712,Unconstrained
0.09970000019166037,Unconstrained
0.10100000008606003,Unconstrained
0.09839999984251335,Unconstrained
0.09950000003300374,Unconstrained
0.09910000017043785,Unconstrained
0.099800000043615,Unconstrained
0.09850000014921534,Unconstrained
0.10179999981119181,Unconstrained
0.10010000005422626,Unconstrained
0.09890000001178123,Unconstrained
0.09989999989556964,Unconstrained
0.09920000002239249,Unconstrained
0.09959999988495838,Unconstrained
0.23669999973208178,Unconstrained
0.3181000001859502,Unconstrained
0.10479999991730438,Unconstrained
0.09829999999055872,Unconstrained
0.28460000021368614,Unconstrained
0.22960000023886096,Unconstrained
0.10619999966365867,Unconstrained
0.17059999981938745,Unconstrained
0.09900000031848322,Unconstrained
0.1440000000911823,Unconstrained
0.10010000005422626,Unconstrained
0.09789999967324547,Unconstrained
0.10939999992842786,Unconstrained
0.10249999968436896,Unconstrained
0.09890000001178123,Unconstrained
0.36559999989549397,Unconstrained
0.0980999998319021,Unconstrained
0.09940000018104911,Unconstrained
0.16290000030494411,Unconstrained
0.10149999980058055,Unconstrained
0.09790000012799283,Unconstrained
0.09959999988495838,Unconstrained
0.10239999983241432,Unconstrained
0.10269999984302558,Unconstrained
0.1081000000340282,Unconstrained
0.10750000001280569,Unconstrained
0.10209999982180307,Unconstrained
0.10239999983241432,Unconstrained
0.1015000002553279,Unconstrained
0.10060000022349413,Unconstrained
0.1032999998642481,Unconstrained
0.12280000009923242,Unconstrained
0.10299999985363684,Unconstrained
0.10659999998097192,Unconstrained
0.10269999984302558,Unconstrained
0.10130000009667128,Unconstrained
0.11850000009872019,Unconstrained
0.10209999982180307,Unconstrained
0.1011999997899693,Unconstrained
0.1032999998642481,Unconstrained
0.16830000004119938,Unconstrained
0.11929999982385198,Unconstrained
0.10120000024471665,Unconstrained
0.1019000001178938,Unconstrained
0.09960000033970573,Unconstrained
0.10419999989608186,Unconstrained
0.12479999986680923,Unconstrained
0.10059999976874678,Unconstrained
0.1071000001502398,Unconstrained
0.241100000039296,Unconstrained
0.23620000001756125,Unconstrained
0.23310000005949405,Unconstrained
0.23099999998521525,Unconstrained
0.10239999983241432,Unconstrained
0.16109999978652922,Unconstrained
0.14280000004873727,Unconstrained
0.25849999974525417,Unconstrained
0.1818999999159132,Unconstrained
0.1011999997899693,Unconstrained
0.32659999988027266,Unconstrained
0.23559999999633874,Unconstrained
0.29410000024654437,Unconstrained
0.17760000037014834,Unconstrained
0.3731000001607754,Unconstrained
0.29649999987668707,Unconstrained
0.17700000034892582,Unconstrained
0.2672000000529806,Unconstrained
0.3830000000561995,Unconstrained
0.11240000003454043,Unconstrained
0.18330000011701486,Unconstrained
0.11780000022554304,Unconstrained
0.0976999999693362,Unconstrained
0.10350000002290471,Unconstrained
0.10060000022349413,Unconstrained
0.09850000014921534,Unconstrained
0.09760000011738157,Unconstrained
0.1216000000567874,Unconstrained
0.11450000010881922,Unconstrained
0.09960000033970573,Unconstrained
0.12229999992996454,Unconstrained
0.13660000013260287,Unconstrained
0.3083000001424807,Unconstrained
0.2542000001994893,Unconstrained
0.10890000021390733,Unconstrained
0.13850000004822505,Unconstrained
0.14069999997445848,Unconstrained
0.14209999972081278,Unconstrained
0.1498000001447508,Unconstrained
0.1523000000815955,Unconstrained
0.11309999990771757,Unconstrained
0.3083000001424807,Unconstrained
0.1015000002553279,Unconstrained
0.10789999987537158,Unconstrained
0.15359999997599516,Unconstrained
0.36470000031840755,Unconstrained
0.19800000018221908,Unconstrained
0.11300000005576294,Unconstrained
0.11240000003454043,Unconstrained
0.09829999999055872,Unconstrained
0.13739999985773466,Unconstrained
0.32620000001770677,Unconstrained
0.2884000000449305,Unconstrained
0.3648000001703622,Unconstrained
0.2316999998583924,Unconstrained
0.1878000002761837,Unconstrained
0.29350000022532186,Unconstrained
0.1708999998299987,Unconstrained
0.21109999988766504,Unconstrained
0.2589000000625674,Unconstrained
0.2036999999290856,Unconstrained
0.30740000011064694,Unconstrained
0.10689999999158317,Unconstrained
0.1268000000891334,Unconstrained
0.10130000009667128,Unconstrained
0.25319999986095354,Unconstrained
0.09860000000116997,Unconstrained
0.10629999997036066,Unconstrained
0.10410000004412723,Unconstrained
0.10130000009667128,Unconstrained
0.12280000009923242,Unconstrained
0.27829999999084976,Unconstrained
0.2878999998756626,Unconstrained
0.22600000011152588,Unconstrained
0.152900000102818,Unconstrained
0.10130000009667128,Unconstrained
0.15519999988100608,Unconstrained
0.09860000000116997,Unconstrained
0.2948000001197215,Unconstrained
0.10019999990618089,Unconstrained
0.1019000001178938,Unconstrained
0.26900000011664815,Unconstrained
0.11009999980160501,Unconstrained
0.10169999995923718,Unconstrained
0.4637000001821434,Unconstrained
0.10900000006586197,Unconstrained
0.09989999989556964,Unconstrained
0.0988000001598266,Unconstrained
0.24570000005041948,Unconstrained
0.2355000001443841,Unconstrained
0.24549999989176285,Unconstrained
0.23559999999633874,Unconstrained
0.2110000000357104,Unconstrained
0.30030000016267877,Unconstrained
0.20909999966534087,Unconstrained
0.22409999974115635,Unconstrained
0.1007999999274034,Unconstrained
0.09870000030787196,Unconstrained
0.10239999983241432,Unconstrained
0.10160000010728254,Unconstrained
0.20569999969666242,Unconstrained
0.13910000006944756,Unconstrained
0.2816999999595282,Unconstrained
0.289100000372855,Unconstrained
0.11189999986527255,Unconstrained
0.10350000002290471,Unconstrained
0.23740000006000628,Unconstrained
0.09799999997994746,Unconstrained
0.10740000016085105,Unconstrained
0.5083000000922766,Unconstrained
0.10669999983292655,Unconstrained
0.25279999999838765,Unconstrained
0.09799999997994746,Unconstrained
0.2959000003102119,Unconstrained
0.2550999997765757,Unconstrained
0.35919999982070294,Unconstrained
0.21169999990888755,Unconstrained
0.2430999998068728,Unconstrained
0.17490000027464703,Unconstrained
0.10199999996984843,Unconstrained
0.09970000019166037,Unconstrained
0.12930000002597808,Unconstrained
0.5602999999609892,Unconstrained
0.14170000031299423,Unconstrained
0.14669999973193626,Unconstrained
0.15459999985978357,Unconstrained
0.15070000017658458,Unconstrained
0.17030000026352354,Unconstrained
0.15010000015536207,Unconstrained
0.17300000035902485,Unconstrained
0.3204999998160929,Unconstrained
0.23460000011255033,Unconstrained
0.10910000037256395,Unconstrained
0.0980999998319021,Unconstrained
0.1419000000169035,Unconstrained
0.40450000005876063,Unconstrained
0.14869999995426042,Unconstrained
0.1546999997117382,Unconstrained
0.1007999999274034,Unconstrained
0.10800000018207356,Unconstrained
0.12539999988803174,Unconstrained
0.3257999997003935,Unconstrained
0.23430000010193908,Unconstrained
0.24989999974422972,Unconstrained
0.4205000000183645,Unconstrained
0.4328999998506333,Unconstrained
0.29159999985495233,Unconstrained
0.3007999998771993,Unconstrained
0.2378999997745268,Unconstrained
0.23339999961535796,Unconstrained
0.10890000021390733,Unconstrained
0.16889999960767454,Unconstrained
0.2945999999610649,Unconstrained
0.31089999993128004,Unconstrained
0.10729999985414906,Unconstrained
0.21560000004683388,Unconstrained
0.22469999976237887,Unconstrained
0.17389999993611127,Unconstrained
0.09879999970507924,Unconstrained
0.09989999989556964,Unconstrained
0.23399999963658047,Unconstrained
0.23220000002766028,Unconstrained
0.13549999994211248,Unconstrained
0.09839999984251335,Unconstrained
0.09999999974752427,Unconstrained
0.2503999999134976,Unconstrained
0.12409999999363208,Unconstrained
0.2343999999538937,Unconstrained
0.2015999998548068,Unconstrained
0.26120000029550283,Unconstrained
0.09790000012799283,Unconstrained
0.15239999993355013,Unconstrained
0.13239999998404528,Unconstrained
0.1542999998491723,Unconstrained
0.1173999999082298,Unconstrained
0.11690000019370927,Unconstrained
0.1216000000567874,Unconstrained
0.1391999999214022,Unconstrained
0.13719999969907803,Unconstrained
0.19850000035148696,Unconstrained
0.2258999998048239,Unconstrained
0.4019999996671686,Unconstrained
0.23469999996450497,Unconstrained
0.10419999989608186,Unconstrained
0.10359999987485935,Unconstrained
0.10269999984302558,Unconstrained
0.13790000002700253,Unconstrained
0.32749999991210643,Unconstrained
0.12799999967683107,Unconstrained
0.10100000008606003,Unconstrained
0.24159999975381652,Unconstrained
0.3592999996726576,Unconstrained
0.1602000002094428,Unconstrained
0.09860000000116997,Unconstrained
0.09999999974752427,Unconstrained
0.12209999977130792,Unconstrained
0.14890000011291704,Unconstrained
0.34219999997731065,Unconstrained
0.11369999992894009,Unconstrained
0.12199999991935329,Unconstrained
0.2801000000545173,Unconstrained
0.09959999988495838,Unconstrained
0.11719999974957318,Unconstrained
0.1366999999845575,Unconstrained
0.16559999994569807,Unconstrained
0.3194999999323045,Unconstrained
0.10870000005525071,Unconstrained
0.17149999985122122,Unconstrained
0.13639999997394625,Unconstrained
0.1502000000073167,Unconstrained
0.41090000013355166,Unconstrained
0.3436000001784123,Unconstrained
0.10120000024471665,Unconstrained
0.11210000002392917,Unconstrained
0.09929999987434712,Unconstrained
0.09839999984251335,Unconstrained
0.10950000023512985,Unconstrained
0.49080000007961644,Unconstrained
0.23489999966841424,Unconstrained
0.18930000032924,Unconstrained
0.1675000003160676,Unconstrained
0.3467000001364795,Unconstrained
0.13159999980416615,Unconstrained
0.3360999999131309,Unconstrained
0.10930000007647322,Unconstrained
0.12450000031094532,Unconstrained
0.30669999978272244,Unconstrained
0.10010000005422626,Unconstrained
0.0980999998319021,Unconstrained
0.23279999959413544,Unconstrained
0.17889999980980065,Unconstrained
0.10240000028716167,Unconstrained
0.09910000017043785,Unconstrained
0.10280000014972757,Unconstrained
0.14199999986885814,Unconstrained
0.11610000001383014,Unconstrained
0.17070000012608944,Unconstrained
0.11069999982282752,Unconstrained
0.3177999997205916,Unconstrained
0.09950000003300374,Unconstrained
0.10199999996984843,Unconstrained
0.22889999991093646,Unconstrained
0.25539999978718697,Unconstrained
0.11349999977028347,Unconstrained
0.2121000002262008,Unconstrained
0.23050000027069473,Unconstrained
0.11260000019319705,Unconstrained
0.2245000000584696,Unconstrained
0.10020000036092824,Unconstrained
0.09929999987434712,Unconstrained
0.13119999994160025,Unconstrained
0.15209999992293888,Unconstrained
0.21430000015243422,Unconstrained
0.14490000012301607,Unconstrained
0.28119999979026034,Unconstrained
0.46010000005480833,Unconstrained
0.15829999983907328,Unconstrained
0.10549999979048152,Unconstrained
0.20610000001397566,Unconstrained
0.09989999989556964,Unconstrained
0.09799999997994746,Unconstrained
0.3874000003634137,Unconstrained
0.21150000020497828,Unconstrained
0.4017999999632593,Unconstrained
0.09990000035031699,Unconstrained
0.09819999968385673,Unconstrained
0.47840000024734763,Unconstrained
0.22770000032323878,Unconstrained
0.12920000017402344,Unconstrained
0.10609999981170404,Unconstrained
0.09820000013860408,Unconstrained
0.32090000013340614,Unconstrained
0.11829999994006357,Unconstrained
0.13739999985773466,Unconstrained
0.1498000001447508,Unconstrained
0.13020000005781185,Unconstrained
0.12379999998302083,Unconstrained
0.132200000280136,Unconstrained
0.15900000016699778,Unconstrained
0.2621000003273366,Unconstrained
0.26059999981953297,Unconstrained
0.2537000000302214,Unconstrained
0.1440000000911823,Unconstrained
0.17769999976735562,Unconstrained
0.16980000009425567,Unconstrained
0.16860000005181064,Unconstrained
0.18309999995835824,Unconstrained
0.11869999980262946,Unconstrained
0.11140000015075202,Unconstrained
0.1963999998224608,Unconstrained
0.14389999978448031,Unconstrained
0.20329999961177236,Unconstrained
0.12279999964448507,Unconstrained
0.13420000004771282,Unconstrained
0.22499999977299012,Unconstrained
0.29350000022532186,Unconstrained
0.25069999992410885,Unconstrained
0.22889999991093646,Unconstrained
0.25629999981902074,Unconstrained
0.2951999999822874,Unconstrained
0.11200000017197453,Unconstrained
0.3175000001647277,Unconstrained
0.10829999973793747,Unconstrained
0.19680000013977406,Unconstrained
0.10449999990669312,Unconstrained
0.09829999999055872,Unconstrained
0.09910000017043785,Unconstrained
0.2907999996750732,Unconstrained
0.10309999970559147,Unconstrained
0.10709999969549244,Unconstrained
0.1121999998758838,Unconstrained
0.2938999996331404,Unconstrained
0.10049999991679215,Unconstrained
0.10919999976977124,Unconstrained
0.1436000002286164,Unconstrained
0.30169999990903307,Unconstrained
0.3648000001703622,Unconstrained
0.3741999998965184,Unconstrained
0.3117999999631138,Unconstrained
0.2642000004016154,Unconstrained
0.3025000000889122,Unconstrained
0.09890000001178123,Unconstrained
0.3388000000086322,Unconstrained
0.19010000005437178,Unconstrained
0.16610000011496595,Unconstrained
0.16749999986132025,Unconstrained
0.19299999985378236,Unconstrained
0.11099999983343878,Unconstrained
0.19980000024588662,Unconstrained
0.09950000003300374,Unconstrained
0.09890000001178123,Unconstrained
0.2818000002662302,Unconstrained
0.2123999997820647,Unconstrained
0.2079000000776432,Unconstrained
0.09869999985312461,Unconstrained
0.1733999997668434,Unconstrained
0.10840000004463946,Unconstrained
0.12379999998302083,Unconstrained
0.204699999812874,Unconstrained
0.33469999971202924,Unconstrained
0.23259999989022617,Unconstrained
0.141199999688979,Unconstrained
0.09989999989556964,Unconstrained
0.09819999968385673,Unconstrained
0.10820000034073018,Unconstrained
0.09939999972630176,Unconstrained
0.09930000032909447,Unconstrained
0.09850000014921534,Unconstrained
0.09799999997994746,Unconstrained
0.09970000019166037,Unconstrained
0.0980999998319021,Unconstrained
0.10029999975813553,Unconstrained
0.09839999984251335,Unconstrained
0.0980999998319021,Unconstrained
0.11450000010881922,Unconstrained
0.09860000000116997,Unconstrained
0.10020000036092824,Unconstrained
0.09829999999055872,Unconstrained
0.0984000002972607,Unconstrained
0.16860000005181064,Unconstrained
0.3830000000561995,Unconstrained
0.2337999999326712,Unconstrained
0.32959999998638523,Unconstrained
0.11210000002392917,Unconstrained
0.10920000022451859,Unconstrained
0.099800000043615,Unconstrained
0.1019000001178938,Unconstrained
0.09890000001178123,Unconstrained
0.09910000017043785,Unconstrained
0.10049999991679215,Unconstrained
0.09910000017043785,Unconstrained
0.09799999997994746,Unconstrained
0.23290000035558478,Unconstrained
0.23460000011255033,Unconstrained
0.2569999996921979,Unconstrained
0.10830000019268482,Unconstrained
0.11339999991832883,Unconstrained
0.16729999970266363,Unconstrained
0.35669999988385825,Unconstrained
0.0988000001598266,Unconstrained
0.2248999999210355,Unconstrained
0.22779999972044607,Unconstrained
0.2067999998871528,Unconstrained
0.34540000024207984,Unconstrained
0.1038999998854706,Unconstrained
0.09890000001178123,Unconstrained
0.09929999987434712,Unconstrained
0.23910000027171918,Unconstrained
0.24489999987054034,Unconstrained
0.23640000017621787,Unconstrained
0.1401999998051906,Unconstrained
0.11720000020432053,Unconstrained
0.34640000012586825,Unconstrained
0.3156000002491055,Unconstrained
0.12280000009923242,Unconstrained
0.3587000001061824,Unconstrained
0.16129999994518585,Unconstrained
0.2082999999402091,Unconstrained
0.0980999998319021,Unconstrained
0.09860000000116997,Unconstrained
0.23809999993318343,Unconstrained
0.24299999995491817,Unconstrained
0.48349999997299165,Unconstrained
0.22710000030201627,Unconstrained
0.12949999972988735,Unconstrained
0.38960000028964714,Unconstrained
0.21530000003622263,Unconstrained
0.23409999994328246,Unconstrained
0.10160000010728254,Unconstrained
0.3193000002283952,Unconstrained
0.22469999976237887,Unconstrained
0.1965000001291628,Unconstrained
0.09820000013860408,Unconstrained
0.09739999995872495,Unconstrained
0.10610000026645139,Unconstrained
0.09789999967324547,Unconstrained
0.09820000013860408,Unconstrained
0.10740000016085105,Unconstrained
0.09760000011738157,Unconstrained
0.09819999968385673,Unconstrained
0.09739999995872495,Unconstrained
0.09739999995872495,Unconstrained
0.09719999980006833,Unconstrained
0.09829999999055872,Unconstrained
0.09679999993750243,Unconstrained
0.10280000014972757,Unconstrained
0.16880000021046726,Unconstrained
0.0976999999693362,Unconstrained
0.09970000019166037,Unconstrained
0.09819999968385673,Unconstrained
0.0980999998319021,Unconstrained
0.09899999986373587,Unconstrained
0.09829999999055872,Unconstrained
0.13659999967785552,Unconstrained
0.09749999981067958,Unconstrained
0.15010000015536207,Unconstrained
0.09850000014921534,Unconstrained
0.09739999995872495,Unconstrained
0.09799999997994746,Unconstrained
0.09790000012799283,Unconstrained
0.15890000031504314,Unconstrained
0.23270000019692816,Unconstrained
0.13320000016392441,Unconstrained
0.09900000031848322,Unconstrained
0.3700000002027082,Unconstrained
0.5925999998908082,Unconstrained
0.4177999999228632,Unconstrained
0.24140000004990725,Unconstrained
0.2832000000125845,Unconstrained
0.25959999993574456,Unconstrained
0.26419999994686805,Unconstrained
0.22880000005898182,Unconstrained
0.2341999997952371,Unconstrained
0.4228999996485072,Unconstrained
0.3828999997494975,Unconstrained
0.23499999997511622,Unconstrained
0.3934000001208915,Unconstrained
0.38020000010874355,Unconstrained
0.26260000004185713,Unconstrained
0.2328000000488828,Unconstrained
0.230699999974604,Unconstrained
0.2856999999494292,Unconstrained
0.23430000010193908,Unconstrained
0.23620000001756125,Unconstrained
0.23569999984829337,Unconstrained
0.2430999998068728,Unconstrained
0.2616000001580687,Unconstrained
0.2622999995764985,Unconstrained
0.27590000036070705,Unconstrained
0.25959999993574456,Unconstrained
0.10780000002341694,Unconstrained
0.46169999995981925,Unconstrained
0.2420999999230844,Unconstrained
0.10199999996984843,Unconstrained
0.2465999996275059,Unconstrained
0.24750000011408702,Unconstrained
0.2650000001267472,Unconstrained
0.35220000017943676,Unconstrained
0.26690000004236936,Unconstrained
0.2432000001135748,Unconstrained
0.24389999998675194,Unconstrained
0.11319999975967221,Unconstrained
0.24669999993420788,Unconstrained
0.10169999995923718,Unconstrained
0.2571999998508545,Unconstrained
0.09820000013860408,Unconstrained
0.12149999975008541,Unconstrained
0.105000000075961,Unconstrained
0.22630000012213713,Unconstrained
0.10479999991730438,Unconstrained
0.18730000010691583,Unconstrained
0.09849999969446799,Unconstrained
0.1021999996737577,Unconstrained
0.10100000008606003,Unconstrained
0.14120000014372636,Unconstrained
0.132200000280136,Unconstrained
0.3094000003329711,Unconstrained
0.23119999968912452,Unconstrained
0.3117999999631138,Unconstrained
0.3105999999206688,Unconstrained
0.2266000001327484,Unconstrained
0.15239999993355013,Unconstrained
0.19390000034036348,Unconstrained
0.09829999999055872,Unconstrained
0.09879999970507924,Unconstrained
0.09879999970507924,Unconstrained
0.23509999982707086,Unconstrained
0.09890000001178123,Unconstrained
0.1007999999274034,Unconstrained
0.23950000013428507,Unconstrained
0.11329999961162684,Unconstrained
0.0984000002972607,Unconstrained
0.12280000009923242,Unconstrained
0.10180000026593916,Unconstrained
0.11679999988700729,Unconstrained
0.12999999989915523,Unconstrained
0.31559999979435815,Unconstrained
0.12419999984558672,Unconstrained
0.12520000018412247,Unconstrained
0.09849999969446799,Unconstrained
0.0988000001598266,Unconstrained
0.1326000001427019,Unconstrained
0.14770000007047202,Unconstrained
0.15170000006037299,Unconstrained
0.14969999983804883,Unconstrained
0.13519999993150122,Unconstrained
0.13679999983651214,Unconstrained
0.2282000000377593,Unconstrained
0.13190000026952475,Unconstrained
0.13829999988956843,Unconstrained
0.1368000002912595,Unconstrained
0.13829999988956843,Unconstrained
0.146500000028027,Unconstrained
0.13710000030187075,Unconstrained
0.13940000008005882,Unconstrained
0.14299999975264654,Unconstrained
0.13170000011086813,Unconstrained
0.14040000041859457,Unconstrained
0.13750000016443664,Unconstrained
0.13179999996282277,Unconstrained
0.19250000013926183,Unconstrained
0.1305000000684231,Unconstrained
0.13540000009015785,Unconstrained
0.14259999989008065,Unconstrained
0.26569999999992433,Unconstrained
0.33849999999802094,Unconstrained
0.15179999991232762,Unconstrained
0.2666000000317581,Unconstrained
0.1847999997153238,Unconstrained
0.17279999974562088,Unconstrained
0.09839999984251335,Unconstrained
0.09890000001178123,Unconstrained
0.09959999988495838,Unconstrained
0.12409999999363208,Unconstrained
0.1382000000376138,Unconstrained
0.19599999995989492,Unconstrained
0.13889999991079094,Unconstrained
0.10530000008657225,Unconstrained
0.1081000000340282,Unconstrained
0.19250000013926183,Unconstrained
0.22919999992154771,Unconstrained
0.2077999997709412,Unconstrained
0.34910000022136956,Unconstrained
0.2362999998695159,Unconstrained
0.2368999998907384,Unconstrained
0.2419999996163824,Unconstrained
0.23330000021815067,Unconstrained
0.125699999898643,Unconstrained
0.23890000011306256,Unconstrained
0.24239999993369565,Unconstrained
0.3374000002622779,Unconstrained
0.10359999987485935,Unconstrained
0.105000000075961,Unconstrained
0.2351999996790255,Unconstrained
0.27480000017021666,Unconstrained
0.2326999997421808,Unconstrained
0.23360000022876193,Unconstrained
0.13619999981528963,Unconstrained
0.26789999992615776,Unconstrained
0.19259999999121646,Unconstrained
0.18559999989520293,Unconstrained
0.2635000000736909,Unconstrained
0.4138000003877096,Unconstrained
0.25789999972403166,Unconstrained
0.23740000006000628,Unconstrained
0.23839999994379468,Unconstrained
0.11059999997087289,Unconstrained
0.32770000007076305,Unconstrained
0.3612000000430271,Unconstrained
0.24159999975381652,Unconstrained
0.4538000002867193,Unconstrained
0.2413000001979526,Unconstrained
0.2386000001024513,Unconstrained
0.24759999996604165,Unconstrained
0.28250000013940735,Unconstrained
0.27509999972608057,Unconstrained
0.23090000013326062,Unconstrained
0.3980999999839696,Unconstrained
0.33650000023044413,Unconstrained
0.28239999983270536,Unconstrained
0.283699999727105,Unconstrained
0.28019999990647193,Unconstrained
0.3295000001344306,Unconstrained
0.28000000020256266,Unconstrained
0.27399999999033753,Unconstrained
0.25800000003073364,Unconstrained
0.32110000029206276,Unconstrained
0.2868000001399196,Unconstrained
0.3007999998771993,Unconstrained
0.26440000010552467,Unconstrained
0.382400000034977,Unconstrained
0.1555000003463647,Unconstrained
0.2279999998791027,Unconstrained
0.3630999999586493,Unconstrained
0.29700000004595495,Unconstrained
0.2668000001904147,Unconstrained
0.2546000000620552,Unconstrained
0.2807000000757398,Unconstrained
0.22630000012213713,Unconstrained
0.23630000032426324,Unconstrained
0.4650000000765431,Unconstrained
0.28139999994891696,Unconstrained
0.11499999982333975,Unconstrained
0.2870999996957835,Unconstrained
0.257799999872077,Unconstrained
0.23499999997511622,Unconstrained
0.3146000003653171,Unconstrained
0.26630000002114684,Unconstrained
0.29640000002473244,Unconstrained
0.3627000000960834,Unconstrained
0.28190000011818483,Unconstrained
0.335599999743863,Unconstrained
0.29589999985546456,Unconstrained
0.2556999997977982,Unconstrained
0.28830000019297586,Unconstrained
0.3778000000238535,Unconstrained
0.31820000003790483,Unconstrained
0.42380000013508834,Unconstrained
0.42290000010325457,Unconstrained
0.38219999987632036,Unconstrained
0.33179999991261866,Unconstrained
0.2638999999362568,Unconstrained
0.35979999984192546,Unconstrained
0.2362999998695159,Unconstrained
0.26690000004236936,Unconstrained
0.4581000002872315,Unconstrained
0.28250000013940735,Unconstrained
0.2982999999403546,Unconstrained
0.2266000001327484,Unconstrained
0.22360000002663583,Unconstrained
0.3113000002485933,Unconstrained
0.3080999999838241,Unconstrained
0.2951999999822874,Unconstrained
0.3090999998676125,Unconstrained
0.26550000029601506,Unconstrained
0.28250000013940735,Unconstrained
0.3108000000793254,Unconstrained
0.19930000007661874,Unconstrained
0.23349999992205994,Unconstrained
0.21999999989930075,Unconstrained
0.0980999998319021,Unconstrained
0.09729999965202296,Unconstrained
0.09920000002239249,Unconstrained
0.10090000023410539,Unconstrained
0.22949999993215897,Unconstrained
0.28290000000197324,Unconstrained
0.22570000010091462,Unconstrained
0.2594000002318353,Unconstrained
0.2517000002626446,Unconstrained
0.09789999967324547,Unconstrained
0.24750000011408702,Unconstrained
0.12450000031094532,Unconstrained
0.11470000026747584,Unconstrained
0.09710000040286104,Unconstrained
0.11390000008759671,Unconstrained
0.10029999975813553,Unconstrained
0.17099999968195334,Unconstrained
0.10849999989659409,Unconstrained
0.10130000009667128,Unconstrained
0.10169999995923718,Unconstrained
0.10780000002341694,Unconstrained
0.11579999954847153,Unconstrained
0.12079999987690826,Unconstrained
0.1208999997288629,Unconstrained
0.120499999866297,Unconstrained
0.12760000026901253,Unconstrained
0.19740000016099657,Unconstrained
0.11679999988700729,Unconstrained
0.21650000007866765,Unconstrained
0.11610000001383014,Unconstrained
0.12590000005729962,Unconstrained
0.12079999987690826,Unconstrained
0.16009999990274082,Unconstrained
0.12170000036348938,Unconstrained
0.11690000019370927,Unconstrained
0.13069999977233238,Unconstrained
0.12199999991935329,Unconstrained
0.13869999975213432,Unconstrained
0.12550000019473373,Unconstrained
0.18369999997958075,Unconstrained
0.12190000006739865,Unconstrained
0.12500000002546585,Unconstrained
0.12169999990874203,Unconstrained
0.6194000002324174,Unconstrained
0.3799000000981323,Unconstrained
0.3397999998924206,Unconstrained
0.1741000000947679,Unconstrained
0.28279999969527125,Unconstrained
0.15510000002905144,Unconstrained
0.09779999982129084,Unconstrained
0.23449999980584835,Unconstrained
0.2865000001293083,Unconstrained
0.2318000001650944,Unconstrained
0.3412999999454769,Unconstrained
0.23310000005949405,Unconstrained
0.1000999995994789,Unconstrained
0.25529999993523234,Unconstrained
0.17329999991488876,Unconstrained
0.3621999999268155,Unconstrained
0.18349999982092413,Unconstrained
0.14989999999670545,Unconstrained
0.10159999965253519,Unconstrained
0.09839999984251335,Unconstrained
0.11719999974957318,Unconstrained
0.09860000000116997,Unconstrained
0.0990999997156905,Unconstrained
0.09970000019166037,Unconstrained
0.0974000004134723,Unconstrained
0.12060000017299899,Unconstrained
0.1368000002912595,Unconstrained
0.2789999998640269,Unconstrained
0.11279999989710632,Unconstrained
0.1250999998774205,Unconstrained
0.10209999982180307,Unconstrained
0.18969999973705853,Unconstrained
0.12070000002495362,Unconstrained
0.13679999983651214,Unconstrained
0.13549999994211248,Unconstrained
0.14460000011240481,Unconstrained
0.22189999981492292,Unconstrained
0.12969999988854397,Unconstrained
0.13179999996282277,Unconstrained
0.1299000000472006,Unconstrained
0.2961999998660758,Unconstrained
0.11080000012952951,Unconstrained
0.1629999997021514,Unconstrained
0.10120000024471665,Unconstrained
0.10870000005525071,Unconstrained
0.09790000012799283,Unconstrained
0.09910000017043785,Unconstrained
0.1015000002553279,Unconstrained
0.11390000008759671,Unconstrained
0.09679999993750243,Unconstrained
0.09730000010677031,Unconstrained
0.10229999998045969,Unconstrained
0.09779999982129084,Unconstrained
0.1011999997899693,Unconstrained
0.09749999981067958,Unconstrained
0.10920000022451859,Unconstrained
0.0980999998319021,Unconstrained
0.09750000026542693,Unconstrained
0.09739999995872495,Unconstrained
0.09720000025481568,Unconstrained
0.10120000024471665,Unconstrained
0.09750000026542693,Unconstrained
0.11019999965355964,Unconstrained
0.09730000010677031,Unconstrained
0.1615999999557971,Unconstrained
0.09860000000116997,Unconstrained
0.09660000023359316,Unconstrained
0.0988000001598266,Unconstrained
0.09799999997994746,Unconstrained
0.09789999967324547,Unconstrained
0.0976999999693362,Unconstrained
0.15080000002853922,Unconstrained
0.09799999997994746,Unconstrained
0.0988000001598266,Unconstrained
0.0980999998319021,Unconstrained
0.10650000012901728,Unconstrained
0.10049999991679215,Unconstrained
0.09790000012799283,Unconstrained
0.09790000012799283,Unconstrained
0.0988000001598266,Unconstrained
0.09719999980006833,Unconstrained
0.09760000011738157,Unconstrained
0.1573999998072395,Unconstrained
0.09779999982129084,Unconstrained
0.11750000021493179,Unconstrained
0.09929999987434712,Unconstrained
0.1803000000109023,Unconstrained
0.10479999991730438,Unconstrained
0.0988000001598266,Unconstrained
0.09939999972630176,Unconstrained
0.10320000001229346,Unconstrained
0.09790000012799283,Unconstrained
0.09739999995872495,Unconstrained
0.09779999982129084,Unconstrained
0.15380000013465178,Unconstrained
0.09779999982129084,Unconstrained
0.1081000000340282,Unconstrained
0.0988000001598266,Unconstrained
0.09950000003300374,Unconstrained
0.10169999995923718,Unconstrained
0.11830000039481092,Unconstrained
0.09700000009615906,Unconstrained
0.10280000014972757,Unconstrained
0.10089999977935804,Unconstrained
0.14049999981580186,Unconstrained
0.09720000025481568,Unconstrained
0.09829999999055872,Unconstrained
0.09790000012799283,Unconstrained
0.09839999984251335,Unconstrained
0.09739999995872495,Unconstrained
0.11140000015075202,Unconstrained
0.10019999990618089,Unconstrained
0.10180000026593916,Unconstrained
0.09749999981067958,Unconstrained
0.09940000018104911,Unconstrained
0.09790000012799283,Unconstrained
0.09900000031848322,Unconstrained
0.0980999998319021,Unconstrained
0.10780000002341694,Unconstrained
0.09750000026542693,Unconstrained
0.09870000030787196,Unconstrained
0.09730000010677031,Unconstrained
0.09759999966263422,Unconstrained
0.09860000000116997,Unconstrained
0.09849999969446799,Unconstrained
0.09929999987434712,Unconstrained
0.10269999984302558,Unconstrained
0.09879999970507924,Unconstrained
0.09839999984251335,Unconstrained
0.09989999989556964,Unconstrained
0.0976999999693362,Unconstrained
0.09750000026542693,Unconstrained
0.10459999975864775,Unconstrained
0.09749999981067958,Unconstrained
0.09799999997994746,Unconstrained
0.09820000013860408,Unconstrained
0.09850000014921534,Unconstrained
0.1032999998642481,Unconstrained
0.09799999997994746,Unconstrained
0.0976999999693362,Unconstrained
0.0980999998319021,Unconstrained
0.09760000011738157,Unconstrained
0.1250999998774205,Unconstrained
0.10419999989608186,Unconstrained
0.303299999814044,Unconstrained
0.11260000019319705,Unconstrained
0.11730000005627517,Unconstrained
0.1733000003696361,Unconstrained
0.09839999984251335,Unconstrained
0.10100000008606003,Unconstrained
0.09709999994811369,Unconstrained
0.09869999985312461,Unconstrained
0.10579999980109278,Unconstrained
0.1021999996737577,Unconstrained
0.0976999999693362,Unconstrained
0.10169999995923718,Unconstrained
0.10160000010728254,Unconstrained
0.1173999999082298,Unconstrained
0.09719999980006833,Unconstrained
0.11379999978089472,Unconstrained
0.10339999971620273,Unconstrained
0.09819999968385673,Unconstrained
0.33920000032594544,Unconstrained
0.2837000001818524,Unconstrained
0.2426999999443069,Unconstrained
0.20569999969666242,Unconstrained
0.24459999985992908,Unconstrained
0.09790000012799283,Unconstrained
0.09819999968385673,Unconstrained
0.44830000024376204,Unconstrained
0.17489999981989968,Unconstrained
0.1376999998683459,Unconstrained
0.09790000012799283,Unconstrained
0.10470000006534974,Unconstrained
0.09890000001178123,Unconstrained
0.0969999996414117,Unconstrained
0.11690000019370927,Unconstrained
0.27119999958813423,Unconstrained
0.23499999997511622,Unconstrained
0.09999999974752427,Unconstrained
0.11619999986578478,Unconstrained
0.09950000003300374,Unconstrained
0.10070000007544877,Unconstrained
0.10100000008606003,Unconstrained
0.21739999965575407,Unconstrained
0.1353999996354105,Unconstrained
0.1297999997404986,Unconstrained
0.12749999996231054,Unconstrained
0.12030000016238773,Unconstrained
0.12500000002546585,Unconstrained
0.14160000000629225,Unconstrained
0.12070000002495362,Unconstrained
0.12980000019524596,Unconstrained
0.13910000006944756,Unconstrained
0.12630000037461286,Unconstrained
0.13069999977233238,Unconstrained
0.1608999996278726,Unconstrained
0.12570000035339035,Unconstrained
0.12659999993047677,Unconstrained
0.13559999979406712,Unconstrained
0.1295000001846347,Unconstrained
0.13339999986783369,Unconstrained
0.136099999963335,Unconstrained
0.146399999721325,Unconstrained
0.12729999980365392,Unconstrained
0.12900000001536682,Unconstrained
0.13080000007903436,Unconstrained
0.13230000013209064,Unconstrained
0.13750000016443664,Unconstrained
0.2191999997194216,Unconstrained
0.1268000000891334,Unconstrained
0.13509999962479924,Unconstrained
0.24949999988166383,Unconstrained
0.13269999999465654,Unconstrained
0.13339999986783369,Unconstrained
0.13100000023769098,Unconstrained
0.13119999994160025,Unconstrained
0.14039999996384722,Unconstrained
0.1320000001214794,Unconstrained
0.1260000003640016,Unconstrained
0.2724000000853266,Unconstrained
0.10979999979099375,Unconstrained
0.13369999987844494,Unconstrained
0.4171999999016407,Unconstrained
0.1397999999426247,Unconstrained
0.37880000036238926,Unconstrained
0.10539999993852689,Unconstrained
0.10750000001280569,Unconstrained
0.11070000027757487,Unconstrained
0.13249999983599992,Unconstrained
0.13940000008005882,Unconstrained
0.15080000002853922,Unconstrained
0.13869999975213432,Unconstrained
0.13179999996282277,Unconstrained
0.1314999999522115,Unconstrained
0.25999999979831045,Unconstrained
0.1063999998223153,Unconstrained
0.11870000025737681,Unconstrained
0.11110000014014076,Unconstrained
0.2638999999362568,Unconstrained
0.18809999983204762,Unconstrained
0.12689999994108803,Unconstrained
0.3151000000798376,Unconstrained
0.125699999898643,Unconstrained
0.1032999998642481,Unconstrained
0.2844000000550295,Unconstrained
0.23250000003827154,Unconstrained
0.10900000006586197,Unconstrained
0.10629999997036066,Unconstrained
0.0976999999693362,Unconstrained
0.26590000015858095,Unconstrained
0.11340000037307618,Unconstrained
0.09989999989556964,Unconstrained
0.11709999989761855,Unconstrained
0.16129999994518585,Unconstrained
0.11709999989761855,Unconstrained
0.17119999984060996,Unconstrained
0.12459999970815261,Unconstrained
0.17320000006293412,Unconstrained
0.10560000009718351,Unconstrained
0.10240000028716167,Unconstrained
0.27420000014899415,Unconstrained
0.27399999999033753,Unconstrained
0.5591999997704988,Unconstrained
0.23739999960525893,Unconstrained
0.19220000012865057,Unconstrained
0.10760000031950767,Unconstrained
0.10320000001229346,Unconstrained
0.10320000001229346,Unconstrained
0.10960000008708448,Unconstrained
0.12220000007800991,Unconstrained
0.1318999998147774,Unconstrained
0.1314999999522115,Unconstrained
0.2555999999458436,Unconstrained
0.1264000002265675,Unconstrained
0.12489999971876387,Unconstrained
0.1299000000472006,Unconstrained
0.1264000002265675,Unconstrained
0.12700000024779,Unconstrained
0.15359999997599516,Unconstrained
0.12070000002495362,Unconstrained
0.1225999999405758,Unconstrained
0.12700000024779,Unconstrained
0.12630000037461286,Unconstrained
0.13059999992037774,Unconstrained
0.12749999996231054,Unconstrained
0.1312000003963476,Unconstrained
0.1320000001214794,Unconstrained
0.12749999996231054,Unconstrained
0.2191999997194216,Unconstrained
0.132200000280136,Unconstrained
0.1320000001214794,Unconstrained
0.14089999967836775,Unconstrained
0.13170000011086813,Unconstrained
0.13489999992088997,Unconstrained
0.12689999994108803,Unconstrained
0.22540000009030337,Unconstrained
0.13209999997343402,Unconstrained
0.12340000012045493,Unconstrained
0.12710000009974465,Unconstrained
0.12730000025840127,Unconstrained
0.1471000000492495,Unconstrained
0.14169999985824688,Unconstrained
0.1320000001214794,Unconstrained
0.1320000001214794,Unconstrained
0.13440000020636944,Unconstrained
0.12590000005729962,Unconstrained
0.13790000002700253,Unconstrained
0.1330000000052678,Unconstrained
0.12700000024779,Unconstrained
0.12719999995169928,Unconstrained
0.1930000003085297,Unconstrained
0.12599999990925426,Unconstrained
0.14460000011240481,Unconstrained
0.13269999999465654,Unconstrained
0.23719999990134966,Unconstrained
0.1314999999522115,Unconstrained
0.13140000010025688,Unconstrained
0.19449999990683864,Unconstrained
0.11249999988649506,Unconstrained
0.11469999981272849,Unconstrained
0.09829999999055872,Unconstrained
0.1194999999825086,Unconstrained
0.12699999979304266,Unconstrained
0.125800000205345,Unconstrained
0.11240000003454043,Unconstrained
0.105000000075961,Unconstrained
0.11189999986527255,Unconstrained
0.11610000001383014,Unconstrained
0.13059999992037774,Unconstrained
0.12660000038522412,Unconstrained
0.09890000001178123,Unconstrained
0.14420000024983892,Unconstrained
0.09920000002239249,Unconstrained
0.17660000003161258,Unconstrained
0.10480000037205173,Unconstrained
0.17440000010537915,Unconstrained
0.09839999984251335,Unconstrained
0.11759999961213907,Unconstrained
0.09860000000116997,Unconstrained
0.3234000000702508,Unconstrained
0.30340000012074597,Unconstrained
0.09879999970507924,Unconstrained
0.2372999997533043,Unconstrained
0.20640000002458692,Unconstrained
0.19740000016099657,Unconstrained
0.13170000011086813,Unconstrained
0.09820000013860408,Unconstrained
0.17279999974562088,Unconstrained
0.10299999985363684,Unconstrained
0.2472999999554304,Unconstrained
0.21090000018375576,Unconstrained
0.09920000002239249,Unconstrained
0.1480999999330379,Unconstrained
0.1955000002453744,Unconstrained
0.09820000013860408,Unconstrained
0.14730000020790612,Unconstrained
0.0976999999693362,Unconstrained
0.10020000036092824,Unconstrained
0.09989999989556964,Unconstrained
0.1299000000472006,Unconstrained
0.09790000012799283,Unconstrained
0.09869999985312461,Unconstrained
0.09890000001178123,Unconstrained
0.14699999974254752,Unconstrained
0.09929999987434712,Unconstrained
0.10419999989608186,Unconstrained
0.10530000008657225,Unconstrained
0.7454999999936263,Unconstrained
0.5941999997958192,Unconstrained
0.2540000000408327,Unconstrained
0.3897999999935564,Unconstrained
0.23600000031365198,Unconstrained
0.320200000260229,Unconstrained
0.28219999967404874,Unconstrained
0.2266000001327484,Unconstrained
0.23599999985890463,Unconstrained
0.24459999985992908,Unconstrained
0.2413000001979526,Unconstrained
0.2403999997113715,Unconstrained
0.283699999727105,Unconstrained
0.23640000017621787,Unconstrained
0.23110000029191724,Unconstrained
0.2295999997841136,Unconstrained
0.2389999999650172,Unconstrained
0.22569999964616727,Unconstrained
0.36240000008547213,Unconstrained
0.3480999998828338,Unconstrained
0.2231000003121153,Unconstrained
0.10530000008657225,Unconstrained
0.23819999978513806,Unconstrained
0.23389999978462583,Unconstrained
0.23469999996450497,Unconstrained
0.23580000015499536,Unconstrained
0.230699999974604,Unconstrained
0.23630000032426324,Unconstrained
0.2761000000646163,Unconstrained
0.23639999972147052,Unconstrained
0.09799999997994746,Unconstrained
0.3480999998828338,Unconstrained
0.282599999991362,Unconstrained
0.23969999983819434,Unconstrained
0.2506000000721542,Unconstrained
0.23699999974269303,Unconstrained
0.24779999966995092,Unconstrained
0.2432000001135748,Unconstrained
0.2395999999862397,Unconstrained
0.18360000012762612,Unconstrained
0.2505000002201996,Unconstrained
0.22829999988971394,Unconstrained
0.22349999971993384,Unconstrained
0.24720000010347576,Unconstrained
0.22769999986849143,Unconstrained
0.22709999984726892,Unconstrained
0.2274999997098348,Unconstrained
0.22779999972044607,Unconstrained
0.22540000009030337,Unconstrained
0.23599999985890463,Unconstrained
0.22340000032272656,Unconstrained
0.22269999999480206,Unconstrained
0.23499999997511622,Unconstrained
0.2274999997098348,Unconstrained
0.22470000021712622,Unconstrained
0.230699999974604,Unconstrained
0.22459999991042423,Unconstrained
0.2297000000908156,Unconstrained
0.2293000002282497,Unconstrained
0.22710000030201627,Unconstrained
0.23370000008071656,Unconstrained
0.23160000000643777,Unconstrained
0.2968000003420457,Unconstrained
0.23160000000643777,Unconstrained
0.22619999981543515,Unconstrained
0.2324000001863169,Unconstrained
0.22979999994277023,Unconstrained
0.10019999990618089,Unconstrained
0.23680000003878376,Unconstrained
0.266999999894324,Unconstrained
0.22960000023886096,Unconstrained
0.23529999998572748,Unconstrained
0.2345000002605957,Unconstrained
0.2616000001580687,Unconstrained
0.230699999974604,Unconstrained
0.22730000000592554,Unconstrained
0.22829999988971394,Unconstrained
0.225499999942258,Unconstrained
0.22809999973105732,Unconstrained
0.22269999999480206,Unconstrained
0.22630000012213713,Unconstrained
0.2341999997952371,Unconstrained
0.22570000010091462,Unconstrained
0.23220000002766028,Unconstrained
0.2696999999898253,Unconstrained
0.24050000001807348,Unconstrained
0.2297000000908156,Unconstrained
0.2380000000812288,Unconstrained
0.22990000024947221,Unconstrained
0.2478999999766529,Unconstrained
0.23530000044047483,Unconstrained
0.2586999999039108,Unconstrained
0.25450000021010055,Unconstrained
0.2544999997553532,Unconstrained
0.23849999979574932,Unconstrained
0.1160000001618755,Unconstrained
0.23849999979574932,Unconstrained
0.230699999974604,Unconstrained
0.2343999999538937,Unconstrained
0.24459999985992908,Unconstrained
0.2401000001555076,Unconstrained
0.22639999997409177,Unconstrained
0.2316999998583924,Unconstrained
0.22639999997409177,Unconstrained
0.22420000004785834,Unconstrained
0.22529999978360138,Unconstrained
0.09989999989556964,Unconstrained
0.22990000024947221,Unconstrained
0.23009999995338148,Unconstrained
0.22839999974166858,Unconstrained
0.230699999974604,Unconstrained
0.24720000010347576,Unconstrained
0.2438000001347973,Unconstrained
0.22880000005898182,Unconstrained
0.184100000296894,Unconstrained
0.4453999999896041,Unconstrained
0.5866999999852851,Unconstrained
0.12650000007852213,Unconstrained
0.3947999998672458,Unconstrained
0.24560000019846484,Unconstrained
0.14449999980570283,Unconstrained
0.2668000001904147,Unconstrained
0.11829999994006357,Unconstrained
0.2596999997876992,Unconstrained
0.21110000034241239,Unconstrained
0.15200000007098424,Unconstrained
0.31470000021727174,Unconstrained
0.3708999997797946,Unconstrained
0.18430000000080327,Unconstrained
0.23710000004939502,Unconstrained
0.1578999999765074,Unconstrained
0.1754999998411222,Unconstrained
0.2774999998109706,Unconstrained
0.23150000015448313,Unconstrained
0.25589999995645485,Unconstrained
0.33389999998689746,Unconstrained
0.09940000018104911,Unconstrained
0.24040000016611884,Unconstrained
0.09960000033970573,Unconstrained
0.1042999997480365,Unconstrained
0.10180000026593916,Unconstrained
0.13859999990017968,Unconstrained
0.09940000018104911,Unconstrained
0.12019999985568575,Unconstrained
0.23499999997511622,Unconstrained
0.2702000001590932,Unconstrained
0.24020000000746222,Unconstrained
0.10139999994862592,Unconstrained
0.10829999973793747,Unconstrained
0.09829999999055872,Unconstrained
0.2611999998407555,Unconstrained
0.12119999973947415,Unconstrained
0.09829999999055872,Unconstrained
0.28880000036224374,Unconstrained
0.2235000001746812,Unconstrained
0.17579999985173345,Unconstrained
0.09829999999055872,Unconstrained
0.09819999968385673,Unconstrained
0.1187999996545841,Unconstrained
0.38879999965502066,Unconstrained
0.11010000025635236,Unconstrained
0.10979999979099375,Unconstrained
0.2482999998392188,Unconstrained
0.6353999997372739,Unconstrained
0.34409999989293283,Unconstrained
0.23319999991144869,Unconstrained
0.4162999998698069,Unconstrained
0.2121000002262008,Unconstrained
0.09839999984251335,Unconstrained
0.09779999982129084,Unconstrained
0.09850000014921534,Unconstrained
0.09879999970507924,Unconstrained
0.10069999962070142,Unconstrained
0.09879999970507924,Unconstrained
0.09850000014921534,Unconstrained
0.09940000018104911,Unconstrained
0.10070000007544877,Unconstrained
0.1750999999785563,Unconstrained
0.09950000003300374,Unconstrained
0.09860000000116997,Unconstrained
0.23460000011255033,Unconstrained
0.10229999998045969,Unconstrained
0.2580999998826883,Unconstrained
0.18369999997958075,Unconstrained
0.31380000018543797,Unconstrained
0.09779999982129084,Unconstrained
0.15349999966929317,Unconstrained
0.31439999975191313,Unconstrained
0.13110000008964562,Unconstrained
0.09860000000116997,Unconstrained
0.09739999995872495,Unconstrained
0.09799999997994746,Unconstrained
0.294099999791797,Unconstrained
0.15050000001792796,Unconstrained
0.09810000028664945,Unconstrained
0.14479999981631408,Unconstrained
0.39740000011079246,Unconstrained
0.10879999990720535,Unconstrained
0.11110000014014076,Unconstrained
0.09759999966263422,Unconstrained
0.1007999999274034,Unconstrained
0.22709999984726892,Unconstrained
0.2840999995896709,Unconstrained
0.18480000017007114,Unconstrained
0.18309999995835824,Unconstrained
0.125800000205345,Unconstrained
0.3171999996993691,Unconstrained
0.2607999999781896,Unconstrained
0.38099999983387534,Unconstrained
0.1656999997976527,Unconstrained
0.27460000001156004,Unconstrained
0.1654000002417888,Unconstrained
0.09899999986373587,Unconstrained
0.09819999968385673,Unconstrained
0.09790000012799283,Unconstrained
0.09910000017043785,Unconstrained
0.09850000014921534,Unconstrained
0.09890000001178123,Unconstrained
0.2549999999246211,Unconstrained
0.1401999998051906,Unconstrained
0.31940000008034986,Unconstrained
0.13600000011138036,Unconstrained
0.09899999986373587,Unconstrained
0.09799999997994746,Unconstrained
0.23210000017570565,Unconstrained
0.09829999999055872,Unconstrained
0.09739999995872495,Unconstrained
0.26900000011664815,Unconstrained
0.4403000002639601,Unconstrained
0.11100000028818613,Unconstrained
0.4033000000163156,Unconstrained
0.22880000005898182,Unconstrained
0.23229999987961492,Unconstrained
0.2279999998791027,Unconstrained
0.2540999998927873,Unconstrained
0.3019000000676897,Unconstrained
0.19769999971686048,Unconstrained
0.09720000025481568,Unconstrained
0.14220000002751476,Unconstrained
0.10440000005473848,Unconstrained
0.0990999997156905,Unconstrained
0.10920000022451859,Unconstrained
0.10439999959999113,Unconstrained
0.35879999995813705,Unconstrained
0.19729999985429458,Unconstrained
0.13900000021749293,Unconstrained
0.22739999985788018,Unconstrained
0.3000000001520675,Unconstrained
0.12119999973947415,Unconstrained
0.17249999973500962,Unconstrained
0.11070000027757487,Unconstrained
0.10209999982180307,Unconstrained
0.22869999975227984,Unconstrained
0.17920000027515925,Unconstrained
0.10400000019217259,Unconstrained
0.09930000032909447,Unconstrained
0.09879999970507924,Unconstrained
0.10000000020227162,Unconstrained
0.10430000020278385,Unconstrained
0.22739999985788018,Unconstrained
0.29279999989739736,Unconstrained
0.14280000004873727,Unconstrained
0.12010000000373111,Unconstrained
0.3077000001212582,Unconstrained
0.09959999988495838,Unconstrained
0.15869999970163917,Unconstrained
0.09799999997994746,Unconstrained
0.09950000003300374,Unconstrained
0.1071000001502398,Unconstrained
0.16470000036861165,Unconstrained
0.13689999968846678,Unconstrained
0.09820000013860408,Unconstrained
0.0980999998319021,Unconstrained
0.09839999984251335,Unconstrained
0.0988000001598266,Unconstrained
0.09890000001178123,Unconstrained
0.17190000016853446,Unconstrained
0.11130000029879739,Unconstrained
0.10939999992842786,Unconstrained
0.17579999985173345,Unconstrained
0.09850000014921534,Unconstrained
0.09790000012799283,Unconstrained
0.17400000024281326,Unconstrained
0.18980000004376052,Unconstrained
0.11790000007749768,Unconstrained
0.337000000399712,Unconstrained
0.1947999999174499,Unconstrained
0.18890000001192675,Unconstrained
0.09820000013860408,Unconstrained
0.2009999998335843,Unconstrained
0.38309999990815413,Unconstrained
0.19720000000233995,Unconstrained
0.34370000003036694,Unconstrained
0.39270000024771434,Unconstrained
0.13660000013260287,Unconstrained
0.18390000013823737,Unconstrained
0.19759999986490584,Unconstrained
0.1063999998223153,Unconstrained
0.11979999999311985,Unconstrained
0.10580000025584013,Unconstrained
0.0988000001598266,Unconstrained
0.158100000135164,Unconstrained
0.09780000027603819,Unconstrained
0.099800000043615,Unconstrained
0.2509000000827655,Unconstrained
0.13230000013209064,Unconstrained
0.23819999978513806,Unconstrained
0.19699999984368333,Unconstrained
0.11580000000321888,Unconstrained
0.1063999998223153,Unconstrained
0.1247000000148546,Unconstrained
0.09910000017043785,Unconstrained
0.23809999993318343,Unconstrained
0.10139999994862592,Unconstrained
0.09829999999055872,Unconstrained
0.1038999998854706,Unconstrained
0.0976999999693362,Unconstrained
0.23319999991144869,Unconstrained
0.16560000040044542,Unconstrained
0.10730000030889641,Unconstrained
0.09920000002239249,Unconstrained
0.2596999997876992,Unconstrained
0.3904000000147789,Unconstrained
0.11570000015126425,Unconstrained
0.1594999998815183,Unconstrained
0.32090000013340614,Unconstrained
0.10019999990618089,Unconstrained
0.09799999997994746,Unconstrained
0.1250999998774205,Unconstrained
0.1042999997480365,Unconstrained
0.24520000033589895,Unconstrained
0.27369999997972627,Unconstrained
0.16400000004068715,Unconstrained
0.5120000000715663,Unconstrained
0.23080000028130598,Unconstrained
0.2264999998260464,Unconstrained
0.4046000003654626,Unconstrained
0.4683000001932669,Unconstrained
0.2260999999634805,Unconstrained
0.2116000000569329,Unconstrained
0.1884999996946135,Unconstrained
0.10179999981119181,Unconstrained
0.10840000004463946,Unconstrained
0.09839999984251335,Unconstrained
0.22679999983665766,Unconstrained
0.09799999997994746,Unconstrained
0.10239999983241432,Unconstrained
0.1090999999178166,Unconstrained
0.10209999982180307,Unconstrained
0.10109999993801466,Unconstrained
0.10169999995923718,Unconstrained
0.10229999998045969,Unconstrained
0.2320999997209583,Unconstrained
0.09870000030787196,Unconstrained
0.11519999998199637,Unconstrained
0.09779999982129084,Unconstrained
0.17619999971429934,Unconstrained
0.30970000034358236,Unconstrained
0.1440000000911823,Unconstrained
0.11769999991884106,Unconstrained
0.2034000003732217,Unconstrained
0.27790000012828386,Unconstrained
0.11349999977028347,Unconstrained
0.10449999990669312,Unconstrained
0.10229999998045969,Unconstrained
0.12549999973998638,Unconstrained
0.35109999998894637,Unconstrained
0.282599999991362,Unconstrained
0.12710000009974465,Unconstrained
0.09899999986373587,Unconstrained
0.10029999975813553,Unconstrained
0.09850000014921534,Unconstrained
0.10060000022349413,Unconstrained
0.1083999995898921,Unconstrained
0.09779999982129084,Unconstrained
0.25760000016816775,Unconstrained
0.17899999966175528,Unconstrained
0.22730000000592554,Unconstrained
0.1015000002553279,Unconstrained
0.10750000001280569,Unconstrained
0.11099999983343878,Unconstrained
0.10240000028716167,Unconstrained
0.1289000001634122,Unconstrained
0.25740000000951113,Unconstrained
0.13810000018565916,Unconstrained
0.40859999990061624,Unconstrained
0.14590000000680448,Unconstrained
0.19960000008723,Unconstrained
0.24410000014540856,Unconstrained
0.09790000012799283,Unconstrained
0.09869999985312461,Unconstrained
0.24059999987002811,Unconstrained
0.2235000001746812,Unconstrained
0.10270000029777293,Unconstrained
0.09910000017043785,Unconstrained
0.0988000001598266,Unconstrained
0.09850000014921534,Unconstrained
0.22960000023886096,Unconstrained
0.2531000000089989,Unconstrained
0.22790000002714805,Unconstrained
0.30800000013186946,Unconstrained
0.12829999968744232,Unconstrained
0.1471000000492495,Unconstrained
0.09839999984251335,Unconstrained
0.11480000011943048,Unconstrained
0.26189999971393263,Unconstrained
0.12419999984558672,Unconstrained
0.3868999997393985,Unconstrained
0.23640000017621787,Unconstrained
0.1984999998967396,Unconstrained
0.22780000017519342,Unconstrained
0.25760000016816775,Unconstrained
0.26049999996757833,Unconstrained
0.10480000037205173,Unconstrained
0.09829999999055872,Unconstrained
0.09899999986373587,Unconstrained
0.11450000010881922,Unconstrained
0.10030000021288288,Unconstrained
0.16910000022107852,Unconstrained
0.2251000000796921,Unconstrained
0.29870000025766785,Unconstrained
0.18010000030699302,Unconstrained
0.20300000005590846,Unconstrained
0.22839999974166858,Unconstrained
0.23389999978462583,Unconstrained
0.09899999986373587,Unconstrained
0.1083999995898921,Unconstrained
0.10369999972681399,Unconstrained
0.22790000002714805,Unconstrained
0.27780000027632923,Unconstrained
0.33949999988180934,Unconstrained
0.5528000001504552,Unconstrained
0.12920000017402344,Unconstrained
0.3822000003310677,Unconstrained
0.2058000000033644,Unconstrained
0.09899999986373587,Unconstrained
0.09790000012799283,Unconstrained
0.09820000013860408,Unconstrained
0.15940000002956367,Unconstrained
0.14099999998506973,Unconstrained
0.09719999980006833,Unconstrained
0.1021999996737577,Unconstrained
0.10180000026593916,Unconstrained
0.10479999991730438,Unconstrained
0.10249999968436896,Unconstrained
0.10259999999107094,Unconstrained
0.10870000005525071,Unconstrained
0.10730000030889641,Unconstrained
0.10250000013911631,Unconstrained
0.10740000016085105,Unconstrained
0.10939999992842786,Unconstrained
0.10199999996984843,Unconstrained
0.1509999997324485,Unconstrained
0.1019000001178938,Unconstrained
0.1029000000016822,Unconstrained
0.10169999995923718,Unconstrained
0.10650000012901728,Unconstrained
0.13390000003710156,Unconstrained
0.10179999981119181,Unconstrained
0.28040000006512855,Unconstrained
0.0976999999693362,Unconstrained
0.09860000000116997,Unconstrained
0.09899999986373587,Unconstrained
0.09940000018104911,Unconstrained
0.10240000028716167,Unconstrained
0.0984000002972607,Unconstrained
0.09820000013860408,Unconstrained
0.16499999992447556,Unconstrained
0.09860000000116997,Unconstrained
0.09899999986373587,Unconstrained
0.09760000011738157,Unconstrained
0.09959999988495838,Unconstrained
0.10620000011840602,Unconstrained
0.10499999962121365,Unconstrained
0.09820000013860408,Unconstrained
0.09970000019166037,Unconstrained
0.18299999965165625,Unconstrained
0.09879999970507924,Unconstrained
0.09910000017043785,Unconstrained
0.0984000002972607,Unconstrained
0.09760000011738157,Unconstrained
0.09870000030787196,Unconstrained
0.09900000031848322,Unconstrained
0.17579999985173345,Unconstrained
0.09890000001178123,Unconstrained
0.10590000010779477,Unconstrained
0.09930000032909447,Unconstrained
0.09910000017043785,Unconstrained
0.0984000002972607,Unconstrained
0.09829999999055872,Unconstrained
0.10090000023410539,Unconstrained
0.10109999993801466,Unconstrained
0.09799999997994746,Unconstrained
0.0990999997156905,Unconstrained
0.10130000009667128,Unconstrained
0.1038999998854706,Unconstrained
0.09789999967324547,Unconstrained
0.1268000000891334,Unconstrained
0.099800000043615,Unconstrained
0.1019000001178938,Unconstrained
0.09940000018104911,Unconstrained
0.09900000031848322,Unconstrained
0.0988000001598266,Unconstrained
0.09900000031848322,Unconstrained
0.10970000039378647,Unconstrained
0.09799999997994746,Unconstrained
0.1042999997480365,Unconstrained
0.09849999969446799,Unconstrained
0.09849999969446799,Unconstrained
0.10550000024522888,Unconstrained
0.09940000018104911,Unconstrained
0.09869999985312461,Unconstrained
0.09890000001178123,Unconstrained
0.09940000018104911,Unconstrained
0.09830000044530607,Unconstrained
0.10010000005422626,Unconstrained
0.09829999999055872,Unconstrained
0.09939999972630176,Unconstrained
0.15990000019883155,Unconstrained
0.1000999995994789,Unconstrained
0.09829999999055872,Unconstrained
0.09869999985312461,Unconstrained
0.09790000012799283,Unconstrained
0.12229999992996454,Unconstrained
0.09829999999055872,Unconstrained
0.10169999995923718,Unconstrained
0.09860000000116997,Unconstrained
0.09850000014921534,Unconstrained
0.09820000013860408,Unconstrained
0.0988000001598266,Unconstrained
0.09869999985312461,Unconstrained
0.09790000012799283,Unconstrained
0.09799999997994746,Unconstrained
0.09870000030787196,Unconstrained
0.09870000030787196,Unconstrained
0.09920000002239249,Unconstrained
0.0980999998319021,Unconstrained
0.0988000001598266,Unconstrained
0.0984000002972607,Unconstrained
0.10489999976925901,Unconstrained
0.09799999997994746,Unconstrained
0.15170000006037299,Unconstrained
0.09929999987434712,Unconstrained
0.10049999991679215,Unconstrained
0.10659999998097192,Unconstrained
0.11480000011943048,Unconstrained
0.12489999971876387,Unconstrained
0.15940000002956367,Unconstrained
0.13620000027003698,Unconstrained
0.09850000014921534,Unconstrained
0.09850000014921534,Unconstrained
0.09829999999055872,Unconstrained
0.10419999989608186,Unconstrained
0.0980999998319021,Unconstrained
0.09989999989556964,Unconstrained
0.11109999968539341,Unconstrained
0.09810000028664945,Unconstrained
0.35939999997935956,Unconstrained
0.09829999999055872,Unconstrained
0.16909999976633117,Unconstrained
0.1005000003715395,Unconstrained
0.09829999999055872,Unconstrained
0.09860000000116997,Unconstrained
0.09899999986373587,Unconstrained
0.10229999998045969,Unconstrained
0.09860000000116997,Unconstrained
0.10040000006483751,Unconstrained
0.09910000017043785,Unconstrained
0.16639999967082986,Unconstrained
0.10199999996984843,Unconstrained
0.09920000002239249,Unconstrained
0.10060000022349413,Unconstrained
0.10250000013911631,Unconstrained
0.09810000028664945,Unconstrained
0.09839999984251335,Unconstrained
0.15179999991232762,Unconstrained
0.10400000019217259,Unconstrained
0.10029999975813553,Unconstrained
0.1059999999597494,Unconstrained
0.10109999993801466,Unconstrained
0.13549999994211248,Unconstrained
0.15570000005027396,Unconstrained
0.11689999973896192,Unconstrained
0.10000000020227162,Unconstrained
0.09870000030787196,Unconstrained
0.099800000043615,Unconstrained
0.09989999989556964,Unconstrained
0.12930000002597808,Unconstrained
0.4764000000250235,Unconstrained
0.5584999998973217,Unconstrained
0.10509999992791563,Unconstrained
0.11970000014116522,Unconstrained
0.10359999987485935,Unconstrained
0.1345999999102787,Unconstrained
0.10579999980109278,Unconstrained
0.11200000017197453,Unconstrained
0.13659999967785552,Unconstrained
0.23809999993318343,Unconstrained
0.1451000002816727,Unconstrained
0.13870000020688167,Unconstrained
0.13579999995272374,Unconstrained
0.15189999976428226,Unconstrained
0.24080000002868474,Unconstrained
0.14359999977386906,Unconstrained
0.15089999988049385,Unconstrained
0.14760000021851738,Unconstrained
0.13710000030187075,Unconstrained
0.20489999997153063,Unconstrained
0.10240000028716167,Unconstrained
0.10340000017095008,Unconstrained
0.1712000002953573,Unconstrained
0.11209999956918182,Unconstrained
0.12190000006739865,Unconstrained
0.13119999994160025,Unconstrained
0.2909999998337298,Unconstrained
0.3308999998807849,Unconstrained
0.21070000002509914,Unconstrained
0.3864999998768326,Unconstrained
0.10380000003351597,Unconstrained
0.09890000001178123,Unconstrained
0.10179999981119181,Unconstrained
0.0980999998319021,Unconstrained
0.11229999972783844,Unconstrained
0.12590000005729962,Unconstrained
0.30030000016267877,Unconstrained
0.3492000000733242,Unconstrained
0.12689999994108803,Unconstrained
0.1019000001178938,Unconstrained
0.10100000008606003,Unconstrained
0.14669999973193626,Unconstrained
0.11300000005576294,Unconstrained
0.11240000003454043,Unconstrained
0.3901999998561223,Unconstrained
0.3535000000738364,Unconstrained
0.16479999976581894,Unconstrained
0.14449999980570283,Unconstrained
0.09879999970507924,Unconstrained
0.09860000000116997,Unconstrained
0.12589999960255227,Unconstrained
0.13080000007903436,Unconstrained
0.13730000000578002,Unconstrained
0.14989999999670545,Unconstrained
0.14160000000629225,Unconstrained
0.14039999996384722,Unconstrained
0.18839999984265887,Unconstrained
0.13209999997343402,Unconstrained
0.13249999983599992,Unconstrained
0.12749999996231054,Unconstrained
0.12560000004668836,Unconstrained
0.1316000002589135,Unconstrained
0.1397999999426247,Unconstrained
0.2036999999290856,Unconstrained
0.13170000011086813,Unconstrained
0.12700000024779,Unconstrained
0.125699999898643,Unconstrained
0.13159999980416615,Unconstrained
0.13190000026952475,Unconstrained
0.1266999997824314,Unconstrained
0.11720000020432053,Unconstrained
0.14259999989008065,Unconstrained
0.11790000007749768,Unconstrained
0.10089999977935804,Unconstrained
0.10530000008657225,Unconstrained
0.10530000008657225,Unconstrained
0.12060000017299899,Unconstrained
0.13760000001639128,Unconstrained
0.14460000011240481,Unconstrained
0.16389999973398517,Unconstrained
0.13760000001639128,Unconstrained
0.1318999998147774,Unconstrained
0.13140000010025688,Unconstrained
0.1260000003640016,Unconstrained
0.26479999996809056,Unconstrained
0.13100000023769098,Unconstrained
0.3438999997342762,Unconstrained
0.11730000005627517,Unconstrained
0.1223000003847119,Unconstrained
0.22110000008979114,Unconstrained
0.13720000015382539,Unconstrained
0.1364999998259009,Unconstrained
0.132200000280136,Unconstrained
0.13280000030135852,Unconstrained
0.21670000023732428,Unconstrained
0.12150000020483276,Unconstrained
0.12180000021544402,Unconstrained
0.1353000002382032,Unconstrained
0.12560000004668836,Unconstrained
0.1326000001427019,Unconstrained
0.13140000010025688,Unconstrained
0.13239999998404528,Unconstrained
0.13179999996282277,Unconstrained
0.13330000001587905,Unconstrained
0.13209999997343402,Unconstrained
0.13059999992037774,Unconstrained
0.21700000024793553,Unconstrained
0.1357000001007691,Unconstrained
0.132200000280136,Unconstrained
0.14379999993252568,Unconstrained
0.23770000007061753,Unconstrained
0.11659999972835067,Unconstrained
0.23259999989022617,Unconstrained
0.4098999997950159,Unconstrained
0.2116000000569329,Unconstrained
0.16550000009374344,Unconstrained
0.2316999998583924,Unconstrained
0.10780000002341694,Unconstrained
0.0988000001598266,Unconstrained
0.130799999624287,Unconstrained
0.20150000000285218,Unconstrained
0.21740000011050142,Unconstrained
0.10859999974854873,Unconstrained
0.10440000005473848,Unconstrained
0.10410000004412723,Unconstrained
0.4009000003861729,Unconstrained
0.12590000005729962,Unconstrained
0.14689999989059288,Unconstrained
0.16809999988254276,Unconstrained
0.1397999999426247,Unconstrained
0.13250000029074727,Unconstrained
0.13219999982538866,Unconstrained
0.130899999930989,Unconstrained
0.13490000037563732,Unconstrained
0.23539999983768212,Unconstrained
0.13020000005781185,Unconstrained
0.12710000009974465,Unconstrained
0.13639999997394625,Unconstrained
0.13239999998404528,Unconstrained
0.13219999982538866,Unconstrained
0.41820000024017645,Unconstrained
0.13719999969907803,Unconstrained
0.1305000000684231,Unconstrained
0.1318999998147774,Unconstrained
0.198299999738083,Unconstrained
0.13179999996282277,Unconstrained
0.13209999997343402,Unconstrained
0.4226000000926433,Unconstrained
0.13119999994160025,Unconstrained
0.13169999965612078,Unconstrained
0.12590000005729962,Unconstrained
0.13790000002700253,Unconstrained
0.1312999997935549,Unconstrained
0.1366999999845575,Unconstrained
0.15780000012455275,Unconstrained
0.14509999982692534,Unconstrained
0.130799999624287,Unconstrained
0.1283999999941443,Unconstrained
0.13029999990976648,Unconstrained
0.1270999996449973,Unconstrained
0.13159999980416615,Unconstrained
0.2368999998907384,Unconstrained
0.13159999980416615,Unconstrained
0.1316000002589135,Unconstrained
0.1345999999102787,Unconstrained
0.13140000010025688,Unconstrained
0.130899999930989,Unconstrained
0.15080000002853922,Unconstrained
0.15050000001792796,Unconstrained
0.1316000002589135,Unconstrained
0.13170000011086813,Unconstrained
0.45419999969453784,Unconstrained
0.1212000001942215,Unconstrained
0.13179999996282277,Unconstrained
0.14950000013413955,Unconstrained
0.13119999994160025,Unconstrained
0.13369999987844494,Unconstrained
0.13039999976172112,Unconstrained
0.2798999998958607,Unconstrained
0.13829999988956843,Unconstrained
0.1330000000052678,Unconstrained
0.15570000005027396,Unconstrained
0.1368000002912595,Unconstrained
0.1318999998147774,Unconstrained
0.13659999967785552,Unconstrained
0.2328000000488828,Unconstrained
0.13859999990017968,Unconstrained
0.26269999989381176,Unconstrained
0.10199999996984843,Unconstrained
0.12459999970815261,Unconstrained
0.1388000000588363,Unconstrained
0.14490000012301607,Unconstrained
0.13679999983651214,Unconstrained
0.2067999998871528,Unconstrained
0.167199999850709,Unconstrained
0.14280000004873727,Unconstrained
0.1503000003140187,Unconstrained
0.23539999983768212,Unconstrained
0.1449999999749707,Unconstrained
0.12550000019473373,Unconstrained
0.1266999997824314,Unconstrained
0.15220000022964086,Unconstrained
0.13130000024830224,Unconstrained
0.1316000002589135,Unconstrained
0.3169999999954598,Unconstrained
0.29230000018287683,Unconstrained
0.10199999996984843,Unconstrained
0.10060000022349413,Unconstrained
0.4590999997162726,Unconstrained
0.2326999997421808,Unconstrained
0.3600000000005821,Unconstrained
0.1173999999082298,Unconstrained
0.09799999997994746,Unconstrained
0.09779999982129084,Unconstrained
0.10399999973742524,Unconstrained
0.26349999961894355,Unconstrained
0.27929999987463816,Unconstrained
0.215099999877566,Unconstrained
0.2496000001883658,Unconstrained
0.10209999982180307,Unconstrained
0.1461000001654611,Unconstrained
0.09879999970507924,Unconstrained
0.1202000003104331,Unconstrained
0.09820000013860408,Unconstrained
0.29029999996055267,Unconstrained
0.24260000009235227,Unconstrained
0.13720000015382539,Unconstrained
0.15660000008210773,Unconstrained
0.17979999984163442,Unconstrained
0.09790000012799283,Unconstrained
0.11309999990771757,Unconstrained
0.1434000000699598,Unconstrained
0.22579999995286926,Unconstrained
0.14919999966878095,Unconstrained
0.1523000000815955,Unconstrained
0.3891999999723339,Unconstrained
0.1575000001139415,Unconstrained
0.25240000013582176,Unconstrained
0.3293999998277286,Unconstrained
0.1907000000755943,Unconstrained
0.2862999999706517,Unconstrained
0.1260999997612089,Unconstrained
0.18219999992652447,Unconstrained
0.11300000005576294,Unconstrained
0.10209999982180307,Unconstrained
0.10609999981170404,Unconstrained
0.10479999991730438,Unconstrained
0.10629999997036066,Unconstrained
0.11679999988700729,Unconstrained
0.13209999997343402,Unconstrained
0.136099999963335,Unconstrained
0.13040000021646847,Unconstrained
0.13080000007903436,Unconstrained
0.12639999977182015,Unconstrained
0.2382000002398854,Unconstrained
0.1264000002265675,Unconstrained
0.12699999979304266,Unconstrained
0.20769999991898658,Unconstrained
0.13209999997343402,Unconstrained
0.13410000019575818,Unconstrained
0.25649999997767736,Unconstrained
0.12700000024779,Unconstrained
0.13119999994160025,Unconstrained
0.23980000014489633,Unconstrained
0.1262999999198655,Unconstrained
0.1316000002589135,Unconstrained
0.15070000017658458,Unconstrained
0.15050000001792796,Unconstrained
0.1320000001214794,Unconstrained
0.132200000280136,Unconstrained
0.2418000003672205,Unconstrained
0.13140000010025688,Unconstrained
0.14540000029228395,Unconstrained
0.14779999992242665,Unconstrained
0.13190000026952475,Unconstrained
0.13209999997343402,Unconstrained
0.1370999998471234,Unconstrained
0.13190000026952475,Unconstrained
0.1316000002589135,Unconstrained
0.14689999989059288,Unconstrained
0.19239999983255984,Unconstrained
0.1314999999522115,Unconstrained
0.12490000017351122,Unconstrained
0.13889999991079094,Unconstrained
0.1314999999522115,Unconstrained
0.27819999968414777,Unconstrained
0.3139000000373926,Unconstrained
0.14489999966826872,Unconstrained
0.16449999975520768,Unconstrained
0.20799999992959783,Unconstrained
0.0980999998319021,Unconstrained
0.14379999993252568,Unconstrained
0.19219999967390322,Unconstrained
0.15699999994467362,Unconstrained
0.15010000015536207,Unconstrained
0.14420000024983892,Unconstrained
0.15840000014577527,Unconstrained
0.19049999991693767,Unconstrained
0.13099999978294363,Unconstrained
0.13719999969907803,Unconstrained
0.1540000002933084,Unconstrained
0.13720000015382539,Unconstrained
0.13730000000578002,Unconstrained
0.13110000008964562,Unconstrained
0.13750000016443664,Unconstrained
0.16340000001946464,Unconstrained
0.1609999999345746,Unconstrained
0.14359999977386906,Unconstrained
0.15249999978550477,Unconstrained
0.1382000000376138,Unconstrained
0.13259999968795455,Unconstrained
0.14520000013362733,Unconstrained
0.230699999974604,Unconstrained
0.13290000015331316,Unconstrained
0.1330000000052678,Unconstrained
0.15359999997599516,Unconstrained
0.20600000016202102,Unconstrained
0.15490000032514217,Unconstrained
0.13119999994160025,Unconstrained
0.27420000014899415,Unconstrained
0.14700000019729487,Unconstrained
0.16860000005181064,Unconstrained
0.4096999996363593,Unconstrained
0.252700000146433,Unconstrained
0.42190000021946616,Unconstrained
0.1689000000624219,Unconstrained
0.13960000023871544,Unconstrained
0.0988000001598266,Unconstrained
0.130899999930989,Unconstrained
0.10859999974854873,Unconstrained
0.12670000023717876,Unconstrained
0.2320999997209583,Unconstrained
0.3947999998672458,Unconstrained
0.173700000232202,Unconstrained
0.10569999994913815,Unconstrained
0.09790000012799283,Unconstrained
0.15589999975418323,Unconstrained
0.30319999996208935,Unconstrained
0.46920000022510067,Unconstrained
0.2529999997022969,Unconstrained
0.22499999977299012,Unconstrained
0.1316000002589135,Unconstrained
0.10109999993801466,Unconstrained
0.09829999999055872,Unconstrained
0.10090000023410539,Unconstrained
0.09899999986373587,Unconstrained
0.10449999990669312,Unconstrained
0.10380000003351597,Unconstrained
0.10199999996984843,Unconstrained
0.1007999999274034,Unconstrained
0.23190000001704902,Unconstrained
0.10680000013962854,Unconstrained
0.18469999986336916,Unconstrained
0.17500000012660166,Unconstrained
0.10070000007544877,Unconstrained
0.1440000000911823,Unconstrained
0.22400000034394907,Unconstrained
0.2351000002818182,Unconstrained
0.10600000041449675,Unconstrained
0.10740000016085105,Unconstrained
0.09860000000116997,Unconstrained
0.09819999968385673,Unconstrained
0.09810000028664945,Unconstrained
0.09759999966263422,Unconstrained
0.0980999998319021,Unconstrained
0.10010000005422626,Unconstrained
0.09890000001178123,Unconstrained
0.2310999998371699,Unconstrained
0.21820000029038056,Unconstrained
0.17800000023271423,Unconstrained
0.1057000004038855,Unconstrained
0.0988000001598266,Unconstrained
0.12180000021544402,Unconstrained
0.1845000001594599,Unconstrained
0.10629999997036066,Unconstrained
0.0980999998319021,Unconstrained
0.0980999998319021,Unconstrained
0.35790000038105063,Unconstrained
0.27039999986300245,Unconstrained
0.10340000017095008,Unconstrained
0.10199999996984843,Unconstrained
0.17109999998865533,Unconstrained
0.10070000007544877,Unconstrained
0.10010000005422626,Unconstrained
0.10620000011840602,Unconstrained
0.09920000002239249,Unconstrained
0.09869999985312461,Unconstrained
0.0990999997156905,Unconstrained
0.10010000005422626,Unconstrained
0.09820000013860408,Unconstrained
0.1781999999366235,Unconstrained
0.09920000002239249,Unconstrained
0.10700000029828516,Unconstrained
0.0988000001598266,Unconstrained
0.09790000012799283,Unconstrained
0.09790000012799283,Unconstrained
0.1007999999274034,Unconstrained
0.099800000043615,Unconstrained
0.10350000002290471,Unconstrained
0.09920000002239249,Unconstrained
0.09890000001178123,Unconstrained
0.10120000024471665,Unconstrained
0.09920000002239249,Unconstrained
0.09910000017043785,Unconstrained
0.09929999987434712,Unconstrained
0.09869999985312461,Unconstrained
0.1609999999345746,Unconstrained
0.0990999997156905,Unconstrained
0.09899999986373587,Unconstrained
0.09899999986373587,Unconstrained
0.09849999969446799,Unconstrained
0.10210000027655042,Unconstrained
0.099800000043615,Unconstrained
0.18679999993764795,Unconstrained
0.09799999997994746,Unconstrained
0.09850000014921534,Unconstrained
0.09899999986373587,Unconstrained
0.0980999998319021,Unconstrained
0.09939999972630176,Unconstrained
0.09870000030787196,Unconstrained
0.10220000012850505,Unconstrained
0.10010000005422626,Unconstrained
0.16980000009425567,Unconstrained
0.1038999998854706,Unconstrained
0.10259999999107094,Unconstrained
0.3065999999307678,Unconstrained
0.125699999898643,Unconstrained
0.10189999966314645,Unconstrained
0.10539999993852689,Unconstrained
0.10010000005422626,Unconstrained
0.1837999998315354,Unconstrained
0.10169999995923718,Unconstrained
0.11889999996128608,Unconstrained
0.09910000017043785,Unconstrained
0.09920000002239249,Unconstrained
0.09900000031848322,Unconstrained
0.1627000001462875,Unconstrained
0.18409999984214664,Unconstrained
0.09789999967324547,Unconstrained
0.09910000017043785,Unconstrained
0.2295999997841136,Unconstrained
0.2376000002186629,Unconstrained
0.12420000030033407,Unconstrained
0.24759999996604165,Unconstrained
0.5234000000200467,Unconstrained
0.23199999986900366,Unconstrained
0.24219999977503903,Unconstrained
0.22699999999531428,Unconstrained
0.23190000001704902,Unconstrained
0.23190000001704902,Unconstrained
0.37090000023454195,Unconstrained
0.2318000001650944,Unconstrained
0.2488999998604413,Unconstrained
0.23120000014387188,Unconstrained
0.24970000004032045,Unconstrained
0.2374999999119609,Unconstrained
0.2282000000377593,Unconstrained
0.22909999961484573,Unconstrained
0.22349999971993384,Unconstrained
0.2824000002874527,Unconstrained
0.3536999997777457,Unconstrained
0.23160000000643777,Unconstrained
0.4337999998824671,Unconstrained
0.3556000001481152,Unconstrained
0.5292999999255699,Unconstrained
0.28870000005554175,Unconstrained
0.32749999991210643,Unconstrained
0.26979999984177994,Unconstrained
0.2832000000125845,Unconstrained
0.3475999997135659,Unconstrained
0.37920000022495515,Unconstrained
0.4276999998182873,Unconstrained
0.3924000002371031,Unconstrained
0.4118000001653854,Unconstrained
0.3019999999196443,Unconstrained
0.2706999998736137,Unconstrained
0.3360999999131309,Unconstrained
0.24880000000848668,Unconstrained
0.31519999993179226,Unconstrained
0.28190000011818483,Unconstrained
0.40350000017497223,Unconstrained
0.40859999990061624,Unconstrained
0.3258000001551409,Unconstrained
0.3112999997938459,Unconstrained
0.31470000021727174,Unconstrained
0.24179999991247314,Unconstrained
0.13889999991079094,Unconstrained
0.41610000016589765,Unconstrained
0.519700000040757,Unconstrained
0.3157999999530148,Unconstrained
0.3204999998160929,Unconstrained
0.22399999988920172,Unconstrained
0.22730000000592554,Unconstrained
0.12539999988803174,Unconstrained
0.277399999959016,Unconstrained
0.3503000002638146,Unconstrained
0.31220000028042705,Unconstrained
0.27559999989534845,Unconstrained
0.2988999999615771,Unconstrained
0.29779999977108673,Unconstrained
0.2702000001590932,Unconstrained
0.29009999980189605,Unconstrained
0.37460000021383166,Unconstrained
0.31420000004800386,Unconstrained
0.37770000017189886,Unconstrained
0.3235999997741601,Unconstrained
0.2974999997604755,Unconstrained
0.28920000022480963,Unconstrained
0.3351000000293425,Unconstrained
0.2815999996528262,Unconstrained
0.2804999999170832,Unconstrained
0.31730000000607106,Unconstrained
0.28100000008635106,Unconstrained
0.26650000017980346,Unconstrained
0.27499999987412593,Unconstrained
0.3477000000202679,Unconstrained
0.2978000002258341,Unconstrained
0.2558000001045002,Unconstrained
0.28500000007625204,Unconstrained
0.28830000019297586,Unconstrained
0.26750000006359187,Unconstrained
0.2608999998301442,Unconstrained
0.15680000024076435,Unconstrained
0.17600000001039007,Unconstrained
0.2318000001650944,Unconstrained
0.09839999984251335,Unconstrained
0.10130000009667128,Unconstrained
0.09820000013860408,Unconstrained
0.09820000013860408,Unconstrained
0.10109999993801466,Unconstrained
0.09820000013860408,Unconstrained
0.10340000017095008,Unconstrained
0.09860000000116997,Unconstrained
0.15880000000834116,Unconstrained
0.09779999982129084,Unconstrained
0.09730000010677031,Unconstrained
0.09780000027603819,Unconstrained
0.09820000013860408,Unconstrained
0.10559999964243616,Unconstrained
0.10969999993903912,Unconstrained
0.15220000022964086,Unconstrained
0.09849999969446799,Unconstrained
0.10179999981119181,Unconstrained
0.10459999975864775,Unconstrained
0.09820000013860408,Unconstrained
0.09799999997994746,Unconstrained
0.0976999999693362,Unconstrained
0.09949999957825639,Unconstrained
0.09829999999055872,Unconstrained
0.11929999982385198,Unconstrained
0.09920000002239249,Unconstrained
0.09819999968385673,Unconstrained
0.09820000013860408,Unconstrained
0.09759999966263422,Unconstrained
0.1077000001714623,Unconstrained
0.09700000009615906,Unconstrained
0.10149999980058055,Unconstrained
0.09749999981067958,Unconstrained
0.09779999982129084,Unconstrained
0.09789999967324547,Unconstrained
0.09760000011738157,Unconstrained
0.09869999985312461,Unconstrained
0.09820000013860408,Unconstrained
0.09959999988495838,Unconstrained
0.11009999980160501,Unconstrained
0.12560000004668836,Unconstrained
0.09749999981067958,Unconstrained
0.09879999970507924,Unconstrained
0.110200000108307,Unconstrained
0.09799999997994746,Unconstrained
0.09820000013860408,Unconstrained
0.10440000005473848,Unconstrained
0.0990999997156905,Unconstrained
0.24399999983870657,Unconstrained
0.11089999998148414,Unconstrained
0.32460000011269585,Unconstrained
0.1727000003484136,Unconstrained
0.13450000005832408,Unconstrained
0.09860000000116997,Unconstrained
0.23239999973156955,Unconstrained
0.2318000001650944,Unconstrained
0.22810000018580467,Unconstrained
0.2943999998024083,Unconstrained
0.1646999999138643,Unconstrained
0.0980999998319021,Unconstrained
0.09730000010677031,Unconstrained
0.09820000013860408,Unconstrained
0.09790000012799283,Unconstrained
0.3175000001647277,Unconstrained
0.21059999971839716,Unconstrained
0.15510000002905144,Unconstrained
0.10440000005473848,Unconstrained
0.10339999971620273,Unconstrained
0.23499999997511622,Unconstrained
0.23319999991144869,Unconstrained
0.18369999997958075,Unconstrained
0.10870000005525071,Unconstrained
0.1289000001634122,Unconstrained
0.10229999998045969,Unconstrained
0.1019000001178938,Unconstrained
0.10390000034021796,Unconstrained
0.32699999974283855,Unconstrained
0.3998000001956825,Unconstrained
0.1388000000588363,Unconstrained
0.23710000004939502,Unconstrained
0.23529999998572748,Unconstrained
0.2856999999494292,Unconstrained
0.456199999916862,Unconstrained
0.49179999996340484,Unconstrained
0.23229999987961492,Unconstrained
0.15009999970061472,Unconstrained
0.14989999999670545,Unconstrained
0.10139999994862592,Unconstrained
0.15630000007149647,Unconstrained
0.10010000005422626,Unconstrained
0.16110000024127658,Unconstrained
0.10080000038215076,Unconstrained
0.10130000009667128,Unconstrained
0.1007999999274034,Unconstrained
0.10080000038215076,Unconstrained
0.1011999997899693,Unconstrained
0.1005000003715395,Unconstrained
0.1202000003104331,Unconstrained
0.10109999993801466,Unconstrained
0.10089999977935804,Unconstrained
0.10199999996984843,Unconstrained
0.10179999981119181,Unconstrained
0.10199999996984843,Unconstrained
0.15050000001792796,Unconstrained
0.10320000001229346,Unconstrained
0.11089999998148414,Unconstrained
0.10879999990720535,Unconstrained
0.10179999981119181,Unconstrained
0.10070000007544877,Unconstrained
0.10750000001280569,Unconstrained
0.10019999990618089,Unconstrained
0.10169999995923718,Unconstrained
0.10029999975813553,Unconstrained
0.10060000022349413,Unconstrained
0.15880000000834116,Unconstrained
0.10250000013911631,Unconstrained
0.16139999979714048,Unconstrained
0.1015000002553279,Unconstrained
0.11169999970661593,Unconstrained
0.10090000023410539,Unconstrained
0.10369999972681399,Unconstrained
0.10060000022349413,Unconstrained
0.10169999995923718,Unconstrained
0.10760000031950767,Unconstrained
0.11340000037307618,Unconstrained
0.10120000024471665,Unconstrained
0.10090000023410539,Unconstrained
0.10139999994862592,Unconstrained
0.10069999962070142,Unconstrained
0.11339999991832883,Unconstrained
0.10160000010728254,Unconstrained
0.10130000009667128,Unconstrained
0.10100000008606003,Unconstrained
0.11170000016136328,Unconstrained
0.10100000008606003,Unconstrained
0.14640000017607235,Unconstrained
0.10990000009769574,Unconstrained
0.22650000028079376,Unconstrained
0.2647000001161359,Unconstrained
0.10890000021390733,Unconstrained
0.1586000003044319,Unconstrained
0.09749999981067958,Unconstrained
0.17009999965011957,Unconstrained
0.09799999997994746,Unconstrained
0.11139999969600467,Unconstrained
0.09790000012799283,Unconstrained
0.10130000009667128,Unconstrained
0.10199999996984843,Unconstrained
0.09950000003300374,Unconstrained
0.22739999985788018,Unconstrained
0.09860000000116997,Unconstrained
0.09739999995872495,Unconstrained
0.09829999999055872,Unconstrained
0.09790000012799283,Unconstrained
0.09820000013860408,Unconstrained
0.09850000014921534,Unconstrained
0.09989999989556964,Unconstrained
0.09739999995872495,Unconstrained
0.09899999986373587,Unconstrained
0.09739999995872495,Unconstrained
0.09820000013860408,Unconstrained
0.09780000027603819,Unconstrained
0.09799999997994746,Unconstrained
0.09879999970507924,Unconstrained
0.10440000005473848,Unconstrained
0.09839999984251335,Unconstrained
0.10619999966365867,Unconstrained
0.09799999997994746,Unconstrained
0.09890000001178123,Unconstrained
0.10470000006534974,Unconstrained
0.1059999999597494,Unconstrained
0.10090000023410539,Unconstrained
0.10410000004412723,Unconstrained
0.10729999985414906,Unconstrained
0.09890000001178123,Unconstrained
0.2316999998583924,Unconstrained
0.10840000004463946,Unconstrained
0.0976999999693362,Unconstrained
0.09879999970507924,Unconstrained
0.1029000000016822,Unconstrained
0.10400000019217259,Unconstrained
0.0976999999693362,Unconstrained
0.09660000023359316,Unconstrained
0.09790000012799283,Unconstrained
0.13369999987844494,Unconstrained
0.09700000009615906,Unconstrained
0.15859999984968454,Unconstrained
0.09860000000116997,Unconstrained
0.20259999973859522,Unconstrained
0.09860000000116997,Unconstrained
0.09750000026542693,Unconstrained
0.09739999995872495,Unconstrained
0.10380000003351597,Unconstrained
0.09829999999055872,Unconstrained
0.1519999996162369,Unconstrained
0.09849999969446799,Unconstrained
0.09820000013860408,Unconstrained
0.09820000013860408,Unconstrained
0.11540000014065299,Unconstrained
0.09850000014921534,Unconstrained
0.11439999980211724,Unconstrained
0.09869999985312461,Unconstrained
0.0980999998319021,Unconstrained
0.09839999984251335,Unconstrained
0.11010000025635236,Unconstrained
0.09819999968385673,Unconstrained
0.09829999999055872,Unconstrained
0.0990999997156905,Unconstrained
0.1658000001043547,Unconstrained
0.09749999981067958,Unconstrained
0.09900000031848322,Unconstrained
0.09860000000116997,Unconstrained
0.10960000008708448,Unconstrained
0.10169999995923718,Unconstrained
0.09829999999055872,Unconstrained
0.09849999969446799,Unconstrained
0.09920000002239249,Unconstrained
0.09839999984251335,Unconstrained
0.09870000030787196,Unconstrained
0.09760000011738157,Unconstrained
0.09760000011738157,Unconstrained
0.17389999993611127,Unconstrained
0.09879999970507924,Unconstrained
0.09900000031848322,Unconstrained
0.09820000013860408,Unconstrained
0.10720000000219443,Unconstrained
0.09819999968385673,Unconstrained
0.09900000031848322,Unconstrained
0.09819999968385673,Unconstrained
0.09849999969446799,Unconstrained
0.09879999970507924,Unconstrained
0.0980999998319021,Unconstrained
0.0984000002972607,Unconstrained
0.0988000001598266,Unconstrained
0.09789999967324547,Unconstrained
0.09820000013860408,Unconstrained
0.15350000012404053,Unconstrained
0.09820000013860408,Unconstrained
0.16670000013618846,Unconstrained
0.10359999987485935,Unconstrained
0.12550000019473373,Unconstrained
0.1015000002553279,Unconstrained
0.13650000028064824,Unconstrained
0.09839999984251335,Unconstrained
0.1000999995994789,Unconstrained
0.09780000027603819,Unconstrained
0.11580000000321888,Unconstrained
0.0984000002972607,Unconstrained
0.09869999985312461,Unconstrained
0.0976999999693362,Unconstrained
0.11419999964346061,Unconstrained
0.09860000000116997,Unconstrained
0.09849999969446799,Unconstrained
0.09930000032909447,Unconstrained
0.09819999968385673,Unconstrained
0.09940000018104911,Unconstrained
0.10089999977935804,Unconstrained
0.0980999998319021,Unconstrained
0.09860000000116997,Unconstrained
0.09750000026542693,Unconstrained
0.09829999999055872,Unconstrained
0.09829999999055872,Unconstrained
0.10229999998045969,Unconstrained
0.23039999996399274,Unconstrained
0.09879999970507924,Unconstrained
0.09759999966263422,Unconstrained
0.09860000000116997,Unconstrained
0.09969999973691301,Unconstrained
0.18320000026506023,Unconstrained
0.1038999998854706,Unconstrained
0.0988000001598266,Unconstrained
0.10110000039276201,Unconstrained
0.09850000014921534,Unconstrained
0.22960000023886096,Unconstrained
0.4650000000765431,Unconstrained
0.09799999997994746,Unconstrained
0.19850000035148696,Unconstrained
0.10130000009667128,Unconstrained
0.1029000000016822,Unconstrained
0.09839999984251335,Unconstrained
0.09739999995872495,Unconstrained
0.340900000082911,Unconstrained
0.3440000000409782,Unconstrained
0.20479999966482865,Unconstrained
0.18869999985327013,Unconstrained
0.17630000002100132,Unconstrained
0.23370000008071656,Unconstrained
0.21130000004632166,Unconstrained
0.3697000001920969,Unconstrained
0.11420000009820797,Unconstrained
0.1129000002038083,Unconstrained
0.2706999998736137,Unconstrained
0.24369999982809532,Unconstrained
0.25030000006154296,Unconstrained
0.1492000001235283,Unconstrained
0.15179999991232762,Unconstrained
0.16649999997753184,Unconstrained
0.41069999997489504,Unconstrained
0.4118000001653854,Unconstrained
0.34259999983987655,Unconstrained
0.17849999994723476,Unconstrained
0.14220000002751476,Unconstrained
0.13699999999516876,Unconstrained
0.09899999986373587,Unconstrained
0.16119999963848386,Unconstrained
0.367999999980384,Unconstrained
0.2834000001712411,Unconstrained
0.09950000003300374,Unconstrained
0.18040000031760428,Unconstrained
0.1750999999785563,Unconstrained
0.09770000042408356,Unconstrained
0.09760000011738157,Unconstrained
0.09829999999055872,Unconstrained
0.1090999999178166,Unconstrained
0.09849999969446799,Unconstrained
0.16030000006139744,Unconstrained
0.10299999985363684,Unconstrained
0.12110000034226687,Unconstrained
0.09850000014921534,Unconstrained
0.14379999993252568,Unconstrained
0.09890000001178123,Unconstrained
0.11069999982282752,Unconstrained
0.10780000002341694,Unconstrained
0.1081000000340282,Unconstrained
0.0988000001598266,Unconstrained
0.09850000014921534,Unconstrained
0.10090000023410539,Unconstrained
0.09950000003300374,Unconstrained
0.09950000003300374,Unconstrained
0.1164000000244414,Unconstrained
0.105000000075961,Unconstrained
0.12150000020483276,Unconstrained
0.09989999989556964,Unconstrained
0.10340000017095008,Unconstrained
0.09939999972630176,Unconstrained
0.09850000014921534,Unconstrained
0.09849999969446799,Unconstrained
0.0980999998319021,Unconstrained
0.10049999991679215,Unconstrained
0.09920000002239249,Unconstrained
0.09950000003300374,Unconstrained
0.1032999998642481,Unconstrained
0.09879999970507924,Unconstrained
0.09969999973691301,Unconstrained
0.10829999973793747,Unconstrained
0.10399999973742524,Unconstrained
0.12730000025840127,Unconstrained
0.10390000034021796,Unconstrained
0.09860000000116997,Unconstrained
0.09870000030787196,Unconstrained
0.11320000021441956,Unconstrained
0.10250000013911631,Unconstrained
0.16390000018873252,Unconstrained
0.09920000002239249,Unconstrained
0.09860000000116997,Unconstrained
0.09860000000116997,Unconstrained
0.10340000017095008,Unconstrained
0.09890000001178123,Unconstrained
0.09910000017043785,Unconstrained
0.09760000011738157,Unconstrained
0.25439999990339857,Unconstrained
0.26419999994686805,Unconstrained
0.2343999999538937,Unconstrained
0.10359999987485935,Unconstrained
0.3080999999838241,Unconstrained
0.3588999998100917,Unconstrained
0.11129999984405003,Unconstrained
0.1314999999522115,Unconstrained
0.10199999996984843,Unconstrained
0.39310000011028023,Unconstrained
0.3682999999909953,Unconstrained
0.5607999996755098,Unconstrained
0.10860000020329608,Unconstrained
0.1855000000432483,Unconstrained
0.49609999996391707,Unconstrained
0.25439999990339857,Unconstrained
0.2403999997113715,Unconstrained
0.45090000003256137,Unconstrained
0.25290000030508963,Unconstrained
0.23449999980584835,Unconstrained
0.1019000001178938,Unconstrained
0.1754999998411222,Unconstrained
0.23310000005949405,Unconstrained
0.2088999999614316,Unconstrained
0.10069999962070142,Unconstrained
0.16000000005078618,Unconstrained
0.24080000002868474,Unconstrained
0.14940000028218492,Unconstrained
0.09829999999055872,Unconstrained
0.11670000003505265,Unconstrained
0.09879999970507924,Unconstrained
0.09799999997994746,Unconstrained
0.2395999999862397,Unconstrained
0.10129999964192393,Unconstrained
0.22600000011152588,Unconstrained
0.335599999743863,Unconstrained
0.230699999974604,Unconstrained
0.22940000008020434,Unconstrained
0.10950000023512985,Unconstrained
0.18070000032821554,Unconstrained
0.1326000001427019,Unconstrained
0.09860000000116997,Unconstrained
0.09839999984251335,Unconstrained
0.09839999984251335,Unconstrained
0.11549999999260763,Unconstrained
0.1268000000891334,Unconstrained
0.13100000023769098,Unconstrained
0.20630000017263228,Unconstrained
0.12109999988751952,Unconstrained
0.2515999999559426,Unconstrained
0.12179999976069666,Unconstrained
0.11650000033114338,Unconstrained
0.11619999986578478,Unconstrained
0.12749999996231054,Unconstrained
0.12550000019473373,Unconstrained
0.13279999984661117,Unconstrained
0.23000000010142685,Unconstrained
0.1253000000360771,Unconstrained
0.13719999969907803,Unconstrained
0.1260999997612089,Unconstrained
0.13179999996282277,Unconstrained
0.19389999988561613,Unconstrained
0.12780000042766915,Unconstrained
0.13989999979457934,Unconstrained
0.1366999999845575,Unconstrained
0.13190000026952475,Unconstrained
0.12560000004668836,Unconstrained
0.12589999960255227,Unconstrained
0.1382000000376138,Unconstrained
0.12710000009974465,Unconstrained
0.13910000006944756,Unconstrained
0.1343999997516221,Unconstrained
0.130899999930989,Unconstrained
0.130899999930989,Unconstrained
0.12659999993047677,Unconstrained
0.14760000021851738,Unconstrained
0.12199999991935329,Unconstrained
0.12079999987690826,Unconstrained
0.18929999987449264,Unconstrained
0.20240000003468595,Unconstrained
0.12700000024779,Unconstrained
0.12659999993047677,Unconstrained
0.12590000005729962,Unconstrained
0.2248999999210355,Unconstrained
0.14170000031299423,Unconstrained
0.12320000041654566,Unconstrained
0.13230000013209064,Unconstrained
0.1320000001214794,Unconstrained
0.1557999999022286,Unconstrained
0.1306000003751251,Unconstrained
0.13140000010025688,Unconstrained
0.130899999930989,Unconstrained
0.1312999997935549,Unconstrained
0.14389999978448031,Unconstrained
0.1121999998758838,Unconstrained
0.12859999969805358,Unconstrained
0.09860000000116997,Unconstrained
0.10620000011840602,Unconstrained
0.09879999970507924,Unconstrained
0.09780000027603819,Unconstrained
0.09999999974752427,Unconstrained
0.10370000018156134,Unconstrained
0.36749999981111614,Unconstrained
0.11270000004515168,Unconstrained
0.15990000019883155,Unconstrained
0.09759999966263422,Unconstrained
0.09829999999055872,Unconstrained
0.09810000028664945,Unconstrained
0.11339999991832883,Unconstrained
0.11589999985517352,Unconstrained
0.11459999996077386,Unconstrained
0.09869999985312461,Unconstrained
0.09849999969446799,Unconstrained
0.0980999998319021,Unconstrained
0.09920000002239249,Unconstrained
0.09890000001178123,Unconstrained
0.15220000022964086,Unconstrained
0.09759999966263422,Unconstrained
0.09829999999055872,Unconstrained
0.1015000002553279,Unconstrained
0.09849999969446799,Unconstrained
0.10380000003351597,Unconstrained
0.12069999957020627,Unconstrained
0.4091000000698841,Unconstrained
0.44660000003204914,Unconstrained
0.23710000004939502,Unconstrained
0.10169999995923718,Unconstrained
0.09790000012799283,Unconstrained
0.09829999999055872,Unconstrained
0.09759999966263422,Unconstrained
0.10010000005422626,Unconstrained
0.1015000002553279,Unconstrained
0.09959999988495838,Unconstrained
0.10479999991730438,Unconstrained
0.099800000043615,Unconstrained
0.099800000043615,Unconstrained
0.11700000004566391,Unconstrained
0.10470000006534974,Unconstrained
0.10259999999107094,Unconstrained
0.1021999996737577,Unconstrained
0.10159999965253519,Unconstrained
0.10049999991679215,Unconstrained
0.1011999997899693,Unconstrained
0.10829999973793747,Unconstrained
0.10410000004412723,Unconstrained
0.12010000000373111,Unconstrained
0.09860000000116997,Unconstrained
0.09779999982129084,Unconstrained
0.09790000012799283,Unconstrained
0.09790000012799283,Unconstrained
0.09869999985312461,Unconstrained
0.09869999985312461,Unconstrained
0.11140000015075202,Unconstrained
0.105000000075961,Unconstrained
0.09780000027603819,Unconstrained
0.1007999999274034,Unconstrained
0.10250000013911631,Unconstrained
0.37190000011833035,Unconstrained
0.1007999999274034,Unconstrained
0.11660000018309802,Unconstrained
0.09799999997994746,Unconstrained
0.0988000001598266,Unconstrained
0.09869999985312461,Unconstrained
0.15080000002853922,Unconstrained
0.1007999999274034,Unconstrained
0.1007999999274034,Unconstrained
0.11670000003505265,Unconstrained
0.10189999966314645,Unconstrained
0.0990999997156905,Unconstrained
0.10870000005525071,Unconstrained
0.10410000004412723,Unconstrained
0.10280000014972757,Unconstrained
0.0980999998319021,Unconstrained
0.2351000002818182,Unconstrained
0.13600000011138036,Unconstrained
0.15200000007098424,Unconstrained
0.11399999993955134,Unconstrained
0.12229999992996454,Unconstrained
0.09920000002239249,Unconstrained
0.11140000015075202,Unconstrained
0.10209999982180307,Unconstrained
0.1090999999178166,Unconstrained
0.1015000002553279,Unconstrained
0.10149999980058055,Unconstrained
0.1019000001178938,Unconstrained
0.10160000010728254,Unconstrained
0.10169999995923718,Unconstrained
0.10340000017095008,Unconstrained
0.10309999970559147,Unconstrained
0.158100000135164,Unconstrained
0.17519999983051093,Unconstrained
0.1015000002553279,Unconstrained
0.10340000017095008,Unconstrained
0.10139999994862592,Unconstrained
0.1029000000016822,Unconstrained
0.09760000011738157,Unconstrained
0.09850000014921534,Unconstrained
0.1011999997899693,Unconstrained
0.11390000008759671,Unconstrained
0.0984000002972607,Unconstrained
0.0988000001598266,Unconstrained
0.09910000017043785,Unconstrained
0.09829999999055872,Unconstrained
0.09839999984251335,Unconstrained
0.11140000015075202,Unconstrained
0.09790000012799283,Unconstrained
0.17610000031709205,Unconstrained
0.11539999968590564,Unconstrained
0.09829999999055872,Unconstrained
0.09799999997994746,Unconstrained
0.09799999997994746,Unconstrained
0.09910000017043785,Unconstrained
0.09789999967324547,Unconstrained
0.10100000008606003,Unconstrained
0.09860000000116997,Unconstrained
0.09799999997994746,Unconstrained
0.10489999976925901,Unconstrained
0.09860000000116997,Unconstrained
0.11249999988649506,Unconstrained
0.09760000011738157,Unconstrained
0.09890000001178123,Unconstrained
0.09970000019166037,Unconstrained
0.10620000011840602,Unconstrained
0.24290000010296353,Unconstrained
0.09850000014921534,Unconstrained
0.10019999990618089,Unconstrained
0.09929999987434712,Unconstrained
0.09869999985312461,Unconstrained
0.09860000000116997,Unconstrained
0.09890000001178123,Unconstrained
0.09900000031848322,Unconstrained
0.17789999992601224,Unconstrained
0.09890000001178123,Unconstrained
0.09860000000116997,Unconstrained
0.10040000006483751,Unconstrained
0.13279999984661117,Unconstrained
0.10489999976925901,Unconstrained
0.27189999991605873,Unconstrained
0.0980999998319021,Unconstrained
0.23640000017621787,Unconstrained
0.17059999981938745,Unconstrained
0.2716999997574021,Unconstrained
0.22919999992154771,Unconstrained
0.09799999997994746,Unconstrained
0.13269999999465654,Unconstrained
0.10160000010728254,Unconstrained
0.10259999999107094,Unconstrained
0.10250000013911631,Unconstrained
0.09870000030787196,Unconstrained
0.10419999989608186,Unconstrained
0.12180000021544402,Unconstrained
0.0988000001598266,Unconstrained
0.1913000000968168,Unconstrained
0.09779999982129084,Unconstrained
0.09759999966263422,Unconstrained
0.10410000004412723,Unconstrained
0.09749999981067958,Unconstrained
0.11099999983343878,Unconstrained
0.10179999981119181,Unconstrained
0.10489999976925901,Unconstrained
0.11150000000270666,Unconstrained
0.12010000000373111,Unconstrained
0.0980999998319021,Unconstrained
0.11099999983343878,Unconstrained
0.09849999969446799,Unconstrained
0.09860000000116997,Unconstrained
0.09869999985312461,Unconstrained
0.0984000002972607,Unconstrained
0.11510000013004174,Unconstrained
0.1007999999274034,Unconstrained
0.09779999982129084,Unconstrained
0.10509999992791563,Unconstrained
0.09810000028664945,Unconstrained
0.0990999997156905,Unconstrained
0.09799999997994746,Unconstrained
0.17090000028474606,Unconstrained
0.09959999988495838,Unconstrained
0.10060000022349413,Unconstrained
0.09870000030787196,Unconstrained
0.10480000037205173,Unconstrained
0.11700000004566391,Unconstrained
0.09869999985312461,Unconstrained
0.17350000007354538,Unconstrained
0.09789999967324547,Unconstrained
0.09829999999055872,Unconstrained
0.11309999990771757,Unconstrained
0.09739999995872495,Unconstrained
0.11820000008810894,Unconstrained
0.10250000013911631,Unconstrained
0.38540000014108955,Unconstrained
0.19220000012865057,Unconstrained
0.13630000012199162,Unconstrained
0.10620000011840602,Unconstrained
0.09829999999055872,Unconstrained
0.09950000003300374,Unconstrained
0.09920000002239249,Unconstrained
0.09860000000116997,Unconstrained
0.09689999978945707,Unconstrained
0.09879999970507924,Unconstrained
0.0990999997156905,Unconstrained
0.09760000011738157,Unconstrained
0.1007999999274034,Unconstrained
0.10109999993801466,Unconstrained
0.09829999999055872,Unconstrained
0.09839999984251335,Unconstrained
0.09759999966263422,Unconstrained
0.09829999999055872,Unconstrained
0.0976999999693362,Unconstrained
0.09780000027603819,Unconstrained
0.09900000031848322,Unconstrained
0.1015000002553279,Unconstrained
0.09829999999055872,Unconstrained
0.09910000017043785,Unconstrained
0.09790000012799283,Unconstrained
0.0980999998319021,Unconstrained
0.09709999994811369,Unconstrained
0.13639999997394625,Unconstrained
0.1042999997480365,Unconstrained
0.09829999999055872,Unconstrained
0.10019999990618089,Unconstrained
0.10350000002290471,Unconstrained
0.09790000012799283,Unconstrained
0.0990999997156905,Unconstrained
0.10030000021288288,Unconstrained
0.10100000008606003,Unconstrained
0.09950000003300374,Unconstrained
0.09849999969446799,Unconstrained
0.09860000000116997,Unconstrained
0.09910000017043785,Unconstrained
0.09799999997994746,Unconstrained
0.09839999984251335,Unconstrained
0.0984000002972607,Unconstrained
0.09819999968385673,Unconstrained
0.09829999999055872,Unconstrained
0.1029000000016822,Unconstrained
0.10540000039327424,Unconstrained
0.0980999998319021,Unconstrained
0.09820000013860408,Unconstrained
0.10310000016033882,Unconstrained
0.09829999999055872,Unconstrained
0.10740000016085105,Unconstrained
0.09779999982129084,Unconstrained
0.09820000013860408,Unconstrained
0.09860000000116997,Unconstrained
0.09920000002239249,Unconstrained
0.10049999991679215,Unconstrained
0.10030000021288288,Unconstrained
0.10300000030838419,Unconstrained
0.099800000043615,Unconstrained
0.09920000002239249,Unconstrained
0.09860000000116997,Unconstrained
0.09810000028664945,Unconstrained
0.0990999997156905,Unconstrained
0.09850000014921534,Unconstrained
0.10380000003351597,Unconstrained
0.09850000014921534,Unconstrained
0.09920000002239249,Unconstrained
0.09929999987434712,Unconstrained
0.10160000010728254,Unconstrained
0.09849999969446799,Unconstrained
0.09839999984251335,Unconstrained
0.09860000000116997,Unconstrained
0.10590000010779477,Unconstrained
0.0976999999693362,Unconstrained
0.09869999985312461,Unconstrained
0.10090000023410539,Unconstrained
0.09839999984251335,Unconstrained
0.1007999999274034,Unconstrained
0.10359999987485935,Unconstrained
0.11480000011943048,Unconstrained
0.1007999999274034,Unconstrained
0.09939999972630176,Unconstrained
0.10179999981119181,Unconstrained
0.10590000010779477,Unconstrained
0.13170000011086813,Unconstrained
0.10490000022400636,Unconstrained
0.1208999997288629,Unconstrained
0.28139999994891696,Unconstrained
0.09869999985312461,Unconstrained
0.19880000036209822,Unconstrained
0.09850000014921534,Unconstrained
0.09969999973691301,Unconstrained
0.24520000033589895,Unconstrained
0.11660000018309802,Unconstrained
0.20660000018324354,Unconstrained
0.20019999965370516,Unconstrained
0.09959999988495838,Unconstrained
0.36189999991620425,Unconstrained
0.19869999960064888,Unconstrained
0.17479999996794504,Unconstrained
0.1845000001594599,Unconstrained
0.14060000012250384,Unconstrained
0.13870000020688167,Unconstrained
0.11029999996026163,Unconstrained
0.10029999975813553,Unconstrained
0.0988000001598266,Unconstrained
0.1011999997899693,Unconstrained
0.0976999999693362,Unconstrained
0.13230000013209064,Unconstrained
0.09820000013860408,Unconstrained
0.0980999998319021,Unconstrained
0.09850000014921534,Unconstrained
0.09899999986373587,Unconstrained
0.10139999994862592,Unconstrained
0.10160000010728254,Unconstrained
0.1183999997920182,Unconstrained
0.10209999982180307,Unconstrained
0.1046000002133951,Unconstrained
0.11080000012952951,Unconstrained
0.10840000004463946,Unconstrained
0.10560000009718351,Unconstrained
0.1046000002133951,Unconstrained
0.16300000015689875,Unconstrained
0.10559999964243616,Unconstrained
0.10469999961060239,Unconstrained
0.10520000023461762,Unconstrained
0.09920000002239249,Unconstrained
0.24020000000746222,Unconstrained
0.11360000007698545,Unconstrained
0.09899999986373587,Unconstrained
0.09839999984251335,Unconstrained
0.10819999988598283,Unconstrained
0.09869999985312461,Unconstrained
0.09869999985312461,Unconstrained
0.2967000000353437,Unconstrained
0.09829999999055872,Unconstrained
0.17219999972439837,Unconstrained
0.24089999988063937,Unconstrained
0.23150000015448313,Unconstrained
0.09850000014921534,Unconstrained
0.16869999990376527,Unconstrained
0.10879999990720535,Unconstrained
0.09879999970507924,Unconstrained
0.09930000032909447,Unconstrained
0.09810000028664945,Unconstrained
0.13429999989966745,Unconstrained
0.14270000019678264,Unconstrained
0.14349999992191442,Unconstrained
0.1440000000911823,Unconstrained
0.142600000344828,Unconstrained
0.27409999984229216,Unconstrained
0.19740000016099657,Unconstrained
0.10480000037205173,Unconstrained
0.10610000026645139,Unconstrained
0.16690000029484509,Unconstrained
0.11840000024676556,Unconstrained
0.1915999996526807,Unconstrained
0.1349999997728446,Unconstrained
0.10410000004412723,Unconstrained
0.13970000009067007,Unconstrained
0.09860000000116997,Unconstrained
0.09890000001178123,Unconstrained
0.0984000002972607,Unconstrained
0.10579999980109278,Unconstrained
0.2328000000488828,Unconstrained
0.09910000017043785,Unconstrained
0.10519999977987027,Unconstrained
0.11820000008810894,Unconstrained
0.10419999989608186,Unconstrained
0.09970000019166037,Unconstrained
0.09990000035031699,Unconstrained
0.17949999983102316,Unconstrained
0.09820000013860408,Unconstrained
0.09879999970507924,Unconstrained
0.09989999989556964,Unconstrained
0.1015000002553279,Unconstrained
0.09839999984251335,Unconstrained
0.11390000008759671,Unconstrained
0.16670000013618846,Unconstrained
0.0990999997156905,Unconstrained
0.10019999990618089,Unconstrained
0.099800000043615,Unconstrained
0.09839999984251335,Unconstrained
0.10650000012901728,Unconstrained
0.09799999997994746,Unconstrained
0.12300000025788904,Unconstrained
0.09829999999055872,Unconstrained
0.09819999968385673,Unconstrained
0.10109999993801466,Unconstrained
0.09850000014921534,Unconstrained
0.1135999996222381,Unconstrained
0.09829999999055872,Unconstrained
0.11180000001331791,Unconstrained
0.10969999993903912,Unconstrained
0.10889999975915998,Unconstrained
0.1038999998854706,Unconstrained
0.09890000001178123,Unconstrained
0.11720000020432053,Unconstrained
0.11470000026747584,Unconstrained
0.10099999963131268,Unconstrained
0.09820000013860408,Unconstrained
0.16129999994518585,Unconstrained
0.09890000001178123,Unconstrained
0.11360000007698545,Unconstrained
0.11650000033114338,Unconstrained
0.09819999968385673,Unconstrained
0.09890000001178123,Unconstrained
0.09860000000116997,Unconstrained
0.12360000027911155,Unconstrained
0.09870000030787196,Unconstrained
0.09870000030787196,Unconstrained
0.09839999984251335,Unconstrained
0.09799999997994746,Unconstrained
0.09879999970507924,Unconstrained
0.09839999984251335,Unconstrained
0.09800000043469481,Unconstrained
0.33889999986058683,Unconstrained
0.12450000031094532,Unconstrained
0.10330000031899544,Unconstrained
0.1046000002133951,Unconstrained
0.09860000000116997,Unconstrained
0.10870000005525071,Unconstrained
0.2620000000206346,Unconstrained
0.21809999998367857,Unconstrained
0.18120000004273606,Unconstrained
0.09799999997994746,Unconstrained
0.09829999999055872,Unconstrained
0.105000000075961,Unconstrained
0.0988000001598266,Unconstrained
0.14250000003812602,Unconstrained
0.10040000006483751,Unconstrained
0.10109999993801466,Unconstrained
0.33500000017738785,Unconstrained
0.294200000098499,Unconstrained
0.10519999977987027,Unconstrained
0.10799999972732621,Unconstrained
0.10689999999158317,Unconstrained
0.1019000001178938,Unconstrained
0.1063999998223153,Unconstrained
0.09920000002239249,Unconstrained
0.09989999989556964,Unconstrained
0.0988000001598266,Unconstrained
0.1571000002513756,Unconstrained
0.09759999966263422,Unconstrained
0.09749999981067958,Unconstrained
0.09890000001178123,Unconstrained
0.09890000001178123,Unconstrained
0.09829999999055872,Unconstrained
0.10270000029777293,Unconstrained
0.11390000008759671,Unconstrained
0.2276000000165368,Unconstrained
0.17290000005232287,Unconstrained
0.13130000024830224,Unconstrained
0.10209999982180307,Unconstrained
0.15189999976428226,Unconstrained
0.09879999970507924,Unconstrained
0.10479999991730438,Unconstrained
0.11540000014065299,Unconstrained
0.0990999997156905,Unconstrained
0.17679999973552185,Unconstrained
0.23569999984829337,Unconstrained
0.10040000006483751,Unconstrained
0.10420000035082921,Unconstrained
0.09910000017043785,Unconstrained
0.09799999997994746,Unconstrained
0.09910000017043785,Unconstrained
0.10070000007544877,Unconstrained
0.19799999972747173,Unconstrained
0.09799999997994746,Unconstrained
0.09850000014921534,Unconstrained
0.1029000000016822,Unconstrained
0.09850000014921534,Unconstrained
0.09790000012799283,Unconstrained
0.09760000011738157,Unconstrained
0.1415000001543376,Unconstrained
0.10509999992791563,Unconstrained
0.10410000004412723,Unconstrained
0.09849999969446799,Unconstrained
0.09780000027603819,Unconstrained
0.09829999999055872,Unconstrained
0.10850000035134144,Unconstrained
0.10550000024522888,Unconstrained
0.16389999973398517,Unconstrained
0.09949999957825639,Unconstrained
0.09930000032909447,Unconstrained
0.10350000002290471,Unconstrained
0.125699999898643,Unconstrained
0.10549999979048152,Unconstrained
0.11099999983343878,Unconstrained
0.10400000019217259,Unconstrained
0.1036000003296067,Unconstrained
0.0990999997156905,Unconstrained
0.09829999999055872,Unconstrained
0.10280000014972757,Unconstrained
0.0980999998319021,Unconstrained
0.09900000031848322,Unconstrained
0.1212000001942215,Unconstrained
0.26879999995799153,Unconstrained
0.13110000008964562,Unconstrained
0.12180000021544402,Unconstrained
0.0974000004134723,Unconstrained
0.09829999999055872,Unconstrained
0.16300000015689875,Unconstrained
0.1011999997899693,Unconstrained
0.14869999995426042,Unconstrained
0.09779999982129084,Unconstrained
0.11999999969702912,Unconstrained
0.09800000043469481,Unconstrained
0.11059999997087289,Unconstrained
0.12139999989813077,Unconstrained
0.0976999999693362,Unconstrained
0.0980999998319021,Unconstrained
0.09960000033970573,Unconstrained
0.10159999965253519,Unconstrained
0.1032999998642481,Unconstrained
0.18460000001141452,Unconstrained
0.10649999967426993,Unconstrained
0.18139999974664534,Unconstrained
0.09820000013860408,Unconstrained
0.16490000007252092,Unconstrained
0.09910000017043785,Unconstrained
0.11089999998148414,Unconstrained
0.09799999997994746,Unconstrained
0.11369999992894009,Unconstrained
0.09839999984251335,Unconstrained
0.10569999994913815,Unconstrained
0.10169999995923718,Unconstrained
0.10569999994913815,Unconstrained
0.09860000000116997,Unconstrained
0.1164000000244414,Unconstrained
0.13750000016443664,Unconstrained
0.14310000005934853,Unconstrained
0.15160000020841835,Unconstrained
0.1415000001543376,Unconstrained
0.13170000011086813,Unconstrained
0.13170000011086813,Unconstrained
0.12590000005729962,Unconstrained
0.13150000040695886,Unconstrained
0.13170000011086813,Unconstrained
0.13070000022707973,Unconstrained
0.11859999995067483,Unconstrained
0.12860000015280093,Unconstrained
0.09850000014921534,Unconstrained
0.09850000014921534,Unconstrained
0.09920000002239249,Unconstrained
0.09790000012799283,Unconstrained
0.0988000001598266,Unconstrained
0.09899999986373587,Unconstrained
0.10889999975915998,Unconstrained
0.16390000018873252,Unconstrained
0.1380999997309118,Unconstrained
0.167199999850709,Unconstrained
0.2857999998013838,Unconstrained
0.39790000028006034,Unconstrained
0.15419999999721767,Unconstrained
0.0984000002972607,Unconstrained
0.09829999999055872,Unconstrained
0.09890000001178123,Unconstrained
0.09839999984251335,Unconstrained
0.11209999956918182,Unconstrained
0.09869999985312461,Unconstrained
0.10090000023410539,Unconstrained
0.09890000001178123,Unconstrained
0.11799999992945231,Unconstrained
0.10649999967426993,Unconstrained
0.09930000032909447,Unconstrained
0.09790000012799283,Unconstrained
0.09829999999055872,Unconstrained
0.09929999987434712,Unconstrained
0.0988000001598266,Unconstrained
0.0984000002972607,Unconstrained
0.09839999984251335,Unconstrained
0.09860000000116997,Unconstrained
0.11790000007749768,Unconstrained
0.16039999991335208,Unconstrained
0.09930000032909447,Unconstrained
0.15350000012404053,Unconstrained
0.09810000028664945,Unconstrained
0.10000000020227162,Unconstrained
0.09879999970507924,Unconstrained
0.09969999973691301,Unconstrained
0.10470000006534974,Unconstrained
0.09920000002239249,Unconstrained
0.09839999984251335,Unconstrained
0.1546999997117382,Unconstrained
0.09950000003300374,Unconstrained
0.10030000021288288,Unconstrained
0.10370000018156134,Unconstrained
0.09759999966263422,Unconstrained
0.09920000002239249,Unconstrained
0.23469999996450497,Unconstrained
0.0984000002972607,Unconstrained
0.09890000001178123,Unconstrained
0.09860000000116997,Unconstrained
0.23229999987961492,Unconstrained
0.32710000004954054,Unconstrained
0.10040000006483751,Unconstrained
0.10939999992842786,Unconstrained
0.33119999989139615,Unconstrained
0.10179999981119181,Unconstrained
0.1407999998264131,Unconstrained
0.09860000000116997,Unconstrained
0.3521000003274821,Unconstrained
0.1661999999669206,Unconstrained
0.09899999986373587,Unconstrained
0.25849999974525417,Unconstrained
0.09760000011738157,Unconstrained
0.09860000000116997,Unconstrained
0.10459999975864775,Unconstrained
0.09799999997994746,Unconstrained
0.10240000028716167,Unconstrained
0.10100000008606003,Unconstrained
0.12379999998302083,Unconstrained
0.0980999998319021,Unconstrained
0.09820000013860408,Unconstrained
0.09940000018104911,Unconstrained
0.10019999990618089,Unconstrained
0.09879999970507924,Unconstrained
0.11889999996128608,Unconstrained
0.09869999985312461,Unconstrained
0.099800000043615,Unconstrained
0.09940000018104911,Unconstrained
0.10060000022349413,Unconstrained
0.1181000002361543,Unconstrained
0.09850000014921534,Unconstrained
0.0976999999693362,Unconstrained
0.09910000017043785,Unconstrained
0.09879999970507924,Unconstrained
0.2372999997533043,Unconstrained
0.3260000003137975,Unconstrained
0.12240000023666653,Unconstrained
0.09890000001178123,Unconstrained
0.09829999999055872,Unconstrained
0.09839999984251335,Unconstrained
0.09890000001178123,Unconstrained
0.09760000011738157,Unconstrained
0.09899999986373587,Unconstrained
0.0988000001598266,Unconstrained
0.10700000029828516,Unconstrained
0.09959999988495838,Unconstrained
0.09900000031848322,Unconstrained
0.10790000033011893,Unconstrained
0.099800000043615,Unconstrained
0.09920000002239249,Unconstrained
0.09930000032909447,Unconstrained
0.09790000012799283,Unconstrained
0.09850000014921534,Unconstrained
0.09900000031848322,Unconstrained
0.09790000012799283,Unconstrained
0.09799999997994746,Unconstrained
0.10779999956866959,Unconstrained
0.09850000014921534,Unconstrained
0.1191000001199427,Unconstrained
0.10010000005422626,Unconstrained
0.1594999998815183,Unconstrained
0.10140000040337327,Unconstrained
0.15549999989161734,Unconstrained
0.25300000015704427,Unconstrained
0.12179999976069666,Unconstrained
0.10320000001229346,Unconstrained
0.09829999999055872,Unconstrained
0.09930000032909447,Unconstrained
0.09940000018104911,Unconstrained
0.23610000016560662,Unconstrained
0.30169999990903307,Unconstrained
0.20289999974920647,Unconstrained
0.23539999983768212,Unconstrained
0.09760000011738157,Unconstrained
0.24270000039905426,Unconstrained
0.10139999994862592,Unconstrained
0.10229999998045969,Unconstrained
0.10149999980058055,Unconstrained
0.10380000003351597,Unconstrained
0.1032999998642481,Unconstrained
0.1081000000340282,Unconstrained
0.230699999974604,Unconstrained
0.09869999985312461,Unconstrained
0.09820000013860408,Unconstrained
0.12689999994108803,Unconstrained
0.10939999992842786,Unconstrained
0.0990999997156905,Unconstrained
0.1326000001427019,Unconstrained
0.43869999990420183,Unconstrained
0.09879999970507924,Unconstrained
0.10019999990618089,Unconstrained
0.09890000001178123,Unconstrained
0.11509999967529438,Unconstrained
0.09929999987434712,Unconstrained
0.09890000001178123,Unconstrained
0.09839999984251335,Unconstrained
0.099800000043615,Unconstrained
0.09879999970507924,Unconstrained
0.09799999997994746,Unconstrained
0.09799999997994746,Unconstrained
0.10470000006534974,Unconstrained
0.0988000001598266,Unconstrained
0.09789999967324547,Unconstrained
0.09780000027603819,Unconstrained
0.09899999986373587,Unconstrained
0.0980999998319021,Unconstrained
0.09890000001178123,Unconstrained
0.0976999999693362,Unconstrained
0.0984000002972607,Unconstrained
0.09810000028664945,Unconstrained
0.09869999985312461,Unconstrained
0.09850000014921534,Unconstrained
0.09829999999055872,Unconstrained
0.09889999955703388,Unconstrained
0.09860000000116997,Unconstrained
0.09829999999055872,Unconstrained
0.09810000028664945,Unconstrained
0.0990999997156905,Unconstrained
0.0984000002972607,Unconstrained
0.09820000013860408,Unconstrained
0.09860000000116997,Unconstrained
0.09890000001178123,Unconstrained
0.09860000000116997,Unconstrained
0.09910000017043785,Unconstrained
0.09899999986373587,Unconstrained
0.09820000013860408,Unconstrained
0.09790000012799283,Unconstrained
0.09839999984251335,Unconstrained
0.11720000020432053,Unconstrained
0.09890000001178123,Unconstrained
0.09960000033970573,Unconstrained
0.0980999998319021,Unconstrained
0.09820000013860408,Unconstrained
0.1032999998642481,Unconstrained
0.09860000000116997,Unconstrained
0.09830000044530607,Unconstrained
0.09860000000116997,Unconstrained
0.09799999997994746,Unconstrained
0.0984000002972607,Unconstrained
0.09790000012799283,Unconstrained
0.09890000001178123,Unconstrained
0.09819999968385673,Unconstrained
0.10750000001280569,Unconstrained
0.0976999999693362,Unconstrained
0.09820000013860408,Unconstrained
0.0984000002972607,Unconstrained
0.0988000001598266,Unconstrained
0.09920000002239249,Unconstrained
0.09879999970507924,Unconstrained
0.09829999999055872,Unconstrained
0.09890000001178123,Unconstrained
0.09950000003300374,Unconstrained
0.09910000017043785,Unconstrained
0.15249999978550477,Unconstrained
0.10249999968436896,Unconstrained
0.09849999969446799,Unconstrained
0.09950000003300374,Unconstrained
0.09899999986373587,Unconstrained
0.09950000003300374,Unconstrained
0.09900000031848322,Unconstrained
0.12000000015177648,Unconstrained
0.10750000001280569,Unconstrained
0.09930000032909447,Unconstrained
0.0988000001598266,Unconstrained
0.09920000002239249,Unconstrained
0.09860000000116997,Unconstrained
0.0988000001598266,Unconstrained
0.10920000022451859,Unconstrained
0.09899999986373587,Unconstrained
0.09890000001178123,Unconstrained
0.10070000007544877,Unconstrained
0.09829999999055872,Unconstrained
0.09930000032909447,Unconstrained
0.09829999999055872,Unconstrained
0.1495999999860942,Unconstrained
0.0980999998319021,Unconstrained
0.09850000014921534,Unconstrained
0.09869999985312461,Unconstrained
0.0984000002972607,Unconstrained
0.10040000006483751,Unconstrained
0.09869999985312461,Unconstrained
0.09989999989556964,Unconstrained
0.09820000013860408,Unconstrained
0.12440000000424334,Unconstrained
0.09989999989556964,Unconstrained
0.11300000005576294,Unconstrained
0.0980999998319021,Unconstrained
0.0984000002972607,Unconstrained
0.10019999990618089,Unconstrained
0.09820000013860408,Unconstrained
0.0988000001598266,Unconstrained
0.09790000012799283,Unconstrained
0.10380000003351597,Unconstrained
0.0980999998319021,Unconstrained
0.15759999996589613,Unconstrained
0.09760000011738157,Unconstrained
0.09910000017043785,Unconstrained
0.09890000001178123,Unconstrained
0.10699999984353781,Unconstrained
0.1133000000663742,Unconstrained
0.09940000018104911,Unconstrained
0.11319999975967221,Unconstrained
0.09780000027603819,Unconstrained
0.09790000012799283,Unconstrained
0.0980999998319021,Unconstrained
0.16749999986132025,Unconstrained
0.09910000017043785,Unconstrained
0.09850000014921534,Unconstrained
0.1094999997803825,Unconstrained
0.09849999969446799,Unconstrained
0.23830000009184005,Unconstrained
0.10479999991730438,Unconstrained
0.2586999999039108,Unconstrained
0.40970000009110663,Unconstrained
0.37909999991825316,Unconstrained
0.35280000020065927,Unconstrained
0.14800000008108327,Unconstrained
0.1019000001178938,Unconstrained
0.10509999992791563,Unconstrained
0.1164000000244414,Unconstrained
0.1090999999178166,Unconstrained
0.10610000026645139,Unconstrained
0.10900000006586197,Unconstrained
0.3243000001020846,Unconstrained
0.10560000009718351,Unconstrained
0.11080000012952951,Unconstrained
0.10530000008657225,Unconstrained
0.15680000024076435,Unconstrained
0.10549999979048152,Unconstrained
0.13679999983651214,Unconstrained
0.10520000023461762,Unconstrained
0.10650000012901728,Unconstrained
0.10549999979048152,Unconstrained
0.1052999996318249,Unconstrained
0.10549999979048152,Unconstrained
0.10530000008657225,Unconstrained
0.10590000010779477,Unconstrained
0.10560000009718351,Unconstrained
0.1191000001199427,Unconstrained
0.10539999993852689,Unconstrained
0.12169999990874203,Unconstrained
0.10609999981170404,Unconstrained
0.12699999979304266,Unconstrained
0.1046000002133951,Unconstrained
0.10550000024522888,Unconstrained
0.10979999979099375,Unconstrained
0.1090999999178166,Unconstrained
0.10519999977987027,Unconstrained
0.10479999991730438,Unconstrained
0.10550000024522888,Unconstrained
0.10539999993852689,Unconstrained
0.3381999999874097,Unconstrained
0.10659999998097192,Unconstrained
0.3176000000166823,Unconstrained
0.105000000075961,Unconstrained
0.11549999999260763,Unconstrained
0.10470000006534974,Unconstrained
0.10510000038266298,Unconstrained
0.10619999966365867,Unconstrained
0.1612000000932312,Unconstrained
0.1094999997803825,Unconstrained
0.1330000000052678,Unconstrained
0.10520000023461762,Unconstrained
0.10520000023461762,Unconstrained
0.1059999999597494,Unconstrained
0.10509999992791563,Unconstrained
0.1052999996318249,Unconstrained
0.10569999994913815,Unconstrained
0.10530000008657225,Unconstrained
0.10439999959999113,Unconstrained
0.10629999997036066,Unconstrained
0.11240000003454043,Unconstrained
0.1042999997480365,Unconstrained
0.11300000005576294,Unconstrained
0.10629999997036066,Unconstrained
0.10479999991730438,Unconstrained
0.10609999981170404,Unconstrained
0.10569999994913815,Unconstrained
0.10590000010779477,Unconstrained
0.10679999968488119,Unconstrained
0.10590000010779477,Unconstrained
0.1498000001447508,Unconstrained
0.10560000009718351,Unconstrained
0.17539999998916755,Unconstrained
0.10579999980109278,Unconstrained
0.11549999999260763,Unconstrained
0.10560000009718351,Unconstrained
0.11150000000270666,Unconstrained
0.24709999979677377,Unconstrained
0.10969999993903912,Unconstrained
0.10350000002290471,Unconstrained
0.09950000003300374,Unconstrained
0.09910000017043785,Unconstrained
0.10659999998097192,Unconstrained
0.09890000001178123,Unconstrained
0.09940000018104911,Unconstrained
0.16539999978704145,Unconstrained
0.2636000003803929,Unconstrained
0.5086000001028879,Unconstrained
0.19840000004478497,Unconstrained
0.3664000000753731,Unconstrained
0.2469000000928645,Unconstrained
0.2318000001650944,Unconstrained
0.19189999966329196,Unconstrained
0.11510000013004174,Unconstrained
0.10160000010728254,Unconstrained
0.10699999984353781,Unconstrained
0.10780000002341694,Unconstrained
0.2243999997517676,Unconstrained
0.41800000008151983,Unconstrained
0.4602000003615103,Unconstrained
0.09799999997994746,Unconstrained
0.13249999983599992,Unconstrained
0.09899999986373587,Unconstrained
0.09790000012799283,Unconstrained
0.36630000022341846,Unconstrained
0.14939999982743757,Unconstrained
0.12070000002495362,Unconstrained
0.09869999985312461,Unconstrained
0.10229999998045969,Unconstrained
0.16349999987141928,Unconstrained
0.2851999997801613,Unconstrained
0.3815000000031432,Unconstrained
0.3959999999096908,Unconstrained
0.426300000071933,Unconstrained
0.42419999999765423,Unconstrained
0.37179999981162837,Unconstrained
0.19530000008671777,Unconstrained
0.1578999999765074,Unconstrained
0.09860000000116997,Unconstrained
0.099800000043615,Unconstrained
0.09869999985312461,Unconstrained
0.09959999988495838,Unconstrained
0.10059999976874678,Unconstrained
0.10640000027706265,Unconstrained
0.09870000030787196,Unconstrained
0.2586999999039108,Unconstrained
0.10109999993801466,Unconstrained
0.0976999999693362,Unconstrained
0.2448000000185857,Unconstrained
0.27050000016970444,Unconstrained
0.6095999997342005,Unconstrained
0.33500000017738785,Unconstrained
0.17329999991488876,Unconstrained
0.19700000029843068,Unconstrained
0.09860000000116997,Unconstrained
0.0990999997156905,Unconstrained
0.09950000003300374,Unconstrained
0.09869999985312461,Unconstrained
0.09920000002239249,Unconstrained
0.0988000001598266,Unconstrained
0.09849999969446799,Unconstrained
0.09869999985312461,Unconstrained
0.09829999999055872,Unconstrained
0.09849999969446799,Unconstrained
0.09890000001178123,Unconstrained
0.10629999997036066,Unconstrained
0.09850000014921534,Unconstrained
0.12110000034226687,Unconstrained
0.09929999987434712,Unconstrained
0.09930000032909447,Unconstrained
0.10550000024522888,Unconstrained
0.0990999997156905,Unconstrained
0.1922999999806052,Unconstrained
0.09890000001178123,Unconstrained
0.09849999969446799,Unconstrained
0.10029999975813553,Unconstrained
0.10380000003351597,Unconstrained
0.11199999971722718,Unconstrained
0.09950000003300374,Unconstrained
0.09899999986373587,Unconstrained
0.09940000018104911,Unconstrained
0.09820000013860408,Unconstrained
0.09930000032909447,Unconstrained
0.09960000033970573,Unconstrained
0.10410000004412723,Unconstrained
0.09860000000116997,Unconstrained
0.10340000017095008,Unconstrained
0.24669999993420788,Unconstrained
0.3803999998126528,Unconstrained
0.10100000008606003,Unconstrained
0.11099999983343878,Unconstrained
0.10199999996984843,Unconstrained
0.10390000034021796,Unconstrained
0.11860000040542218,Unconstrained
0.10410000004412723,Unconstrained
0.10230000043520704,Unconstrained
0.09990000035031699,Unconstrained
0.11270000004515168,Unconstrained
0.10430000020278385,Unconstrained
0.09839999984251335,Unconstrained
0.09860000000116997,Unconstrained
0.09870000030787196,Unconstrained
0.09760000011738157,Unconstrained
0.09870000030787196,Unconstrained
0.17119999984060996,Unconstrained
0.10840000004463946,Unconstrained
0.09890000001178123,Unconstrained
0.1015000002553279,Unconstrained
0.10310000016033882,Unconstrained
0.10109999993801466,Unconstrained
0.09819999968385673,Unconstrained
0.15179999991232762,Unconstrained
0.099800000043615,Unconstrained
0.10720000000219443,Unconstrained
0.10199999996984843,Unconstrained
0.09709999994811369,Unconstrained
0.10530000008657225,Unconstrained
0.10409999958937988,Unconstrained
0.11279999989710632,Unconstrained
0.09790000012799283,Unconstrained
0.09760000011738157,Unconstrained
0.09860000000116997,Unconstrained
0.0976999999693362,Unconstrained
0.11709999989761855,Unconstrained
0.12500000002546585,Unconstrained
0.12070000002495362,Unconstrained
0.10080000038215076,Unconstrained
0.10380000003351597,Unconstrained
0.09810000028664945,Unconstrained
0.120499999866297,Unconstrained
0.09760000011738157,Unconstrained
0.0990999997156905,Unconstrained
0.09819999968385673,Unconstrained
0.0976999999693362,Unconstrained
0.1661999999669206,Unconstrained
0.10339999971620273,Unconstrained
0.14629999986937037,Unconstrained
0.16249999998763087,Unconstrained
0.1029000000016822,Unconstrained
0.10070000007544877,Unconstrained
0.10399999973742524,Unconstrained
0.0976999999693362,Unconstrained
0.09829999999055872,Unconstrained
0.17459999980928842,Unconstrained
0.11450000010881922,Unconstrained
0.10059999976874678,Unconstrained
0.09700000009615906,Unconstrained
0.09860000000116997,Unconstrained
0.09759999966263422,Unconstrained
0.10130000009667128,Unconstrained
0.19330000031914096,Unconstrained
0.40350000017497223,Unconstrained
0.20990000029996736,Unconstrained
0.10849999989659409,Unconstrained
0.23880000026110793,Unconstrained
0.2860999998119951,Unconstrained
0.25529999993523234,Unconstrained
0.14509999982692534,Unconstrained
0.30919999971956713,Unconstrained
0.10010000005422626,Unconstrained
0.10680000013962854,Unconstrained
0.12729999980365392,Unconstrained
0.20919999997204286,Unconstrained
0.1818999999159132,Unconstrained
0.0988000001598266,Unconstrained
0.09829999999055872,Unconstrained
0.09899999986373587,Unconstrained
0.0990999997156905,Unconstrained
0.09879999970507924,Unconstrained
0.09860000000116997,Unconstrained
0.09860000000116997,Unconstrained
0.09820000013860408,Unconstrained
0.09860000000116997,Unconstrained
0.10019999990618089,Unconstrained
0.09819999968385673,Unconstrained
0.0990999997156905,Unconstrained
0.11679999988700729,Unconstrained
0.09799999997994746,Unconstrained
0.09999999974752427,Unconstrained
0.1038999998854706,Unconstrained
0.09760000011738157,Unconstrained
0.09829999999055872,Unconstrained
0.13070000022707973,Unconstrained
0.10220000012850505,Unconstrained
0.0988000001598266,Unconstrained
0.09860000000116997,Unconstrained
0.10689999999158317,Unconstrained
0.10960000008708448,Unconstrained
0.09810000028664945,Unconstrained
0.16429999959655106,Unconstrained
0.09860000000116997,Unconstrained
0.09869999985312461,Unconstrained
0.09760000011738157,Unconstrained
0.09820000013860408,Unconstrained
0.11059999997087289,Unconstrained
0.09920000002239249,Unconstrained
0.10800000018207356,Unconstrained
0.09950000003300374,Unconstrained
0.09950000003300374,Unconstrained
0.0980999998319021,Unconstrained
0.09879999970507924,Unconstrained
0.1720000000204891,Unconstrained
0.09930000032909447,Unconstrained
0.21610000021610176,Unconstrained
0.10390000034021796,Unconstrained
0.10579999980109278,Unconstrained
0.1094999997803825,Unconstrained
0.10869999960050336,Unconstrained
0.10100000008606003,Unconstrained
0.17590000015843543,Unconstrained
0.16670000013618846,Unconstrained
0.1494999996793922,Unconstrained
0.10250000013911631,Unconstrained
0.09850000014921534,Unconstrained
0.0984000002972607,Unconstrained
0.1000999995994789,Unconstrained
0.09959999988495838,Unconstrained
0.10560000009718351,Unconstrained
0.09780000027603819,Unconstrained
0.09829999999055872,Unconstrained
0.0976999999693362,Unconstrained
0.09799999997994746,Unconstrained
0.10420000035082921,Unconstrained
0.1007999999274034,Unconstrained
0.09860000000116997,Unconstrained
0.1071000001502398,Unconstrained
0.11819999963336159,Unconstrained
0.12639999977182015,Unconstrained
0.105000000075961,Unconstrained
0.09820000013860408,Unconstrained
0.09799999997994746,Unconstrained
0.09820000013860408,Unconstrained
0.0988000001598266,Unconstrained
0.20489999997153063,Unconstrained
0.12099999958081753,Unconstrained
0.14729999975315877,Unconstrained
0.1129000002038083,Unconstrained
0.09849999969446799,Unconstrained
0.09790000012799283,Unconstrained
0.13380000018514693,Unconstrained
0.10249999968436896,Unconstrained
0.11180000001331791,Unconstrained
0.10019999990618089,Unconstrained
0.10830000019268482,Unconstrained
0.1809000000321248,Unconstrained
0.10070000007544877,Unconstrained
0.17909999996845727,Unconstrained
0.1052999996318249,Unconstrained
0.09829999999055872,Unconstrained
0.09819999968385673,Unconstrained
0.09869999985312461,Unconstrained
0.09910000017043785,Unconstrained
0.10120000024471665,Unconstrained
0.1922999999806052,Unconstrained
0.09829999999055872,Unconstrained
0.0988000001598266,Unconstrained
0.09820000013860408,Unconstrained
0.10819999988598283,Unconstrained
0.15110000003915047,Unconstrained
0.14319999991130317,Unconstrained
0.10269999984302558,Unconstrained
0.09960000033970573,Unconstrained
0.09899999986373587,Unconstrained
0.09860000000116997,Unconstrained
0.2266000001327484,Unconstrained
0.3835000002254674,Unconstrained
0.17639999987295596,Unconstrained
0.22319999970932258,Unconstrained
0.30800000013186946,Unconstrained
0.44449999995777034,Unconstrained
0.2959000003102119,Unconstrained
0.09889999955703388,Unconstrained
0.24230000008174102,Unconstrained
0.09899999986373587,Unconstrained
0.2127999996446306,Unconstrained
0.09869999985312461,Unconstrained
0.09869999985312461,Unconstrained
0.10130000009667128,Unconstrained
0.45610000006490736,Unconstrained
0.16249999998763087,Unconstrained
0.09900000031848322,Unconstrained
0.10060000022349413,Unconstrained
0.09879999970507924,Unconstrained
0.23150000015448313,Unconstrained
0.17980000029638177,Unconstrained
0.09860000000116997,Unconstrained
0.10320000001229346,Unconstrained
0.10189999966314645,Unconstrained
0.14660000033472897,Unconstrained
0.10259999999107094,Unconstrained
0.10129999964192393,Unconstrained
0.10169999995923718,Unconstrained
0.10120000024471665,Unconstrained
0.1038999998854706,Unconstrained
0.1021999996737577,Unconstrained
0.10210000027655042,Unconstrained
0.10840000004463946,Unconstrained
0.10199999996984843,Unconstrained
0.10279999969498022,Unconstrained
0.10729999985414906,Unconstrained
0.10160000010728254,Unconstrained
0.09940000018104911,Unconstrained
0.13829999988956843,Unconstrained
0.09810000028664945,Unconstrained
0.10930000007647322,Unconstrained
0.09869999985312461,Unconstrained
0.09799999997994746,Unconstrained
0.09860000000116997,Unconstrained
0.12070000002495362,Unconstrained
0.12650000007852213,Unconstrained
0.1339999998890562,Unconstrained
0.12030000016238773,Unconstrained
0.10410000004412723,Unconstrained
0.21960000003673485,Unconstrained
0.09820000013860408,Unconstrained
0.10869999960050336,Unconstrained
0.1019000001178938,Unconstrained
0.10580000025584013,Unconstrained
0.09860000000116997,Unconstrained
0.0988000001598266,Unconstrained
0.09760000011738157,Unconstrained
0.10420000035082921,Unconstrained
0.1847000003181165,Unconstrained
0.09810000028664945,Unconstrained
0.09989999989556964,Unconstrained
0.09820000013860408,Unconstrained
0.09800000043469481,Unconstrained
0.0984000002972607,Unconstrained
0.1648000002205663,Unconstrained
0.10799999972732621,Unconstrained
0.10840000004463946,Unconstrained
0.17479999996794504,Unconstrained
0.09899999986373587,Unconstrained
0.09940000018104911,Unconstrained
0.11870000025737681,Unconstrained
0.10180000026593916,Unconstrained
0.1015000002553279,Unconstrained
0.0988000001598266,Unconstrained
0.14450000026045018,Unconstrained
0.09850000014921534,Unconstrained
0.09779999982129084,Unconstrained
0.09860000000116997,Unconstrained
0.09839999984251335,Unconstrained
0.15029999985927134,Unconstrained
0.09820000013860408,Unconstrained
0.1133000000663742,Unconstrained
0.0990999997156905,Unconstrained
0.09829999999055872,Unconstrained
0.10769999971671496,Unconstrained
0.10669999983292655,Unconstrained
0.11399999993955134,Unconstrained
0.10380000003351597,Unconstrained
0.11519999998199637,Unconstrained
0.09810000028664945,Unconstrained
0.09849999969446799,Unconstrained
0.10129999964192393,Unconstrained
0.0976999999693362,Unconstrained
0.10229999998045969,Unconstrained
0.09779999982129084,Unconstrained
0.10149999980058055,Unconstrained
0.09910000017043785,Unconstrained
0.09879999970507924,Unconstrained
0.09829999999055872,Unconstrained
0.09930000032909447,Unconstrained
0.10419999989608186,Unconstrained
0.09950000003300374,Unconstrained
0.09779999982129084,Unconstrained
0.09739999995872495,Unconstrained
0.0976999999693362,Unconstrained
0.09890000001178123,Unconstrained
0.0988000001598266,Unconstrained
0.09949999957825639,Unconstrained
0.11909999966519536,Unconstrained
0.10269999984302558,Unconstrained
0.10049999991679215,Unconstrained
0.10590000010779477,Unconstrained
0.09969999973691301,Unconstrained
0.10100000008606003,Unconstrained
0.16009999990274082,Unconstrained
0.0990999997156905,Unconstrained
0.09849999969446799,Unconstrained
0.09850000014921534,Unconstrained
0.0980999998319021,Unconstrained
0.11780000022554304,Unconstrained
0.09890000001178123,Unconstrained
0.09939999972630176,Unconstrained
0.09890000001178123,Unconstrained
0.09920000002239249,Unconstrained
0.0980999998319021,Unconstrained
0.0988000001598266,Unconstrained
0.12909999986732146,Unconstrained
0.09890000001178123,Unconstrained
0.16860000005181064,Unconstrained
0.09829999999055872,Unconstrained
0.11229999972783844,Unconstrained
0.17220000017914572,Unconstrained
0.10609999981170404,Unconstrained
0.22769999986849143,Unconstrained
0.11860000040542218,Unconstrained
0.10359999987485935,Unconstrained
0.10100000008606003,Unconstrained
0.13029999990976648,Unconstrained
0.20890000041617895,Unconstrained
0.17249999973500962,Unconstrained
0.09849999969446799,Unconstrained
0.0988000001598266,Unconstrained
0.09919999956764514,Unconstrained
0.09890000001178123,Unconstrained
0.11100000028818613,Unconstrained
0.09940000018104911,Unconstrained
0.09869999985312461,Unconstrained
0.10830000019268482,Unconstrained
0.105000000075961,Unconstrained
0.10350000002290471,Unconstrained
0.09920000002239249,Unconstrained
0.0988000001598266,Unconstrained
0.2276000000165368,Unconstrained
0.3796999999394757,Unconstrained
0.4208000000289758,Unconstrained
0.3010000000358559,Unconstrained
0.25149999964924064,Unconstrained
0.10139999994862592,Unconstrained
0.37320000001273,Unconstrained
0.23639999972147052,Unconstrained
0.41419999979552813,Unconstrained
0.23609999971085927,Unconstrained
0.26690000004236936,Unconstrained
0.11670000003505265,Unconstrained
0.09910000017043785,Unconstrained
0.2803000002131739,Unconstrained
0.3905000003214809,Unconstrained
0.40970000009110663,Unconstrained
0.31929999977364787,Unconstrained
0.2677000002222485,Unconstrained
0.225499999942258,Unconstrained
0.5848999999216176,Unconstrained
0.09709999994811369,Unconstrained
0.22440000020651496,Unconstrained
0.30839999999443535,Unconstrained
0.3056000000469794,Unconstrained
0.31089999993128004,Unconstrained
0.31229999967763433,Unconstrained
0.27360000012777164,Unconstrained
0.2997999999934109,Unconstrained
0.32959999998638523,Unconstrained
0.2803000002131739,Unconstrained
0.2778999996735365,Unconstrained
0.2806000002237852,Unconstrained
0.23229999987961492,Unconstrained
0.22540000009030337,Unconstrained
0.31349999972007936,Unconstrained
0.2880000001823646,Unconstrained
0.268199999936769,Unconstrained
0.30049999986658804,Unconstrained
0.2957000001515553,Unconstrained
0.24540000003980822,Unconstrained
0.31160000025920453,Unconstrained
0.3158999998049694,Unconstrained
0.2685999997993349,Unconstrained
0.2970999998979096,Unconstrained
0.3741000000445638,Unconstrained
0.4040000003442401,Unconstrained
0.24119999989125063,Unconstrained
0.3600000000005821,Unconstrained
0.22909999961484573,Unconstrained
0.22659999967800104,Unconstrained
0.22569999964616727,Unconstrained
0.2509000000827655,Unconstrained
0.29689999973925296,Unconstrained
0.32460000011269585,Unconstrained
0.29429999995045364,Unconstrained
0.3090999998676125,Unconstrained
0.29789999962304137,Unconstrained
0.4131000000597851,Unconstrained
0.3050000000257569,Unconstrained
0.30950000018492574,Unconstrained
0.35359999992579105,Unconstrained
0.2303000001120381,Unconstrained
0.3399000001991226,Unconstrained
0.3079000002799148,Unconstrained
0.33849999999802094,Unconstrained
0.3000000001520675,Unconstrained
0.2675999999155465,Unconstrained
0.2853999999388179,Unconstrained
0.3751999997803068,Unconstrained
0.2951000001303328,Unconstrained
0.26690000004236936,Unconstrained
0.2967000000353437,Unconstrained
0.25430000005144393,Unconstrained
0.2251000000796921,Unconstrained
0.2679000003809051,Unconstrained
0.33140000005005277,Unconstrained
0.2997999999934109,Unconstrained
0.26809999963006703,Unconstrained
0.25200000027325586,Unconstrained
0.2963000001727778,Unconstrained
0.2822999999807507,Unconstrained
0.2847999999175954,Unconstrained
0.2908999999817752,Unconstrained
0.28019999990647193,Unconstrained
0.2864000002773537,Unconstrained
0.278700000308163,Unconstrained
0.3463000002739136,Unconstrained
0.22600000011152588,Unconstrained
0.25030000006154296,Unconstrained
0.2679999997781124,Unconstrained
0.3026999997928215,Unconstrained
0.27590000036070705,Unconstrained
0.28810000003431924,Unconstrained
0.225499999942258,Unconstrained
0.2741000002970395,Unconstrained
0.3760999998121406,Unconstrained
0.3038999998352665,Unconstrained
0.2909999998337298,Unconstrained
0.10489999976925901,Unconstrained
0.1088000003619527,Unconstrained
0.10179999981119181,Unconstrained
0.1038999998854706,Unconstrained
0.12560000004668836,Unconstrained
0.10569999994913815,Unconstrained
0.10620000011840602,Unconstrained
0.10380000003351597,Unconstrained
0.10830000019268482,Unconstrained
0.10560000009718351,Unconstrained
0.13960000023871544,Unconstrained
0.0980999998319021,Unconstrained
0.0976999999693362,Unconstrained
0.09860000000116997,Unconstrained
0.0980999998319021,Unconstrained
0.09829999999055872,Unconstrained
0.09900000031848322,Unconstrained
0.17219999972439837,Unconstrained
0.09779999982129084,Unconstrained
0.09869999985312461,Unconstrained
0.09910000017043785,Unconstrained
0.09839999984251335,Unconstrained
0.09860000000116997,Unconstrained
0.09839999984251335,Unconstrained
0.11430000040490995,Unconstrained
0.09849999969446799,Unconstrained
0.16820000018924475,Unconstrained
0.2283000003444613,Unconstrained
0.2672000000529806,Unconstrained
0.3618000000642496,Unconstrained
0.21879999985685572,Unconstrained
0.09839999984251335,Unconstrained
0.09930000032909447,Unconstrained
0.10350000002290471,Unconstrained
0.0988000001598266,Unconstrained
0.5126000000927888,Unconstrained
0.29640000002473244,Unconstrained
0.19840000004478497,Unconstrained
0.09950000003300374,Unconstrained
0.09749999981067958,Unconstrained
0.09869999985312461,Unconstrained
0.09799999997994746,Unconstrained
0.09839999984251335,Unconstrained
0.0990999997156905,Unconstrained
0.4807000000255357,Unconstrained
0.23080000028130598,Unconstrained
0.23210000017570565,Unconstrained
0.2426999999443069,Unconstrained
0.23029999965729075,Unconstrained
0.10539999993852689,Unconstrained
0.1233000002685003,Unconstrained
0.10229999998045969,Unconstrained
0.2777999998215819,Unconstrained
0.2289999997628911,Unconstrained
0.36649999992732774,Unconstrained
0.105000000075961,Unconstrained
0.1882000001387496,Unconstrained
0.17419999994672253,Unconstrained
0.1019000001178938,Unconstrained
0.1708999998299987,Unconstrained
0.10160000010728254,Unconstrained
0.10249999968436896,Unconstrained
0.09850000014921534,Unconstrained
0.17800000023271423,Unconstrained
0.10180000026593916,Unconstrained
0.15430000030391966,Unconstrained
0.10509999992791563,Unconstrained
0.10459999975864775,Unconstrained
0.1052999996318249,Unconstrained
0.105000000075961,Unconstrained
0.10780000002341694,Unconstrained
0.10550000024522888,Unconstrained
0.11900000026798807,Unconstrained
0.10530000008657225,Unconstrained
0.16340000001946464,Unconstrained
0.10590000010779477,Unconstrained
0.10560000009718351,Unconstrained
0.10539999993852689,Unconstrained
0.11089999998148414,Unconstrained
0.1077000001714623,Unconstrained
0.10979999979099375,Unconstrained
0.10750000001280569,Unconstrained
0.11590000030992087,Unconstrained
0.11469999981272849,Unconstrained
0.105000000075961,Unconstrained
0.15770000027259812,Unconstrained
0.1059999999597494,Unconstrained
0.10539999993852689,Unconstrained
0.1059999999597494,Unconstrained
0.10990000009769574,Unconstrained
0.2349000001231616,Unconstrained
0.10390000034021796,Unconstrained
0.23349999992205994,Unconstrained
0.23190000001704902,Unconstrained
0.1015000002553279,Unconstrained
0.23739999960525893,Unconstrained
0.10359999987485935,Unconstrained
0.132200000280136,Unconstrained
0.09839999984251335,Unconstrained
0.0974000004134723,Unconstrained
0.09890000001178123,Unconstrained
0.09790000012799283,Unconstrained
0.0980999998319021,Unconstrained
0.09810000028664945,Unconstrained
0.09819999968385673,Unconstrained
0.11880000010933145,Unconstrained
0.09890000001178123,Unconstrained
0.16069999992396333,Unconstrained
0.09919999956764514,Unconstrained
0.09870000030787196,Unconstrained
0.09969999973691301,Unconstrained
0.0980999998319021,Unconstrained
0.11309999990771757,Unconstrained
0.09890000001178123,Unconstrained
0.09819999968385673,Unconstrained
0.11559999984456226,Unconstrained
0.09870000030787196,Unconstrained
0.11109999968539341,Unconstrained
0.0988000001598266,Unconstrained
0.09879999970507924,Unconstrained
0.09899999986373587,Unconstrained
0.15430000030391966,Unconstrained
0.0984000002972607,Unconstrained
0.10449999990669312,Unconstrained
0.0984000002972607,Unconstrained
0.0990999997156905,Unconstrained
0.09940000018104911,Unconstrained
0.09829999999055872,Unconstrained
0.09850000014921534,Unconstrained
0.09989999989556964,Unconstrained
0.09860000000116997,Unconstrained
0.09829999999055872,Unconstrained
0.09929999987434712,Unconstrained
0.09850000014921534,Unconstrained
0.09860000000116997,Unconstrained
0.09850000014921534,Unconstrained
0.1577999996698054,Unconstrained
0.09899999986373587,Unconstrained
0.17130000014731195,Unconstrained
0.10120000024471665,Unconstrained
0.16570000025240006,Unconstrained
0.11709999989761855,Unconstrained
0.10169999995923718,Unconstrained
0.10900000006586197,Unconstrained
0.1449999999749707,Unconstrained
0.10399999973742524,Unconstrained
0.10539999993852689,Unconstrained
0.09929999987434712,Unconstrained
0.09879999970507924,Unconstrained
0.24609999991298537,Unconstrained
0.1461000001654611,Unconstrained
0.11720000020432053,Unconstrained
0.10019999990618089,Unconstrained
0.09899999986373587,Unconstrained
0.10449999990669312,Unconstrained
0.09900000031848322,Unconstrained
0.12449999985619797,Unconstrained
0.09829999999055872,Unconstrained
0.09930000032909447,Unconstrained
0.09790000012799283,Unconstrained
0.10129999964192393,Unconstrained
0.10470000006534974,Unconstrained
0.105000000075961,Unconstrained
0.10619999966365867,Unconstrained
0.10569999994913815,Unconstrained
0.20600000016202102,Unconstrained
0.10650000012901728,Unconstrained
0.1677999998719315,Unconstrained
0.10010000005422626,Unconstrained
0.11069999982282752,Unconstrained
0.0980999998319021,Unconstrained
0.09759999966263422,Unconstrained
0.10989999964294839,Unconstrained
0.10350000002290471,Unconstrained
0.23520000013377285,Unconstrained
0.11180000001331791,Unconstrained
0.09820000013860408,Unconstrained
0.28250000013940735,Unconstrained
0.12710000009974465,Unconstrained
0.20559999984470778,Unconstrained
0.09839999984251335,Unconstrained
0.1401999998051906,Unconstrained
0.5172000001039123,Unconstrained
0.26190000016868,Unconstrained
0.11940000013055396,Unconstrained
0.11479999966468313,Unconstrained
0.19220000012865057,Unconstrained
0.1194999999825086,Unconstrained
0.09970000019166037,Unconstrained
0.0976999999693362,Unconstrained
0.09899999986373587,Unconstrained
0.09869999985312461,Unconstrained
0.09839999984251335,Unconstrained
0.17699999989417847,Unconstrained
0.2324000001863169,Unconstrained
0.38080000012996607,Unconstrained
0.14850000025035115,Unconstrained
0.10470000006534974,Unconstrained
0.2506000000721542,Unconstrained
0.3588000004128844,Unconstrained
0.23050000027069473,Unconstrained
0.3453999997873325,Unconstrained
0.1855000000432483,Unconstrained
0.19879999990735087,Unconstrained
0.36240000008547213,Unconstrained
0.17750000006344635,Unconstrained
0.16940000023168977,Unconstrained
0.10109999993801466,Unconstrained
0.1658000001043547,Unconstrained
0.15870000015638652,Unconstrained
0.25930000037988066,Unconstrained
0.10860000020329608,Unconstrained
0.10359999987485935,Unconstrained
0.09920000002239249,Unconstrained
0.0980999998319021,Unconstrained
0.11279999989710632,Unconstrained
0.09850000014921534,Unconstrained
0.09989999989556964,Unconstrained
0.10689999999158317,Unconstrained
0.09799999997994746,Unconstrained
0.1098000002457411,Unconstrained
0.09910000017043785,Unconstrained
0.15590000020893058,Unconstrained
0.09869999985312461,Unconstrained
0.09770000042408356,Unconstrained
0.10160000010728254,Unconstrained
0.09890000001178123,Unconstrained
0.11800000038419967,Unconstrained
0.09869999985312461,Unconstrained
0.16219999997701962,Unconstrained
0.09929999987434712,Unconstrained
0.09789999967324547,Unconstrained
0.10179999981119181,Unconstrained
0.09760000011738157,Unconstrained
0.0990999997156905,Unconstrained
0.0990999997156905,Unconstrained
0.11559999984456226,Unconstrained
0.09890000001178123,Unconstrained
0.10850000035134144,Unconstrained
0.10830000019268482,Unconstrained
0.10090000023410539,Unconstrained
0.1007999999274034,Unconstrained
0.09869999985312461,Unconstrained
0.0984000002972607,Unconstrained
0.099800000043615,Unconstrained
0.09860000000116997,Unconstrained
0.10419999989608186,Unconstrained
0.10320000001229346,Unconstrained
0.15140000004976173,Unconstrained
0.09869999985312461,Unconstrained
0.09920000002239249,Unconstrained
0.10310000016033882,Unconstrained
0.0980999998319021,Unconstrained
0.13440000020636944,Unconstrained
0.0988000001598266,Unconstrained
0.09959999988495838,Unconstrained
0.09950000003300374,Unconstrained
0.10100000008606003,Unconstrained
0.09910000017043785,Unconstrained
0.09910000017043785,Unconstrained
0.09860000000116997,Unconstrained
0.09890000001178123,Unconstrained
0.09890000001178123,Unconstrained
0.11369999992894009,Unconstrained
0.0976999999693362,Unconstrained
0.1747000001159904,Unconstrained
0.09900000031848322,Unconstrained
0.09820000013860408,Unconstrained
0.09790000012799283,Unconstrained
0.09879999970507924,Unconstrained
0.10959999963233713,Unconstrained
0.09799999997994746,Unconstrained
0.17739999975674436,Unconstrained
0.1059999999597494,Unconstrained
0.09920000002239249,Unconstrained
0.09850000014921534,Unconstrained
0.09900000031848322,Unconstrained
0.10610000026645139,Unconstrained
0.10350000002290471,Unconstrained
0.1710000001367007,Unconstrained
0.09959999988495838,Unconstrained
0.10239999983241432,Unconstrained
0.09869999985312461,Unconstrained
0.12109999988751952,Unconstrained
0.09959999988495838,Unconstrained
0.10010000005422626,Unconstrained
0.09839999984251335,Unconstrained
0.09820000013860408,Unconstrained
0.11270000004515168,Unconstrained
0.11720000020432053,Unconstrained
0.0980999998319021,Unconstrained
0.1015000002553279,Unconstrained
0.10569999994913815,Unconstrained
0.09870000030787196,Unconstrained
0.10000000020227162,Unconstrained
0.37119999979040585,Unconstrained
0.09869999985312461,Unconstrained
0.10480000037205173,Unconstrained
0.11629999971773941,Unconstrained
0.12349999997240957,Unconstrained
0.10479999991730438,Unconstrained
0.09900000031848322,Unconstrained
0.09800000043469481,Unconstrained
0.10789999987537158,Unconstrained
0.13179999996282277,Unconstrained
0.1366999999845575,Unconstrained
0.36189999991620425,Unconstrained
0.35519999983080197,Unconstrained
0.11199999971722718,Unconstrained
0.3803999998126528,Unconstrained
0.11170000016136328,Unconstrained
0.1216000000567874,Unconstrained
0.10139999994862592,Unconstrained
0.09899999986373587,Unconstrained
0.34180000011474476,Unconstrained
0.29339999991861987,Unconstrained
0.09940000018104911,Unconstrained
0.09890000001178123,Unconstrained
0.3567000003386056,Unconstrained
0.1268000000891334,Unconstrained
0.09899999986373587,Unconstrained
0.09920000002239249,Unconstrained
0.09989999989556964,Unconstrained
0.1011999997899693,Unconstrained
0.09900000031848322,Unconstrained
0.09869999985312461,Unconstrained
0.09940000018104911,Unconstrained
0.09839999984251335,Unconstrained
0.09950000003300374,Unconstrained
0.09899999986373587,Unconstrained
0.09969999973691301,Unconstrained
0.09780000027603819,Unconstrained
0.18099999988407944,Unconstrained
0.10830000019268482,Unconstrained
0.09819999968385673,Unconstrained
0.09910000017043785,Unconstrained
0.09890000001178123,Unconstrained
0.10090000023410539,Unconstrained
0.11189999986527255,Unconstrained
0.1262999999198655,Unconstrained
0.09860000000116997,Unconstrained
0.09820000013860408,Unconstrained
0.11680000034175464,Unconstrained
0.12549999973998638,Unconstrained
0.12250000008862116,Unconstrained
0.1999999999497959,Unconstrained
0.09860000000116997,Unconstrained
0.10249999968436896,Unconstrained
0.10169999995923718,Unconstrained
0.10179999981119181,Unconstrained
0.10789999987537158,Unconstrained
0.09890000001178123,Unconstrained
0.10029999975813553,Unconstrained
0.10109999993801466,Unconstrained
0.09920000002239249,Unconstrained
0.09860000000116997,Unconstrained
0.0976999999693362,Unconstrained
0.11519999998199637,Unconstrained
0.0988000001598266,Unconstrained
0.1544000001558743,Unconstrained
0.0990999997156905,Unconstrained
0.09779999982129084,Unconstrained
0.10239999983241432,Unconstrained
0.10209999982180307,Unconstrained
0.09829999999055872,Unconstrained
0.10789999987537158,Unconstrained
0.11670000003505265,Unconstrained
0.0980999998319021,Unconstrained
0.09989999989556964,Unconstrained
0.09860000000116997,Unconstrained
0.1011999997899693,Unconstrained
0.16589999995630933,Unconstrained
0.09950000003300374,Unconstrained
0.10229999998045969,Unconstrained
0.10519999977987027,Unconstrained
0.10889999975915998,Unconstrained
0.10579999980109278,Unconstrained
0.09890000001178123,Unconstrained
0.1218999996126513,Unconstrained
0.14160000000629225,Unconstrained
0.105000000075961,Unconstrained
0.10380000003351597,Unconstrained
0.11860000040542218,Unconstrained
0.10530000008657225,Unconstrained
0.13110000008964562,Unconstrained
0.09890000001178123,Unconstrained
0.10840000004463946,Unconstrained
0.0990999997156905,Unconstrained
0.11540000014065299,Unconstrained
0.0980999998319021,Unconstrained
0.09910000017043785,Unconstrained
0.09759999966263422,Unconstrained
0.10010000005422626,Unconstrained
0.1212000001942215,Unconstrained
0.13679999983651214,Unconstrained
0.13739999985773466,Unconstrained
0.11270000004515168,Unconstrained
0.09920000002239249,Unconstrained
0.10149999980058055,Unconstrained
0.11420000009820797,Unconstrained
0.09890000001178123,Unconstrained
0.10870000005525071,Unconstrained
0.10299999985363684,Unconstrained
0.09940000018104911,Unconstrained
0.12340000012045493,Unconstrained
0.11720000020432053,Unconstrained
0.11240000003454043,Unconstrained
0.09850000014921534,Unconstrained
0.10889999975915998,Unconstrained
0.09790000012799283,Unconstrained
0.13029999990976648,Unconstrained
0.09860000000116997,Unconstrained
0.10970000039378647,Unconstrained
0.12169999990874203,Unconstrained
0.15279999979611603,Unconstrained
0.16709999999875436,Unconstrained
0.10539999993852689,Unconstrained
0.1260000003640016,Unconstrained
0.0984000002972607,Unconstrained
0.12749999996231054,Unconstrained
0.1181000002361543,Unconstrained
0.10860000020329608,Unconstrained
0.09959999988495838,Unconstrained
0.11899999981324072,Unconstrained
0.1434000000699598,Unconstrained
0.09920000002239249,Unconstrained
0.1312999997935549,Unconstrained
0.33870000015667756,Unconstrained
0.2739000001383829,Unconstrained
0.13369999987844494,Unconstrained
0.1038999998854706,Unconstrained
0.23179999971034704,Unconstrained
0.12109999988751952,Unconstrained
0.17989999969358905,Unconstrained
0.3683999998429499,Unconstrained
0.36499999987427145,Unconstrained
0.22480000006908085,Unconstrained
0.09899999986373587,Unconstrained
0.09910000017043785,Unconstrained
0.10380000003351597,Unconstrained
0.1934000001710956,Unconstrained
0.23039999996399274,Unconstrained
0.20989999984522,Unconstrained
0.11249999988649506,Unconstrained
0.19799999972747173,Unconstrained
0.1812999998946907,Unconstrained
0.099800000043615,Unconstrained
0.2814999998008716,Unconstrained
0.1059999999597494,Unconstrained
0.09950000003300374,Unconstrained
0.1739999997880659,Unconstrained
0.09900000031848322,Unconstrained
0.10199999996984843,Unconstrained
0.10229999998045969,Unconstrained
0.10220000012850505,Unconstrained
0.22929999977350235,Unconstrained
0.1550000001770968,Unconstrained
0.2805999997690378,Unconstrained
0.18659999977899133,Unconstrained
0.09839999984251335,Unconstrained
0.15129999974305974,Unconstrained
0.3360999999131309,Unconstrained
0.09730000010677031,Unconstrained
0.09820000013860408,Unconstrained
0.15559999974357197,Unconstrained
0.15910000001895241,Unconstrained
0.10340000017095008,Unconstrained
0.09860000000116997,Unconstrained
0.10020000036092824,Unconstrained
0.10169999995923718,Unconstrained
0.09929999987434712,Unconstrained
0.09939999972630176,Unconstrained
0.09829999999055872,Unconstrained
0.1019000001178938,Unconstrained
0.10019999990618089,Unconstrained
0.14729999975315877,Unconstrained
0.11570000015126425,Unconstrained
0.10569999994913815,Unconstrained
0.10209999982180307,Unconstrained
0.0980999998319021,Unconstrained
0.0980999998319021,Unconstrained
0.09829999999055872,Unconstrained
0.09929999987434712,Unconstrained
0.09779999982129084,Unconstrained
0.1059999999597494,Unconstrained
0.10280000014972757,Unconstrained
0.09869999985312461,Unconstrained
0.10459999975864775,Unconstrained
0.11420000009820797,Unconstrained
0.09940000018104911,Unconstrained
0.15150000035646372,Unconstrained
0.09879999970507924,Unconstrained
0.13899999976274557,Unconstrained
0.09890000001178123,Unconstrained
0.1121999998758838,Unconstrained
0.09939999972630176,Unconstrained
0.12190000006739865,Unconstrained
0.10199999996984843,Unconstrained
0.12240000023666653,Unconstrained
0.09890000001178123,Unconstrained
0.1519999996162369,Unconstrained
0.09760000011738157,Unconstrained
0.10879999990720535,Unconstrained
0.0984000002972607,Unconstrained
0.09950000003300374,Unconstrained
0.09750000026542693,Unconstrained
0.10459999975864775,Unconstrained
0.09870000030787196,Unconstrained
0.1644000003580004,Unconstrained
0.10350000002290471,Unconstrained
0.1019000001178938,Unconstrained
0.10399999973742524,Unconstrained
0.3509999996822444,Unconstrained
0.10229999998045969,Unconstrained
0.11390000008759671,Unconstrained
0.10169999995923718,Unconstrained
0.0988000001598266,Unconstrained
0.0984000002972607,Unconstrained
0.09889999955703388,Unconstrained
0.0976999999693362,Unconstrained
0.11380000023564207,Unconstrained
0.09790000012799283,Unconstrained
0.11210000002392917,Unconstrained
0.09799999997994746,Unconstrained
0.1019000001178938,Unconstrained
0.09829999999055872,Unconstrained
0.09820000013860408,Unconstrained
0.10509999992791563,Unconstrained
0.1164000000244414,Unconstrained
0.11350000022503082,Unconstrained
0.10950000023512985,Unconstrained
0.09860000000116997,Unconstrained
0.09890000001178123,Unconstrained
0.09850000014921534,Unconstrained
0.09839999984251335,Unconstrained
0.09860000000116997,Unconstrained
0.09899999986373587,Unconstrained
0.10530000008657225,Unconstrained
0.09849999969446799,Unconstrained
0.24440000015601981,Unconstrained
0.189200000022538,Unconstrained
0.19350000002305023,Unconstrained
0.41190000001734006,Unconstrained
0.26049999996757833,Unconstrained
0.15870000015638652,Unconstrained
0.15599999960613786,Unconstrained
0.10279999969498022,Unconstrained
0.1674000000093656,Unconstrained
0.12389999983497546,Unconstrained
0.12030000016238773,Unconstrained
0.10030000021288288,Unconstrained
0.10950000023512985,Unconstrained
0.11279999989710632,Unconstrained
0.1343999997516221,Unconstrained
0.2703000000110478,Unconstrained
0.12240000023666653,Unconstrained
0.12110000034226687,Unconstrained
0.22150000040710438,Unconstrained
0.1260999997612089,Unconstrained
0.136099999963335,Unconstrained
0.1320000001214794,Unconstrained
0.13170000011086813,Unconstrained
0.13760000001639128,Unconstrained
0.13810000018565916,Unconstrained
0.12639999977182015,Unconstrained
0.12679999963438604,Unconstrained
0.14830000009169453,Unconstrained
0.13070000022707973,Unconstrained
0.13159999980416615,Unconstrained
0.1264000002265675,Unconstrained
0.1274000001103559,Unconstrained
0.12659999993047677,Unconstrained
0.14339999961521244,Unconstrained
0.20300000005590846,Unconstrained
0.13140000010025688,Unconstrained
0.13110000008964562,Unconstrained
0.13940000008005882,Unconstrained
0.1320000001214794,Unconstrained
0.14000000010128133,Unconstrained
0.13290000015331316,Unconstrained
0.1322999996773433,Unconstrained
0.14409999994313694,Unconstrained
0.13989999979457934,Unconstrained
0.20339999991847435,Unconstrained
0.13069999977233238,Unconstrained
0.1338999995823542,Unconstrained
0.1378000001750479,Unconstrained
0.146399999721325,Unconstrained
0.13320000016392441,Unconstrained
0.13179999996282277,Unconstrained
0.21190000006754417,Unconstrained
0.13169999965612078,Unconstrained
0.1318999998147774,Unconstrained
0.1380999997309118,Unconstrained
0.13179999996282277,Unconstrained
0.13140000010025688,Unconstrained
0.14250000003812602,Unconstrained
0.1388000000588363,Unconstrained
0.12090000018361025,Unconstrained
0.1262999999198655,Unconstrained
0.2542000001994893,Unconstrained
0.13029999990976648,Unconstrained
0.10419999989608186,Unconstrained
0.10330000031899544,Unconstrained
0.10100000008606003,Unconstrained
0.23160000000643777,Unconstrained
0.10270000029777293,Unconstrained
0.2430999998068728,Unconstrained
0.26170000001002336,Unconstrained
0.09820000013860408,Unconstrained
0.09820000013860408,Unconstrained
0.0976999999693362,Unconstrained
0.14779999992242665,Unconstrained
0.10849999989659409,Unconstrained
0.10449999990669312,Unconstrained
0.10419999989608186,Unconstrained
0.10350000002290471,Unconstrained
0.24669999993420788,Unconstrained
0.09749999981067958,Unconstrained
0.09899999986373587,Unconstrained
0.09759999966263422,Unconstrained
0.15080000002853922,Unconstrained
0.27119999958813423,Unconstrained
0.09779999982129084,Unconstrained
0.09790000012799283,Unconstrained
0.12199999991935329,Unconstrained
0.09819999968385673,Unconstrained
0.23060000012264936,Unconstrained
0.09789999967324547,Unconstrained
0.09760000011738157,Unconstrained
0.09860000000116997,Unconstrained
0.09679999993750243,Unconstrained
0.09710000040286104,Unconstrained
0.10470000006534974,Unconstrained
0.09800000043469481,Unconstrained
0.09779999982129084,Unconstrained
0.0974000004134723,Unconstrained
0.09829999999055872,Unconstrained
0.09829999999055872,Unconstrained
0.0980999998319021,Unconstrained
0.09869999985312461,Unconstrained
0.09799999997994746,Unconstrained
0.0984000002972607,Unconstrained
0.10350000002290471,Unconstrained
0.1250999998774205,Unconstrained
0.38429999995059916,Unconstrained
0.10040000006483751,Unconstrained
0.12419999984558672,Unconstrained
0.16589999995630933,Unconstrained
0.10340000017095008,Unconstrained
0.10070000007544877,Unconstrained
0.10220000012850505,Unconstrained
0.09709999994811369,Unconstrained
0.12019999985568575,Unconstrained
0.12969999988854397,Unconstrained
0.11159999985466129,Unconstrained
0.1133000000663742,Unconstrained
0.1029000000016822,Unconstrained
0.10100000008606003,Unconstrained
0.10470000006534974,Unconstrained
0.0976999999693362,Unconstrained
0.10620000011840602,Unconstrained
0.24600000006103073,Unconstrained
0.2727999999478925,Unconstrained
0.10699999984353781,Unconstrained
0.23980000014489633,Unconstrained
0.23480000027120695,Unconstrained
0.230599999667902,Unconstrained
0.23239999973156955,Unconstrained
0.17090000028474606,Unconstrained
0.136099999963335,Unconstrained
0.10459999975864775,Unconstrained
0.10040000006483751,Unconstrained
0.10120000024471665,Unconstrained
0.10430000020278385,Unconstrained
0.10369999972681399,Unconstrained
0.10139999994862592,Unconstrained
0.10139999994862592,Unconstrained
0.23409999994328246,Unconstrained
0.10130000009667128,Unconstrained
0.1015000002553279,Unconstrained
0.1015000002553279,Unconstrained
0.10019999990618089,Unconstrained
0.10160000010728254,Unconstrained
0.11009999980160501,Unconstrained
0.16179999965970637,Unconstrained
0.2303000001120381,Unconstrained
0.0990999997156905,Unconstrained
0.09680000039224979,Unconstrained
0.09719999980006833,Unconstrained
0.09779999982129084,Unconstrained
0.16379999988203053,Unconstrained
0.10299999985363684,Unconstrained
0.09730000010677031,Unconstrained
0.0984000002972607,Unconstrained
0.09739999995872495,Unconstrained
0.1509999997324485,Unconstrained
0.09760000011738157,Unconstrained
0.09799999997994746,Unconstrained
0.10400000019217259,Unconstrained
0.09730000010677031,Unconstrained
0.0980999998319021,Unconstrained
0.09660000023359316,Unconstrained
0.11789999962275033,Unconstrained
0.09849999969446799,Unconstrained
0.09879999970507924,Unconstrained
0.09860000000116997,Unconstrained
0.09780000027603819,Unconstrained
0.09879999970507924,Unconstrained
0.09969999973691301,Unconstrained
0.09850000014921534,Unconstrained
0.0984000002972607,Unconstrained
0.15009999970061472,Unconstrained
0.09799999997994746,Unconstrained
0.09860000000116997,Unconstrained
0.22850000004837057,Unconstrained
0.29109999968568445,Unconstrained
0.09820000013860408,Unconstrained
0.15530000018770806,Unconstrained
0.10029999975813553,Unconstrained
0.10090000023410539,Unconstrained
0.10139999994862592,Unconstrained
0.12130000004617614,Unconstrained
0.12560000004668836,Unconstrained
0.13569999964602175,Unconstrained
0.17589999970368808,Unconstrained
0.13600000011138036,Unconstrained
0.20599999970727367,Unconstrained
0.4700999998021871,Unconstrained
0.1436000002286164,Unconstrained
0.23529999998572748,Unconstrained
0.23420000024998444,Unconstrained
0.23149999969973578,Unconstrained
0.23080000028130598,Unconstrained
0.17600000001039007,Unconstrained
0.13140000010025688,Unconstrained
0.11859999995067483,Unconstrained
0.10120000024471665,Unconstrained
0.1297999997404986,Unconstrained
0.1727000003484136,Unconstrained
0.15829999983907328,Unconstrained
0.14829999963694718,Unconstrained
0.1388000000588363,Unconstrained
0.1368000002912595,Unconstrained
0.2005999999710184,Unconstrained
0.1299000000472006,Unconstrained
0.12560000004668836,Unconstrained
0.13049999961367575,Unconstrained
0.13029999990976648,Unconstrained
0.23099999998521525,Unconstrained
0.13059999992037774,Unconstrained
0.13029999990976648,Unconstrained
0.13009999975110986,Unconstrained
0.20849999964411836,Unconstrained
0.13600000011138036,Unconstrained
0.13529999978345586,Unconstrained
0.13589999980467837,Unconstrained
0.13070000022707973,Unconstrained
0.1368000002912595,Unconstrained
0.1395999997839681,Unconstrained
0.13630000012199162,Unconstrained
0.23390000023937318,Unconstrained
0.13699999999516876,Unconstrained
0.14750000036656274,Unconstrained
0.1432999997632578,Unconstrained
0.14659999987998162,Unconstrained
0.21910000032221433,Unconstrained
0.13030000036451383,Unconstrained
0.130799999624287,Unconstrained
0.13080000007903436,Unconstrained
0.13619999981528963,Unconstrained
0.13049999961367575,Unconstrained
0.1326000001427019,Unconstrained
0.21700000024793553,Unconstrained
0.14139999984763563,Unconstrained
0.13739999985773466,Unconstrained
0.13810000018565916,Unconstrained
0.13549999994211248,Unconstrained
0.21269999979267595,Unconstrained
0.13250000029074727,Unconstrained
0.2058000000033644,Unconstrained
0.130899999930989,Unconstrained
0.13679999983651214,Unconstrained
0.13559999979406712,Unconstrained
0.13660000013260287,Unconstrained
0.1401999998051906,Unconstrained
0.14500000042971806,Unconstrained
0.1384000001962704,Unconstrained
0.14419999979509157,Unconstrained
0.13730000000578002,Unconstrained
0.13209999997343402,Unconstrained
0.12970000034329132,Unconstrained
0.14060000012250384,Unconstrained
0.1316000002589135,Unconstrained
0.13579999995272374,Unconstrained
0.1975000000129512,Unconstrained
0.125800000205345,Unconstrained
0.12719999995169928,Unconstrained
0.13040000021646847,Unconstrained
0.1494999996793922,Unconstrained
0.1376999998683459,Unconstrained
0.15179999991232762,Unconstrained
0.1502000000073167,Unconstrained
0.13130000024830224,Unconstrained
0.13170000011086813,Unconstrained
0.1457000003028952,Unconstrained
0.1330000000052678,Unconstrained
0.1388000000588363,Unconstrained
0.3955000001951703,Unconstrained
0.2144999998563435,Unconstrained
0.14409999994313694,Unconstrained
0.15410000014526304,Unconstrained
0.1434000000699598,Unconstrained
0.23430000010193908,Unconstrained
0.15070000017658458,Unconstrained
0.13219999982538866,Unconstrained
0.13790000002700253,Unconstrained
0.1542999998491723,Unconstrained
0.215099999877566,Unconstrained
0.14450000026045018,Unconstrained
0.16129999994518585,Unconstrained
0.13790000002700253,Unconstrained
0.13139999964550952,Unconstrained
0.14729999975315877,Unconstrained
0.2905999999711639,Unconstrained
0.26130000014745747,Unconstrained
0.10900000006586197,Unconstrained
0.10089999977935804,Unconstrained
0.12960000003658934,Unconstrained
0.14389999978448031,Unconstrained
0.48100000003614696,Unconstrained
0.11730000005627517,Unconstrained
0.12219999962326256,Unconstrained
0.13750000016443664,Unconstrained
0.40399999988949276,Unconstrained
0.20530000028884388,Unconstrained
0.2801000000545173,Unconstrained
0.1747000001159904,Unconstrained
0.10400000019217259,Unconstrained
0.09869999985312461,Unconstrained
0.12220000007800991,Unconstrained
0.14449999980570283,Unconstrained
0.14989999999670545,Unconstrained
0.1432999997632578,Unconstrained
0.13639999997394625,Unconstrained
0.13639999997394625,Unconstrained
0.13720000015382539,Unconstrained
0.14460000011240481,Unconstrained
0.24999999959618435,Unconstrained
0.13750000016443664,Unconstrained
0.1305000000684231,Unconstrained
0.15620000021954183,Unconstrained
0.13690000014321413,Unconstrained
0.1330000000052678,Unconstrained
0.13699999999516876,Unconstrained
0.13699999999516876,Unconstrained
0.13789999957225518,Unconstrained
0.1314999999522115,Unconstrained
0.21560000004683388,Unconstrained
0.137400000312482,Unconstrained
0.141199999688979,Unconstrained
0.14819999978499254,Unconstrained
0.13059999992037774,Unconstrained
0.13659999967785552,Unconstrained
0.13689999968846678,Unconstrained
0.130899999930989,Unconstrained
0.13710000030187075,Unconstrained
0.1312999997935549,Unconstrained
0.13630000012199162,Unconstrained
0.13650000028064824,Unconstrained
0.13110000008964562,Unconstrained
0.13579999995272374,Unconstrained
0.14620000001741573,Unconstrained
0.13549999994211248,Unconstrained
0.21940000033282558,Unconstrained
0.13660000013260287,Unconstrained
0.13660000013260287,Unconstrained
0.13590000025942572,Unconstrained
0.13790000002700253,Unconstrained
0.1316000002589135,Unconstrained
0.13099999978294363,Unconstrained
0.2426999999443069,Unconstrained
0.13710000030187075,Unconstrained
0.14039999996384722,Unconstrained
0.2743000000009488,Unconstrained
0.2739000001383829,Unconstrained
0.10299999985363684,Unconstrained
0.3470999999990454,Unconstrained
0.3919000000678352,Unconstrained
0.23220000002766028,Unconstrained
0.1140000003942987,Unconstrained
0.14549999968949123,Unconstrained
0.09910000017043785,Unconstrained
0.2328000000488828,Unconstrained
0.13410000019575818,Unconstrained
0.10760000031950767,Unconstrained
0.14290000035543926,Unconstrained
0.14729999975315877,Unconstrained
0.16000000005078618,Unconstrained
0.11959999983446323,Unconstrained
0.12639999977182015,Unconstrained
0.14390000023922767,Unconstrained
0.15880000000834116,Unconstrained
0.15209999992293888,Unconstrained
0.41780000037761056,Unconstrained
0.18490000002202578,Unconstrained
0.12070000002495362,Unconstrained
0.15780000012455275,Unconstrained
0.13619999981528963,Unconstrained
0.1584999999977299,Unconstrained
0.24260000009235227,Unconstrained
0.16019999975469545,Unconstrained
0.15350000012404053,Unconstrained
0.15239999993355013,Unconstrained
0.5577000001721899,Unconstrained
0.15129999974305974,Unconstrained
0.18950000003314926,Unconstrained
0.12650000007852213,Unconstrained
0.13630000012199162,Unconstrained
0.1434000000699598,Unconstrained
0.34640000012586825,Unconstrained
0.2441999999973632,Unconstrained
0.09839999984251335,Unconstrained
0.1320000001214794,Unconstrained
0.09789999967324547,Unconstrained
0.10069999962070142,Unconstrained
0.1436000002286164,Unconstrained
0.1505999998698826,Unconstrained
0.13929999977335683,Unconstrained
0.14460000011240481,Unconstrained
0.13070000022707973,Unconstrained
0.21019999985583127,Unconstrained
0.1380999997309118,Unconstrained
0.13489999992088997,Unconstrained
0.14140000030238298,Unconstrained
0.13159999980416615,Unconstrained
0.13209999997343402,Unconstrained
0.13080000007903436,Unconstrained
0.13540000009015785,Unconstrained
0.1299000000472006,Unconstrained
0.13100000023769098,Unconstrained
0.17170000000987784,Unconstrained
0.1368000002912595,Unconstrained
0.13110000008964562,Unconstrained
0.21749999996245606,Unconstrained
0.14379999993252568,Unconstrained
0.14590000000680448,Unconstrained
0.15389999998660642,Unconstrained
0.13170000011086813,Unconstrained
0.13109999963489827,Unconstrained
0.13140000010025688,Unconstrained
0.14490000012301607,Unconstrained
0.12559999959194101,Unconstrained
0.12070000002495362,Unconstrained
0.20799999992959783,Unconstrained
0.14509999982692534,Unconstrained
0.13029999990976648,Unconstrained
0.18440000030750525,Unconstrained
0.1314999999522115,Unconstrained
0.12519999972937512,Unconstrained
0.11100000028818613,Unconstrained
0.10130000009667128,Unconstrained
0.10900000006586197,Unconstrained
0.13069999977233238,Unconstrained
0.13020000005781185,Unconstrained
0.12000000015177648,Unconstrained
0.09869999985312461,Unconstrained
0.09969999973691301,Unconstrained
0.09990000035031699,Unconstrained
0.16639999967082986,Unconstrained
0.10890000021390733,Unconstrained
0.09820000013860408,Unconstrained
0.0988000001598266,Unconstrained
0.09820000013860408,Unconstrained
0.09749999981067958,Unconstrained
0.09920000002239249,Unconstrained
0.09820000013860408,Unconstrained
0.09869999985312461,Unconstrained
0.11670000003505265,Unconstrained
0.09910000017043785,Unconstrained
0.09910000017043785,Unconstrained
0.09920000002239249,Unconstrained
0.10519999977987027,Unconstrained
0.0984000002972607,Unconstrained
0.09870000030787196,Unconstrained
0.10720000000219443,Unconstrained
0.09850000014921534,Unconstrained
0.10580000025584013,Unconstrained
0.09920000002239249,Unconstrained
0.09739999995872495,Unconstrained
0.0976999999693362,Unconstrained
0.2258999998048239,Unconstrained
0.22979999994277023,Unconstrained
0.46590000010837684,Unconstrained
0.19659999998111743,Unconstrained
0.19890000021405285,Unconstrained
0.38020000010874355,Unconstrained
0.19879999990735087,Unconstrained
0.14309999960460118,Unconstrained
0.16709999999875436,Unconstrained
0.09829999999055872,Unconstrained
0.0988000001598266,Unconstrained
0.0976999999693362,Unconstrained
0.21090000018375576,Unconstrained
0.10299999985363684,Unconstrained
0.10680000013962854,Unconstrained
0.09849999969446799,Unconstrained
0.13140000010025688,Unconstrained
0.13750000016443664,Unconstrained
0.13790000002700253,Unconstrained
0.13760000001639128,Unconstrained
0.13099999978294363,Unconstrained
0.13070000022707973,Unconstrained
0.12219999962326256,Unconstrained
0.14659999987998162,Unconstrained
0.1322999996773433,Unconstrained
0.13679999983651214,Unconstrained
0.24769999981799629,Unconstrained
0.15100000018719584,Unconstrained
0.17369999977745465,Unconstrained
0.13720000015382539,Unconstrained
0.09850000014921534,Unconstrained
0.39709999964543385,Unconstrained
0.1882000001387496,Unconstrained
0.09850000014921534,Unconstrained
0.10130000009667128,Unconstrained
0.13150000040695886,Unconstrained
0.12480000032155658,Unconstrained
0.16839999989315402,Unconstrained
0.09829999999055872,Unconstrained
0.10680000013962854,Unconstrained
0.0976999999693362,Unconstrained
0.09860000000116997,Unconstrained
0.13449999960357673,Unconstrained
0.14330000021800515,Unconstrained
0.27570000020205043,Unconstrained
0.14929999997548293,Unconstrained
0.10849999989659409,Unconstrained
0.09850000014921534,Unconstrained
0.09839999984251335,Unconstrained
0.09890000001178123,Unconstrained
0.09739999995872495,Unconstrained
0.16499999992447556,Unconstrained
0.10440000005473848,Unconstrained
0.16529999993508682,Unconstrained
0.10859999974854873,Unconstrained
0.18159999990530196,Unconstrained
0.0988000001598266,Unconstrained
0.09890000001178123,Unconstrained
0.0980999998319021,Unconstrained
0.09860000000116997,Unconstrained
0.09940000018104911,Unconstrained
0.0988000001598266,Unconstrained
0.10759999986476032,Unconstrained
0.10609999981170404,Unconstrained
0.10209999982180307,Unconstrained
0.09839999984251335,Unconstrained
0.09869999985312461,Unconstrained
0.10070000007544877,Unconstrained
0.10000000020227162,Unconstrained
0.10470000006534974,Unconstrained
0.10300000030838419,Unconstrained
0.10700000029828516,Unconstrained
0.10560000009718351,Unconstrained
0.09910000017043785,Unconstrained
0.09860000000116997,Unconstrained
0.09929999987434712,Unconstrained
0.09890000001178123,Unconstrained
0.10020000036092824,Unconstrained
0.17070000012608944,Unconstrained
0.10139999994862592,Unconstrained
0.105000000075961,Unconstrained
0.09929999987434712,Unconstrained
0.11449999965407187,Unconstrained
0.09850000014921534,Unconstrained
0.10130000009667128,Unconstrained
0.09810000028664945,Unconstrained
0.13929999977335683,Unconstrained
0.09810000028664945,Unconstrained
0.11889999996128608,Unconstrained
0.09799999997994746,Unconstrained
0.1164000000244414,Unconstrained
0.0988000001598266,Unconstrained
0.10109999993801466,Unconstrained
0.09790000012799283,Unconstrained
0.1283999999941443,Unconstrained
0.10000000020227162,Unconstrained
0.11050000011891825,Unconstrained
0.10110000039276201,Unconstrained
0.11000000040439772,Unconstrained
0.10160000010728254,Unconstrained
0.11230000018258579,Unconstrained
0.10120000024471665,Unconstrained
0.09860000000116997,Unconstrained
0.0984000002972607,Unconstrained
0.09869999985312461,Unconstrained
0.13219999982538866,Unconstrained
0.10089999977935804,Unconstrained
0.10720000000219443,Unconstrained
0.09910000017043785,Unconstrained
0.099800000043615,Unconstrained
0.1015000002553279,Unconstrained
0.12109999988751952,Unconstrained
0.12060000017299899,Unconstrained
0.09780000027603819,Unconstrained
0.10889999975915998,Unconstrained
0.09799999997994746,Unconstrained
0.09959999988495838,Unconstrained
0.09829999999055872,Unconstrained
0.16439999990325305,Unconstrained
0.09940000018104911,Unconstrained
0.09800000043469481,Unconstrained
0.11059999997087289,Unconstrained
0.10240000028716167,Unconstrained
0.0988000001598266,Unconstrained
0.09910000017043785,Unconstrained
0.105000000075961,Unconstrained
0.1133000000663742,Unconstrained
0.1007999999274034,Unconstrained
0.09860000000116997,Unconstrained
0.10390000034021796,Unconstrained
0.18799999998009298,Unconstrained
0.09879999970507924,Unconstrained
0.11140000015075202,Unconstrained
0.09860000000116997,Unconstrained
0.09800000043469481,Unconstrained
0.09940000018104911,Unconstrained
0.0976999999693362,Unconstrained
0.14899999996487168,Unconstrained
0.10920000022451859,Unconstrained
0.09820000013860408,Unconstrained
0.09790000012799283,Unconstrained
0.09759999966263422,Unconstrained
0.10609999981170404,Unconstrained
0.09890000001178123,Unconstrained
0.09960000033970573,Unconstrained
0.09779999982129084,Unconstrained
0.11130000029879739,Unconstrained
0.09930000032909447,Unconstrained
0.10470000006534974,Unconstrained
0.09860000000116997,Unconstrained
0.09760000011738157,Unconstrained
0.09869999985312461,Unconstrained
0.09950000003300374,Unconstrained
0.09900000031848322,Unconstrained
0.0976999999693362,Unconstrained
0.0976999999693362,Unconstrained
0.10620000011840602,Unconstrained
0.09790000012799283,Unconstrained
0.11559999984456226,Unconstrained
0.10209999982180307,Unconstrained
0.10590000010779477,Unconstrained
0.10259999999107094,Unconstrained
0.10179999981119181,Unconstrained
0.1135999996222381,Unconstrained
0.09999999974752427,Unconstrained
0.400400000216905,Unconstrained
0.36820000013904064,Unconstrained
0.15149999990171636,Unconstrained
0.16759999971327488,Unconstrained
0.17490000027464703,Unconstrained
0.41650000002846355,Unconstrained
0.7473999999092484,Unconstrained
0.266999999894324,Unconstrained
0.44580000030691735,Unconstrained
0.23299999975279206,Unconstrained
0.2685999997993349,Unconstrained
0.42329999996582046,Unconstrained
0.36539999973683734,Unconstrained
0.30259999994086684,Unconstrained
0.31559999979435815,Unconstrained
0.29629999971803045,Unconstrained
0.28500000007625204,Unconstrained
0.28199999997013947,Unconstrained
0.3172000001541164,Unconstrained
0.2283000003444613,Unconstrained
0.22540000009030337,Unconstrained
0.22570000010091462,Unconstrained
0.3364000003784895,Unconstrained
0.366900000244641,Unconstrained
0.40149999995264807,Unconstrained
0.36949999957869295,Unconstrained
0.12560000004668836,Unconstrained
0.34230000028401264,Unconstrained
0.2961000000141212,Unconstrained
0.3171000003021618,Unconstrained
0.2341999997952371,Unconstrained
0.22570000010091462,Unconstrained
0.22769999986849143,Unconstrained
0.2258999998048239,Unconstrained
0.22919999992154771,Unconstrained
0.2347999998164596,Unconstrained
0.3007999998771993,Unconstrained
0.23299999975279206,Unconstrained
0.40279999984704773,Unconstrained
0.340900000082911,Unconstrained
0.47989999984565657,Unconstrained
0.2304000004187401,Unconstrained
0.31420000004800386,Unconstrained
0.2345000002605957,Unconstrained
0.19599999995989492,Unconstrained
0.22690000014335965,Unconstrained
0.23160000000643777,Unconstrained
0.37980000024617766,Unconstrained
0.32059999966804753,Unconstrained
0.32499999997526174,Unconstrained
0.23349999992205994,Unconstrained
0.23020000026008347,Unconstrained
0.2289999997628911,Unconstrained
0.23320000036619604,Unconstrained
0.09869999985312461,Unconstrained
0.2776000001176726,Unconstrained
0.2560999996603641,Unconstrained
0.22639999997409177,Unconstrained
0.25459999960730784,Unconstrained
0.10000000020227162,Unconstrained
0.2650000001267472,Unconstrained
0.24930000017775455,Unconstrained
0.22769999986849143,Unconstrained
0.22390000003724708,Unconstrained
0.2556999997977982,Unconstrained
0.2561999999670661,Unconstrained
0.2262000002701825,Unconstrained
0.24739999980738503,Unconstrained
0.22469999976237887,Unconstrained
0.09829999999055872,Unconstrained
0.09770000042408356,Unconstrained
0.14310000005934853,Unconstrained
0.34899999991466757,Unconstrained
0.29479999966497417,Unconstrained
0.2976999999191321,Unconstrained
0.3656000003502413,Unconstrained
0.2991999999721884,Unconstrained
0.3449999999247666,Unconstrained
0.24220000022978638,Unconstrained
0.299400000130845,Unconstrained
0.2957000001515553,Unconstrained
0.23520000013377285,Unconstrained
0.2795000000332948,Unconstrained
0.23299999975279206,Unconstrained
0.23590000000695,Unconstrained
0.24740000026213238,Unconstrained
0.278600000001461,Unconstrained
0.24040000016611884,Unconstrained
0.35209999987273477,Unconstrained
0.29899999981353176,Unconstrained
0.5747000000155822,Unconstrained
0.16970000024230103,Unconstrained
0.1509000003352412,Unconstrained
0.0988000001598266,Unconstrained
0.09820000013860408,Unconstrained
0.09940000018104911,Unconstrained
0.09939999972630176,Unconstrained
0.0988000001598266,Unconstrained
0.09900000031848322,Unconstrained
0.11369999992894009,Unconstrained
0.09839999984251335,Unconstrained
0.1133000000663742,Unconstrained
0.12920000017402344,Unconstrained
0.1160000001618755,Unconstrained
0.1301000002058572,Unconstrained
0.12599999990925426,Unconstrained
0.12239999978191918,Unconstrained
0.16980000009425567,Unconstrained
0.11300000005576294,Unconstrained
0.11279999989710632,Unconstrained
0.11619999986578478,Unconstrained
0.1297999997404986,Unconstrained
0.12140000035287812,Unconstrained
0.13339999986783369,Unconstrained
0.1264000002265675,Unconstrained
0.12109999988751952,Unconstrained
0.12539999988803174,Unconstrained
0.3250999998272164,Unconstrained
0.3247999998166051,Unconstrained
0.1233000002685003,Unconstrained
0.29279999989739736,Unconstrained
0.31039999976201216,Unconstrained
0.5161000003681693,Unconstrained
0.13290000015331316,Unconstrained
0.4423000000315369,Unconstrained
0.2853999999388179,Unconstrained
0.12539999988803174,Unconstrained
0.4859000000578817,Unconstrained
0.2116000000569329,Unconstrained
0.10250000013911631,Unconstrained
0.15589999975418323,Unconstrained
0.09829999999055872,Unconstrained
0.09820000013860408,Unconstrained
0.2399999998488056,Unconstrained
0.2544999997553532,Unconstrained
0.34800000003087916,Unconstrained
0.5478000002767658,Unconstrained
0.24059999987002811,Unconstrained
0.12599999990925426,Unconstrained
0.16310000000885339,Unconstrained
0.10280000014972757,Unconstrained
0.10249999968436896,Unconstrained
0.1007999999274034,Unconstrained
0.09860000000116997,Unconstrained
0.09820000013860408,Unconstrained
0.09940000018104911,Unconstrained
0.10800000018207356,Unconstrained
0.09929999987434712,Unconstrained
0.0984000002972607,Unconstrained
0.09900000031848322,Unconstrained
0.34529999993537785,Unconstrained
0.09950000003300374,Unconstrained
0.09860000000116997,Unconstrained
0.09779999982129084,Unconstrained
0.09810000028664945,Unconstrained
0.09920000002239249,Unconstrained
0.0988000001598266,Unconstrained
0.09820000013860408,Unconstrained
0.09839999984251335,Unconstrained
0.32599999985905015,Unconstrained
0.09890000001178123,Unconstrained
0.20399999993969686,Unconstrained
0.20799999992959783,Unconstrained
0.12440000000424334,Unconstrained
0.2623999998832005,Unconstrained
0.10130000009667128,Unconstrained
0.10070000007544877,Unconstrained
0.16080000023066532,Unconstrained
0.10669999983292655,Unconstrained
0.11250000034124241,Unconstrained
0.13910000006944756,Unconstrained
0.12650000007852213,Unconstrained
0.16969999978755368,Unconstrained
0.13859999990017968,Unconstrained
0.09900000031848322,Unconstrained
0.09999999974752427,Unconstrained
0.1872000002549612,Unconstrained
0.31229999967763433,Unconstrained
0.11109999968539341,Unconstrained
0.4177999999228632,Unconstrained
0.20029999996040715,Unconstrained
0.10160000010728254,Unconstrained
0.10449999990669312,Unconstrained
0.09929999987434712,Unconstrained
0.2953000002889894,Unconstrained
0.09949999957825639,Unconstrained
0.09900000031848322,Unconstrained
0.09790000012799283,Unconstrained
0.0988000001598266,Unconstrained
0.10449999990669312,Unconstrained
0.12999999989915523,Unconstrained
0.27309999995850376,Unconstrained
0.09829999999055872,Unconstrained
0.34899999991466757,Unconstrained
0.2065999997284962,Unconstrained
0.12860000015280093,Unconstrained
0.22659999967800104,Unconstrained
0.1467000001866836,Unconstrained
0.1019000001178938,Unconstrained
0.15359999997599516,Unconstrained
0.3089000001637032,Unconstrained
0.12190000006739865,Unconstrained
0.3894000001309905,Unconstrained
0.26769999976750114,Unconstrained
0.19780000002356246,Unconstrained
0.23329999976340332,Unconstrained
0.23099999998521525,Unconstrained
0.19850000035148696,Unconstrained
0.299299999824143,Unconstrained
0.13639999997394625,Unconstrained
0.22850000004837057,Unconstrained
0.3592000002754503,Unconstrained
0.3388000000086322,Unconstrained
0.18650000038178405,Unconstrained
0.1795999996829778,Unconstrained
0.1498000001447508,Unconstrained
0.3609999998843705,Unconstrained
0.1312000003963476,Unconstrained
0.17369999977745465,Unconstrained
0.1374999997096893,Unconstrained
0.09860000000116997,Unconstrained
0.10209999982180307,Unconstrained
0.1509999997324485,Unconstrained
0.09959999988495838,Unconstrained
0.11099999983343878,Unconstrained
0.13859999990017968,Unconstrained
0.11590000030992087,Unconstrained
0.10320000001229346,Unconstrained
0.22659999967800104,Unconstrained
0.33949999988180934,Unconstrained
0.2875000000130967,Unconstrained
0.20919999997204286,Unconstrained
0.19729999985429458,Unconstrained
0.24430000030406518,Unconstrained
0.10199999996984843,Unconstrained
0.12620000006791088,Unconstrained
0.10160000010728254,Unconstrained
0.24709999979677377,Unconstrained
0.09799999997994746,Unconstrained
0.1909000002342509,Unconstrained
0.1032999998642481,Unconstrained
0.10230000043520704,Unconstrained
0.09910000017043785,Unconstrained
0.12500000002546585,Unconstrained
0.11700000004566391,Unconstrained
0.20859999995082035,Unconstrained
0.3879999999298889,Unconstrained
0.22459999991042423,Unconstrained
0.23310000005949405,Unconstrained
0.28000000020256266,Unconstrained
0.2862999999706517,Unconstrained
0.32010000040827435,Unconstrained
0.11240000003454043,Unconstrained
0.3123999999843363,Unconstrained
0.11080000012952951,Unconstrained
0.09779999982129084,Unconstrained
0.09829999999055872,Unconstrained
0.26130000014745747,Unconstrained
0.13369999987844494,Unconstrained
0.1511999998911051,Unconstrained
0.09799999997994746,Unconstrained
0.40849999959391425,Unconstrained
0.1249999995707185,Unconstrained
0.17329999991488876,Unconstrained
0.10999999994965037,Unconstrained
0.0984000002972607,Unconstrained
0.09930000032909447,Unconstrained
0.10169999995923718,Unconstrained
0.10410000004412723,Unconstrained
0.10800000018207356,Unconstrained
0.1029000000016822,Unconstrained
0.10720000000219443,Unconstrained
0.09989999989556964,Unconstrained
0.1253000000360771,Unconstrained
0.09869999985312461,Unconstrained
0.09869999985312461,Unconstrained
0.09810000028664945,Unconstrained
0.09900000031848322,Unconstrained
0.11009999980160501,Unconstrained
0.09850000014921534,Unconstrained
0.09879999970507924,Unconstrained
0.09940000018104911,Unconstrained
0.09920000002239249,Unconstrained
0.12650000007852213,Unconstrained
0.1795000002857705,Unconstrained
0.10040000006483751,Unconstrained
0.09869999985312461,Unconstrained
0.09940000018104911,Unconstrained
0.09890000001178123,Unconstrained
0.09959999988495838,Unconstrained
0.099800000043615,Unconstrained
0.10199999996984843,Unconstrained
0.09789999967324547,Unconstrained
0.09969999973691301,Unconstrained
0.0990999997156905,Unconstrained
0.09870000030787196,Unconstrained
0.09790000012799283,Unconstrained
0.10239999983241432,Unconstrained
0.09869999985312461,Unconstrained
0.09860000000116997,Unconstrained
0.09930000032909447,Unconstrained
0.0988000001598266,Unconstrained
0.09929999987434712,Unconstrained
0.10229999998045969,Unconstrained
0.11050000011891825,Unconstrained
0.10250000013911631,Unconstrained
0.11250000034124241,Unconstrained
0.315000000227883,Unconstrained
0.1111999999920954,Unconstrained
0.1594999998815183,Unconstrained
0.10489999976925901,Unconstrained
0.13259999968795455,Unconstrained
0.1052999996318249,Unconstrained
0.10729999985414906,Unconstrained
0.10820000034073018,Unconstrained
0.10789999987537158,Unconstrained
0.1042999997480365,Unconstrained
0.10950000023512985,Unconstrained
0.10480000037205173,Unconstrained
0.10549999979048152,Unconstrained
0.1457999997001025,Unconstrained
0.11229999972783844,Unconstrained
0.1264000002265675,Unconstrained
0.09829999999055872,Unconstrained
0.09720000025481568,Unconstrained
0.11760000006688642,Unconstrained
0.0988000001598266,Unconstrained
0.25740000000951113,Unconstrained
0.11690000019370927,Unconstrained
0.09950000003300374,Unconstrained
0.09860000000116997,Unconstrained
0.11339999991832883,Unconstrained
0.09869999985312461,Unconstrained
0.10209999982180307,Unconstrained
0.09879999970507924,Unconstrained
0.09930000032909447,Unconstrained
0.10259999999107094,Unconstrained
0.09970000019166037,Unconstrained
0.09779999982129084,Unconstrained
0.10849999989659409,Unconstrained
0.12040000001434237,Unconstrained
0.11959999983446323,Unconstrained
0.10270000029777293,Unconstrained
0.10149999980058055,Unconstrained
0.10160000010728254,Unconstrained
0.10879999990720535,Unconstrained
0.14259999989008065,Unconstrained
0.09850000014921534,Unconstrained
0.23460000011255033,Unconstrained
0.3930999996555329,Unconstrained
0.6192999999257154,Unconstrained
0.3468999998403888,Unconstrained
0.24769999981799629,Unconstrained
0.28179999981148285,Unconstrained
0.3728000001501641,Unconstrained
0.23469999996450497,Unconstrained
0.09829999999055872,Unconstrained
0.09850000014921534,Unconstrained
0.11200000017197453,Unconstrained
0.0988000001598266,Unconstrained
0.09779999982129084,Unconstrained
0.09899999986373587,Unconstrained
0.09850000014921534,Unconstrained
0.09900000031848322,Unconstrained
0.09829999999055872,Unconstrained
0.09870000030787196,Unconstrained
0.09879999970507924,Unconstrained
0.09879999970507924,Unconstrained
0.09850000014921534,Unconstrained
0.09849999969446799,Unconstrained
0.0976999999693362,Unconstrained
0.09799999997994746,Unconstrained
0.0990999997156905,Unconstrained
0.10040000006483751,Unconstrained
0.10280000014972757,Unconstrained
0.09829999999055872,Unconstrained
0.09749999981067958,Unconstrained
0.09850000014921534,Unconstrained
0.09829999999055872,Unconstrained
0.09869999985312461,Unconstrained
0.09869999985312461,Unconstrained
0.09890000001178123,Unconstrained
0.09920000002239249,Unconstrained
0.1029000000016822,Unconstrained
0.09779999982129084,Unconstrained
0.09930000032909447,Unconstrained
0.09890000001178123,Unconstrained
0.09810000028664945,Unconstrained
0.10029999975813553,Unconstrained
0.10730000030889641,Unconstrained
0.09900000031848322,Unconstrained
0.10100000008606003,Unconstrained
0.09829999999055872,Unconstrained
0.0988000001598266,Unconstrained
0.09839999984251335,Unconstrained
0.09860000000116997,Unconstrained
0.0976999999693362,Unconstrained
0.10140000040337327,Unconstrained
0.1046000002133951,Unconstrained
0.10269999984302558,Unconstrained
0.10990000009769574,Unconstrained
0.09910000017043785,Unconstrained
0.09799999997994746,Unconstrained
0.09890000001178123,Unconstrained
0.09890000001178123,Unconstrained
0.09920000002239249,Unconstrained
0.09829999999055872,Unconstrained
0.09839999984251335,Unconstrained
0.09860000000116997,Unconstrained
0.09869999985312461,Unconstrained
0.09829999999055872,Unconstrained
0.099800000043615,Unconstrained
0.09899999986373587,Unconstrained
0.10379999957876862,Unconstrained
0.09829999999055872,Unconstrained
0.09869999985312461,Unconstrained
0.09869999985312461,Unconstrained
0.09869999985312461,Unconstrained
0.09819999968385673,Unconstrained
0.09829999999055872,Unconstrained
0.09960000033970573,Unconstrained
0.09829999999055872,Unconstrained
0.10390000034021796,Unconstrained
0.09910000017043785,Unconstrained
0.1032999998642481,Unconstrained
0.09910000017043785,Unconstrained
0.09810000028664945,Unconstrained
0.22880000005898182,Unconstrained
0.26740000021163723,Unconstrained
0.2341000003980298,Unconstrained
0.2424999997856503,Unconstrained
0.11700000004566391,Unconstrained
0.18799999998009298,Unconstrained
0.15769999981785077,Unconstrained
0.09839999984251335,Unconstrained
0.09759999966263422,Unconstrained
0.10960000008708448,Unconstrained
0.1129000002038083,Unconstrained
0.2251000000796921,Unconstrained
0.23050000027069473,Unconstrained
0.22880000005898182,Unconstrained
0.11279999989710632,Unconstrained
0.18079999972542282,Unconstrained
0.1015000002553279,Unconstrained
0.15840000014577527,Unconstrained
0.24230000008174102,Unconstrained
0.12280000009923242,Unconstrained
0.12299999980314169,Unconstrained
0.11350000022503082,Unconstrained
0.1847000003181165,Unconstrained
0.10659999998097192,Unconstrained
0.10489999976925901,Unconstrained
0.10400000019217259,Unconstrained
0.10740000016085105,Unconstrained
0.10530000008657225,Unconstrained
0.105000000075961,Unconstrained
0.10539999993852689,Unconstrained
0.10470000006534974,Unconstrained
0.105000000075961,Unconstrained
0.10400000019217259,Unconstrained
0.10430000020278385,Unconstrained
0.10560000009718351,Unconstrained
0.10540000039327424,Unconstrained
0.3790000000662985,Unconstrained
0.33389999998689746,Unconstrained
0.5621000000246568,Unconstrained
0.34779999987222254,Unconstrained
0.3077000001212582,Unconstrained
0.1409000001331151,Unconstrained
0.10070000007544877,Unconstrained
0.2810999999383057,Unconstrained
0.2266000001327484,Unconstrained
0.10090000023410539,Unconstrained
0.1111999999920954,Unconstrained
0.2075000002150773,Unconstrained
0.09820000013860408,Unconstrained
0.11039999981221627,Unconstrained
0.10830000019268482,Unconstrained
0.11599999970712815,Unconstrained
0.19420000035097473,Unconstrained
0.09950000003300374,Unconstrained
0.12040000001434237,Unconstrained
0.09860000000116997,Unconstrained
0.09850000014921534,Unconstrained
0.10520000023461762,Unconstrained
0.0980999998319021,Unconstrained
0.0990999997156905,Unconstrained
0.09899999986373587,Unconstrained
0.10040000006483751,Unconstrained
0.10139999994862592,Unconstrained
0.1032999998642481,Unconstrained
0.09920000002239249,Unconstrained
0.10179999981119181,Unconstrained
0.12620000006791088,Unconstrained
0.1026000004458183,Unconstrained
0.10929999962172587,Unconstrained
0.20350000022517634,Unconstrained
0.10149999980058055,Unconstrained
0.09879999970507924,Unconstrained
0.09860000000116997,Unconstrained
0.09920000002239249,Unconstrained
0.10280000014972757,Unconstrained
0.13379999973039958,Unconstrained
0.2334000000701053,Unconstrained
0.09810000028664945,Unconstrained
0.09920000002239249,Unconstrained
0.09860000000116997,Unconstrained
0.09839999984251335,Unconstrained
0.09799999997994746,Unconstrained
0.14180000016494887,Unconstrained
0.0976999999693362,Unconstrained
0.09870000030787196,Unconstrained
0.09920000002239249,Unconstrained
0.09839999984251335,Unconstrained
0.09790000012799283,Unconstrained
0.09890000001178123,Unconstrained
0.09839999984251335,Unconstrained
0.09920000002239249,Unconstrained
0.1606000000720087,Unconstrained
0.10059999976874678,Unconstrained
0.17920000027515925,Unconstrained
0.09929999987434712,Unconstrained
0.0980999998319021,Unconstrained
0.11140000015075202,Unconstrained
0.16169999980775174,Unconstrained
0.09870000030787196,Unconstrained
0.1502000000073167,Unconstrained
0.09940000018104911,Unconstrained
0.09839999984251335,Unconstrained
0.0988000001598266,Unconstrained
0.09829999999055872,Unconstrained
0.09890000001178123,Unconstrained
0.09910000017043785,Unconstrained
0.09920000002239249,Unconstrained
0.09869999985312461,Unconstrained
0.09959999988495838,Unconstrained
0.1260000003640016,Unconstrained
0.09970000019166037,Unconstrained
0.15649999977540574,Unconstrained
0.09920000002239249,Unconstrained
0.1901999999063264,Unconstrained
0.09899999986373587,Unconstrained
0.16420000019934378,Unconstrained
0.1521999997748935,Unconstrained
0.1442999996470462,Unconstrained
0.1366999999845575,Unconstrained
0.13730000000578002,Unconstrained
0.20880000010947697,Unconstrained
0.12599999990925426,Unconstrained
0.1495999999860942,Unconstrained
0.13590000025942572,Unconstrained
0.13720000015382539,Unconstrained
0.1370999998471234,Unconstrained
0.13110000008964562,Unconstrained
0.13760000001639128,Unconstrained
0.1560000000608852,Unconstrained
0.14240000018617138,Unconstrained
0.13719999969907803,Unconstrained
0.13739999985773466,Unconstrained
0.1376999998683459,Unconstrained
0.24389999998675194,Unconstrained
0.13069999977233238,Unconstrained
0.13230000013209064,Unconstrained
0.13710000030187075,Unconstrained
0.14099999998506973,Unconstrained
0.2060999995592283,Unconstrained
0.146500000028027,Unconstrained
0.13099999978294363,Unconstrained
0.1366999999845575,Unconstrained
0.13790000002700253,Unconstrained
0.13829999988956843,Unconstrained
0.13720000015382539,Unconstrained
0.1368000002912595,Unconstrained
0.13720000015382539,Unconstrained
0.13660000013260287,Unconstrained
0.15870000015638652,Unconstrained
0.14529999998558196,Unconstrained
0.14180000016494887,Unconstrained
0.13690000014321413,Unconstrained
0.13770000032309326,Unconstrained
0.17419999994672253,Unconstrained
0.13829999988956843,Unconstrained
0.13719999969907803,Unconstrained
0.19160000010742806,Unconstrained
0.13639999997394625,Unconstrained
0.1366999999845575,Unconstrained
0.135999999656633,Unconstrained
0.13810000018565916,Unconstrained
0.22090000038588187,Unconstrained
0.14479999981631408,Unconstrained
0.13630000012199162,Unconstrained
0.13130000024830224,Unconstrained
0.13739999985773466,Unconstrained
0.25149999964924064,Unconstrained
0.13760000001639128,Unconstrained
0.2540000000408327,Unconstrained
0.13710000030187075,Unconstrained
0.136099999963335,Unconstrained
0.1366999999845575,Unconstrained
0.13730000000578002,Unconstrained
0.13639999997394625,Unconstrained
0.1378000001750479,Unconstrained
0.13760000001639128,Unconstrained
0.16090000008261995,Unconstrained
0.13710000030187075,Unconstrained
0.14250000003812602,Unconstrained
0.2448000000185857,Unconstrained
0.13279999984661117,Unconstrained
0.15149999990171636,Unconstrained
0.14409999994313694,Unconstrained
0.13730000000578002,Unconstrained
0.23839999994379468,Unconstrained
0.18930000032924,Unconstrained
0.11999999969702912,Unconstrained
0.13100000023769098,Unconstrained
0.13790000002700253,Unconstrained
0.13559999979406712,Unconstrained
0.13689999968846678,Unconstrained
0.14379999993252568,Unconstrained
0.13989999979457934,Unconstrained
0.13719999969907803,Unconstrained
0.13159999980416615,Unconstrained
0.21319999996194383,Unconstrained
0.1306000003751251,Unconstrained
0.3972999998040905,Unconstrained
0.1378000001750479,Unconstrained
0.14379999993252568,Unconstrained
0.20869999980277498,Unconstrained
0.1382000000376138,Unconstrained
0.14440000040849554,Unconstrained
0.25629999981902074,Unconstrained
0.14779999992242665,Unconstrained
0.14790000022912864,Unconstrained
0.15279999979611603,Unconstrained
0.13170000011086813,Unconstrained
0.30070000002524466,Unconstrained
0.21280000009937794,Unconstrained
0.09850000014921534,Unconstrained
0.09920000002239249,Unconstrained
0.10049999991679215,Unconstrained
0.13790000002700253,Unconstrained
0.1700000002529123,Unconstrained
0.21740000011050142,Unconstrained
0.21710000009989017,Unconstrained
0.17939999997906853,Unconstrained
0.12360000027911155,Unconstrained
0.10130000009667128,Unconstrained
0.28179999981148285,Unconstrained
0.1864999999270367,Unconstrained
0.18180000006395858,Unconstrained
0.09829999999055872,Unconstrained
0.23779999992257217,Unconstrained
0.15089999988049385,Unconstrained
0.14310000005934853,Unconstrained
0.14550000014423858,Unconstrained
0.13739999985773466,Unconstrained
0.2233999998679792,Unconstrained
0.1077000001714623,Unconstrained
0.1305000000684231,Unconstrained
0.4581000002872315,Unconstrained
0.2426999999443069,Unconstrained
0.26170000001002336,Unconstrained
0.09940000018104911,Unconstrained
0.1685999995970633,Unconstrained
0.21789999982502195,Unconstrained
0.09839999984251335,Unconstrained
0.09939999972630176,Unconstrained
0.13139999964550952,Unconstrained
0.42540000004009926,Unconstrained
0.1557999999022286,Unconstrained
0.11240000003454043,Unconstrained
0.10479999991730438,Unconstrained
0.13290000015331316,Unconstrained
0.14969999983804883,Unconstrained
0.14220000002751476,Unconstrained
0.14370000008057104,Unconstrained
0.13689999968846678,Unconstrained
0.13119999994160025,Unconstrained
0.13590000025942572,Unconstrained
0.1428999999006919,Unconstrained
0.14250000003812602,Unconstrained
0.1426999997420353,Unconstrained
0.15829999983907328,Unconstrained
0.28410000004441827,Unconstrained
0.23290000035558478,Unconstrained
0.2951000001303328,Unconstrained
0.10269999984302558,Unconstrained
0.12719999995169928,Unconstrained
0.0984000002972607,Unconstrained
0.09899999986373587,Unconstrained
0.6946999997126113,Unconstrained
0.13660000013260287,Unconstrained
0.1648000002205663,Unconstrained
0.13940000008005882,Unconstrained
0.1216000000567874,Unconstrained
0.13639999997394625,Unconstrained
0.12519999972937512,Unconstrained
0.14139999984763563,Unconstrained
0.13269999999465654,Unconstrained
0.1378000001750479,Unconstrained
0.13899999976274557,Unconstrained
0.1366999999845575,Unconstrained
0.1374999997096893,Unconstrained
0.16129999994518585,Unconstrained
0.15419999999721767,Unconstrained
0.13730000000578002,Unconstrained
0.1316000002589135,Unconstrained
0.14259999989008065,Unconstrained
0.1364999998259009,Unconstrained
0.14509999982692534,Unconstrained
0.11610000001383014,Unconstrained
0.13110000008964562,Unconstrained
0.16570000025240006,Unconstrained
0.09820000013860408,Unconstrained
0.23520000013377285,Unconstrained
0.20869999980277498,Unconstrained
0.3171999996993691,Unconstrained
0.16610000011496595,Unconstrained
0.09799999997994746,Unconstrained
0.0984000002972607,Unconstrained
0.09920000002239249,Unconstrained
0.1071000001502398,Unconstrained
0.14689999989059288,Unconstrained
0.17359999992550001,Unconstrained
0.14940000028218492,Unconstrained
0.14180000016494887,Unconstrained
0.2500000000509317,Unconstrained
0.15380000013465178,Unconstrained
0.3327000003991998,Unconstrained
0.23150000015448313,Unconstrained
0.09950000003300374,Unconstrained
0.17589999970368808,Unconstrained
0.14280000004873727,Unconstrained
0.36399999999048305,Unconstrained
0.13069999977233238,Unconstrained
0.12980000019524596,Unconstrained
0.2861999996639497,Unconstrained
0.3612000000430271,Unconstrained
0.10530000008657225,Unconstrained
0.22559999979421264,Unconstrained
0.21590000005744514,Unconstrained
0.15929999972286168,Unconstrained
0.3561000003173831,Unconstrained
0.3845999999612104,Unconstrained
0.19509999992806115,Unconstrained
0.323999999636726,Unconstrained
0.2546000000620552,Unconstrained
0.22810000018580467,Unconstrained
0.16499999992447556,Unconstrained
0.21779999997306732,Unconstrained
0.09869999985312461,Unconstrained
0.15149999990171636,Unconstrained
0.09849999969446799,Unconstrained
0.12010000000373111,Unconstrained
0.12510000033216784,Unconstrained
0.13039999976172112,Unconstrained
0.2577000000201224,Unconstrained
0.09829999999055872,Unconstrained
0.16330000016751,Unconstrained
0.24179999991247314,Unconstrained
0.16940000023168977,Unconstrained
0.141299999995681,Unconstrained
0.0984000002972607,Unconstrained
0.10039999961009016,Unconstrained
0.22919999992154771,Unconstrained
0.11679999988700729,Unconstrained
0.10040000006483751,Unconstrained
0.11139999969600467,Unconstrained
0.10090000023410539,Unconstrained
0.10470000006534974,Unconstrained
0.13489999992088997,Unconstrained
0.14210000017556013,Unconstrained
0.14149999969959026,Unconstrained
0.13579999995272374,Unconstrained
0.1473999996051134,Unconstrained
0.130899999930989,Unconstrained
0.13179999996282277,Unconstrained
0.14389999978448031,Unconstrained
0.13899999976274557,Unconstrained
0.13339999986783369,Unconstrained
0.13039999976172112,Unconstrained
0.14279999959398992,Unconstrained
0.13080000007903436,Unconstrained
0.12539999988803174,Unconstrained
0.21629999992001103,Unconstrained
0.13940000008005882,Unconstrained
0.14170000031299423,Unconstrained
0.13230000013209064,Unconstrained
0.14310000005934853,Unconstrained
0.15740000026198686,Unconstrained
0.135999999656633,Unconstrained
0.1378000001750479,Unconstrained
0.1376999998683459,Unconstrained
0.1380999997309118,Unconstrained
0.14120000014372636,Unconstrained
0.14110000029177172,Unconstrained
0.13600000011138036,Unconstrained
0.23409999994328246,Unconstrained
0.2924999998867861,Unconstrained
0.10440000005473848,Unconstrained
0.2538000003369234,Unconstrained
0.09860000000116997,Unconstrained
0.3523000000313914,Unconstrained
0.35220000017943676,Unconstrained
0.11610000001383014,Unconstrained
0.10010000005422626,Unconstrained
0.5012999999962631,Unconstrained
0.1565000002301531,Unconstrained
0.15699999994467362,Unconstrained
0.30189999961294234,Unconstrained
0.2679000003809051,Unconstrained
0.12090000018361025,Unconstrained
0.1801999997042003,Unconstrained
0.30569999989893404,Unconstrained
0.28560000009747455,Unconstrained
0.15729999995528487,Unconstrained
0.11819999963336159,Unconstrained
0.1453999998375366,Unconstrained
0.4955000003974419,Unconstrained
0.23279999959413544,Unconstrained
0.14490000012301607,Unconstrained
0.1368000002912595,Unconstrained
0.13579999995272374,Unconstrained
0.13569999964602175,Unconstrained
0.13850000004822505,Unconstrained
0.1370999998471234,Unconstrained
0.137400000312482,Unconstrained
0.25140000025203335,Unconstrained
0.1297999997404986,Unconstrained
0.15489999987039482,Unconstrained
0.13600000011138036,Unconstrained
0.13110000008964562,Unconstrained
0.13350000017453567,Unconstrained
0.14550000014423858,Unconstrained
0.13020000005781185,Unconstrained
0.13080000007903436,Unconstrained
0.13639999997394625,Unconstrained
0.23790000022927416,Unconstrained
0.1376999998683459,Unconstrained
0.13790000002700253,Unconstrained
0.1366999999845575,Unconstrained
0.13219999982538866,Unconstrained
0.13620000027003698,Unconstrained
0.13179999996282277,Unconstrained
0.14689999989059288,Unconstrained
0.14160000000629225,Unconstrained
0.14299999975264654,Unconstrained
0.21939999987807823,Unconstrained
0.13750000016443664,Unconstrained
0.13619999981528963,Unconstrained
0.14629999986937037,Unconstrained
0.1345999999102787,Unconstrained
0.2534999998715648,Unconstrained
0.21430000015243422,Unconstrained
0.1260999997612089,Unconstrained
0.13140000010025688,Unconstrained
0.13039999976172112,Unconstrained
0.13710000030187075,Unconstrained
0.1312999997935549,Unconstrained
0.13330000001587905,Unconstrained
0.12770000012096716,Unconstrained
0.12930000002597808,Unconstrained
0.13939999962531147,Unconstrained
0.13230000013209064,Unconstrained
0.13069999977233238,Unconstrained
0.13110000008964562,Unconstrained
0.1314999999522115,Unconstrained
0.1502000000073167,Unconstrained
0.130899999930989,Unconstrained
0.13119999994160025,Unconstrained
0.13179999996282277,Unconstrained
0.13110000008964562,Unconstrained
0.14500000042971806,Unconstrained
0.13269999999465654,Unconstrained
0.13349999971978832,Unconstrained
0.14460000011240481,Unconstrained
0.13209999997343402,Unconstrained
0.13719999969907803,Unconstrained
0.13799999987895717,Unconstrained
0.14520000013362733,Unconstrained
0.14310000005934853,Unconstrained
0.13169999965612078,Unconstrained
0.2058000000033644,Unconstrained
0.14319999991130317,Unconstrained
0.15729999995528487,Unconstrained
0.14319999991130317,Unconstrained
0.13679999983651214,Unconstrained
0.23730000020805164,Unconstrained
0.1305000000684231,Unconstrained
0.13209999997343402,Unconstrained
0.1326000001427019,Unconstrained
0.1376999998683459,Unconstrained
0.35519999983080197,Unconstrained
0.13059999992037774,Unconstrained
0.1474999999118154,Unconstrained
0.13630000012199162,Unconstrained
0.13639999997394625,Unconstrained
0.15930000017760904,Unconstrained
0.13119999994160025,Unconstrained
0.130899999930989,Unconstrained
0.13290000015331316,Unconstrained
0.1374999997096893,Unconstrained
0.1441000003978843,Unconstrained
0.1330000000052678,Unconstrained
0.13660000013260287,Unconstrained
0.13110000008964562,Unconstrained
0.130899999930989,Unconstrained
0.15489999987039482,Unconstrained
0.1208999997288629,Unconstrained
0.12659999993047677,Unconstrained
0.23259999989022617,Unconstrained
0.1368000002912595,Unconstrained
0.132200000280136,Unconstrained
0.14509999982692534,Unconstrained
0.20970000014131074,Unconstrained
0.1380999997309118,Unconstrained
0.10250000013911631,Unconstrained
0.09910000017043785,Unconstrained
0.1436000002286164,Unconstrained
0.11409999979150598,Unconstrained
0.4434000002220273,Unconstrained
0.25649999997767736,Unconstrained
0.22020000005795737,Unconstrained
0.17750000006344635,Unconstrained
0.15729999995528487,Unconstrained
0.09720000025481568,Unconstrained
0.09849999969446799,Unconstrained
0.12500000002546585,Unconstrained
0.1426999997420353,Unconstrained
0.1502000000073167,Unconstrained
0.17149999985122122,Unconstrained
0.130799999624287,Unconstrained
0.13209999997343402,Unconstrained
0.13639999997394625,Unconstrained
0.22519999993164674,Unconstrained
0.130899999930989,Unconstrained
0.13070000022707973,Unconstrained
0.1312999997935549,Unconstrained
0.13230000013209064,Unconstrained
0.14349999992191442,Unconstrained
0.1357000001007691,Unconstrained
0.2709000000322703,Unconstrained
0.1253000000360771,Unconstrained
0.12490000017351122,Unconstrained
0.19609999981184956,Unconstrained
0.13029999990976648,Unconstrained
0.09779999982129084,Unconstrained
0.1268000000891334,Unconstrained
0.19969999993918464,Unconstrained
0.34529999993537785,Unconstrained
0.1382000000376138,Unconstrained
0.09819999968385673,Unconstrained
0.25669999968158663,Unconstrained
0.3650999997262261,Unconstrained
0.42380000013508834,Unconstrained
0.2223999999841908,Unconstrained
0.34020000020973384,Unconstrained
0.20840000024691108,Unconstrained
0.23170000031313975,Unconstrained
0.22990000024947221,Unconstrained
0.2722999997786246,Unconstrained
0.09829999999055872,Unconstrained
0.13799999987895717,Unconstrained
0.09829999999055872,Unconstrained
0.09920000002239249,Unconstrained
0.23289999990083743,Unconstrained
0.19980000024588662,Unconstrained
0.19740000016099657,Unconstrained
0.09839999984251335,Unconstrained
0.10950000023512985,Unconstrained
0.09749999981067958,Unconstrained
0.0988000001598266,Unconstrained
0.1029000000016822,Unconstrained
0.28249999968466,Unconstrained
0.09959999988495838,Unconstrained
0.10919999976977124,Unconstrained
0.2430999998068728,Unconstrained
0.10000000020227162,Unconstrained
0.11979999999311985,Unconstrained
0.1337000003331923,Unconstrained
0.12660000038522412,Unconstrained
0.1513000001978071,Unconstrained
0.14479999981631408,Unconstrained
0.13110000008964562,Unconstrained
0.13199999966673204,Unconstrained
0.3250999998272164,Unconstrained
0.12560000004668836,Unconstrained
0.12370000013106619,Unconstrained
0.13239999998404528,Unconstrained
0.21470000001500011,Unconstrained
0.1312000003963476,Unconstrained
0.13170000011086813,Unconstrained
0.1364999998259009,Unconstrained
0.24050000001807348,Unconstrained
0.13099999978294363,Unconstrained
0.13619999981528963,Unconstrained
0.1316000002589135,Unconstrained
0.13699999999516876,Unconstrained
0.1357000001007691,Unconstrained
0.13549999994211248,Unconstrained
0.3308999998807849,Unconstrained
0.21220000007815543,Unconstrained
0.10139999994862592,Unconstrained
0.1216000000567874,Unconstrained
0.16969999978755368,Unconstrained
0.20670000003519817,Unconstrained
0.16749999986132025,Unconstrained
0.1440000000911823,Unconstrained
0.11300000005576294,Unconstrained
0.26900000011664815,Unconstrained
0.1428999999006919,Unconstrained
0.10790000033011893,Unconstrained
0.10509999992791563,Unconstrained
0.15129999974305974,Unconstrained
0.14209999972081278,Unconstrained
0.16200000027311035,Unconstrained
0.136099999963335,Unconstrained
0.1312999997935549,Unconstrained
0.13179999996282277,Unconstrained
0.13589999980467837,Unconstrained
0.11210000002392917,Unconstrained
0.11059999997087289,Unconstrained
0.09839999984251335,Unconstrained
0.15930000017760904,Unconstrained
0.11659999972835067,Unconstrained
0.09900000031848322,Unconstrained
0.09860000000116997,Unconstrained
0.13620000027003698,Unconstrained
0.1436000002286164,Unconstrained
0.12130000004617614,Unconstrained
0.1440000000911823,Unconstrained
0.1314999999522115,Unconstrained
0.11749999976018444,Unconstrained
0.10780000002341694,Unconstrained
0.0980999998319021,Unconstrained
0.12340000012045493,Unconstrained
0.0974000004134723,Unconstrained
0.09960000033970573,Unconstrained
0.09760000011738157,Unconstrained
0.10410000004412723,Unconstrained
0.1254000003427791,Unconstrained
0.14370000008057104,Unconstrained
0.1382000000376138,Unconstrained
0.17159999970317585,Unconstrained
0.11379999978089472,Unconstrained
0.13269999999465654,Unconstrained
0.10000000020227162,Unconstrained
0.105000000075961,Unconstrained
0.11660000018309802,Unconstrained
0.11740000036297715,Unconstrained
0.09890000001178123,Unconstrained
0.09839999984251335,Unconstrained
0.10680000013962854,Unconstrained
0.1090999999178166,Unconstrained
0.09819999968385673,Unconstrained
0.09839999984251335,Unconstrained
0.1121999998758838,Unconstrained
0.10359999987485935,Unconstrained
0.09779999982129084,Unconstrained
0.125699999898643,Unconstrained
0.14680000003863825,Unconstrained
0.12310000010984368,Unconstrained
0.1011999997899693,Unconstrained
0.12239999978191918,Unconstrained
0.09750000026542693,Unconstrained
0.10740000016085105,Unconstrained
0.13889999991079094,Unconstrained
0.14550000014423858,Unconstrained
0.0980999998319021,Unconstrained
0.12109999988751952,Unconstrained
0.09719999980006833,Unconstrained
0.10249999968436896,Unconstrained
0.10229999998045969,Unconstrained
0.10509999992791563,Unconstrained
0.099800000043615,Unconstrained
0.16109999978652922,Unconstrained
0.1156999996965169,Unconstrained
0.09899999986373587,Unconstrained
0.09810000028664945,Unconstrained
0.09860000000116997,Unconstrained
0.17920000027515925,Unconstrained
0.09910000017043785,Unconstrained
0.11720000020432053,Unconstrained
0.0990999997156905,Unconstrained
0.09839999984251335,Unconstrained
0.09819999968385673,Unconstrained
0.1661999999669206,Unconstrained
0.09929999987434712,Unconstrained
0.10979999979099375,Unconstrained
0.10410000004412723,Unconstrained
0.10239999983241432,Unconstrained
0.10829999973793747,Unconstrained
0.11239999957979308,Unconstrained
0.1046000002133951,Unconstrained
0.10720000000219443,Unconstrained
0.09770000042408356,Unconstrained
0.09939999972630176,Unconstrained
0.0980999998319021,Unconstrained
0.2092999998239975,Unconstrained
0.09870000030787196,Unconstrained
0.10019999990618089,Unconstrained
0.09839999984251335,Unconstrained
0.09829999999055872,Unconstrained
0.10559999964243616,Unconstrained
0.09860000000116997,Unconstrained
0.09850000014921534,Unconstrained
0.0984000002972607,Unconstrained
0.09890000001178123,Unconstrained
0.12110000034226687,Unconstrained
0.12180000021544402,Unconstrained
0.10960000008708448,Unconstrained
0.15799999982846202,Unconstrained
0.10700000029828516,Unconstrained
0.1301000002058572,Unconstrained
0.4708000001301116,Unconstrained
0.31919999992169323,Unconstrained
0.09839999984251335,Unconstrained
0.0980999998319021,Unconstrained
0.09850000014921534,Unconstrained
0.10849999989659409,Unconstrained
0.09920000002239249,Unconstrained
0.44549999984155875,Unconstrained
0.3020000003743917,Unconstrained
0.15089999988049385,Unconstrained
0.09820000013860408,Unconstrained
0.09860000000116997,Unconstrained
0.12969999988854397,Unconstrained
0.11329999961162684,Unconstrained
0.10580000025584013,Unconstrained
0.09860000000116997,Unconstrained
0.09970000019166037,Unconstrained
0.0976999999693362,Unconstrained
0.10840000004463946,Unconstrained
0.09929999987434712,Unconstrained
0.09760000011738157,Unconstrained
0.09739999995872495,Unconstrained
0.09799999997994746,Unconstrained
0.13410000019575818,Unconstrained
0.10879999990720535,Unconstrained
0.09799999997994746,Unconstrained
0.0984000002972607,Unconstrained
0.09890000001178123,Unconstrained
0.09829999999055872,Unconstrained
0.09829999999055872,Unconstrained
0.17969999998967978,Unconstrained
0.0976999999693362,Unconstrained
0.09829999999055872,Unconstrained
0.09949999957825639,Unconstrained
0.09899999986373587,Unconstrained
0.10689999999158317,Unconstrained
0.10960000008708448,Unconstrained
0.11379999978089472,Unconstrained
0.0976999999693362,Unconstrained
0.10250000013911631,Unconstrained
0.12800000013157842,Unconstrained
0.10410000004412723,Unconstrained
0.0990999997156905,Unconstrained
0.09799999997994746,Unconstrained
0.11730000005627517,Unconstrained
0.11019999965355964,Unconstrained
0.10199999996984843,Unconstrained
0.0980999998319021,Unconstrained
0.09959999988495838,Unconstrained
0.09920000002239249,Unconstrained
0.09829999999055872,Unconstrained
0.16499999992447556,Unconstrained
0.11080000012952951,Unconstrained
0.09790000012799283,Unconstrained
0.23250000003827154,Unconstrained
0.10859999974854873,Unconstrained
0.09890000001178123,Unconstrained
0.1625999998395855,Unconstrained
0.09950000003300374,Unconstrained
0.1046000002133951,Unconstrained
0.23839999994379468,Unconstrained
0.2899999999499414,Unconstrained
0.12190000006739865,Unconstrained
0.09910000017043785,Unconstrained
0.10100000008606003,Unconstrained
0.10169999995923718,Unconstrained
0.09839999984251335,Unconstrained
0.09869999985312461,Unconstrained
0.09850000014921534,Unconstrained
0.14740000005986076,Unconstrained
0.178900000264548,Unconstrained
0.16820000018924475,Unconstrained
0.09900000031848322,Unconstrained
0.1032999998642481,Unconstrained
0.09939999972630176,Unconstrained
0.1370999998471234,Unconstrained
0.09869999985312461,Unconstrained
0.10089999977935804,Unconstrained
0.09820000013860408,Unconstrained
0.09839999984251335,Unconstrained
0.10269999984302558,Unconstrained
0.10229999998045969,Unconstrained
0.0988000001598266,Unconstrained
0.0988000001598266,Unconstrained
0.2635000000736909,Unconstrained
0.12199999991935329,Unconstrained
0.39609999976164545,Unconstrained
0.4490000001169392,Unconstrained
0.19830000019283034,Unconstrained
0.0980999998319021,Unconstrained
0.0976999999693362,Unconstrained
0.09890000001178123,Unconstrained
0.09799999997994746,Unconstrained
0.16050000022005406,Unconstrained
0.09869999985312461,Unconstrained
0.09870000030787196,Unconstrained
0.09940000018104911,Unconstrained
0.09890000001178123,Unconstrained
0.15139999959501438,Unconstrained
0.09860000000116997,Unconstrained
0.09929999987434712,Unconstrained
0.10270000029777293,Unconstrained
0.10010000005422626,Unconstrained
0.15149999990171636,Unconstrained
0.22929999977350235,Unconstrained
0.10160000010728254,Unconstrained
0.10339999971620273,Unconstrained
0.1598000003468769,Unconstrained
0.09829999999055872,Unconstrained
0.17839999964053277,Unconstrained
0.09869999985312461,Unconstrained
0.09890000001178123,Unconstrained
0.11619999986578478,Unconstrained
0.10569999994913815,Unconstrained
0.099800000043615,Unconstrained
0.09839999984251335,Unconstrained
0.10280000014972757,Unconstrained
0.09850000014921534,Unconstrained
0.09839999984251335,Unconstrained
0.105000000075961,Unconstrained
0.10419999989608186,Unconstrained
0.115299999833951,Unconstrained
0.09659999977884581,Unconstrained
0.11309999990771757,Unconstrained
0.20670000003519817,Unconstrained
0.2268999996886123,Unconstrained
0.15189999976428226,Unconstrained
0.3660000002128072,Unconstrained
0.2104000000144879,Unconstrained
0.14480000027106144,Unconstrained
0.09910000017043785,Unconstrained
0.09839999984251335,Unconstrained
0.23499999997511622,Unconstrained
0.10139999994862592,Unconstrained
0.0980999998319021,Unconstrained
0.09920000002239249,Unconstrained
0.0988000001598266,Unconstrained
0.0990999997156905,Unconstrained
0.10479999991730438,Unconstrained
0.09890000001178123,Unconstrained
0.10650000012901728,Unconstrained
0.10680000013962854,Unconstrained
0.14569999984814785,Unconstrained
0.09869999985312461,Unconstrained
0.10579999980109278,Unconstrained
0.17759999991540099,Unconstrained
0.1081000000340282,Unconstrained
0.09910000017043785,Unconstrained
0.12310000010984368,Unconstrained
0.09860000000116997,Unconstrained
0.2276000000165368,Unconstrained
0.16570000025240006,Unconstrained
0.10120000024471665,Unconstrained
0.09890000001178123,Unconstrained
0.09910000017043785,Unconstrained
0.10840000004463946,Unconstrained
0.15389999998660642,Unconstrained
0.10010000005422626,Unconstrained
0.0990999997156905,Unconstrained
0.09820000013860408,Unconstrained
0.10569999994913815,Unconstrained
0.09970000019166037,Unconstrained
0.11029999996026163,Unconstrained
0.09890000001178123,Unconstrained
0.09810000028664945,Unconstrained
0.09869999985312461,Unconstrained
0.11960000028921058,Unconstrained
0.09780000027603819,Unconstrained
0.17789999992601224,Unconstrained
0.09850000014921534,Unconstrained
0.09799999997994746,Unconstrained
0.10109999993801466,Unconstrained
0.0976999999693362,Unconstrained
0.11329999961162684,Unconstrained
0.09850000014921534,Unconstrained
0.09760000011738157,Unconstrained
0.09739999995872495,Unconstrained
0.10849999989659409,Unconstrained
0.09869999985312461,Unconstrained
0.09749999981067958,Unconstrained
0.09960000033970573,Unconstrained
0.0980999998319021,Unconstrained
0.13579999995272374,Unconstrained
0.0980999998319021,Unconstrained
0.09860000000116997,Unconstrained
0.09890000001178123,Unconstrained
0.09839999984251335,Unconstrained
0.15570000005027396,Unconstrained
0.09760000011738157,Unconstrained
0.09820000013860408,Unconstrained
0.09779999982129084,Unconstrained
0.09760000011738157,Unconstrained
0.16330000016751,Unconstrained
0.09760000011738157,Unconstrained
0.09760000011738157,Unconstrained
0.0988000001598266,Unconstrained
0.10620000011840602,Unconstrained
0.1098000002457411,Unconstrained
0.09779999982129084,Unconstrained
0.14839999994364916,Unconstrained
0.10210000027655042,Unconstrained
0.09920000002239249,Unconstrained
0.10199999996984843,Unconstrained
0.1090999999178166,Unconstrained
0.10479999991730438,Unconstrained
0.09860000000116997,Unconstrained
0.13130000024830224,Unconstrained
0.10139999994862592,Unconstrained
0.10000000020227162,Unconstrained
0.10689999999158317,Unconstrained
0.09850000014921534,Unconstrained
0.10830000019268482,Unconstrained
0.09849999969446799,Unconstrained
0.11360000007698545,Unconstrained
0.10779999956866959,Unconstrained
0.17520000028525828,Unconstrained
0.10400000019217259,Unconstrained
0.09779999982129084,Unconstrained
0.09739999995872495,Unconstrained
0.09829999999055872,Unconstrained
0.11210000002392917,Unconstrained
0.09789999967324547,Unconstrained
0.09790000012799283,Unconstrained
0.09820000013860408,Unconstrained
0.09869999985312461,Unconstrained
0.0976999999693362,Unconstrained
0.09820000013860408,Unconstrained
0.3394000000298547,Unconstrained
0.09719999980006833,Unconstrained
0.11360000007698545,Unconstrained
0.09739999995872495,Unconstrained
0.09829999999055872,Unconstrained
0.0967000000855478,Unconstrained
0.09790000012799283,Unconstrained
0.11999999969702912,Unconstrained
0.09709999994811369,Unconstrained
0.0980999998319021,Unconstrained
0.0988000001598266,Unconstrained
0.09749999981067958,Unconstrained
0.09849999969446799,Unconstrained
0.10029999975813553,Unconstrained
0.15300000040952,Unconstrained
0.09759999966263422,Unconstrained
0.09669999963080045,Unconstrained
0.10519999977987027,Unconstrained
0.09780000027603819,Unconstrained
0.11069999982282752,Unconstrained
0.09799999997994746,Unconstrained
0.18559999989520293,Unconstrained
0.09799999997994746,Unconstrained
0.0980999998319021,Unconstrained
0.0976999999693362,Unconstrained
0.09729999965202296,Unconstrained
0.09810000028664945,Unconstrained
0.09730000010677031,Unconstrained
0.09760000011738157,Unconstrained
0.10090000023410539,Unconstrained
0.09719999980006833,Unconstrained
0.10029999975813553,Unconstrained
0.09730000010677031,Unconstrained
0.17660000003161258,Unconstrained
0.1029000000016822,Unconstrained
0.10269999984302558,Unconstrained
0.09790000012799283,Unconstrained
0.0976999999693362,Unconstrained
0.09720000025481568,Unconstrained
0.09989999989556964,Unconstrained
0.120499999866297,Unconstrained
0.09750000026542693,Unconstrained
0.09719999980006833,Unconstrained
0.23319999991144869,Unconstrained
0.4214000000501983,Unconstrained
0.10560000009718351,Unconstrained
0.20169999970676145,Unconstrained
0.09709999994811369,Unconstrained
0.0976999999693362,Unconstrained
0.24080000002868474,Unconstrained
0.09839999984251335,Unconstrained
0.09799999997994746,Unconstrained
0.2465999996275059,Unconstrained
0.17699999989417847,Unconstrained
0.10890000021390733,Unconstrained
0.17279999974562088,Unconstrained
0.16379999988203053,Unconstrained
0.09730000010677031,Unconstrained
0.09950000003300374,Unconstrained
0.136099999963335,Unconstrained
0.1318999998147774,Unconstrained
0.10070000007544877,Unconstrained
0.09790000012799283,Unconstrained
0.105000000075961,Unconstrained
0.11829999994006357,Unconstrained
0.0976999999693362,Unconstrained
0.10019999990618089,Unconstrained
0.09950000003300374,Unconstrained
0.09870000030787196,Unconstrained
0.09939999972630176,Unconstrained
0.0990999997156905,Unconstrained
0.09800000043469481,Unconstrained
0.09860000000116997,Unconstrained
0.09890000001178123,Unconstrained
0.09890000001178123,Unconstrained
0.09920000002239249,Unconstrained
0.10489999976925901,Unconstrained
0.0990999997156905,Unconstrained
0.09779999982129084,Unconstrained
0.11309999990771757,Unconstrained
0.0976999999693362,Unconstrained
0.10070000007544877,Unconstrained
0.10000000020227162,Unconstrained
0.09869999985312461,Unconstrained
0.34810000033758115,Unconstrained
0.10169999995923718,Unconstrained
0.23010000040812884,Unconstrained
0.15080000002853922,Unconstrained
0.13069999977233238,Unconstrained
0.11670000003505265,Unconstrained
0.09899999986373587,Unconstrained
0.10159999965253519,Unconstrained
0.25030000006154296,Unconstrained
0.10130000009667128,Unconstrained
0.1741000000947679,Unconstrained
0.17690000004222384,Unconstrained
0.1785999997991894,Unconstrained
0.11630000017248676,Unconstrained
0.1090999999178166,Unconstrained
0.09920000002239249,Unconstrained
0.12759999981426517,Unconstrained
0.09850000014921534,Unconstrained
0.09719999980006833,Unconstrained
0.10000000020227162,Unconstrained
0.1160000001618755,Unconstrained
0.125699999898643,Unconstrained
0.1007999999274034,Unconstrained
0.32610000016575214,Unconstrained
0.09850000014921534,Unconstrained
0.10519999977987027,Unconstrained
0.09780000027603819,Unconstrained
0.09789999967324547,Unconstrained
0.09779999982129084,Unconstrained
0.09819999968385673,Unconstrained
0.23489999966841424,Unconstrained
0.41340000007039635,Unconstrained
0.15819999998711864,Unconstrained
0.3681999996842933,Unconstrained
0.18640000007508206,Unconstrained
0.1088000003619527,Unconstrained
0.17630000002100132,Unconstrained
0.09869999985312461,Unconstrained
0.16249999998763087,Unconstrained
0.10169999995923718,Unconstrained
0.17810000008466886,Unconstrained
0.240999999732594,Unconstrained
0.10160000010728254,Unconstrained
0.09869999985312461,Unconstrained
0.09790000012799283,Unconstrained
0.09779999982129084,Unconstrained
0.18120000004273606,Unconstrained
0.09829999999055872,Unconstrained
0.09810000028664945,Unconstrained
0.09789999967324547,Unconstrained
0.09780000027603819,Unconstrained
0.0990999997156905,Unconstrained
0.16529999993508682,Unconstrained
0.23330000021815067,Unconstrained
0.13469999976223335,Unconstrained
0.21780000042781467,Unconstrained
0.11670000003505265,Unconstrained
0.19430000020292937,Unconstrained
0.0980999998319021,Unconstrained
0.4718999998658546,Unconstrained
0.1164000000244414,Unconstrained
0.11620000032053213,Unconstrained
0.09810000028664945,Unconstrained
0.23179999971034704,Unconstrained
0.199700000393932,Unconstrained
0.10939999992842786,Unconstrained
0.09760000011738157,Unconstrained
0.16069999992396333,Unconstrained
0.10400000019217259,Unconstrained
0.10160000010728254,Unconstrained
0.10340000017095008,Unconstrained
0.11040000026696362,Unconstrained
0.10370000018156134,Unconstrained
0.136099999963335,Unconstrained
0.13860000035492703,Unconstrained
0.11730000005627517,Unconstrained
0.09940000018104911,Unconstrained
0.23110000029191724,Unconstrained
0.20909999966534087,Unconstrained
0.120499999866297,Unconstrained
0.23980000014489633,Unconstrained
0.2401000001555076,Unconstrained
0.23220000002766028,Unconstrained
0.3332000001137203,Unconstrained
0.19429999974818202,Unconstrained
0.3999999998995918,Unconstrained
0.1443999999537482,Unconstrained
0.09810000028664945,Unconstrained
0.09849999969446799,Unconstrained
0.0984000002972607,Unconstrained
0.09819999968385673,Unconstrained
0.09959999988495838,Unconstrained
0.0984000002972607,Unconstrained
0.10089999977935804,Unconstrained
0.11080000012952951,Unconstrained
0.10340000017095008,Unconstrained
0.10000000020227162,Unconstrained
0.09850000014921534,Unconstrained
0.09800000043469481,Unconstrained
0.10139999994862592,Unconstrained
0.10430000020278385,Unconstrained
0.09960000033970573,Unconstrained
0.09779999982129084,Unconstrained
0.09890000001178123,Unconstrained
0.10969999993903912,Unconstrained
0.09829999999055872,Unconstrained
0.09860000000116997,Unconstrained
0.0990999997156905,Unconstrained
0.09890000001178123,Unconstrained
0.10539999993852689,Unconstrained
0.09790000012799283,Unconstrained
0.09799999997994746,Unconstrained
0.0984000002972607,Unconstrained
0.09779999982129084,Unconstrained
0.09789999967324547,Unconstrained
0.13369999987844494,Unconstrained
0.09920000002239249,Unconstrained
0.10300000030838419,Unconstrained
0.10400000019217259,Unconstrained
0.105000000075961,Unconstrained
0.2108999997290084,Unconstrained
0.09839999984251335,Unconstrained
0.0988000001598266,Unconstrained
0.22949999993215897,Unconstrained
0.11289999974906095,Unconstrained
0.20129999984419555,Unconstrained
0.1498000001447508,Unconstrained
0.32869999995455146,Unconstrained
0.36680000039268634,Unconstrained
0.22940000008020434,Unconstrained
0.11470000026747584,Unconstrained
0.15930000017760904,Unconstrained
0.16959999993559904,Unconstrained
0.23060000012264936,Unconstrained
0.1038999998854706,Unconstrained
0.17979999984163442,Unconstrained
0.1442999996470462,Unconstrained
0.10720000000219443,Unconstrained
0.22600000011152588,Unconstrained
0.09900000031848322,Unconstrained
0.18609999960972345,Unconstrained
0.22679999983665766,Unconstrained
0.24079999957393738,Unconstrained
0.2866999998332176,Unconstrained
0.11620000032053213,Unconstrained
0.17690000004222384,Unconstrained
0.10609999981170404,Unconstrained
0.12370000013106619,Unconstrained
0.15859999984968454,Unconstrained
0.16090000008261995,Unconstrained
0.18420000014884863,Unconstrained
0.23289999990083743,Unconstrained
0.09989999989556964,Unconstrained
0.12199999991935329,Unconstrained
0.10229999998045969,Unconstrained
0.09799999997994746,Unconstrained
0.09920000002239249,Unconstrained
0.2901000002566434,Unconstrained
0.5845000000590517,Unconstrained
0.1440000000911823,Unconstrained
0.10179999981119181,Unconstrained
0.11050000011891825,Unconstrained
0.1594999998815183,Unconstrained
0.10059999976874678,Unconstrained
0.12280000009923242,Unconstrained
0.326500000028318,Unconstrained
0.4347999997662555,Unconstrained
0.20240000003468595,Unconstrained
0.13420000004771282,Unconstrained
0.2345000002605957,Unconstrained
0.22730000000592554,Unconstrained
0.18640000007508206,Unconstrained
0.09869999985312461,Unconstrained
0.2792000000226835,Unconstrained
0.18369999997958075,Unconstrained
0.25419999974474194,Unconstrained
0.3583000002436165,Unconstrained
0.20940000013069948,Unconstrained
0.2743999998529034,Unconstrained
0.0988000001598266,Unconstrained
0.22860000035507255,Unconstrained
0.09950000003300374,Unconstrained
0.09910000017043785,Unconstrained
0.09890000001178123,Unconstrained
0.09790000012799283,Unconstrained
0.0988000001598266,Unconstrained
0.09950000003300374,Unconstrained
0.09820000013860408,Unconstrained
0.09900000031848322,Unconstrained
0.09850000014921534,Unconstrained
0.09820000013860408,Unconstrained
0.12130000004617614,Unconstrained
0.09910000017043785,Unconstrained
0.2507999997760635,Unconstrained
0.17530000013721292,Unconstrained
0.22429999989981297,Unconstrained
0.0984000002972607,Unconstrained
0.10450000036144047,Unconstrained
0.29119999999238644,Unconstrained
0.1656999997976527,Unconstrained
0.13339999986783369,Unconstrained
0.09829999999055872,Unconstrained
0.14590000000680448,Unconstrained
0.1081000000340282,Unconstrained
0.10560000009718351,Unconstrained
0.22739999985788018,Unconstrained
0.3372999999555759,Unconstrained
0.31449999960386776,Unconstrained
0.1125999997384497,Unconstrained
0.09870000030787196,Unconstrained
0.09849999969446799,Unconstrained
0.09829999999055872,Unconstrained
0.10010000005422626,Unconstrained
0.23090000013326062,Unconstrained
0.2005999999710184,Unconstrained
0.3610999997363251,Unconstrained
0.21740000011050142,Unconstrained
0.17529999968246557,Unconstrained
0.09890000001178123,Unconstrained
0.09780000027603819,Unconstrained
0.09829999999055872,Unconstrained
0.2758999999059597,Unconstrained
0.09970000019166037,Unconstrained
0.1459999998587591,Unconstrained
0.11630000017248676,Unconstrained
0.23310000005949405,Unconstrained
0.425100000029488,Unconstrained
0.15870000015638652,Unconstrained
0.3167999998368032,Unconstrained
0.15520000033575343,Unconstrained
0.15970000004017493,Unconstrained
0.3944000000046799,Unconstrained
0.11480000011943048,Unconstrained
0.09999999974752427,Unconstrained
0.19499999962135917,Unconstrained
0.0976999999693362,Unconstrained
0.23370000008071656,Unconstrained
0.09989999989556964,Unconstrained
0.09790000012799283,Unconstrained
0.12349999997240957,Unconstrained
0.09869999985312461,Unconstrained
0.2550999997765757,Unconstrained
0.24830000029396615,Unconstrained
0.24359999997614068,Unconstrained
0.25899999991452205,Unconstrained
0.29850000009901123,Unconstrained
0.261799999861978,Unconstrained
0.37479999991774093,Unconstrained
0.2675999999155465,Unconstrained
0.2637000002323475,Unconstrained
0.26550000029601506,Unconstrained
0.29489999997167615,Unconstrained
0.2372999997533043,Unconstrained
0.21539999988817726,Unconstrained
0.10590000010779477,Unconstrained
0.11570000015126425,Unconstrained
0.23099999998521525,Unconstrained
0.23270000019692816,Unconstrained
0.23270000019692816,Unconstrained
0.2389999999650172,Unconstrained
0.2382000002398854,Unconstrained
0.09799999997994746,Unconstrained
0.1563999999234511,Unconstrained
0.2334000000701053,Unconstrained
0.2611999998407555,Unconstrained
0.1695000000836444,Unconstrained
0.10779999956866959,Unconstrained
0.0980999998319021,Unconstrained
0.09860000000116997,Unconstrained
0.11270000004515168,Unconstrained
0.27809999983219313,Unconstrained
0.10030000021288288,Unconstrained
0.10060000022349413,Unconstrained
0.19290000000182772,Unconstrained
0.1368000002912595,Unconstrained
0.14489999966826872,Unconstrained
0.13619999981528963,Unconstrained
0.14450000026045018,Unconstrained
0.21800000013172394,Unconstrained
0.13350000017453567,Unconstrained
0.325299999985873,Unconstrained
0.2981999996336526,Unconstrained
0.454899999567715,Unconstrained
0.2768999997897481,Unconstrained
0.3019999999196443,Unconstrained
0.10040000006483751,Unconstrained
0.17130000014731195,Unconstrained
0.41970000029323273,Unconstrained
0.4449000002750836,Unconstrained
0.2403999997113715,Unconstrained
0.1432999997632578,Unconstrained
0.09779999982129084,Unconstrained
0.10830000019268482,Unconstrained
0.0976999999693362,Unconstrained
0.2709000000322703,Unconstrained
0.29290000020409934,Unconstrained
0.1285000003008463,Unconstrained
0.10149999980058055,Unconstrained
0.2699000001484819,Unconstrained
0.23220000002766028,Unconstrained
0.21049999986644252,Unconstrained
0.17159999970317585,Unconstrained
0.10259999999107094,Unconstrained
0.10040000006483751,Unconstrained
0.12960000003658934,Unconstrained
0.14969999983804883,Unconstrained
0.15729999995528487,Unconstrained
0.14979999969000346,Unconstrained
0.14250000003812602,Unconstrained
0.1420000003236055,Unconstrained
0.14330000021800515,Unconstrained
0.14259999989008065,Unconstrained
0.13750000016443664,Unconstrained
0.1459999998587591,Unconstrained
0.14000000010128133,Unconstrained
0.3102999999100575,Unconstrained
0.19780000002356246,Unconstrained
0.10720000000219443,Unconstrained
0.09850000014921534,Unconstrained
0.09890000001178123,Unconstrained
0.16460000006190967,Unconstrained
0.15880000000834116,Unconstrained
0.1490999998168263,Unconstrained
0.14280000004873727,Unconstrained
0.1370999998471234,Unconstrained
0.13699999999516876,Unconstrained
0.13619999981528963,Unconstrained
0.13650000028064824,Unconstrained
0.13590000025942572,Unconstrained
0.136099999963335,Unconstrained
0.13100000023769098,Unconstrained
0.13730000000578002,Unconstrained
0.14800000008108327,Unconstrained
0.13679999983651214,Unconstrained
0.14250000003812602,Unconstrained
0.14319999991130317,Unconstrained
0.14230000033421675,Unconstrained
0.1451000002816727,Unconstrained
0.2615000003061141,Unconstrained
0.3139000000373926,Unconstrained
0.18320000026506023,Unconstrained
0.4711999999926775,Unconstrained
0.10659999998097192,Unconstrained
0.2777999998215819,Unconstrained
0.29549999999289867,Unconstrained
0.3004000000146334,Unconstrained
0.25529999993523234,Unconstrained
0.26440000010552467,Unconstrained
0.29640000002473244,Unconstrained
0.23680000003878376,Unconstrained
0.2237999997305451,Unconstrained
0.33899999971254147,Unconstrained
0.26550000029601506,Unconstrained
0.2519999998185085,Unconstrained
0.3302999998595624,Unconstrained
0.2920000001722656,Unconstrained
0.29100000028847717,Unconstrained
0.25419999974474194,Unconstrained
0.3112999997938459,Unconstrained
0.4318000001148903,Unconstrained
0.29640000002473244,Unconstrained
0.2448000000185857,Unconstrained
0.31360000002678134,Unconstrained
0.2809999996316037,Unconstrained
0.27890000001207227,Unconstrained
0.2803999996103812,Unconstrained
0.43330000016794656,Unconstrained
0.3759000001082313,Unconstrained
0.31160000025920453,Unconstrained
0.26569999999992433,Unconstrained
0.3371999996488739,Unconstrained
0.2355000001443841,Unconstrained
0.25760000016816775,Unconstrained
0.29350000022532186,Unconstrained
0.2248999999210355,Unconstrained
0.2709000000322703,Unconstrained
0.3475999997135659,Unconstrained
0.24510000002919696,Unconstrained
0.2386000001024513,Unconstrained
0.3007999998771993,Unconstrained
0.23210000017570565,Unconstrained
0.2251000000796921,Unconstrained
0.22330000001602457,Unconstrained
0.29500000027837814,Unconstrained
0.27060000002165907,Unconstrained
0.28389999988576164,Unconstrained
0.32250000003841706,Unconstrained
0.2696999999898253,Unconstrained
0.28699999984382885,Unconstrained
0.3552999996827566,Unconstrained
0.30080000033194665,Unconstrained
0.2936999999292311,Unconstrained
0.26340000022173626,Unconstrained
0.23730000020805164,Unconstrained
0.22390000003724708,Unconstrained
0.22430000035456032,Unconstrained
0.2243999997517676,Unconstrained
0.2368999998907384,Unconstrained
0.2334000000701053,Unconstrained
0.22360000002663583,Unconstrained
0.29629999971803045,Unconstrained
0.23769999961587018,Unconstrained
0.2351000002818182,Unconstrained
0.33389999998689746,Unconstrained
0.3818999998657091,Unconstrained
0.2672000000529806,Unconstrained
0.36840000029769726,Unconstrained
0.3194999999323045,Unconstrained
0.37389999988590716,Unconstrained
0.42059999987031915,Unconstrained
0.2314000003025285,Unconstrained
0.23009999995338148,Unconstrained
0.22880000005898182,Unconstrained
0.3385999998499756,Unconstrained
0.28870000005554175,Unconstrained
0.2310999998371699,Unconstrained
0.3117999999631138,Unconstrained
0.23319999991144869,Unconstrained
0.23029999965729075,Unconstrained
0.22889999991093646,Unconstrained
0.22900000021763844,Unconstrained
0.361700000212295,Unconstrained
0.232000000323751,Unconstrained
0.2248999999210355,Unconstrained
0.2540000000408327,Unconstrained
0.22220000028028153,Unconstrained
0.22259999968810007,Unconstrained
0.26950000028591603,Unconstrained
0.2540000000408327,Unconstrained
0.2230000000054133,Unconstrained
0.24569999959567212,Unconstrained
0.3105999999206688,Unconstrained
0.2600999996502651,Unconstrained
0.29379999978118576,Unconstrained
0.3308999998807849,Unconstrained
0.3697999995893042,Unconstrained
0.41150000015477417,Unconstrained
0.2696999999898253,Unconstrained
0.24970000004032045,Unconstrained
0.23639999972147052,Unconstrained
0.2295999997841136,Unconstrained
0.22480000006908085,Unconstrained
0.22390000003724708,Unconstrained
0.22880000005898182,Unconstrained
0.27580000005400507,Unconstrained
0.10870000005525071,Unconstrained
0.2217999999629683,Unconstrained
0.28019999990647193,Unconstrained
0.25309999955425155,Unconstrained
0.32000000010157237,Unconstrained
0.15589999975418323,Unconstrained
0.35320000006322516,Unconstrained
0.313699999878736,Unconstrained
0.1762000001690467,Unconstrained
0.15759999996589613,Unconstrained
0.09910000017043785,Unconstrained
0.09929999987434712,Unconstrained
0.09819999968385673,Unconstrained
0.09899999986373587,Unconstrained
0.09950000003300374,Unconstrained
0.09860000000116997,Unconstrained
0.11750000021493179,Unconstrained
0.13159999980416615,Unconstrained
0.12240000023666653,Unconstrained
0.11930000027859933,Unconstrained
0.2233999998679792,Unconstrained
0.10819999988598283,Unconstrained
0.12040000001434237,Unconstrained
0.1291999997192761,Unconstrained
0.09870000030787196,Unconstrained
0.22910000006959308,Unconstrained
0.11899999981324072,Unconstrained
0.09869999985312461,Unconstrained
0.0988000001598266,Unconstrained
0.1330000000052678,Unconstrained
0.18499999987398041,Unconstrained
0.14270000019678264,Unconstrained
0.13179999996282277,Unconstrained
0.12630000037461286,Unconstrained
0.13279999984661117,Unconstrained
0.1266999997824314,Unconstrained
0.1336000000264903,Unconstrained
0.19659999998111743,Unconstrained
0.1253000000360771,Unconstrained
0.13209999997343402,Unconstrained
0.1986000002034416,Unconstrained
0.13209999997343402,Unconstrained
0.13330000001587905,Unconstrained
0.27289999979984714,Unconstrained
0.13029999990976648,Unconstrained
0.1330000000052678,Unconstrained
0.13080000007903436,Unconstrained
0.15699999994467362,Unconstrained
0.13529999978345586,Unconstrained
0.15380000013465178,Unconstrained
0.12729999980365392,Unconstrained
0.13350000017453567,Unconstrained
0.12800000013157842,Unconstrained
0.2326999997421808,Unconstrained
0.13069999977233238,Unconstrained
0.13679999983651214,Unconstrained
0.15110000003915047,Unconstrained
0.13029999990976648,Unconstrained
0.13179999996282277,Unconstrained
0.13179999996282277,Unconstrained
0.12650000007852213,Unconstrained
0.12610000021595624,Unconstrained
0.1262999999198655,Unconstrained
0.2021000000240747,Unconstrained
0.13239999998404528,Unconstrained
0.1376999998683459,Unconstrained
0.13579999995272374,Unconstrained
0.2783999998428044,Unconstrained
0.22889999991093646,Unconstrained
0.1368000002912595,Unconstrained
0.10509999992791563,Unconstrained
0.09860000000116997,Unconstrained
0.09829999999055872,Unconstrained
0.13790000002700253,Unconstrained
0.3454999996392871,Unconstrained
0.23420000024998444,Unconstrained
0.1472000003559515,Unconstrained
0.10169999995923718,Unconstrained
0.11360000007698545,Unconstrained
0.13310000031196978,Unconstrained
0.14680000003863825,Unconstrained
0.16169999980775174,Unconstrained
0.12900000001536682,Unconstrained
0.13379999973039958,Unconstrained
0.17149999985122122,Unconstrained
0.1326000001427019,Unconstrained
0.14460000011240481,Unconstrained
0.13800000033370452,Unconstrained
0.21560000004683388,Unconstrained
0.1428999999006919,Unconstrained
0.14390000023922767,Unconstrained
0.11300000005576294,Unconstrained
0.12149999975008541,Unconstrained
0.12710000009974465,Unconstrained
0.1364999998259009,Unconstrained
0.2672000000529806,Unconstrained
0.13230000013209064,Unconstrained
0.1326000001427019,Unconstrained
0.13699999999516876,Unconstrained
0.1405000002705492,Unconstrained
0.13119999994160025,Unconstrained
0.13069999977233238,Unconstrained
0.19320000001243898,Unconstrained
0.13330000001587905,Unconstrained
0.13710000030187075,Unconstrained
0.13639999997394625,Unconstrained
0.1422999998794694,Unconstrained
0.17159999970317585,Unconstrained
0.1388000000588363,Unconstrained
0.12620000006791088,Unconstrained
0.12520000018412247,Unconstrained
0.1316000002589135,Unconstrained
0.18039999986285693,Unconstrained
0.13940000008005882,Unconstrained
0.1314999999522115,Unconstrained
0.1320000001214794,Unconstrained
0.24549999989176285,Unconstrained
0.240999999732594,Unconstrained
0.11260000019319705,Unconstrained
0.1011999997899693,Unconstrained
0.11360000007698545,Unconstrained
0.10020000036092824,Unconstrained
0.23839999994379468,Unconstrained
0.34750000031635864,Unconstrained
0.09879999970507924,Unconstrained
0.22869999975227984,Unconstrained
0.11469999981272849,Unconstrained
0.09890000001178123,Unconstrained
0.11450000010881922,Unconstrained
0.13020000005781185,Unconstrained
0.22550000039700535,Unconstrained
0.13579999995272374,Unconstrained
0.11480000011943048,Unconstrained
0.12199999991935329,Unconstrained
0.3348000000187312,Unconstrained
0.0988000001598266,Unconstrained
0.18599999975776882,Unconstrained
0.09860000000116997,Unconstrained
0.09799999997994746,Unconstrained
0.23469999996450497,Unconstrained
0.2725999997892359,Unconstrained
0.23150000015448313,Unconstrained
0.24970000004032045,Unconstrained
0.23300000020753941,Unconstrained
0.17600000001039007,Unconstrained
0.23469999996450497,Unconstrained
0.2341999997952371,Unconstrained
0.27060000002165907,Unconstrained
0.09920000002239249,Unconstrained
0.23989999999685097,Unconstrained
0.09799999997994746,Unconstrained
0.1575000001139415,Unconstrained
0.10890000021390733,Unconstrained
0.11029999996026163,Unconstrained
0.12610000021595624,Unconstrained
0.13550000039685983,Unconstrained
0.14590000000680448,Unconstrained
0.17639999987295596,Unconstrained
0.1262999999198655,Unconstrained
0.15660000008210773,Unconstrained
0.12539999988803174,Unconstrained
0.1262999999198655,Unconstrained
0.130899999930989,Unconstrained
0.12599999990925426,Unconstrained
0.13559999979406712,Unconstrained
0.2509999999347201,Unconstrained
0.4484999999476713,Unconstrained
0.18769999996948172,Unconstrained
0.09910000017043785,Unconstrained
0.12699999979304266,Unconstrained
0.3842000000986445,Unconstrained
0.10919999976977124,Unconstrained
0.16959999993559904,Unconstrained
0.24020000000746222,Unconstrained
0.09829999999055872,Unconstrained
0.09899999986373587,Unconstrained
0.09890000001178123,Unconstrained
0.12389999983497546,Unconstrained
0.13799999987895717,Unconstrained
0.15050000001792796,Unconstrained
0.13710000030187075,Unconstrained
0.15129999974305974,Unconstrained
0.23950000013428507,Unconstrained
0.1316000002589135,Unconstrained
0.1314999999522115,Unconstrained
0.12620000006791088,Unconstrained
0.1266999997824314,Unconstrained
0.13099999978294363,Unconstrained
0.12630000037461286,Unconstrained
0.1695000000836444,Unconstrained
0.13320000016392441,Unconstrained
0.14999999984866008,Unconstrained
0.13620000027003698,Unconstrained
0.13970000009067007,Unconstrained
0.12939999987793271,Unconstrained
0.13799999987895717,Unconstrained
0.22990000024947221,Unconstrained
0.1316000002589135,Unconstrained
0.1575000001139415,Unconstrained
0.1389000003655383,Unconstrained
0.13639999997394625,Unconstrained
0.14349999992191442,Unconstrained
0.1430000002073939,Unconstrained
0.1434000000699598,Unconstrained
0.14199999986885814,Unconstrained
0.125800000205345,Unconstrained
0.13410000019575818,Unconstrained
0.12659999993047677,Unconstrained
0.27409999984229216,Unconstrained
0.24580000035712146,Unconstrained
0.11769999991884106,Unconstrained
0.1071000001502398,Unconstrained
0.1312999997935549,Unconstrained
0.14359999977386906,Unconstrained
0.10440000005473848,Unconstrained
0.1661999999669206,Unconstrained
0.10120000024471665,Unconstrained
0.15520000033575343,Unconstrained
0.10069999962070142,Unconstrained
0.09730000010677031,Unconstrained
0.10019999990618089,Unconstrained
0.09860000000116997,Unconstrained
0.10610000026645139,Unconstrained
0.09799999997994746,Unconstrained
0.09749999981067958,Unconstrained
0.09799999997994746,Unconstrained
0.23539999983768212,Unconstrained
0.0980999998319021,Unconstrained
0.09860000000116997,Unconstrained
0.10010000005422626,Unconstrained
0.09970000019166037,Unconstrained
0.10470000006534974,Unconstrained
0.10300000030838419,Unconstrained
0.23330000021815067,Unconstrained
0.4118000001653854,Unconstrained
0.09799999997994746,Unconstrained
0.09790000012799283,Unconstrained
0.09820000013860408,Unconstrained
0.1015000002553279,Unconstrained
0.1021999996737577,Unconstrained
0.09780000027603819,Unconstrained
0.09819999968385673,Unconstrained
0.1071000001502398,Unconstrained
0.09760000011738157,Unconstrained
0.0976999999693362,Unconstrained
0.09739999995872495,Unconstrained
0.09950000003300374,Unconstrained
0.10269999984302558,Unconstrained
0.09749999981067958,Unconstrained
0.22679999983665766,Unconstrained
0.09850000014921534,Unconstrained
0.09730000010677031,Unconstrained
0.23019999980533612,Unconstrained
0.11610000001383014,Unconstrained
0.09829999999055872,Unconstrained
0.13159999980416615,Unconstrained
0.09719999980006833,Unconstrained
0.14879999980621506,Unconstrained
0.09739999995872495,Unconstrained
0.09739999995872495,Unconstrained
0.24699999994481914,Unconstrained
0.09780000027603819,Unconstrained
0.10390000034021796,Unconstrained
0.0976999999693362,Unconstrained
0.23730000020805164,Unconstrained
0.22940000008020434,Unconstrained
0.36579999959940324,Unconstrained
0.3059999999095453,Unconstrained
0.29789999962304137,Unconstrained
0.23079999982655863,Unconstrained
0.3093000000262691,Unconstrained
0.3613999997469364,Unconstrained
0.3087000000050466,Unconstrained
0.32869999995455146,Unconstrained
0.30779999997321283,Unconstrained
0.36709999994855025,Unconstrained
0.3040999999939231,Unconstrained
0.2558000001045002,Unconstrained
0.22919999992154771,Unconstrained
0.2679000003809051,Unconstrained
0.27709999994840473,Unconstrained
0.17380000008415664,Unconstrained
0.30729999980394496,Unconstrained
0.22280000030150404,Unconstrained
0.29049999966446194,Unconstrained
0.27289999979984714,Unconstrained
0.30950000018492574,Unconstrained
0.294200000098499,Unconstrained
0.28819999988627387,Unconstrained
0.3293999998277286,Unconstrained
0.22369999987859046,Unconstrained
0.22160000025905902,Unconstrained
0.2563000002737681,Unconstrained
0.25129999994533136,Unconstrained
0.2295999997841136,Unconstrained
0.31519999993179226,Unconstrained
0.45329999966270407,Unconstrained
0.25660000028437935,Unconstrained
0.2708000001803157,Unconstrained
0.2549999999246211,Unconstrained
0.4273000004104688,Unconstrained
0.36869999985356117,Unconstrained
0.268199999936769,Unconstrained
0.2714000002015382,Unconstrained
0.35530000013750396,Unconstrained
0.24410000014540856,Unconstrained
0.22500000022773747,Unconstrained
0.2561999999670661,Unconstrained
0.4191999996692175,Unconstrained
0.23009999995338148,Unconstrained
0.230699999974604,Unconstrained
0.17290000005232287,Unconstrained
0.298099999781698,Unconstrained
0.25700000014694524,Unconstrained
0.30999999989944627,Unconstrained
0.10400000019217259,Unconstrained
0.24230000008174102,Unconstrained
0.23680000003878376,Unconstrained
0.2395999999862397,Unconstrained
0.4476000003705849,Unconstrained
0.28659999998126295,Unconstrained
0.394000000142114,Unconstrained
0.23210000017570565,Unconstrained
0.23449999980584835,Unconstrained
0.22949999993215897,Unconstrained
0.22949999993215897,Unconstrained
0.23310000005949405,Unconstrained
0.22850000004837057,Unconstrained
0.23120000014387188,Unconstrained
0.2233999998679792,Unconstrained
0.22319999970932258,Unconstrained
0.2529999997022969,Unconstrained
0.22470000021712622,Unconstrained
0.22519999993164674,Unconstrained
0.25430000005144393,Unconstrained
0.23090000013326062,Unconstrained
0.22919999992154771,Unconstrained
0.25169999980789726,Unconstrained
0.22600000011152588,Unconstrained
0.2555999999458436,Unconstrained
0.25950000008378993,Unconstrained
0.22459999991042423,Unconstrained
0.23190000001704902,Unconstrained
0.22669999998470303,Unconstrained
0.22800000033385004,Unconstrained
0.22540000009030337,Unconstrained
0.2220000001216249,Unconstrained
0.3930000002583256,Unconstrained
0.2258999998048239,Unconstrained
0.24619999976494,Unconstrained
0.22850000004837057,Unconstrained
0.22709999984726892,Unconstrained
0.2320999997209583,Unconstrained
0.2262000002701825,Unconstrained
0.2310000004399626,Unconstrained
0.2276000000165368,Unconstrained
0.22470000021712622,Unconstrained
0.2248999999210355,Unconstrained
0.22519999993164674,Unconstrained
0.30910000032235985,Unconstrained
0.2807000000757398,Unconstrained
0.26869999965128954,Unconstrained
0.22669999998470303,Unconstrained
0.26879999995799153,Unconstrained
0.45129999989512726,Unconstrained
0.2420999999230844,Unconstrained
0.13069999977233238,Unconstrained
0.10169999995923718,Unconstrained
0.09849999969446799,Unconstrained
0.09979999958886765,Unconstrained
0.10430000020278385,Unconstrained
0.09899999986373587,Unconstrained
0.10789999987537158,Unconstrained
0.09760000011738157,Unconstrained
0.09899999986373587,Unconstrained
0.09839999984251335,Unconstrained
0.09790000012799283,Unconstrained
0.1768000001902692,Unconstrained
0.0976999999693362,Unconstrained
0.09850000014921534,Unconstrained
0.10549999979048152,Unconstrained
0.10299999985363684,Unconstrained
0.1073999997061037,Unconstrained
0.09789999967324547,Unconstrained
0.09749999981067958,Unconstrained
0.10019999990618089,Unconstrained
0.10170000041398453,Unconstrained
0.10790000033011893,Unconstrained
0.09910000017043785,Unconstrained
0.10910000037256395,Unconstrained
0.0980999998319021,Unconstrained
0.0980999998319021,Unconstrained
0.10139999994862592,Unconstrained
0.09839999984251335,Unconstrained
0.14270000019678264,Unconstrained
0.10860000020329608,Unconstrained
0.232000000323751,Unconstrained
0.15249999978550477,Unconstrained
0.1077000001714623,Unconstrained
0.09890000001178123,Unconstrained
0.22990000024947221,Unconstrained
0.09869999985312461,Unconstrained
0.09790000012799283,Unconstrained
0.09820000013860408,Unconstrained
0.11829999994006357,Unconstrained
0.09820000013860408,Unconstrained
0.16899999991437653,Unconstrained
0.22980000039751758,Unconstrained
0.283800000033807,Unconstrained
0.09799999997994746,Unconstrained
0.09760000011738157,Unconstrained
0.10090000023410539,Unconstrained
0.10010000005422626,Unconstrained
0.09760000011738157,Unconstrained
0.09929999987434712,Unconstrained
0.09800000043469481,Unconstrained
0.09799999997994746,Unconstrained
0.09780000027603819,Unconstrained
0.0976999999693362,Unconstrained
0.10320000001229346,Unconstrained
0.09760000011738157,Unconstrained
0.09760000011738157,Unconstrained
0.09860000000116997,Unconstrained
0.10139999994862592,Unconstrained
0.09820000013860408,Unconstrained
0.09760000011738157,Unconstrained
0.10149999980058055,Unconstrained
0.0976999999693362,Unconstrained
0.09829999999055872,Unconstrained
0.09810000028664945,Unconstrained
0.09689999978945707,Unconstrained
0.09820000013860408,Unconstrained
0.10040000006483751,Unconstrained
0.09850000014921534,Unconstrained
0.1007999999274034,Unconstrained
0.1059999999597494,Unconstrained
0.10320000001229346,Unconstrained
0.10100000008606003,Unconstrained
0.10400000019217259,Unconstrained
0.09850000014921534,Unconstrained
0.10780000002341694,Unconstrained
0.09960000033970573,Unconstrained
0.09839999984251335,Unconstrained
0.09799999997994746,Unconstrained
0.09920000002239249,Unconstrained
0.099800000043615,Unconstrained
0.10380000003351597,Unconstrained
0.10070000007544877,Unconstrained
0.09810000028664945,Unconstrained
0.10000000020227162,Unconstrained
0.09799999997994746,Unconstrained
0.09759999966263422,Unconstrained
0.09730000010677031,Unconstrained
0.0980999998319021,Unconstrained
0.39719999995213584,Unconstrained
0.18179999960921123,Unconstrained
0.16330000016751,Unconstrained
0.4008000000794709,Unconstrained
0.09870000030787196,Unconstrained
0.22659999967800104,Unconstrained
0.0984000002972607,Unconstrained
0.09839999984251335,Unconstrained
0.09780000027603819,Unconstrained
0.16360000017812126,Unconstrained
0.09750000026542693,Unconstrained
0.16340000001946464,Unconstrained
0.09750000026542693,Unconstrained
0.10169999995923718,Unconstrained
0.13039999976172112,Unconstrained
0.0976999999693362,Unconstrained
0.09820000013860408,Unconstrained
0.1011999997899693,Unconstrained
0.12119999973947415,Unconstrained
0.09890000001178123,Unconstrained
0.15239999993355013,Unconstrained
0.09790000012799283,Unconstrained
0.10019999990618089,Unconstrained
0.0988000001598266,Unconstrained
0.09790000012799283,Unconstrained
0.1254000003427791,Unconstrained
0.4581000002872315,Unconstrained
0.3571999995983788,Unconstrained
0.31160000025920453,Unconstrained
0.24399999983870657,Unconstrained
0.2979000000777887,Unconstrained
0.25920000007317867,Unconstrained
0.23120000014387188,Unconstrained
0.28179999981148285,Unconstrained
0.2944000002571556,Unconstrained
0.22429999989981297,Unconstrained
0.28580000025613117,Unconstrained
0.2997999999934109,Unconstrained
0.2245000000584696,Unconstrained
0.26380000008430216,Unconstrained
0.3737000001819979,Unconstrained
0.10120000024471665,Unconstrained
0.7301999999071995,Unconstrained
0.2859000001080858,Unconstrained
0.22920000037629507,Unconstrained
0.3701000000546628,Unconstrained
0.3468999998403888,Unconstrained
0.2320999997209583,Unconstrained
0.232000000323751,Unconstrained
0.2285999999003252,Unconstrained
0.28699999984382885,Unconstrained
0.3845999999612104,Unconstrained
0.23509999982707086,Unconstrained
0.23540000029242947,Unconstrained
0.23179999971034704,Unconstrained
0.23659999988012714,Unconstrained
0.2328000000488828,Unconstrained
0.225499999942258,Unconstrained
0.14950000013413955,Unconstrained
0.30249999963416485,Unconstrained
0.28830000019297586,Unconstrained
0.22639999997409177,Unconstrained
0.282599999991362,Unconstrained
0.2395999999862397,Unconstrained
0.22669999998470303,Unconstrained
0.22390000003724708,Unconstrained
0.22579999995286926,Unconstrained
0.10419999989608186,Unconstrained
0.09860000000116997,Unconstrained
0.1401999998051906,Unconstrained
0.11220000033063116,Unconstrained
0.11150000000270666,Unconstrained
0.10849999989659409,Unconstrained
0.10859999974854873,Unconstrained
0.10920000022451859,Unconstrained
0.1090999999178166,Unconstrained
0.14359999977386906,Unconstrained
0.1094999997803825,Unconstrained
0.1090999999178166,Unconstrained
0.10870000005525071,Unconstrained
0.11900000026798807,Unconstrained
0.10819999988598283,Unconstrained
0.10870000005525071,Unconstrained
0.12719999995169928,Unconstrained
0.10840000004463946,Unconstrained
0.11059999997087289,Unconstrained
0.1088000003619527,Unconstrained
0.10209999982180307,Unconstrained
0.09810000028664945,Unconstrained
0.09850000014921534,Unconstrained
0.12340000012045493,Unconstrained
0.0984000002972607,Unconstrained
0.14899999996487168,Unconstrained
0.09899999986373587,Unconstrained
0.1532999999653839,Unconstrained
0.0988000001598266,Unconstrained
0.1606000000720087,Unconstrained
0.09879999970507924,Unconstrained
0.10000000020227162,Unconstrained
0.1081000000340282,Unconstrained
0.10089999977935804,Unconstrained
0.10010000005422626,Unconstrained
0.2044999996542174,Unconstrained
0.0988000001598266,Unconstrained
0.11280000035185367,Unconstrained
0.09850000014921534,Unconstrained
0.10100000008606003,Unconstrained
0.10249999968436896,Unconstrained
0.1046000002133951,Unconstrained
0.09890000001178123,Unconstrained
0.09899999986373587,Unconstrained
0.17939999997906853,Unconstrained
0.10370000018156134,Unconstrained
0.16450000020995503,Unconstrained
0.099800000043615,Unconstrained
0.11519999998199637,Unconstrained
0.1015000002553279,Unconstrained
0.09790000012799283,Unconstrained
0.09860000000116997,Unconstrained
0.10669999983292655,Unconstrained
0.09929999987434712,Unconstrained
0.1059999999597494,Unconstrained
0.09900000031848322,Unconstrained
0.0990999997156905,Unconstrained
0.0988000001598266,Unconstrained
0.15380000013465178,Unconstrained
0.09799999997994746,Unconstrained
0.09930000032909447,Unconstrained
0.09929999987434712,Unconstrained
0.23000000010142685,Unconstrained
0.1029000000016822,Unconstrained
0.10489999976925901,Unconstrained
0.09910000017043785,Unconstrained
0.09860000000116997,Unconstrained
0.09879999970507924,Unconstrained
0.09820000013860408,Unconstrained
0.26440000010552467,Unconstrained
0.1959000001079403,Unconstrained
0.23360000022876193,Unconstrained
0.13799999987895717,Unconstrained
0.09899999986373587,Unconstrained
0.09889999955703388,Unconstrained
0.09879999970507924,Unconstrained
0.09929999987434712,Unconstrained
0.1071000001502398,Unconstrained
0.10229999998045969,Unconstrained
0.10449999990669312,Unconstrained
0.10160000010728254,Unconstrained
0.10890000021390733,Unconstrained
0.10609999981170404,Unconstrained
0.11150000000270666,Unconstrained
0.10569999994913815,Unconstrained
0.13900000021749293,Unconstrained
0.10879999990720535,Unconstrained
0.17799999977796688,Unconstrained
0.10659999998097192,Unconstrained
0.12169999990874203,Unconstrained
0.1019000001178938,Unconstrained
0.10590000010779477,Unconstrained
0.11099999983343878,Unconstrained
0.10149999980058055,Unconstrained
0.11319999975967221,Unconstrained
0.23460000011255033,Unconstrained
0.11239999957979308,Unconstrained
0.27880000016011763,Unconstrained
0.25040000036824495,Unconstrained
0.29339999991861987,Unconstrained
0.15900000016699778,Unconstrained
0.13320000016392441,Unconstrained
0.10169999995923718,Unconstrained
0.17219999972439837,Unconstrained
0.10530000008657225,Unconstrained
0.11729999960152782,Unconstrained
0.09959999988495838,Unconstrained
0.10239999983241432,Unconstrained
0.10209999982180307,Unconstrained
0.22880000005898182,Unconstrained
0.105000000075961,Unconstrained
0.10390000034021796,Unconstrained
0.09849999969446799,Unconstrained
0.09930000032909447,Unconstrained
0.09860000000116997,Unconstrained
0.09929999987434712,Unconstrained
0.09850000014921534,Unconstrained
0.09829999999055872,Unconstrained
0.09869999985312461,Unconstrained
0.09899999986373587,Unconstrained
0.09950000003300374,Unconstrained
0.10569999994913815,Unconstrained
0.10299999985363684,Unconstrained
0.09950000003300374,Unconstrained
0.1071000001502398,Unconstrained
0.25839999989329954,Unconstrained
0.2420999999230844,Unconstrained
0.23449999980584835,Unconstrained
0.23710000004939502,Unconstrained
0.2570999999988999,Unconstrained
0.11420000009820797,Unconstrained
0.18120000004273606,Unconstrained
0.23659999988012714,Unconstrained
0.10709999969549244,Unconstrained
0.11480000011943048,Unconstrained
0.375899999653484,Unconstrained
0.3104000002167595,Unconstrained
0.230699999974604,Unconstrained
0.2320999997209583,Unconstrained
0.2506000000721542,Unconstrained
0.12909999986732146,Unconstrained
0.0984000002972607,Unconstrained
0.10320000001229346,Unconstrained
0.0980999998319021,Unconstrained
0.0984000002972607,Unconstrained
0.09750000026542693,Unconstrained
0.09819999968385673,Unconstrained
0.10800000018207356,Unconstrained
0.09760000011738157,Unconstrained
0.115299999833951,Unconstrained
0.09860000000116997,Unconstrained
0.10590000010779477,Unconstrained
0.1627000001462875,Unconstrained
0.1277999999729218,Unconstrained
0.10449999990669312,Unconstrained
0.09839999984251335,Unconstrained
0.0980999998319021,Unconstrained
0.16179999965970637,Unconstrained
0.12139999989813077,Unconstrained
0.09929999987434712,Unconstrained
0.14359999977386906,Unconstrained
0.2279999998791027,Unconstrained
0.3065000000788132,Unconstrained
0.4174000000602973,Unconstrained
0.15009999970061472,Unconstrained
0.2583000000413449,Unconstrained
0.17589999970368808,Unconstrained
0.41329999976369436,Unconstrained
0.14280000004873727,Unconstrained
0.1229000004059344,Unconstrained
0.22880000005898182,Unconstrained
0.1495999999860942,Unconstrained
0.09869999985312461,Unconstrained
0.11249999988649506,Unconstrained
0.11300000005576294,Unconstrained
0.11279999989710632,Unconstrained
0.0980999998319021,Unconstrained
0.09820000013860408,Unconstrained
0.1268000000891334,Unconstrained
0.09819999968385673,Unconstrained
0.10750000001280569,Unconstrained
0.09890000001178123,Unconstrained
0.09860000000116997,Unconstrained
0.10159999965253519,Unconstrained
0.10180000026593916,Unconstrained
0.10019999990618089,Unconstrained
0.0976999999693362,Unconstrained
0.0988000001598266,Unconstrained
0.09790000012799283,Unconstrained
0.10789999987537158,Unconstrained
0.10000000020227162,Unconstrained
0.10550000024522888,Unconstrained
0.10459999975864775,Unconstrained
0.10589999965304742,Unconstrained
0.11009999980160501,Unconstrained
0.10590000010779477,Unconstrained
0.11379999978089472,Unconstrained
0.09869999985312461,Unconstrained
0.09950000003300374,Unconstrained
0.1007999999274034,Unconstrained
0.09839999984251335,Unconstrained
0.11440000025686459,Unconstrained
0.09810000028664945,Unconstrained
0.14850000025035115,Unconstrained
0.10229999998045969,Unconstrained
0.10169999995923718,Unconstrained
0.16899999991437653,Unconstrained
0.10459999975864775,Unconstrained
0.10470000006534974,Unconstrained
0.10509999992791563,Unconstrained
0.10479999991730438,Unconstrained
0.10149999980058055,Unconstrained
0.10040000006483751,Unconstrained
0.11730000005627517,Unconstrained
0.09869999985312461,Unconstrained
0.09829999999055872,Unconstrained
0.09810000028664945,Unconstrained
0.15729999995528487,Unconstrained
0.10139999994862592,Unconstrained
0.10160000010728254,Unconstrained
0.10130000009667128,Unconstrained
0.10400000019217259,Unconstrained
0.1032999998642481,Unconstrained
0.09860000000116997,Unconstrained
0.10800000018207356,Unconstrained
0.09850000014921534,Unconstrained
0.09819999968385673,Unconstrained
0.0976999999693362,Unconstrained
0.10750000001280569,Unconstrained
0.09900000031848322,Unconstrained
0.09910000017043785,Unconstrained
0.0990999997156905,Unconstrained
0.10199999996984843,Unconstrained
0.10170000041398453,Unconstrained
0.1019000001178938,Unconstrained
0.10239999983241432,Unconstrained
0.1029000000016822,Unconstrained
0.10270000029777293,Unconstrained
0.11439999980211724,Unconstrained
0.11749999976018444,Unconstrained
0.1565000002301531,Unconstrained
0.1019000001178938,Unconstrained
0.10699999984353781,Unconstrained
0.1015000002553279,Unconstrained
0.10380000003351597,Unconstrained
0.1007999999274034,Unconstrained
0.09860000000116997,Unconstrained
0.17670000033831457,Unconstrained
0.09799999997994746,Unconstrained
0.10049999991679215,Unconstrained
0.09900000031848322,Unconstrained
0.09850000014921534,Unconstrained
0.10559999964243616,Unconstrained
0.09920000002239249,Unconstrained
0.0984000002972607,Unconstrained
0.09829999999055872,Unconstrained
0.09970000019166037,Unconstrained
0.10330000031899544,Unconstrained
0.09860000000116997,Unconstrained
0.16400000004068715,Unconstrained
0.09860000000116997,Unconstrained
0.09860000000116997,Unconstrained
0.24100000018734136,Unconstrained
0.10620000011840602,Unconstrained
0.09860000000116997,Unconstrained
0.09890000001178123,Unconstrained
0.23659999988012714,Unconstrained
0.09939999972630176,Unconstrained
0.10359999987485935,Unconstrained
0.0988000001598266,Unconstrained
0.09760000011738157,Unconstrained
0.14999999984866008,Unconstrained
0.09790000012799283,Unconstrained
0.10509999992791563,Unconstrained
0.10160000010728254,Unconstrained
0.10160000010728254,Unconstrained
0.12349999997240957,Unconstrained
0.10269999984302558,Unconstrained
0.1063999998223153,Unconstrained
0.10249999968436896,Unconstrained
0.1042999997480365,Unconstrained
0.10169999995923718,Unconstrained
0.10820000034073018,Unconstrained
0.10390000034021796,Unconstrained
0.10209999982180307,Unconstrained
0.14850000025035115,Unconstrained
0.10129999964192393,Unconstrained
0.10130000009667128,Unconstrained
0.09849999969446799,Unconstrained
0.16869999990376527,Unconstrained
0.099800000043615,Unconstrained
0.09850000014921534,Unconstrained
0.0988000001598266,Unconstrained
0.09839999984251335,Unconstrained
0.10010000005422626,Unconstrained
0.09899999986373587,Unconstrained
0.2260999999634805,Unconstrained
0.16200000027311035,Unconstrained
0.24149999990186188,Unconstrained
0.0980999998319021,Unconstrained
0.1490999998168263,Unconstrained
0.10440000005473848,Unconstrained
0.10199999996984843,Unconstrained
0.09950000003300374,Unconstrained
0.10100000008606003,Unconstrained
0.23680000003878376,Unconstrained
0.14869999995426042,Unconstrained
0.22280000030150404,Unconstrained
0.09929999987434712,Unconstrained
0.09899999986373587,Unconstrained
0.09940000018104911,Unconstrained
0.09829999999055872,Unconstrained
0.23979999969014898,Unconstrained
0.09820000013860408,Unconstrained
0.09829999999055872,Unconstrained
0.09910000017043785,Unconstrained
0.0988000001598266,Unconstrained
0.09890000001178123,Unconstrained
0.09860000000116997,Unconstrained
0.12409999999363208,Unconstrained
0.09879999970507924,Unconstrained
0.09940000018104911,Unconstrained
0.09900000031848322,Unconstrained
0.09890000001178123,Unconstrained
0.09899999986373587,Unconstrained
0.09939999972630176,Unconstrained
0.10849999989659409,Unconstrained
0.09850000014921534,Unconstrained
0.09959999988495838,Unconstrained
0.09959999988495838,Unconstrained
0.09929999987434712,Unconstrained
0.09920000002239249,Unconstrained
0.09879999970507924,Unconstrained
0.09799999997994746,Unconstrained
0.09850000014921534,Unconstrained
0.09820000013860408,Unconstrained
0.09890000001178123,Unconstrained
0.099800000043615,Unconstrained
0.09860000000116997,Unconstrained
0.09789999967324547,Unconstrained
0.1007999999274034,Unconstrained
0.10270000029777293,Unconstrained
0.09850000014921534,Unconstrained
0.10000000020227162,Unconstrained
0.11050000011891825,Unconstrained
0.0980999998319021,Unconstrained
0.09890000001178123,Unconstrained
0.09850000014921534,Unconstrained
0.09910000017043785,Unconstrained
0.0980999998319021,Unconstrained
0.09829999999055872,Unconstrained
0.10029999975813553,Unconstrained
0.10489999976925901,Unconstrained
0.10510000038266298,Unconstrained
0.099800000043615,Unconstrained
0.09930000032909447,Unconstrained
0.09899999986373587,Unconstrained
0.1081000000340282,Unconstrained
0.11709999989761855,Unconstrained
0.09950000003300374,Unconstrained
0.09860000000116997,Unconstrained
0.09779999982129084,Unconstrained
0.09920000002239249,Unconstrained
0.09929999987434712,Unconstrained
0.0988000001598266,Unconstrained
0.0988000001598266,Unconstrained
0.09870000030787196,Unconstrained
0.09799999997994746,Unconstrained
0.09920000002239249,Unconstrained
0.09899999986373587,Unconstrained
0.0980999998319021,Unconstrained
0.09970000019166037,Unconstrained
0.09899999986373587,Unconstrained
0.09829999999055872,Unconstrained
0.0980999998319021,Unconstrained
0.09929999987434712,Unconstrained
0.23779999992257217,Unconstrained
0.23370000008071656,Unconstrained
0.3561000003173831,Unconstrained
0.1081000000340282,Unconstrained
0.2337999999326712,Unconstrained
0.3416999998080428,Unconstrained
0.16659999982948648,Unconstrained
0.2355000001443841,Unconstrained
0.09799999997994746,Unconstrained
0.09890000001178123,Unconstrained
0.09810000028664945,Unconstrained
0.0990999997156905,Unconstrained
0.09929999987434712,Unconstrained
0.23570000030304072,Unconstrained
0.2432000001135748,Unconstrained
0.18609999960972345,Unconstrained
0.1038999998854706,Unconstrained
0.10380000003351597,Unconstrained
0.09759999966263422,Unconstrained
0.14680000003863825,Unconstrained
0.09890000001178123,Unconstrained
0.09920000002239249,Unconstrained
0.3913000000466127,Unconstrained
0.09890000001178123,Unconstrained
0.1617000002624991,Unconstrained
0.09820000013860408,Unconstrained
0.11660000018309802,Unconstrained
0.10019999990618089,Unconstrained
0.17010000010486692,Unconstrained
0.09939999972630176,Unconstrained
0.1021999996737577,Unconstrained
0.10680000013962854,Unconstrained
0.10310000016033882,Unconstrained
0.2355000001443841,Unconstrained
0.09860000000116997,Unconstrained
0.10659999998097192,Unconstrained
0.0988000001598266,Unconstrained
0.2690999999686028,Unconstrained
0.11009999980160501,Unconstrained
0.19390000034036348,Unconstrained
0.09969999973691301,Unconstrained
0.2747999997154693,Unconstrained
0.10520000023461762,Unconstrained
0.10470000006534974,Unconstrained
0.28699999984382885,Unconstrained
0.41980000014518737,Unconstrained
0.2951999999822874,Unconstrained
0.10220000012850505,Unconstrained
0.0980999998319021,Unconstrained
0.15959999973347294,Unconstrained
0.11869999980262946,Unconstrained
0.2511000002414221,Unconstrained
0.105000000075961,Unconstrained
0.15970000004017493,Unconstrained
0.10580000025584013,Unconstrained
0.11080000012952951,Unconstrained
0.10930000007647322,Unconstrained
0.38810000023659086,Unconstrained
0.10589999965304742,Unconstrained
0.10620000011840602,Unconstrained
0.10549999979048152,Unconstrained
0.10519999977987027,Unconstrained
0.10470000006534974,Unconstrained
0.10480000037205173,Unconstrained
0.10569999994913815,Unconstrained
0.10590000010779477,Unconstrained
0.18210000007456983,Unconstrained
0.10560000009718351,Unconstrained
0.11250000034124241,Unconstrained
0.105000000075961,Unconstrained
0.1119000003200199,Unconstrained
0.09839999984251335,Unconstrained
0.11010000025635236,Unconstrained
0.09799999997994746,Unconstrained
0.10560000009718351,Unconstrained
0.09749999981067958,Unconstrained
0.10730000030889641,Unconstrained
0.10229999998045969,Unconstrained
0.09870000030787196,Unconstrained
0.09820000013860408,Unconstrained
0.10610000026645139,Unconstrained
0.09879999970507924,Unconstrained
0.09869999985312461,Unconstrained
0.09929999987434712,Unconstrained
0.0980999998319021,Unconstrained
0.09839999984251335,Unconstrained
0.09870000030787196,Unconstrained
0.09890000001178123,Unconstrained
0.09860000000116997,Unconstrained
0.11939999967580661,Unconstrained
0.10490000022400636,Unconstrained
0.11700000004566391,Unconstrained
0.09860000000116997,Unconstrained
0.10750000001280569,Unconstrained
0.09780000027603819,Unconstrained
0.0980999998319021,Unconstrained
0.10620000011840602,Unconstrained
0.10969999993903912,Unconstrained
0.0980999998319021,Unconstrained
0.09860000000116997,Unconstrained
0.09779999982129084,Unconstrained
0.09860000000116997,Unconstrained
0.09860000000116997,Unconstrained
0.22919999992154771,Unconstrained
0.14999999984866008,Unconstrained
0.20839999979216373,Unconstrained
0.10490000022400636,Unconstrained
0.40300000000570435,Unconstrained
0.10279999969498022,Unconstrained
0.10340000017095008,Unconstrained
0.09760000011738157,Unconstrained
0.10130000009667128,Unconstrained
0.1264000002265675,Unconstrained
0.10539999993852689,Unconstrained
0.1494999996793922,Unconstrained
0.10490000022400636,Unconstrained
0.10490000022400636,Unconstrained
0.10440000005473848,Unconstrained
0.10470000006534974,Unconstrained
0.10539999993852689,Unconstrained
0.10479999991730438,Unconstrained
0.09869999985312461,Unconstrained
0.10650000012901728,Unconstrained
0.16210000012506498,Unconstrained
0.09920000002239249,Unconstrained
0.16759999971327488,Unconstrained
0.09900000031848322,Unconstrained
0.15780000012455275,Unconstrained
0.09849999969446799,Unconstrained
0.09900000031848322,Unconstrained
0.09810000028664945,Unconstrained
0.09860000000116997,Unconstrained
0.0988000001598266,Unconstrained
0.09950000003300374,Unconstrained
0.10120000024471665,Unconstrained
0.10250000013911631,Unconstrained
0.10130000009667128,Unconstrained
0.0980999998319021,Unconstrained
0.0984000002972607,Unconstrained
0.10740000016085105,Unconstrained
0.09920000002239249,Unconstrained
0.12450000031094532,Unconstrained
0.10769999971671496,Unconstrained
0.09910000017043785,Unconstrained
0.10299999985363684,Unconstrained
0.09839999984251335,Unconstrained
0.15669999993406236,Unconstrained
0.10239999983241432,Unconstrained
0.16300000015689875,Unconstrained
0.11069999982282752,Unconstrained
0.11240000003454043,Unconstrained
0.105000000075961,Unconstrained
0.22810000018580467,Unconstrained
0.10090000023410539,Unconstrained
0.1036000003296067,Unconstrained
0.23090000013326062,Unconstrained
0.23919999966892647,Unconstrained
0.20180000001346343,Unconstrained
0.19949999978052801,Unconstrained
0.0984000002972607,Unconstrained
0.16529999993508682,Unconstrained
0.09779999982129084,Unconstrained
0.11720000020432053,Unconstrained
0.09860000000116997,Unconstrained
0.38309999990815413,Unconstrained
0.1953999999386724,Unconstrained
0.1318999998147774,Unconstrained
0.10649999967426993,Unconstrained
0.09829999999055872,Unconstrained
0.10070000007544877,Unconstrained
0.10230000043520704,Unconstrained
0.10220000012850505,Unconstrained
0.10109999993801466,Unconstrained
0.10109999993801466,Unconstrained
0.10160000010728254,Unconstrained
0.17810000008466886,Unconstrained
0.10240000028716167,Unconstrained
0.10689999999158317,Unconstrained
0.1011999997899693,Unconstrained
0.10569999994913815,Unconstrained
0.09899999986373587,Unconstrained
0.11240000003454043,Unconstrained
0.0984000002972607,Unconstrained
0.10089999977935804,Unconstrained
0.12199999991935329,Unconstrained
0.10090000023410539,Unconstrained
0.10220000012850505,Unconstrained
0.09890000001178123,Unconstrained
0.09850000014921534,Unconstrained
0.09810000028664945,Unconstrained
0.11549999999260763,Unconstrained
0.09920000002239249,Unconstrained
0.15529999973296071,Unconstrained
0.10010000005422626,Unconstrained
0.09929999987434712,Unconstrained
0.10199999996984843,Unconstrained
0.16649999997753184,Unconstrained
0.10430000020278385,Unconstrained
0.10900000006586197,Unconstrained
0.09829999999055872,Unconstrained
0.10780000002341694,Unconstrained
0.10849999989659409,Unconstrained
0.32869999995455146,Unconstrained
0.09860000000116997,Unconstrained
0.09920000002239249,Unconstrained
0.09890000001178123,Unconstrained
0.09779999982129084,Unconstrained
0.0990999997156905,Unconstrained
0.10169999995923718,Unconstrained
0.09990000035031699,Unconstrained
0.10410000004412723,Unconstrained
0.10320000001229346,Unconstrained
0.0988000001598266,Unconstrained
0.09760000011738157,Unconstrained
0.09920000002239249,Unconstrained
0.0980999998319021,Unconstrained
0.09780000027603819,Unconstrained
0.09829999999055872,Unconstrained
0.09850000014921534,Unconstrained
0.11610000001383014,Unconstrained
0.0988000001598266,Unconstrained
0.11379999978089472,Unconstrained
0.09920000002239249,Unconstrained
0.1391999999214022,Unconstrained
0.09779999982129084,Unconstrained
0.11150000000270666,Unconstrained
0.09950000003300374,Unconstrained
0.09860000000116997,Unconstrained
0.09959999988495838,Unconstrained
0.10530000008657225,Unconstrained
0.0988000001598266,Unconstrained
0.1090999999178166,Unconstrained
0.09790000012799283,Unconstrained
0.09920000002239249,Unconstrained
0.10540000039327424,Unconstrained
0.09920000002239249,Unconstrained
0.1007999999274034,Unconstrained
0.0980999998319021,Unconstrained
0.09799999997994746,Unconstrained
0.09839999984251335,Unconstrained
0.09910000017043785,Unconstrained
0.09969999973691301,Unconstrained
0.11979999999311985,Unconstrained
0.09890000001178123,Unconstrained
0.09920000002239249,Unconstrained
0.23670000018682913,Unconstrained
0.10889999975915998,Unconstrained
0.09820000013860408,Unconstrained
0.10590000010779477,Unconstrained
0.09950000003300374,Unconstrained
0.09860000000116997,Unconstrained
0.2771000004031521,Unconstrained
0.44079999997848063,Unconstrained
0.3381999999874097,Unconstrained
0.1637000000300759,Unconstrained
0.09869999985312461,Unconstrained
0.10859999974854873,Unconstrained
0.2712999998948362,Unconstrained
0.17440000010537915,Unconstrained
0.14379999993252568,Unconstrained
0.1677999998719315,Unconstrained
0.23329999976340332,Unconstrained
0.25810000033743563,Unconstrained
0.19620000011855154,Unconstrained
0.23429999964719173,Unconstrained
0.268300000243471,Unconstrained
0.23320000036619604,Unconstrained
0.10789999987537158,Unconstrained
0.25419999974474194,Unconstrained
0.11820000008810894,Unconstrained
0.1042999997480365,Unconstrained
0.1011999997899693,Unconstrained
0.09929999987434712,Unconstrained
0.099800000043615,Unconstrained
0.09850000014921534,Unconstrained
0.09860000000116997,Unconstrained
0.10100000008606003,Unconstrained
0.09890000001178123,Unconstrained
0.09929999987434712,Unconstrained
0.1029000000016822,Unconstrained
0.16570000025240006,Unconstrained
0.10720000000219443,Unconstrained
0.10229999998045969,Unconstrained
0.10169999995923718,Unconstrained
0.10259999999107094,Unconstrained
0.10679999968488119,Unconstrained
0.10229999998045969,Unconstrained
0.1716000001579232,Unconstrained
0.10339999971620273,Unconstrained
0.10179999981119181,Unconstrained
0.11680000034175464,Unconstrained
0.10549999979048152,Unconstrained
0.10549999979048152,Unconstrained
0.1019000001178938,Unconstrained
0.11580000000321888,Unconstrained
0.10550000024522888,Unconstrained
0.10889999975915998,Unconstrained
0.1142999999501626,Unconstrained
0.11150000000270666,Unconstrained
0.10249999968436896,Unconstrained
0.10279999969498022,Unconstrained
0.0984000002972607,Unconstrained
0.09870000030787196,Unconstrained
0.11210000002392917,Unconstrained
0.09780000027603819,Unconstrained
0.0988000001598266,Unconstrained
0.09890000001178123,Unconstrained
0.09929999987434712,Unconstrained
0.09860000000116997,Unconstrained
0.09879999970507924,Unconstrained
0.15439999970112694,Unconstrained
0.09899999986373587,Unconstrained
0.09920000002239249,Unconstrained
0.10199999996984843,Unconstrained
0.09760000011738157,Unconstrained
0.10369999972681399,Unconstrained
0.09819999968385673,Unconstrained
0.10139999994862592,Unconstrained
0.11570000015126425,Unconstrained
0.10220000012850505,Unconstrained
0.09959999988495838,Unconstrained
0.09810000028664945,Unconstrained
0.10679999968488119,Unconstrained
0.10359999987485935,Unconstrained
0.10820000034073018,Unconstrained
0.09900000031848322,Unconstrained
0.09869999985312461,Unconstrained
0.10010000005422626,Unconstrained
0.09750000026542693,Unconstrained
0.105000000075961,Unconstrained
0.09900000031848322,Unconstrained
0.10320000001229346,Unconstrained
0.10419999989608186,Unconstrained
0.09850000014921534,Unconstrained
0.11679999988700729,Unconstrained
0.10509999992791563,Unconstrained
0.1712000002953573,Unconstrained
0.09890000001178123,Unconstrained
0.1625999998395855,Unconstrained
0.09860000000116997,Unconstrained
0.09920000002239249,Unconstrained
0.09910000017043785,Unconstrained
0.10760000031950767,Unconstrained
0.14700000019729487,Unconstrained
0.10240000028716167,Unconstrained
0.10120000024471665,Unconstrained
0.09790000012799283,Unconstrained
0.09820000013860408,Unconstrained
0.0976999999693362,Unconstrained
0.09709999994811369,Unconstrained
0.110200000108307,Unconstrained
0.1046000002133951,Unconstrained
0.1305000000684231,Unconstrained
0.09890000001178123,Unconstrained
0.09860000000116997,Unconstrained
0.10440000005473848,Unconstrained
0.10419999989608186,Unconstrained
0.15359999997599516,Unconstrained
0.09829999999055872,Unconstrained
0.09830000044530607,Unconstrained
0.10479999991730438,Unconstrained
0.09870000030787196,Unconstrained
0.23469999996450497,Unconstrained
0.19699999984368333,Unconstrained
0.1934000001710956,Unconstrained
0.09819999968385673,Unconstrained
0.09870000030787196,Unconstrained
0.22750000016458216,Unconstrained
0.21159999960218556,Unconstrained
0.22050000006856862,Unconstrained
0.09860000000116997,Unconstrained
0.09779999982129084,Unconstrained
0.10199999996984843,Unconstrained
0.18199999976786785,Unconstrained
0.14529999998558196,Unconstrained
0.34390000018902356,Unconstrained
0.11690000019370927,Unconstrained
0.10029999975813553,Unconstrained
0.10179999981119181,Unconstrained
0.12109999988751952,Unconstrained
0.10220000012850505,Unconstrained
0.10920000022451859,Unconstrained
0.10350000002290471,Unconstrained
0.10059999976874678,Unconstrained
0.10100000008606003,Unconstrained
0.10199999996984843,Unconstrained
0.10549999979048152,Unconstrained
0.10139999994862592,Unconstrained
0.16040000036809943,Unconstrained
0.10160000010728254,Unconstrained
0.10180000026593916,Unconstrained
0.10199999996984843,Unconstrained
0.09890000001178123,Unconstrained
0.12109999988751952,Unconstrained
0.09939999972630176,Unconstrained
0.11420000009820797,Unconstrained
0.09730000010677031,Unconstrained
0.11439999980211724,Unconstrained
0.09829999999055872,Unconstrained
0.09940000018104911,Unconstrained
0.10049999991679215,Unconstrained
0.09899999986373587,Unconstrained
0.11089999998148414,Unconstrained
0.13029999990976648,Unconstrained
0.21259999994072132,Unconstrained
0.11670000003505265,Unconstrained
0.1803000000109023,Unconstrained
0.09820000013860408,Unconstrained
0.09799999997994746,Unconstrained
0.09780000027603819,Unconstrained
0.09839999984251335,Unconstrained
0.09850000014921534,Unconstrained
0.09750000026542693,Unconstrained
0.10440000005473848,Unconstrained
0.09869999985312461,Unconstrained
0.15830000029382063,Unconstrained
0.10149999980058055,Unconstrained
0.09799999997994746,Unconstrained
0.10129999964192393,Unconstrained
0.0967000000855478,Unconstrained
0.09999999974752427,Unconstrained
0.09780000027603819,Unconstrained
0.17519999983051093,Unconstrained
0.16289999985019676,Unconstrained
0.1019000001178938,Unconstrained
0.10250000013911631,Unconstrained
0.10100000008606003,Unconstrained
0.09820000013860408,Unconstrained
0.09799999997994746,Unconstrained
0.1679000001786335,Unconstrained
0.13249999983599992,Unconstrained
0.25789999972403166,Unconstrained
0.11580000000321888,Unconstrained
0.1370999998471234,Unconstrained
0.09850000014921534,Unconstrained
0.16300000015689875,Unconstrained
0.17139999999926658,Unconstrained
0.09910000017043785,Unconstrained
0.11730000005627517,Unconstrained
0.09869999985312461,Unconstrained
0.10419999989608186,Unconstrained
0.09939999972630176,Unconstrained
0.130899999930989,Unconstrained
0.10139999994862592,Unconstrained
0.10510000038266298,Unconstrained
0.12549999973998638,Unconstrained
0.11099999983343878,Unconstrained
0.0976999999693362,Unconstrained
0.11009999980160501,Unconstrained
0.09799999997994746,Unconstrained
0.09870000030787196,Unconstrained
0.09850000014921534,Unconstrained
0.09839999984251335,Unconstrained
0.09820000013860408,Unconstrained
0.15720000010333024,Unconstrained
0.09890000001178123,Unconstrained
0.09890000001178123,Unconstrained
0.09820000013860408,Unconstrained
0.09709999994811369,Unconstrained
0.0976999999693362,Unconstrained
0.09920000002239249,Unconstrained
0.11440000025686459,Unconstrained
0.10040000006483751,Unconstrained
0.10130000009667128,Unconstrained
0.0980999998319021,Unconstrained
0.0976999999693362,Unconstrained
0.13829999988956843,Unconstrained
0.10229999998045969,Unconstrained
0.10729999985414906,Unconstrained
0.19759999986490584,Unconstrained
0.31829999988985946,Unconstrained
0.14220000002751476,Unconstrained
0.16689999984009773,Unconstrained
0.1837999998315354,Unconstrained
0.09749999981067958,Unconstrained
0.09839999984251335,Unconstrained
0.12119999973947415,Unconstrained
0.09820000013860408,Unconstrained
0.09730000010677031,Unconstrained
0.09649999992689118,Unconstrained
0.09839999984251335,Unconstrained
0.09820000013860408,Unconstrained
0.10070000007544877,Unconstrained
0.09799999997994746,Unconstrained
0.09990000035031699,Unconstrained
0.10299999985363684,Unconstrained
0.10109999993801466,Unconstrained
0.09790000012799283,Unconstrained
0.15770000027259812,Unconstrained
0.10070000007544877,Unconstrained
0.10100000008606003,Unconstrained
0.09819999968385673,Unconstrained
0.09750000026542693,Unconstrained
0.10059999976874678,Unconstrained
0.09719999980006833,Unconstrained
0.13620000027003698,Unconstrained
0.11030000041500898,Unconstrained
0.2607999999781896,Unconstrained
0.21400000014182297,Unconstrained
0.15380000013465178,Unconstrained
0.15749999965919415,Unconstrained
0.1380999997309118,Unconstrained
0.1336000000264903,Unconstrained
0.09799999997994746,Unconstrained
0.16520000008313218,Unconstrained
0.2907999996750732,Unconstrained
0.09760000011738157,Unconstrained
0.09780000027603819,Unconstrained
0.0980999998319021,Unconstrained
0.09829999999055872,Unconstrained
0.1502000000073167,Unconstrained
0.1625999998395855,Unconstrained
0.2577000000201224,Unconstrained
0.29350000022532186,Unconstrained
0.15379999967990443,Unconstrained
0.24230000008174102,Unconstrained
0.2432000001135748,Unconstrained
0.11039999981221627,Unconstrained
0.18020000015894766,Unconstrained
0.09910000017043785,Unconstrained
0.09869999985312461,Unconstrained
0.17869999965114403,Unconstrained
0.24809999968056218,Unconstrained
0.23220000002766028,Unconstrained
0.22979999994277023,Unconstrained
0.2351000002818182,Unconstrained
0.23499999997511622,Unconstrained
0.10729999985414906,Unconstrained
0.27320000026520574,Unconstrained
0.09929999987434712,Unconstrained
0.23009999995338148,Unconstrained
0.16660000028423383,Unconstrained
0.10259999999107094,Unconstrained
0.3879999999298889,Unconstrained
0.35509999997884734,Unconstrained
0.17759999991540099,Unconstrained
0.17419999994672253,Unconstrained
0.24189999976442778,Unconstrained
0.09700000009615906,Unconstrained
0.09799999997994746,Unconstrained
0.09870000030787196,Unconstrained
0.10109999993801466,Unconstrained
0.10990000009769574,Unconstrained
0.10049999991679215,Unconstrained
0.18210000007456983,Unconstrained
0.10109999993801466,Unconstrained
0.10060000022349413,Unconstrained
0.09779999982129084,Unconstrained
0.10480000037205173,Unconstrained
0.09749999981067958,Unconstrained
0.09710000040286104,Unconstrained
0.09869999985312461,Unconstrained
0.09689999978945707,Unconstrained
0.0976999999693362,Unconstrained
0.09749999981067958,Unconstrained
0.09749999981067958,Unconstrained
0.10109999993801466,Unconstrained
0.10509999992791563,Unconstrained
0.10380000003351597,Unconstrained
0.09739999995872495,Unconstrained
0.09770000042408356,Unconstrained
0.09779999982129084,Unconstrained
0.09760000011738157,Unconstrained
0.1459999998587591,Unconstrained
0.09739999995872495,Unconstrained
0.09820000013860408,Unconstrained
0.14759999976377003,Unconstrained
0.105000000075961,Unconstrained
0.13559999979406712,Unconstrained
0.09969999973691301,Unconstrained
0.11309999990771757,Unconstrained
0.09780000027603819,Unconstrained
0.09700000009615906,Unconstrained
0.09850000014921534,Unconstrained
0.0988000001598266,Unconstrained
0.09750000026542693,Unconstrained
0.0976999999693362,Unconstrained
0.12050000032104435,Unconstrained
0.09779999982129084,Unconstrained
0.09789999967324547,Unconstrained
0.0976999999693362,Unconstrained
0.09920000002239249,Unconstrained
0.12480000032155658,Unconstrained
0.09829999999055872,Unconstrained
0.15359999997599516,Unconstrained
0.10089999977935804,Unconstrained
0.0980999998319021,Unconstrained
0.10030000021288288,Unconstrained
0.10199999996984843,Unconstrained
0.10509999992791563,Unconstrained
0.11870000025737681,Unconstrained
0.12650000007852213,Unconstrained
0.10179999981119181,Unconstrained
0.1947999999174499,Unconstrained
0.10240000028716167,Unconstrained
0.10209999982180307,Unconstrained
0.09820000013860408,Unconstrained
0.09719999980006833,Unconstrained
0.11130000029879739,Unconstrained
0.09860000000116997,Unconstrained
0.09779999982129084,Unconstrained
0.10100000008606003,Unconstrained
0.1046000002133951,Unconstrained
0.09850000014921534,Unconstrained
0.09870000030787196,Unconstrained
0.09950000003300374,Unconstrained
0.10890000021390733,Unconstrained
0.15880000000834116,Unconstrained
0.11619999986578478,Unconstrained
0.10370000018156134,Unconstrained
0.0976999999693362,Unconstrained
0.0980999998319021,Unconstrained
0.09989999989556964,Unconstrained
0.09910000017043785,Unconstrained
0.19699999984368333,Unconstrained
0.09819999968385673,Unconstrained
0.09799999997994746,Unconstrained
0.11309999990771757,Unconstrained
0.09849999969446799,Unconstrained
0.09750000026542693,Unconstrained
0.09870000030787196,Unconstrained
0.10070000007544877,Unconstrained
0.2386000001024513,Unconstrained
0.31050000006871414,Unconstrained
0.11760000006688642,Unconstrained
0.15110000003915047,Unconstrained
0.24059999987002811,Unconstrained
0.09819999968385673,Unconstrained
0.16000000005078618,Unconstrained
0.12420000030033407,Unconstrained
0.12179999976069666,Unconstrained
0.21470000001500011,Unconstrained
0.11780000022554304,Unconstrained
0.1029000000016822,Unconstrained
0.10590000010779477,Unconstrained
0.10229999998045969,Unconstrained
0.10620000011840602,Unconstrained
0.10479999991730438,Unconstrained
0.09820000013860408,Unconstrained
0.1353999996354105,Unconstrained
0.10070000007544877,Unconstrained
0.09790000012799283,Unconstrained
0.12090000018361025,Unconstrained
0.09870000030787196,Unconstrained
0.09920000002239249,Unconstrained
0.10300000030838419,Unconstrained
0.11059999997087289,Unconstrained
0.10689999999158317,Unconstrained
0.11210000002392917,Unconstrained
0.10320000001229346,Unconstrained
0.1011999997899693,Unconstrained
0.09799999997994746,Unconstrained
0.11159999985466129,Unconstrained
0.10209999982180307,Unconstrained
0.105000000075961,Unconstrained
0.11459999996077386,Unconstrained
0.10420000035082921,Unconstrained
0.09879999970507924,Unconstrained
0.10130000009667128,Unconstrained
0.105000000075961,Unconstrained
0.09759999966263422,Unconstrained
0.09750000026542693,Unconstrained
0.10449999990669312,Unconstrained
0.13039999976172112,Unconstrained
0.1266999997824314,Unconstrained
0.1388000000588363,Unconstrained
0.10849999989659409,Unconstrained
0.14349999992191442,Unconstrained
0.10139999994862592,Unconstrained
0.10480000037205173,Unconstrained
0.1650999997764302,Unconstrained
0.09829999999055872,Unconstrained
0.1661999999669206,Unconstrained
0.11760000006688642,Unconstrained
0.1007999999274034,Unconstrained
0.09749999981067958,Unconstrained
0.17109999998865533,Unconstrained
0.09759999966263422,Unconstrained
0.11679999988700729,Unconstrained
0.09799999997994746,Unconstrained
0.1565000002301531,Unconstrained
0.09899999986373587,Unconstrained
0.1629999997021514,Unconstrained
0.10729999985414906,Unconstrained
0.1297999997404986,Unconstrained
0.09920000002239249,Unconstrained
0.09780000027603819,Unconstrained
0.1111999999920954,Unconstrained
0.10390000034021796,Unconstrained
0.10579999980109278,Unconstrained
0.1038999998854706,Unconstrained
0.11080000012952951,Unconstrained
0.10520000023461762,Unconstrained
0.10509999992791563,Unconstrained
0.10479999991730438,Unconstrained
0.11530000028869836,Unconstrained
0.09749999981067958,Unconstrained
0.09879999970507924,Unconstrained
0.1046000002133951,Unconstrained
0.0988000001598266,Unconstrained
0.10859999974854873,Unconstrained
0.09950000003300374,Unconstrained
0.0990999997156905,Unconstrained
0.10160000010728254,Unconstrained
0.09829999999055872,Unconstrained
0.09799999997994746,Unconstrained
0.09869999985312461,Unconstrained
0.09829999999055872,Unconstrained
0.09920000002239249,Unconstrained
0.16830000004119938,Unconstrained
0.105000000075961,Unconstrained
0.11309999990771757,Unconstrained
0.10579999980109278,Unconstrained
0.09820000013860408,Unconstrained
0.09939999972630176,Unconstrained
0.11350000022503082,Unconstrained
0.10270000029777293,Unconstrained
0.09779999982129084,Unconstrained
0.09760000011738157,Unconstrained
0.09860000000116997,Unconstrained
0.0984000002972607,Unconstrained
0.0988000001598266,Unconstrained
0.09890000001178123,Unconstrained
0.0980999998319021,Unconstrained
0.09779999982129084,Unconstrained
0.09820000013860408,Unconstrained
0.09819999968385673,Unconstrained
0.11110000014014076,Unconstrained
0.09790000012799283,Unconstrained
0.105000000075961,Unconstrained
0.09799999997994746,Unconstrained
0.11309999990771757,Unconstrained
0.09810000028664945,Unconstrained
0.1094999997803825,Unconstrained
0.10530000008657225,Unconstrained
0.10789999987537158,Unconstrained
0.09839999984251335,Unconstrained
0.09779999982129084,Unconstrained
0.1007999999274034,Unconstrained
0.09760000011738157,Unconstrained
0.09820000013860408,Unconstrained
0.09900000031848322,Unconstrained
0.10300000030838419,Unconstrained
0.09839999984251335,Unconstrained
0.09860000000116997,Unconstrained
0.14940000028218492,Unconstrained
0.10130000009667128,Unconstrained
0.36289999979999266,Unconstrained
0.1971000001503853,Unconstrained
0.099800000043615,Unconstrained
0.16249999998763087,Unconstrained
0.09920000002239249,Unconstrained
0.11649999987639603,Unconstrained
0.10060000022349413,Unconstrained
0.11439999980211724,Unconstrained
0.13280000030135852,Unconstrained
0.11730000005627517,Unconstrained
0.09879999970507924,Unconstrained
0.09969999973691301,Unconstrained
0.1895999998851039,Unconstrained
0.12090000018361025,Unconstrained
0.2403000003141642,Unconstrained
0.29219999987617484,Unconstrained
0.18360000012762612,Unconstrained
0.18929999987449264,Unconstrained
0.20760000006703194,Unconstrained
0.23000000010142685,Unconstrained
0.09950000003300374,Unconstrained
0.09850000014921534,Unconstrained
0.23060000012264936,Unconstrained
0.10300000030838419,Unconstrained
0.24450000000797445,Unconstrained
0.18929999987449264,Unconstrained
0.15399999983856105,Unconstrained
0.2316999998583924,Unconstrained
0.26700000034907134,Unconstrained
0.23400000009132782,Unconstrained
0.17219999972439837,Unconstrained
0.10820000034073018,Unconstrained
0.0988000001598266,Unconstrained
0.09750000026542693,Unconstrained
0.12329999981375295,Unconstrained
0.1046000002133951,Unconstrained
0.17520000028525828,Unconstrained
0.09790000012799283,Unconstrained
0.17119999984060996,Unconstrained
0.15260000009220676,Unconstrained
0.2754000001914392,Unconstrained
0.09820000013860408,Unconstrained
0.09879999970507924,Unconstrained
0.09850000014921534,Unconstrained
0.09829999999055872,Unconstrained
0.09799999997994746,Unconstrained
0.09799999997994746,Unconstrained
0.10549999979048152,Unconstrained
0.09929999987434712,Unconstrained
0.13140000010025688,Unconstrained
0.09829999999055872,Unconstrained
0.09799999997994746,Unconstrained
0.13619999981528963,Unconstrained
0.09839999984251335,Unconstrained
0.115299999833951,Unconstrained
0.1150000002780871,Unconstrained
0.1532999999653839,Unconstrained
0.11979999999311985,Unconstrained
0.09910000017043785,Unconstrained
0.10179999981119181,Unconstrained
0.10759999986476032,Unconstrained
0.10540000039327424,Unconstrained
0.09850000014921534,Unconstrained
0.09860000000116997,Unconstrained
0.11689999973896192,Unconstrained
0.10689999999158317,Unconstrained
0.09940000018104911,Unconstrained
0.09799999997994746,Unconstrained
0.10390000034021796,Unconstrained
0.10000000020227162,Unconstrained
0.09870000030787196,Unconstrained
0.10309999970559147,Unconstrained
0.10440000005473848,Unconstrained
0.0980999998319021,Unconstrained
0.10049999991679215,Unconstrained
0.12800000013157842,Unconstrained
0.12070000002495362,Unconstrained
0.1071000001502398,Unconstrained
0.10169999995923718,Unconstrained
0.12180000021544402,Unconstrained
0.09890000001178123,Unconstrained
0.09829999999055872,Unconstrained
0.09829999999055872,Unconstrained
0.10440000005473848,Unconstrained
0.09820000013860408,Unconstrained
0.10189999966314645,Unconstrained
0.09819999968385673,Unconstrained
0.10729999985414906,Unconstrained
0.09950000003300374,Unconstrained
0.09799999997994746,Unconstrained
0.09779999982129084,Unconstrained
0.1104999996641709,Unconstrained
0.09890000001178123,Unconstrained
0.10470000006534974,Unconstrained
0.0976999999693362,Unconstrained
0.09989999989556964,Unconstrained
0.09929999987434712,Unconstrained
0.10370000018156134,Unconstrained
0.09910000017043785,Unconstrained
0.14989999999670545,Unconstrained
0.10410000004412723,Unconstrained
0.09759999966263422,Unconstrained
0.09829999999055872,Unconstrained
0.09960000033970573,Unconstrained
0.10149999980058055,Unconstrained
0.11670000003505265,Unconstrained
0.1111999999920954,Unconstrained
0.0984000002972607,Unconstrained
0.12500000002546585,Unconstrained
0.0984000002972607,Unconstrained
0.09940000018104911,Unconstrained
0.2679999997781124,Unconstrained
0.1029000000016822,Unconstrained
0.10700000029828516,Unconstrained
0.10109999993801466,Unconstrained
0.10380000003351597,Unconstrained
0.10430000020278385,Unconstrained
0.17209999987244373,Unconstrained
0.18009999985224567,Unconstrained
0.4320000002735469,Unconstrained
0.18730000010691583,Unconstrained
0.156799999786017,Unconstrained
0.11459999996077386,Unconstrained
0.2554999996391416,Unconstrained
0.11679999988700729,Unconstrained
0.10059999976874678,Unconstrained
0.12889999970866484,Unconstrained
0.09950000003300374,Unconstrained
0.09829999999055872,Unconstrained
0.09860000000116997,Unconstrained
0.1090999999178166,Unconstrained
0.11249999988649506,Unconstrained
0.16709999999875436,Unconstrained
0.10350000002290471,Unconstrained
0.09780000027603819,Unconstrained
0.09749999981067958,Unconstrained
0.09820000013860408,Unconstrained
0.10070000007544877,Unconstrained
0.09790000012799283,Unconstrained
0.158100000135164,Unconstrained
0.09829999999055872,Unconstrained
0.09789999967324547,Unconstrained
0.10419999989608186,Unconstrained
0.10419999989608186,Unconstrained
0.16169999980775174,Unconstrained
0.09759999966263422,Unconstrained
0.1824000000851811,Unconstrained
0.09730000010677031,Unconstrained
0.09799999997994746,Unconstrained
0.09739999995872495,Unconstrained
0.10180000026593916,Unconstrained
0.1029000000016822,Unconstrained
0.09760000011738157,Unconstrained
0.09900000031848322,Unconstrained
0.22630000012213713,Unconstrained
0.11609999955908279,Unconstrained
0.2887999999074964,Unconstrained
0.09850000014921534,Unconstrained
0.09810000028664945,Unconstrained
0.26440000010552467,Unconstrained
0.1521999997748935,Unconstrained
0.09780000027603819,Unconstrained
0.12050000032104435,Unconstrained
0.21010000000387663,Unconstrained
0.09749999981067958,Unconstrained
0.17069999967134208,Unconstrained
0.09850000014921534,Unconstrained
0.09799999997994746,Unconstrained
0.11570000015126425,Unconstrained
0.15559999974357197,Unconstrained
0.1301000002058572,Unconstrained
0.1266999997824314,Unconstrained
0.11959999983446323,Unconstrained
0.1164000000244414,Unconstrained
0.11559999984456226,Unconstrained
0.11659999972835067,Unconstrained
0.1318999998147774,Unconstrained
0.12500000002546585,Unconstrained
0.12520000018412247,Unconstrained
0.12579999975059764,Unconstrained
0.20050000011906377,Unconstrained
0.1312999997935549,Unconstrained
0.13630000012199162,Unconstrained
0.12900000001536682,Unconstrained
0.13080000007903436,Unconstrained
0.1270999996449973,Unconstrained
0.12369999967631884,Unconstrained
0.3400000000510772,Unconstrained
0.13100000023769098,Unconstrained
0.13209999997343402,Unconstrained
0.1420000003236055,Unconstrained
0.12620000006791088,Unconstrained
0.14399999963643495,Unconstrained
0.12620000006791088,Unconstrained
0.14830000009169453,Unconstrained
0.13350000017453567,Unconstrained
0.14199999986885814,Unconstrained
0.19930000007661874,Unconstrained
0.13139999964550952,Unconstrained
0.13869999975213432,Unconstrained
0.130899999930989,Unconstrained
0.12689999994108803,Unconstrained
0.12729999980365392,Unconstrained
0.13179999996282277,Unconstrained
0.19259999999121646,Unconstrained
0.1262999999198655,Unconstrained
0.13529999978345586,Unconstrained
0.24160000020856387,Unconstrained
0.13630000012199162,Unconstrained
0.23010000040812884,Unconstrained
0.13579999995272374,Unconstrained
0.13760000001639128,Unconstrained
0.21220000007815543,Unconstrained
0.1314999999522115,Unconstrained
0.132200000280136,Unconstrained
0.15940000002956367,Unconstrained
0.13239999998404528,Unconstrained
0.13140000010025688,Unconstrained
0.13190000026952475,Unconstrained
0.1461000001654611,Unconstrained
0.1254000003427791,Unconstrained
0.14689999989059288,Unconstrained
0.13179999996282277,Unconstrained
0.12639999977182015,Unconstrained
0.12660000038522412,Unconstrained
0.11510000013004174,Unconstrained
0.18080000018017017,Unconstrained
0.13159999980416615,Unconstrained
0.14669999973193626,Unconstrained
0.34839999989344506,Unconstrained
0.1602000002094428,Unconstrained
0.3676000001178181,Unconstrained
0.23600000031365198,Unconstrained
0.12079999987690826,Unconstrained
0.09869999985312461,Unconstrained
0.11399999993955134,Unconstrained
0.14049999981580186,Unconstrained
0.09860000000116997,Unconstrained
0.10179999981119181,Unconstrained
0.14480000027106144,Unconstrained
0.151599999753671,Unconstrained
0.1436999996258237,Unconstrained
0.14730000020790612,Unconstrained
0.1419000000169035,Unconstrained
0.3113000002485933,Unconstrained
0.37329999986468465,Unconstrained
0.32510000028196373,Unconstrained
0.2347999998164596,Unconstrained
0.1382000000376138,Unconstrained
0.09860000000116997,Unconstrained
0.10100000008606003,Unconstrained
0.09829999999055872,Unconstrained
0.10039999961009016,Unconstrained
0.1805999995667662,Unconstrained
0.2532999997129082,Unconstrained
0.16589999995630933,Unconstrained
0.26320000006307964,Unconstrained
0.10840000004463946,Unconstrained
0.09790000012799283,Unconstrained
0.10229999998045969,Unconstrained
0.2834000001712411,Unconstrained
0.11240000003454043,Unconstrained
0.10149999980058055,Unconstrained
0.27880000016011763,Unconstrained
0.19800000018221908,Unconstrained
0.1474999999118154,Unconstrained
0.14890000011291704,Unconstrained
0.1376999998683459,Unconstrained
0.36240000008547213,Unconstrained
0.189200000022538,Unconstrained
0.30929999957152177,Unconstrained
0.1961000002665969,Unconstrained
0.09910000017043785,Unconstrained
0.09799999997994746,Unconstrained
0.26559999969322234,Unconstrained
0.3053999998883228,Unconstrained
0.2365000000281725,Unconstrained
0.09950000003300374,Unconstrained
0.11240000003454043,Unconstrained
0.23529999998572748,Unconstrained
0.16689999984009773,Unconstrained
0.1674000000093656,Unconstrained
0.11649999987639603,Unconstrained
0.12799999967683107,Unconstrained
0.09779999982129084,Unconstrained
0.12520000018412247,Unconstrained
0.09860000000116997,Unconstrained
0.09820000013860408,Unconstrained
0.10070000007544877,Unconstrained
0.09799999997994746,Unconstrained
0.14319999991130317,Unconstrained
0.11360000007698545,Unconstrained
0.16340000001946464,Unconstrained
0.1617000002624991,Unconstrained
0.10840000004463946,Unconstrained
0.10100000008606003,Unconstrained
0.09810000028664945,Unconstrained
0.19669999983307207,Unconstrained
0.09820000013860408,Unconstrained
0.16050000022005406,Unconstrained
0.09869999985312461,Unconstrained
0.09799999997994746,Unconstrained
0.09899999986373587,Unconstrained
0.0988000001598266,Unconstrained
0.11160000030940864,Unconstrained
0.09920000002239249,Unconstrained
0.09849999969446799,Unconstrained
0.1019000001178938,Unconstrained
0.09869999985312461,Unconstrained
0.12409999999363208,Unconstrained
0.09869999985312461,Unconstrained
0.16999999979816494,Unconstrained
0.0988000001598266,Unconstrained
0.12349999997240957,Unconstrained
0.09829999999055872,Unconstrained
0.10100000008606003,Unconstrained
0.09760000011738157,Unconstrained
0.09829999999055872,Unconstrained
0.11959999983446323,Unconstrained
0.10309999970559147,Unconstrained
0.10169999995923718,Unconstrained
0.09910000017043785,Unconstrained
0.0976999999693362,Unconstrained
0.0984000002972607,Unconstrained
0.09850000014921534,Unconstrained
0.14239999973142403,Unconstrained
0.1370999998471234,Unconstrained
0.1364999998259009,Unconstrained
0.10740000016085105,Unconstrained
0.11169999970661593,Unconstrained
0.09799999997994746,Unconstrained
0.161999999818363,Unconstrained
0.2766000002338842,Unconstrained
0.1959000001079403,Unconstrained
0.41650000002846355,Unconstrained
0.1992000002246641,Unconstrained
0.3820000001724111,Unconstrained
0.30430000015257974,Unconstrained
0.414699999964796,Unconstrained
0.11409999979150598,Unconstrained
0.3793000000769098,Unconstrained
0.22369999987859046,Unconstrained
0.10519999977987027,Unconstrained
0.09870000030787196,Unconstrained
0.2895000002354209,Unconstrained
0.22259999968810007,Unconstrained
0.2110000000357104,Unconstrained
0.13770000032309326,Unconstrained
0.10509999992791563,Unconstrained
0.15559999974357197,Unconstrained
0.1318999998147774,Unconstrained
0.10800000018207356,Unconstrained
0.10210000027655042,Unconstrained
0.10199999996984843,Unconstrained
0.10589999965304742,Unconstrained
0.09760000011738157,Unconstrained
0.09910000017043785,Unconstrained
0.10020000036092824,Unconstrained
0.10210000027655042,Unconstrained
0.10999999994965037,Unconstrained
0.11559999984456226,Unconstrained
0.09799999997994746,Unconstrained
0.09750000026542693,Unconstrained
0.0990999997156905,Unconstrained
0.1523000000815955,Unconstrained
0.10359999987485935,Unconstrained
0.13390000003710156,Unconstrained
0.09810000028664945,Unconstrained
0.11069999982282752,Unconstrained
0.0976999999693362,Unconstrained
0.09849999969446799,Unconstrained
0.10450000036144047,Unconstrained
0.09860000000116997,Unconstrained
0.09870000030787196,Unconstrained
0.09860000000116997,Unconstrained
0.09839999984251335,Unconstrained
0.09869999985312461,Unconstrained
0.09860000000116997,Unconstrained
0.09779999982129084,Unconstrained
0.09730000010677031,Unconstrained
0.11089999998148414,Unconstrained
0.09869999985312461,Unconstrained
0.09870000030787196,Unconstrained
0.09839999984251335,Unconstrained
0.0988000001598266,Unconstrained
0.09829999999055872,Unconstrained
0.0976999999693362,Unconstrained
0.09949999957825639,Unconstrained
0.10069999962070142,Unconstrained
0.09829999999055872,Unconstrained
0.1029000000016822,Unconstrained
0.11649999987639603,Unconstrained
0.09829999999055872,Unconstrained
0.09790000012799283,Unconstrained
0.09850000014921534,Unconstrained
0.12180000021544402,Unconstrained
0.12080000033165561,Unconstrained
0.11289999974906095,Unconstrained
0.09799999997994746,Unconstrained
0.10539999993852689,Unconstrained
0.09860000000116997,Unconstrained
0.12459999970815261,Unconstrained
0.09719999980006833,Unconstrained
0.10630000042510801,Unconstrained
0.11479999966468313,Unconstrained
0.10169999995923718,Unconstrained
0.11039999981221627,Unconstrained
0.09860000000116997,Unconstrained
0.10729999985414906,Unconstrained
0.09790000012799283,Unconstrained
0.09920000002239249,Unconstrained
0.09779999982129084,Unconstrained
0.09929999987434712,Unconstrained
0.09789999967324547,Unconstrained
0.09829999999055872,Unconstrained
0.09860000000116997,Unconstrained
0.09829999999055872,Unconstrained
0.09799999997994746,Unconstrained
0.09850000014921534,Unconstrained
0.09829999999055872,Unconstrained
0.10040000006483751,Unconstrained
0.09970000019166037,Unconstrained
0.09950000003300374,Unconstrained
0.09899999986373587,Unconstrained
0.099800000043615,Unconstrained
0.10040000006483751,Unconstrained
0.11659999972835067,Unconstrained
0.18009999985224567,Unconstrained
0.09939999972630176,Unconstrained
0.19359999987500487,Unconstrained
0.09839999984251335,Unconstrained
0.13070000022707973,Unconstrained
0.2524999999877764,Unconstrained
0.10549999979048152,Unconstrained
0.19780000002356246,Unconstrained
0.14430000010179356,Unconstrained
0.1513000001978071,Unconstrained
0.15800000028320937,Unconstrained
0.23989999999685097,Unconstrained
0.1098000002457411,Unconstrained
0.09940000018104911,Unconstrained
0.1011999997899693,Unconstrained
0.15929999972286168,Unconstrained
0.10070000007544877,Unconstrained
0.12570000035339035,Unconstrained
0.16349999987141928,Unconstrained
0.12310000010984368,Unconstrained
0.13319999970917706,Unconstrained
0.11969999968641787,Unconstrained
0.11240000003454043,Unconstrained
0.38090000043666805,Unconstrained
0.12700000024779,Unconstrained
0.16959999993559904,Unconstrained
0.3630999999586493,Unconstrained
0.09839999984251335,Unconstrained
0.38130000029923394,Unconstrained
0.1502000000073167,Unconstrained
0.13170000011086813,Unconstrained
0.10160000010728254,Unconstrained
0.10229999998045969,Unconstrained
0.10269999984302558,Unconstrained
0.12370000013106619,Unconstrained
0.09780000027603819,Unconstrained
0.11660000018309802,Unconstrained
0.11680000034175464,Unconstrained
0.10790000033011893,Unconstrained
0.10530000008657225,Unconstrained
0.0984000002972607,Unconstrained
0.09829999999055872,Unconstrained
0.11670000003505265,Unconstrained
0.09790000012799283,Unconstrained
0.09850000014921534,Unconstrained
0.09879999970507924,Unconstrained
0.2283000003444613,Unconstrained
0.16139999979714048,Unconstrained
0.13730000000578002,Unconstrained
0.3480999998828338,Unconstrained
0.26220000017929124,Unconstrained
0.38540000014108955,Unconstrained
0.17710000020088046,Unconstrained
0.21099999958096305,Unconstrained
0.16559999994569807,Unconstrained
0.17870000010589138,Unconstrained
0.37500000007639755,Unconstrained
0.34270000014657853,Unconstrained
0.20399999993969686,Unconstrained
0.15310000026147463,Unconstrained
0.11610000001383014,Unconstrained
0.1523000000815955,Unconstrained
0.215099999877566,Unconstrained
0.19109999993816018,Unconstrained
0.10419999989608186,Unconstrained
0.41460000011284137,Unconstrained
0.38380000023607863,Unconstrained
0.29230000018287683,Unconstrained
0.36599999975805986,Unconstrained
0.3762999999707972,Unconstrained
0.17830000024332548,Unconstrained
0.16959999993559904,Unconstrained
0.10740000016085105,Unconstrained
0.10539999993852689,Unconstrained
0.10400000019217259,Unconstrained
0.10649999967426993,Unconstrained
0.09759999966263422,Unconstrained
0.10010000005422626,Unconstrained
0.1094999997803825,Unconstrained
0.1059999999597494,Unconstrained
0.10849999989659409,Unconstrained
0.10860000020329608,Unconstrained
0.21259999994072132,Unconstrained
0.09899999986373587,Unconstrained
0.09940000018104911,Unconstrained
0.09829999999055872,Unconstrained
0.10560000009718351,Unconstrained
0.10109999993801466,Unconstrained
0.10399999973742524,Unconstrained
0.10239999983241432,Unconstrained
0.09760000011738157,Unconstrained
0.09690000024420442,Unconstrained
0.0976999999693362,Unconstrained
0.09810000028664945,Unconstrained
0.09970000019166037,Unconstrained
0.10139999994862592,Unconstrained
0.10120000024471665,Unconstrained
0.2337999999326712,Unconstrained
0.19840000004478497,Unconstrained
0.20310000036261044,Unconstrained
0.22949999993215897,Unconstrained
0.09899999986373587,Unconstrained
0.09879999970507924,Unconstrained
0.09760000011738157,Unconstrained
0.09829999999055872,Unconstrained
0.09829999999055872,Unconstrained
0.23950000013428507,Unconstrained
0.45350000027610804,Unconstrained
0.14829999963694718,Unconstrained
0.184100000296894,Unconstrained
0.2276000000165368,Unconstrained
0.17539999998916755,Unconstrained
0.16780000032667886,Unconstrained
0.15709999979662825,Unconstrained
0.11549999999260763,Unconstrained
0.14940000028218492,Unconstrained
0.09860000000116997,Unconstrained
0.09820000013860408,Unconstrained
0.09819999968385673,Unconstrained
0.09839999984251335,Unconstrained
0.10080000038215076,Unconstrained
0.1077000001714623,Unconstrained
0.09799999997994746,Unconstrained
0.0988000001598266,Unconstrained
0.09819999968385673,Unconstrained
0.09790000012799283,Unconstrained
0.1318999998147774,Unconstrained
0.10139999994862592,Unconstrained
0.1451000002816727,Unconstrained
0.10540000039327424,Unconstrained
0.16830000004119938,Unconstrained
0.10840000004463946,Unconstrained
0.14609999971071375,Unconstrained
0.09890000001178123,Unconstrained
0.17779999961931026,Unconstrained
0.10829999973793747,Unconstrained
0.0984000002972607,Unconstrained
0.1011999997899693,Unconstrained
0.09869999985312461,Unconstrained
0.11580000000321888,Unconstrained
0.09779999982129084,Unconstrained
0.21939999987807823,Unconstrained
0.09799999997994746,Unconstrained
0.09790000012799283,Unconstrained
0.1032999998642481,Unconstrained
0.10610000026645139,Unconstrained
0.10400000019217259,Unconstrained
0.10199999996984843,Unconstrained
0.1596000001882203,Unconstrained
0.10160000010728254,Unconstrained
0.1667999999881431,Unconstrained
0.09939999972630176,Unconstrained
0.10509999992791563,Unconstrained
0.09820000013860408,Unconstrained
0.09790000012799283,Unconstrained
0.10699999984353781,Unconstrained
0.10459999975864775,Unconstrained
0.18159999990530196,Unconstrained
0.10509999992791563,Unconstrained
0.14559999999619322,Unconstrained
0.11760000006688642,Unconstrained
0.15880000000834116,Unconstrained
0.09739999995872495,Unconstrained
0.09930000032909447,Unconstrained
0.10010000005422626,Unconstrained
0.09839999984251335,Unconstrained
0.09799999997994746,Unconstrained
0.09959999988495838,Unconstrained
0.10060000022349413,Unconstrained
0.09750000026542693,Unconstrained
0.10920000022451859,Unconstrained
0.12079999987690826,Unconstrained
0.10919999976977124,Unconstrained
0.1837999998315354,Unconstrained
0.11459999996077386,Unconstrained
0.09900000031848322,Unconstrained
0.09820000013860408,Unconstrained
0.10600000041449675,Unconstrained
0.11840000024676556,Unconstrained
0.09839999984251335,Unconstrained
0.15899999971225043,Unconstrained
0.09930000032909447,Unconstrained
0.10250000013911631,Unconstrained
0.11519999998199637,Unconstrained
0.09760000011738157,Unconstrained
0.09850000014921534,Unconstrained
0.09799999997994746,Unconstrained
0.16629999981887522,Unconstrained
0.09930000032909447,Unconstrained
0.09829999999055872,Unconstrained
0.10780000002341694,Unconstrained
0.09960000033970573,Unconstrained
0.10229999998045969,Unconstrained
0.09920000002239249,Unconstrained
0.19210000027669594,Unconstrained
0.16709999999875436,Unconstrained
0.17849999994723476,Unconstrained
0.09849999969446799,Unconstrained
0.11670000003505265,Unconstrained
0.10699999984353781,Unconstrained
0.0980999998319021,Unconstrained
0.09910000017043785,Unconstrained
0.09779999982129084,Unconstrained
0.20229999972798396,Unconstrained
0.10199999996984843,Unconstrained
0.16179999965970637,Unconstrained
0.10280000014972757,Unconstrained
0.10169999995923718,Unconstrained
0.09720000025481568,Unconstrained
0.09910000017043785,Unconstrained
0.1301999996030645,Unconstrained
0.10370000018156134,Unconstrained
0.1596000001882203,Unconstrained
0.09779999982129084,Unconstrained
0.1121999998758838,Unconstrained
0.1063999998223153,Unconstrained
0.09860000000116997,Unconstrained
0.11560000029930961,Unconstrained
0.09849999969446799,Unconstrained
0.09940000018104911,Unconstrained
0.09799999997994746,Unconstrained
0.09810000028664945,Unconstrained
0.1019000001178938,Unconstrained
0.1019000001178938,Unconstrained
0.11519999998199637,Unconstrained
0.09870000030787196,Unconstrained
0.14989999999670545,Unconstrained
0.09789999967324547,Unconstrained
0.10259999999107094,Unconstrained
0.0980999998319021,Unconstrained
0.09890000001178123,Unconstrained
0.11059999997087289,Unconstrained
0.09829999999055872,Unconstrained
0.09910000017043785,Unconstrained
0.10199999996984843,Unconstrained
0.16380000033677788,Unconstrained
0.14039999996384722,Unconstrained
0.0984000002972607,Unconstrained
0.10799999972732621,Unconstrained
0.0988000001598266,Unconstrained
0.14799999962633592,Unconstrained
0.30180000021573505,Unconstrained
0.11740000036297715,Unconstrained
0.10199999996984843,Unconstrained
0.10259999999107094,Unconstrained
0.10160000010728254,Unconstrained
0.10239999983241432,Unconstrained
0.10459999975864775,Unconstrained
0.10199999996984843,Unconstrained
0.1482000002397399,Unconstrained
0.10229999998045969,Unconstrained
0.10160000010728254,Unconstrained
0.10130000009667128,Unconstrained
0.1019000001178938,Unconstrained
0.12500000002546585,Unconstrained
0.10160000010728254,Unconstrained
0.1019000001178938,Unconstrained
0.0980999998319021,Unconstrained
0.13870000020688167,Unconstrained
0.3575000000637374,Unconstrained
0.18120000004273606,Unconstrained
0.11379999978089472,Unconstrained
0.10590000010779477,Unconstrained
0.09930000032909447,Unconstrained
0.09970000019166037,Unconstrained
0.10490000022400636,Unconstrained
0.10530000008657225,Unconstrained
0.10930000007647322,Unconstrained
0.11660000018309802,Unconstrained
0.10370000018156134,Unconstrained
0.10580000025584013,Unconstrained
0.10370000018156134,Unconstrained
0.11270000004515168,Unconstrained
0.15529999973296071,Unconstrained
0.10609999981170404,Unconstrained
0.11179999955857056,Unconstrained
0.10580000025584013,Unconstrained
0.10930000007647322,Unconstrained
0.10479999991730438,Unconstrained
0.10540000039327424,Unconstrained
0.14379999993252568,Unconstrained
0.09810000028664945,Unconstrained
0.1554000000396627,Unconstrained
0.09869999985312461,Unconstrained
0.09829999999055872,Unconstrained
0.09900000031848322,Unconstrained
0.09849999969446799,Unconstrained
0.09899999986373587,Unconstrained
0.09829999999055872,Unconstrained
0.12960000003658934,Unconstrained
0.12500000002546585,Unconstrained
0.10060000022349413,Unconstrained
0.10799999972732621,Unconstrained
0.13159999980416615,Unconstrained
0.09879999970507924,Unconstrained
0.09860000000116997,Unconstrained
0.11150000000270666,Unconstrained
0.352500000190048,Unconstrained
0.26369999977760017,Unconstrained
0.23119999968912452,Unconstrained
0.10259999999107094,Unconstrained
0.1129000002038083,Unconstrained
0.36200000022290624,Unconstrained
0.19780000002356246,Unconstrained
0.4122000000279513,Unconstrained
0.21120000019436702,Unconstrained
0.22809999973105732,Unconstrained
0.12169999990874203,Unconstrained
0.2230000000054133,Unconstrained
0.10640000027706265,Unconstrained
0.1029000000016822,Unconstrained
0.2774999998109706,Unconstrained
0.1999999999497959,Unconstrained
0.11140000015075202,Unconstrained
0.15260000009220676,Unconstrained
0.10559999964243616,Unconstrained
0.24029999985941686,Unconstrained
0.1029000000016822,Unconstrained
0.3258000001551409,Unconstrained
0.2633999997669889,Unconstrained
0.11200000017197453,Unconstrained
0.10800000018207356,Unconstrained
0.14099999998506973,Unconstrained
0.09800000043469481,Unconstrained
0.0990999997156905,Unconstrained
0.17979999984163442,Unconstrained
0.22429999989981297,Unconstrained
0.23659999988012714,Unconstrained
0.1971000001503853,Unconstrained
0.11450000010881922,Unconstrained
0.1643000000512984,Unconstrained
0.0990999997156905,Unconstrained
0.0984000002972607,Unconstrained
0.10299999985363684,Unconstrained
0.10070000007544877,Unconstrained
0.15740000026198686,Unconstrained
0.10440000005473848,Unconstrained
0.14359999977386906,Unconstrained
0.10029999975813553,Unconstrained
0.09929999987434712,Unconstrained
0.09969999973691301,Unconstrained
0.11720000020432053,Unconstrained
0.14099999998506973,Unconstrained
0.12349999997240957,Unconstrained
0.12190000006739865,Unconstrained
0.09929999987434712,Unconstrained
0.12310000010984368,Unconstrained
0.09930000032909447,Unconstrained
0.11750000021493179,Unconstrained
0.09799999997994746,Unconstrained
0.10740000016085105,Unconstrained
0.1032999998642481,Unconstrained
0.11540000014065299,Unconstrained
0.09929999987434712,Unconstrained
0.1007999999274034,Unconstrained
0.10210000027655042,Unconstrained
0.2647000001161359,Unconstrained
0.22599999965677853,Unconstrained
0.2724000000853266,Unconstrained
0.12659999993047677,Unconstrained
0.09929999987434712,Unconstrained
0.10239999983241432,Unconstrained
0.09879999970507924,Unconstrained
0.09839999984251335,Unconstrained
0.09869999985312461,Unconstrained
0.10320000001229346,Unconstrained
0.09940000018104911,Unconstrained
0.09929999987434712,Unconstrained
0.17529999968246557,Unconstrained
0.10320000001229346,Unconstrained
0.16460000006190967,Unconstrained
0.09950000003300374,Unconstrained
0.3918000002158806,Unconstrained
0.09860000000116997,Unconstrained
0.17750000006344635,Unconstrained
0.09969999973691301,Unconstrained
0.17040000011547818,Unconstrained
0.09849999969446799,Unconstrained
0.10019999990618089,Unconstrained
0.09890000001178123,Unconstrained
0.12830000014218967,Unconstrained
0.10519999977987027,Unconstrained
0.09850000014921534,Unconstrained
0.0988000001598266,Unconstrained
0.22889999991093646,Unconstrained
0.1133000000663742,Unconstrained
0.45109999973647064,Unconstrained
0.110200000108307,Unconstrained
0.09930000032909447,Unconstrained
0.11249999988649506,Unconstrained
0.11619999986578478,Unconstrained
0.09849999969446799,Unconstrained
0.09900000031848322,Unconstrained
0.11279999989710632,Unconstrained
0.19739999970624922,Unconstrained
0.110200000108307,Unconstrained
0.1216000000567874,Unconstrained
0.13249999983599992,Unconstrained
0.14460000011240481,Unconstrained
0.1391999999214022,Unconstrained
0.13620000027003698,Unconstrained
0.13040000021646847,Unconstrained
0.13140000010025688,Unconstrained
0.1260999997612089,Unconstrained
0.13170000011086813,Unconstrained
0.13159999980416615,Unconstrained
0.13589999980467837,Unconstrained
0.1374999997096893,Unconstrained
0.1571000002513756,Unconstrained
0.13209999997343402,Unconstrained
0.12729999980365392,Unconstrained
0.12549999973998638,Unconstrained
0.12539999988803174,Unconstrained
0.1260000003640016,Unconstrained
0.13119999994160025,Unconstrained
0.13320000016392441,Unconstrained
0.12539999988803174,Unconstrained
0.1264000002265675,Unconstrained
0.13230000013209064,Unconstrained
0.12549999973998638,Unconstrained
0.1314999999522115,Unconstrained
0.13440000020636944,Unconstrained
0.12719999995169928,Unconstrained
0.13989999979457934,Unconstrained
0.1264000002265675,Unconstrained
0.1322999996773433,Unconstrained
0.13750000016443664,Unconstrained
0.12749999996231054,Unconstrained
0.14469999996435945,Unconstrained
0.1289000001634122,Unconstrained
0.12870000000475557,Unconstrained
0.21550000019487925,Unconstrained
0.13380000018514693,Unconstrained
0.1266999997824314,Unconstrained
0.14839999994364916,Unconstrained
0.1312999997935549,Unconstrained
0.125699999898643,Unconstrained
0.19239999983255984,Unconstrained
0.125800000205345,Unconstrained
0.12650000007852213,Unconstrained
0.3979999996772676,Unconstrained
0.12150000020483276,Unconstrained
0.12650000007852213,Unconstrained
0.1947999999174499,Unconstrained
0.1287999998567102,Unconstrained
0.12620000006791088,Unconstrained
0.12689999994108803,Unconstrained
0.13319999970917706,Unconstrained
0.132200000280136,Unconstrained
0.13239999998404528,Unconstrained
0.1274000001103559,Unconstrained
0.1283999999941443,Unconstrained
0.13410000019575818,Unconstrained
0.12689999994108803,Unconstrained
0.13290000015331316,Unconstrained
0.1320000001214794,Unconstrained
0.13269999999465654,Unconstrained
0.13320000016392441,Unconstrained
0.13119999994160025,Unconstrained
0.1370999998471234,Unconstrained
0.36200000022290624,Unconstrained
0.26900000011664815,Unconstrained
0.13760000001639128,Unconstrained
0.1442999996470462,Unconstrained
0.14000000010128133,Unconstrained
0.431500000104279,Unconstrained
0.1019000001178938,Unconstrained
0.250199999754841,Unconstrained
0.10169999995923718,Unconstrained
0.09890000001178123,Unconstrained
0.15250000024025212,Unconstrained
0.22960000023886096,Unconstrained
0.11630000017248676,Unconstrained
0.10490000022400636,Unconstrained
0.11999999969702912,Unconstrained
0.10440000005473848,Unconstrained
0.12190000006739865,Unconstrained
0.3111999999418913,Unconstrained
0.14460000011240481,Unconstrained
0.13119999994160025,Unconstrained
0.13209999997343402,Unconstrained
0.20820000008825446,Unconstrained
0.14929999997548293,Unconstrained
0.1370999998471234,Unconstrained
0.16329999971276266,Unconstrained
0.13109999963489827,Unconstrained
0.13099999978294363,Unconstrained
0.14719999990120414,Unconstrained
0.13110000008964562,Unconstrained
0.13170000011086813,Unconstrained
0.1328999996985658,Unconstrained
0.13850000004822505,Unconstrained
0.13999999964653398,Unconstrained
0.13340000032258104,Unconstrained
0.12970000034329132,Unconstrained
0.132200000280136,Unconstrained
0.14629999986937037,Unconstrained
0.1407999998264131,Unconstrained
0.13199999966673204,Unconstrained
0.1374999997096893,Unconstrained
0.13179999996282277,Unconstrained
0.1314999999522115,Unconstrained
0.14110000029177172,Unconstrained
0.13739999985773466,Unconstrained
0.13690000014321413,Unconstrained
0.13720000015382539,Unconstrained
0.13690000014321413,Unconstrained
0.1388000000588363,Unconstrained
0.15110000003915047,Unconstrained
0.23509999982707086,Unconstrained
0.1378000001750479,Unconstrained
0.13850000004822505,Unconstrained
0.14620000001741573,Unconstrained
0.15040000016597332,Unconstrained
0.12300000025788904,Unconstrained
0.23160000000643777,Unconstrained
0.19209999982194859,Unconstrained
0.17380000008415664,Unconstrained
0.10359999987485935,Unconstrained
0.23480000027120695,Unconstrained
0.09940000018104911,Unconstrained
0.1967999996850267,Unconstrained
0.13620000027003698,Unconstrained
0.14270000019678264,Unconstrained
0.1615999999557971,Unconstrained
0.3417000002627901,Unconstrained
0.32980000014504185,Unconstrained
0.13309999985722243,Unconstrained
0.10780000002341694,Unconstrained
0.14299999975264654,Unconstrained
0.15840000014577527,Unconstrained
0.15450000000782893,Unconstrained
0.15419999999721767,Unconstrained
0.15660000008210773,Unconstrained
0.15110000003915047,Unconstrained
0.13600000011138036,Unconstrained
0.22390000003724708,Unconstrained
0.287699999717006,Unconstrained
0.26220000017929124,Unconstrained
0.10049999991679215,Unconstrained
0.1316000002589135,Unconstrained
0.15809999968041666,Unconstrained
0.25700000014694524,Unconstrained
0.14009999995323597,Unconstrained
0.14520000013362733,Unconstrained
0.20610000001397566,Unconstrained
0.14659999987998162,Unconstrained
0.32110000029206276,Unconstrained
0.330500000018219,Unconstrained
0.22559999979421264,Unconstrained
0.18159999990530196,Unconstrained
0.4155999999966298,Unconstrained
0.10240000028716167,Unconstrained
0.0988000001598266,Unconstrained
0.1090999999178166,Unconstrained
0.13899999976274557,Unconstrained
0.15029999985927134,Unconstrained
0.15009999970061472,Unconstrained
0.41329999976369436,Unconstrained
0.32830000009198557,Unconstrained
0.11919999997189734,Unconstrained
0.10479999991730438,Unconstrained
0.10689999999158317,Unconstrained
0.10410000004412723,Unconstrained
0.13239999998404528,Unconstrained
0.14459999965765746,Unconstrained
0.13829999988956843,Unconstrained
0.14779999992242665,Unconstrained
0.23400000009132782,Unconstrained
0.13219999982538866,Unconstrained
0.1326000001427019,Unconstrained
0.13110000008964562,Unconstrained
0.12729999980365392,Unconstrained
0.17739999975674436,Unconstrained
0.13209999997343402,Unconstrained
0.1449999999749707,Unconstrained
0.13230000013209064,Unconstrained
0.13639999997394625,Unconstrained
0.13140000010025688,Unconstrained
0.1318999998147774,Unconstrained
0.20760000006703194,Unconstrained
0.1490999998168263,Unconstrained
0.13850000004822505,Unconstrained
0.13760000001639128,Unconstrained
0.13760000001639128,Unconstrained
0.13230000013209064,Unconstrained
0.13899999976274557,Unconstrained
0.23929999997562845,Unconstrained
0.13219999982538866,Unconstrained
0.1619000004211557,Unconstrained
0.21440000000438886,Unconstrained
0.1467000001866836,Unconstrained
0.13369999987844494,Unconstrained
0.15200000007098424,Unconstrained
0.2494000000297092,Unconstrained
0.14529999998558196,Unconstrained
0.1459999998587591,Unconstrained
0.13730000000578002,Unconstrained
0.1316000002589135,Unconstrained
0.1316000002589135,Unconstrained
0.1314999999522115,Unconstrained
0.21629999992001103,Unconstrained
0.12670000023717876,Unconstrained
0.13639999997394625,Unconstrained
0.13179999996282277,Unconstrained
0.1430000002073939,Unconstrained
0.1366999999845575,Unconstrained
0.13179999996282277,Unconstrained
0.30879999985700124,Unconstrained
0.12240000023666653,Unconstrained
0.13269999999465654,Unconstrained
0.12689999994108803,Unconstrained
0.13170000011086813,Unconstrained
0.1314999999522115,Unconstrained
0.12710000009974465,Unconstrained
0.1301000002058572,Unconstrained
0.1330000000052678,Unconstrained
0.20250000034138793,Unconstrained
0.1318999998147774,Unconstrained
0.146500000028027,Unconstrained
0.13650000028064824,Unconstrained
0.130899999930989,Unconstrained
0.1326000001427019,Unconstrained
0.13159999980416615,Unconstrained
0.19770000017160783,Unconstrained
0.1305000000684231,Unconstrained
0.13100000023769098,Unconstrained
0.13029999990976648,Unconstrained
0.13039999976172112,Unconstrained
0.13850000004822505,Unconstrained
0.13099999978294363,Unconstrained
0.21049999986644252,Unconstrained
0.1320000001214794,Unconstrained
0.19830000019283034,Unconstrained
0.13309999985722243,Unconstrained
0.1511999998911051,Unconstrained
0.13779999972030055,Unconstrained
0.13130000024830224,Unconstrained
0.19780000002356246,Unconstrained
0.13239999998404528,Unconstrained
0.1480999999330379,Unconstrained
0.13579999995272374,Unconstrained
0.12590000005729962,Unconstrained
0.1382000000376138,Unconstrained
0.13690000014321413,Unconstrained
0.14869999995426042,Unconstrained
0.13290000015331316,Unconstrained
0.13639999997394625,Unconstrained
0.11989999984507449,Unconstrained
0.12650000007852213,Unconstrained
0.13140000010025688,Unconstrained
0.13059999992037774,Unconstrained
0.23839999994379468,Unconstrained
0.13130000024830224,Unconstrained
0.13179999996282277,Unconstrained
0.1305000000684231,Unconstrained
0.23839999994379468,Unconstrained
0.10070000007544877,Unconstrained
0.09890000001178123,Unconstrained
0.10509999992791563,Unconstrained
0.11740000036297715,Unconstrained
0.13159999980416615,Unconstrained
0.1314999999522115,Unconstrained
0.3416999998080428,Unconstrained
0.10169999995923718,Unconstrained
0.11649999987639603,Unconstrained
0.2044999996542174,Unconstrained
0.17070000012608944,Unconstrained
0.09849999969446799,Unconstrained
0.11230000018258579,Unconstrained
0.27189999991605873,Unconstrained
0.10600000041449675,Unconstrained
0.10920000022451859,Unconstrained
0.13020000005781185,Unconstrained
0.13829999988956843,Unconstrained
0.14319999991130317,Unconstrained
0.2653999999893131,Unconstrained
0.1364000004286936,Unconstrained
0.13540000009015785,Unconstrained
0.1320000001214794,Unconstrained
0.14689999989059288,Unconstrained
0.20180000001346343,Unconstrained
0.1374999997096893,Unconstrained
0.13829999988956843,Unconstrained
0.137400000312482,Unconstrained
0.11799999992945231,Unconstrained
0.11630000017248676,Unconstrained
0.1318999998147774,Unconstrained
0.19089999977950356,Unconstrained
0.13739999985773466,Unconstrained
0.13850000004822505,Unconstrained
0.13170000011086813,Unconstrained
0.14310000005934853,Unconstrained
0.1312000003963476,Unconstrained
0.2478999999766529,Unconstrained
0.22919999992154771,Unconstrained
0.1809000000321248,Unconstrained
0.10990000009769574,Unconstrained
0.09910000017043785,Unconstrained
0.1370999998471234,Unconstrained
0.15859999984968454,Unconstrained
0.2866999998332176,Unconstrained
0.11470000026747584,Unconstrained
0.31050000006871414,Unconstrained
0.1104999996641709,Unconstrained
0.09829999999055872,Unconstrained
0.11780000022554304,Unconstrained
0.19290000000182772,Unconstrained
0.13859999990017968,Unconstrained
0.16009999990274082,Unconstrained
0.13900000021749293,Unconstrained
0.13710000030187075,Unconstrained
0.2081999996335071,Unconstrained
0.2164999996239203,Unconstrained
0.14760000021851738,Unconstrained
0.13799999987895717,Unconstrained
0.13140000010025688,Unconstrained
0.13110000008964562,Unconstrained
0.13190000026952475,Unconstrained
0.15339999981733854,Unconstrained
0.12570000035339035,Unconstrained
0.2927000000454427,Unconstrained
0.27110000019092695,Unconstrained
0.14370000008057104,Unconstrained
0.09779999982129084,Unconstrained
0.1081000000340282,Unconstrained
0.11230000018258579,Unconstrained
0.14379999993252568,Unconstrained
0.15809999968041666,Unconstrained
0.3158000004077621,Unconstrained
0.277399999959016,Unconstrained
0.10379999957876862,Unconstrained
0.2496000001883658,Unconstrained
0.3879999999298889,Unconstrained
0.23389999978462583,Unconstrained
0.18809999983204762,Unconstrained
0.1976000003196532,Unconstrained
0.13589999980467837,Unconstrained
0.09860000000116997,Unconstrained
0.09920000002239249,Unconstrained
0.09829999999055872,Unconstrained
0.24429999984931783,Unconstrained
0.19239999983255984,Unconstrained
0.283900000340509,Unconstrained
0.19949999978052801,Unconstrained
0.15609999991283985,Unconstrained
0.10930000007647322,Unconstrained
0.09829999999055872,Unconstrained
0.23539999983768212,Unconstrained
0.14950000013413955,Unconstrained
0.10860000020329608,Unconstrained
0.09860000000116997,Unconstrained
0.25550000009388896,Unconstrained
0.10490000022400636,Unconstrained
0.10229999998045969,Unconstrained
0.10020000036092824,Unconstrained
0.0984000002972607,Unconstrained
0.12789999982487643,Unconstrained
0.10299999985363684,Unconstrained
0.09950000003300374,Unconstrained
0.10350000002290471,Unconstrained
0.10039999961009016,Unconstrained
0.10969999993903912,Unconstrained
0.10520000023461762,Unconstrained
0.10310000016033882,Unconstrained
0.15089999988049385,Unconstrained
0.09839999984251335,Unconstrained
0.09890000001178123,Unconstrained
0.17429999979867716,Unconstrained
0.10440000005473848,Unconstrained
0.18580000005385955,Unconstrained
0.09940000018104911,Unconstrained
0.09910000017043785,Unconstrained
0.09890000001178123,Unconstrained
0.1498000001447508,Unconstrained
0.1384000001962704,Unconstrained
0.1326000001427019,Unconstrained
0.14379999993252568,Unconstrained
0.13870000020688167,Unconstrained
0.19729999985429458,Unconstrained
0.1305000000684231,Unconstrained
0.14740000005986076,Unconstrained
0.1254000003427791,Unconstrained
0.14659999987998162,Unconstrained
0.13589999980467837,Unconstrained
0.13549999994211248,Unconstrained
0.13829999988956843,Unconstrained
0.130899999930989,Unconstrained
0.13589999980467837,Unconstrained
0.14540000029228395,Unconstrained
0.1357000001007691,Unconstrained
0.2106000001731445,Unconstrained
0.13770000032309326,Unconstrained
0.15149999990171636,Unconstrained
0.13760000001639128,Unconstrained
0.13059999992037774,Unconstrained
0.12999999989915523,Unconstrained
0.1299000000472006,Unconstrained
0.23659999988012714,Unconstrained
0.13660000013260287,Unconstrained
0.14370000008057104,Unconstrained
0.12500000002546585,Unconstrained
0.1299000000472006,Unconstrained
0.12440000000424334,Unconstrained
0.12480000032155658,Unconstrained
0.2104000000144879,Unconstrained
0.1305000000684231,Unconstrained
0.15010000015536207,Unconstrained
0.1305000000684231,Unconstrained
0.13579999995272374,Unconstrained
0.13830000034431578,Unconstrained
0.13489999992088997,Unconstrained
0.2061999998659303,Unconstrained
0.1353999996354105,Unconstrained
0.1419000000169035,Unconstrained
0.10870000005525071,Unconstrained
0.3436000001784123,Unconstrained
0.2843000002030749,Unconstrained
0.2165999999306223,Unconstrained
0.11530000028869836,Unconstrained
0.15759999996589613,Unconstrained
0.09779999982129084,Unconstrained
0.12000000015177648,Unconstrained
0.09799999997994746,Unconstrained
0.09749999981067958,Unconstrained
0.11140000015075202,Unconstrained
0.21590000005744514,Unconstrained
0.136099999963335,Unconstrained
0.1364999998259009,Unconstrained
0.13730000000578002,Unconstrained
0.13170000011086813,Unconstrained
0.15080000002853922,Unconstrained
0.12960000003658934,Unconstrained
0.1986000002034416,Unconstrained
0.13889999991079094,Unconstrained
0.13209999997343402,Unconstrained
0.1306000003751251,Unconstrained
0.13140000010025688,Unconstrained
0.12490000017351122,Unconstrained
0.13009999975110986,Unconstrained
0.13600000011138036,Unconstrained
0.13369999987844494,Unconstrained
0.1754999998411222,Unconstrained
0.13119999994160025,Unconstrained
0.21120000019436702,Unconstrained
0.13489999992088997,Unconstrained
0.12969999988854397,Unconstrained
0.13140000010025688,Unconstrained
0.14839999994364916,Unconstrained
0.1440000000911823,Unconstrained
0.14509999982692534,Unconstrained
0.16000000005078618,Unconstrained
0.13619999981528963,Unconstrained
0.13119999994160025,Unconstrained
0.17430000025342451,Unconstrained
0.13179999996282277,Unconstrained
0.13480000006893533,Unconstrained
0.13140000010025688,Unconstrained
0.14029999965714524,Unconstrained
0.13169999965612078,Unconstrained
0.1480999999330379,Unconstrained
0.1430000002073939,Unconstrained
0.13699999999516876,Unconstrained
0.1384000001962704,Unconstrained
0.1374999997096893,Unconstrained
0.3701000000546628,Unconstrained
0.10530000008657225,Unconstrained
0.10220000012850505,Unconstrained
0.12289999995118706,Unconstrained
0.13140000010025688,Unconstrained
0.38059999997130944,Unconstrained
0.29949999998279964,Unconstrained
0.34069999992425437,Unconstrained
0.178900000264548,Unconstrained
0.31439999975191313,Unconstrained
0.16649999997753184,Unconstrained
0.09850000014921534,Unconstrained
0.09860000000116997,Unconstrained
0.10129999964192393,Unconstrained
0.20549999999275315,Unconstrained
0.1370999998471234,Unconstrained
0.15179999991232762,Unconstrained
0.13730000000578002,Unconstrained
0.3378999999767984,Unconstrained
0.13790000002700253,Unconstrained
0.1019000001178938,Unconstrained
0.10659999998097192,Unconstrained
0.1314999999522115,Unconstrained
0.1378000001750479,Unconstrained
0.3277999999227177,Unconstrained
0.36940000018148567,Unconstrained
0.3494999996291881,Unconstrained
0.10109999993801466,Unconstrained
0.09790000012799283,Unconstrained
0.23149999969973578,Unconstrained
0.23179999971034704,Unconstrained
0.2314000003025285,Unconstrained
0.2312999999958265,Unconstrained
0.2266000001327484,Unconstrained
0.22619999981543515,Unconstrained
0.2245000000584696,Unconstrained
0.3160000001116714,Unconstrained
0.3181000001859502,Unconstrained
0.2580999998826883,Unconstrained
0.22669999998470303,Unconstrained
0.3179999998792482,Unconstrained
0.23709999959464767,Unconstrained
0.2318000001650944,Unconstrained
0.2561999999670661,Unconstrained
0.28290000000197324,Unconstrained
0.23670000018682913,Unconstrained
0.2577000000201224,Unconstrained
0.22989999979472486,Unconstrained
0.24239999993369565,Unconstrained
0.356500000179949,Unconstrained
0.2967999998872983,Unconstrained
0.3571000002011715,Unconstrained
0.39390000029015937,Unconstrained
0.3446000000622007,Unconstrained
0.28199999997013947,Unconstrained
0.10250000013911631,Unconstrained
0.10070000007544877,Unconstrained
0.25319999986095354,Unconstrained
0.22599999965677853,Unconstrained
0.3209999999853608,Unconstrained
0.14899999996487168,Unconstrained
0.224199999593111,Unconstrained
0.16770000001997687,Unconstrained
0.23499999997511622,Unconstrained
0.09869999985312461,Unconstrained
0.10450000036144047,Unconstrained
0.09790000012799283,Unconstrained
0.10199999996984843,Unconstrained
0.10569999994913815,Unconstrained
0.105000000075961,Unconstrained
0.10629999997036066,Unconstrained
0.10560000009718351,Unconstrained
0.10650000012901728,Unconstrained
0.12269999979253043,Unconstrained
0.13519999993150122,Unconstrained
0.12599999990925426,Unconstrained
0.12639999977182015,Unconstrained
0.12949999972988735,Unconstrained
0.1212000001942215,Unconstrained
0.11960000028921058,Unconstrained
0.12689999994108803,Unconstrained
0.24149999990186188,Unconstrained
0.13080000007903436,Unconstrained
0.1283999999941443,Unconstrained
0.13040000021646847,Unconstrained
0.1270999996449973,Unconstrained
0.13049999961367575,Unconstrained
0.12739999965560855,Unconstrained
0.21049999986644252,Unconstrained
0.13330000001587905,Unconstrained
0.15050000001792796,Unconstrained
0.13589999980467837,Unconstrained
0.12720000040644663,Unconstrained
0.21289999995133257,Unconstrained
0.12710000009974465,Unconstrained
0.13190000026952475,Unconstrained
0.13119999994160025,Unconstrained
0.1299000000472006,Unconstrained
0.130899999930989,Unconstrained
0.14290000035543926,Unconstrained
0.22790000002714805,Unconstrained
0.130899999930989,Unconstrained
0.13100000023769098,Unconstrained
0.1314999999522115,Unconstrained
0.13910000006944756,Unconstrained
0.1546999997117382,Unconstrained
0.13750000016443664,Unconstrained
0.13059999992037774,Unconstrained
0.31110000008993666,Unconstrained
0.152900000102818,Unconstrained
0.1726000000417116,Unconstrained
0.1312000003963476,Unconstrained
0.13449999960357673,Unconstrained
0.1403000001118926,Unconstrained
0.21880000031160307,Unconstrained
0.1378000001750479,Unconstrained
0.14069999997445848,Unconstrained
0.14860000010230578,Unconstrained
0.1326000001427019,Unconstrained
0.13150000040695886,Unconstrained
0.1494999996793922,Unconstrained
0.24290000010296353,Unconstrained
0.14659999987998162,Unconstrained
0.13679999983651214,Unconstrained
0.13629999966724426,Unconstrained
0.14250000003812602,Unconstrained
0.13730000000578002,Unconstrained
0.13690000014321413,Unconstrained
0.21229999993011006,Unconstrained
0.37610000026688795,Unconstrained
0.15279999979611603,Unconstrained
0.115299999833951,Unconstrained
0.16069999992396333,Unconstrained
0.13429999989966745,Unconstrained
0.20940000013069948,Unconstrained
0.1482000002397399,Unconstrained
0.1401999998051906,Unconstrained
0.2295999997841136,Unconstrained
0.10849999989659409,Unconstrained
0.2743000000009488,Unconstrained
0.1366999999845575,Unconstrained
0.13099999978294363,Unconstrained
0.10229999998045969,Unconstrained
0.1029000000016822,Unconstrained
0.1681999997344974,Unconstrained
0.1395999997839681,Unconstrained
0.28659999998126295,Unconstrained
0.3967000002376153,Unconstrained
0.3001999998559768,Unconstrained
0.36489999956756947,Unconstrained
0.23389999978462583,Unconstrained
0.17889999980980065,Unconstrained
0.3810000002886227,Unconstrained
0.26170000001002336,Unconstrained
0.09790000012799283,Unconstrained
0.25789999972403166,Unconstrained
0.1005000003715395,Unconstrained
0.10539999993852689,Unconstrained
0.11889999996128608,Unconstrained
0.10759999986476032,Unconstrained
0.10659999998097192,Unconstrained
0.13009999975110986,Unconstrained
0.21130000004632166,Unconstrained
0.13560000024881447,Unconstrained
0.4080000003341411,Unconstrained
0.13810000018565916,Unconstrained
0.1299000000472006,Unconstrained
0.18980000004376052,Unconstrained
0.1316000002589135,Unconstrained
0.13600000011138036,Unconstrained
0.13070000022707973,Unconstrained
0.130899999930989,Unconstrained
0.21400000014182297,Unconstrained
0.13269999999465654,Unconstrained
0.13309999985722243,Unconstrained
0.13429999989966745,Unconstrained
0.13779999972030055,Unconstrained
0.13450000005832408,Unconstrained
0.13899999976274557,Unconstrained
0.13209999997343402,Unconstrained
0.1299000000472006,Unconstrained
0.12549999973998638,Unconstrained
0.1988999997593055,Unconstrained
0.13069999977233238,Unconstrained
0.409600000239152,Unconstrained
0.1305000000684231,Unconstrained
0.13190000026952475,Unconstrained
0.13589999980467837,Unconstrained
0.13029999990976648,Unconstrained
0.13250000029074727,Unconstrained
0.2678000000742031,Unconstrained
0.12220000007800991,Unconstrained
0.12719999995169928,Unconstrained
0.1249999995707185,Unconstrained
0.1347000002169807,Unconstrained
0.13040000021646847,Unconstrained
0.14419999979509157,Unconstrained
0.12980000019524596,Unconstrained
0.13080000007903436,Unconstrained
0.14719999990120414,Unconstrained
0.1295000001846347,Unconstrained
0.125699999898643,Unconstrained
0.13110000008964562,Unconstrained
0.1305000000684231,Unconstrained
0.19109999993816018,Unconstrained
0.1382000000376138,Unconstrained
0.13269999999465654,Unconstrained
0.1316000002589135,Unconstrained
0.14009999995323597,Unconstrained
0.13639999997394625,Unconstrained
0.13100000023769098,Unconstrained
0.1403000001118926,Unconstrained
0.13600000011138036,Unconstrained
0.13150000040695886,Unconstrained
0.14979999969000346,Unconstrained
0.13080000007903436,Unconstrained
0.13520000038624858,Unconstrained
0.1208999997288629,Unconstrained
0.2386000001024513,Unconstrained
0.22639999997409177,Unconstrained
0.22590000025957124,Unconstrained
0.35809999963021255,Unconstrained
0.2982000000884,Unconstrained
0.15759999996589613,Unconstrained
0.11570000015126425,Unconstrained
0.2418000003672205,Unconstrained
0.18659999977899133,Unconstrained
0.29689999973925296,Unconstrained
0.0976999999693362,Unconstrained
0.09760000011738157,Unconstrained
0.23110000029191724,Unconstrained
0.25049999976545223,Unconstrained
0.09569999974701204,Unconstrained
0.09930000032909447,Unconstrained
0.25999999979831045,Unconstrained
0.0980999998319021,Unconstrained
0.27659999977913685,Unconstrained
0.1554000000396627,Unconstrained
0.09860000000116997,Unconstrained
0.0969999996414117,Unconstrained
0.2596999997876992,Unconstrained
0.10499999962121365,Unconstrained
0.09779999982129084,Unconstrained
0.11919999997189734,Unconstrained
0.15209999992293888,Unconstrained
0.13109999963489827,Unconstrained
0.30829999968773336,Unconstrained
0.26309999975637766,Unconstrained
0.2615999997033214,Unconstrained
0.22790000002714805,Unconstrained
0.22699999999531428,Unconstrained
0.3811000001405773,Unconstrained
0.12670000023717876,Unconstrained
0.10049999991679215,Unconstrained
0.09790000012799283,Unconstrained
0.1140000003942987,Unconstrained
0.12389999983497546,Unconstrained
0.1351000000795466,Unconstrained
0.14370000008057104,Unconstrained
0.10969999993903912,Unconstrained
0.11590000030992087,Unconstrained
0.3113000002485933,Unconstrained
0.10399999973742524,Unconstrained
0.16229999982897425,Unconstrained
0.2407000001767301,Unconstrained
0.09750000026542693,Unconstrained
0.3121999998256797,Unconstrained
0.22190000026967027,Unconstrained
0.20770000037373393,Unconstrained
0.4346000000623462,Unconstrained
0.32710000004954054,Unconstrained
0.22640000042883912,Unconstrained
0.2407000001767301,Unconstrained
0.2248999999210355,Unconstrained
0.23050000027069473,Unconstrained
0.25180000011459924,Unconstrained
0.10239999983241432,Unconstrained
0.09780000027603819,Unconstrained
0.14330000021800515,Unconstrained
0.19780000002356246,Unconstrained
0.14929999997548293,Unconstrained
0.22880000005898182,Unconstrained
0.10109999993801466,Unconstrained
0.1376999998683459,Unconstrained
0.09829999999055872,Unconstrained
0.16449999975520768,Unconstrained
0.09829999999055872,Unconstrained
0.10280000014972757,Unconstrained
0.09739999995872495,Unconstrained
0.10959999963233713,Unconstrained
0.23310000005949405,Unconstrained
0.2606999996714876,Unconstrained
0.13269999999465654,Unconstrained
0.17249999973500962,Unconstrained
0.18569999974715756,Unconstrained
0.194400000054884,Unconstrained
0.309599999582133,Unconstrained
0.18819999968400225,Unconstrained
0.29310000036275596,Unconstrained
0.5797000003440189,Unconstrained
0.383600000077422,Unconstrained
0.1687999997557199,Unconstrained
0.18480000017007114,Unconstrained
0.11519999998199637,Unconstrained
0.1351000000795466,Unconstrained
0.09779999982129084,Unconstrained
0.16330000016751,Unconstrained
0.27079999972556834,Unconstrained
0.18460000001141452,Unconstrained
0.24230000008174102,Unconstrained
0.15459999985978357,Unconstrained
0.11630000017248676,Unconstrained
0.0974000004134723,Unconstrained
0.0980999998319021,Unconstrained
0.15780000012455275,Unconstrained
0.32090000013340614,Unconstrained
0.22290000015345868,Unconstrained
0.46579999980167486,Unconstrained
0.15009999970061472,Unconstrained
0.09929999987434712,Unconstrained
0.10109999993801466,Unconstrained
0.2420999999230844,Unconstrained
0.16529999993508682,Unconstrained
0.11339999991832883,Unconstrained
0.09799999997994746,Unconstrained
0.11349999977028347,Unconstrained
0.12450000031094532,Unconstrained
0.10560000009718351,Unconstrained
0.09870000030787196,Unconstrained
0.10209999982180307,Unconstrained
0.0990999997156905,Unconstrained
0.10829999973793747,Unconstrained
0.18249999993713573,Unconstrained
0.24859999984983006,Unconstrained
0.24510000002919696,Unconstrained
0.09929999987434712,Unconstrained
0.1612000000932312,Unconstrained
0.10229999998045969,Unconstrained
0.12130000004617614,Unconstrained
0.16349999987141928,Unconstrained
0.15450000000782893,Unconstrained
0.2488999998604413,Unconstrained
0.2893999999287189,Unconstrained
0.17039999966073083,Unconstrained
0.17639999987295596,Unconstrained
0.17400000024281326,Unconstrained
0.1650999997764302,Unconstrained
0.10239999983241432,Unconstrained
0.2693000001272594,Unconstrained
0.24840000014592079,Unconstrained
0.2268999996886123,Unconstrained
0.12610000021595624,Unconstrained
0.13619999981528963,Unconstrained
0.20979999999326537,Unconstrained
0.16610000011496595,Unconstrained
0.1609999999345746,Unconstrained
0.10240000028716167,Unconstrained
0.10160000010728254,Unconstrained
0.23099999998521525,Unconstrained
0.11050000011891825,Unconstrained
0.0980999998319021,Unconstrained
0.3156000002491055,Unconstrained
0.09849999969446799,Unconstrained
0.4420999998728803,Unconstrained
0.14169999985824688,Unconstrained
0.16869999990376527,Unconstrained
0.10800000018207356,Unconstrained
0.10680000013962854,Unconstrained
0.09839999984251335,Unconstrained
0.27210000007471535,Unconstrained
0.1557999999022286,Unconstrained
0.1434000000699598,Unconstrained
0.44460000026447233,Unconstrained
0.24190000021917513,Unconstrained
0.1592000003256544,Unconstrained
0.09839999984251335,Unconstrained
0.09879999970507924,Unconstrained
0.09860000000116997,Unconstrained
0.13380000018514693,Unconstrained
0.09820000013860408,Unconstrained
0.10220000012850505,Unconstrained
0.4125999998905172,Unconstrained
0.10900000006586197,Unconstrained
0.12400000014167745,Unconstrained
0.3164999998261919,Unconstrained
0.32659999988027266,Unconstrained
0.18490000002202578,Unconstrained
0.12090000018361025,Unconstrained
0.3281999997852836,Unconstrained
0.17860000025393674,Unconstrained
0.2472999999554304,Unconstrained
0.1861000000644708,Unconstrained
0.12489999971876387,Unconstrained
0.17500000012660166,Unconstrained
0.3013000000464672,Unconstrained
0.09890000001178123,Unconstrained
0.09850000014921534,Unconstrained
0.09960000033970573,Unconstrained
0.09789999967324547,Unconstrained
0.23120000014387188,Unconstrained
0.12209999977130792,Unconstrained
0.13099999978294363,Unconstrained
0.42369999982838635,Unconstrained
0.44649999972534715,Unconstrained
0.3495999999358901,Unconstrained
0.1861000000644708,Unconstrained
0.20989999984522,Unconstrained
0.2715999999054475,Unconstrained
0.10339999971620273,Unconstrained
0.10629999997036066,Unconstrained
0.3019000000676897,Unconstrained
0.3056000000469794,Unconstrained
0.38489999997182167,Unconstrained
0.2552000000832777,Unconstrained
0.09949999957825639,Unconstrained
0.2828000001500186,Unconstrained
0.4444000001058157,Unconstrained
0.35649999972520163,Unconstrained
0.22790000002714805,Unconstrained
0.3194999999323045,Unconstrained
0.23830000009184005,Unconstrained
0.1951999997800158,Unconstrained
0.1133000000663742,Unconstrained
0.11229999972783844,Unconstrained
0.10490000022400636,Unconstrained
0.10969999993903912,Unconstrained
0.24399999983870657,Unconstrained
0.2557000002525456,Unconstrained
0.16770000001997687,Unconstrained
0.11050000011891825,Unconstrained
0.11459999996077386,Unconstrained
0.16030000006139744,Unconstrained
0.09920000002239249,Unconstrained
0.09940000018104911,Unconstrained
0.23049999981594738,Unconstrained
0.24799999982860754,Unconstrained
0.15299999995477265,Unconstrained
0.32969999983833986,Unconstrained
0.26249999973515514,Unconstrained
0.36769999996977276,Unconstrained
0.1799000001483364,Unconstrained
0.382299999728275,Unconstrained
0.2123999997820647,Unconstrained
0.09860000000116997,Unconstrained
0.2316999998583924,Unconstrained
0.10589999965304742,Unconstrained
0.09839999984251335,Unconstrained
0.10380000003351597,Unconstrained
0.09799999997994746,Unconstrained
0.1370999998471234,Unconstrained
0.10070000007544877,Unconstrained
0.10830000019268482,Unconstrained
0.09860000000116997,Unconstrained
0.2660000000105356,Unconstrained
0.17249999973500962,Unconstrained
0.2913999996962957,Unconstrained
0.1498000001447508,Unconstrained
0.17750000006344635,Unconstrained
0.2075000002150773,Unconstrained
0.2116000000569329,Unconstrained
0.22459999991042423,Unconstrained
0.35879999995813705,Unconstrained
0.2943999998024083,Unconstrained
0.33849999999802094,Unconstrained
0.18380000028628274,Unconstrained
0.4460000000108266,Unconstrained
0.1212000001942215,Unconstrained
0.13450000005832408,Unconstrained
0.11229999972783844,Unconstrained
0.09959999988495838,Unconstrained
0.09890000001178123,Unconstrained
0.09849999969446799,Unconstrained
0.09839999984251335,Unconstrained
0.1029000000016822,Unconstrained
0.12329999981375295,Unconstrained
0.2343999999538937,Unconstrained
0.12349999997240957,Unconstrained
0.3272999997534498,Unconstrained
0.09789999967324547,Unconstrained
0.2500000000509317,Unconstrained
0.26579999985187897,Unconstrained
0.09779999982129084,Unconstrained
0.09829999999055872,Unconstrained
0.10169999995923718,Unconstrained
0.09839999984251335,Unconstrained
0.10689999999158317,Unconstrained
0.10459999975864775,Unconstrained
0.40050000006885966,Unconstrained
0.12310000010984368,Unconstrained
0.2365000000281725,Unconstrained
0.12520000018412247,Unconstrained
0.11799999992945231,Unconstrained
0.11799999992945231,Unconstrained
0.10550000024522888,Unconstrained
0.09879999970507924,Unconstrained
0.14719999990120414,Unconstrained
0.13420000004771282,Unconstrained
0.14559999999619322,Unconstrained
0.14659999987998162,Unconstrained
0.2279999998791027,Unconstrained
0.2938999996331404,Unconstrained
0.30789999982516747,Unconstrained
0.32499999997526174,Unconstrained
0.314899999921181,Unconstrained
0.3220999997211038,Unconstrained
0.3025000000889122,Unconstrained
0.2979000000777887,Unconstrained
0.283699999727105,Unconstrained
0.32710000004954054,Unconstrained
0.30680000008942443,Unconstrained
0.26459999980943394,Unconstrained
0.2328000000488828,Unconstrained
0.23120000014387188,Unconstrained
0.23390000023937318,Unconstrained
0.3432999997130537,Unconstrained
0.25839999989329954,Unconstrained
0.23740000006000628,Unconstrained
0.23559999999633874,Unconstrained
0.5072999997537408,Unconstrained
0.2285999999003252,Unconstrained
0.24190000021917513,Unconstrained
0.10350000002290471,Unconstrained
0.37650000012945384,Unconstrained
0.2440999996906612,Unconstrained
0.2803000002131739,Unconstrained
0.2393000004303758,Unconstrained
0.23499999997511622,Unconstrained
0.22529999978360138,Unconstrained
0.23199999986900366,Unconstrained
0.2289999997628911,Unconstrained
0.2482999998392188,Unconstrained
0.23499999997511622,Unconstrained
0.2258000004076166,Unconstrained
0.2272000001539709,Unconstrained
0.2260999999634805,Unconstrained
0.22699999999531428,Unconstrained
0.22769999986849143,Unconstrained
0.23220000002766028,Unconstrained
0.2245000000584696,Unconstrained
0.35720000005312613,Unconstrained
0.30249999963416485,Unconstrained
0.23010000040812884,Unconstrained
0.23119999968912452,Unconstrained
0.22850000004837057,Unconstrained
0.4206000003250665,Unconstrained
0.12789999982487643,Unconstrained
0.29789999962304137,Unconstrained
0.15010000015536207,Unconstrained
0.2567999999882886,Unconstrained
0.3115000004072499,Unconstrained
0.3028999999514781,Unconstrained
0.23039999996399274,Unconstrained
0.25030000006154296,Unconstrained
0.2782000001388951,Unconstrained
0.23120000014387188,Unconstrained
0.35459999980957946,Unconstrained
0.3126999999949476,Unconstrained
0.22579999995286926,Unconstrained
0.23009999995338148,Unconstrained
0.2503999999134976,Unconstrained
0.2285999999003252,Unconstrained
0.2679999997781124,Unconstrained
0.22810000018580467,Unconstrained
0.10659999998097192,Unconstrained
0.2283000003444613,Unconstrained
0.2266000001327484,Unconstrained
0.3001999998559768,Unconstrained
0.22880000005898182,Unconstrained
0.24289999964821618,Unconstrained
0.25749999986146577,Unconstrained
0.3171000003021618,Unconstrained
0.16599999980826396,Unconstrained
0.2826999998433166,Unconstrained
0.1440000000911823,Unconstrained
0.3198000003976631,Unconstrained
0.2245000000584696,Unconstrained
0.2544000003581459,Unconstrained
0.3918000002158806,Unconstrained
0.263100000211125,Unconstrained
0.3915999996024766,Unconstrained
0.5234000000200467,Unconstrained
0.3388000000086322,Unconstrained
0.33450000000811997,Unconstrained
0.22519999993164674,Unconstrained
0.2260999999634805,Unconstrained
0.225499999942258,Unconstrained
0.2749000000221713,Unconstrained
0.2899999999499414,Unconstrained
0.31439999975191313,Unconstrained
0.29810000023644534,Unconstrained
0.3477000000202679,Unconstrained
0.27730000010706135,Unconstrained
0.3022999999302556,Unconstrained
0.2943999998024083,Unconstrained
0.2503999999134976,Unconstrained
0.2399999998488056,Unconstrained
0.23420000024998444,Unconstrained
0.44139999999970314,Unconstrained
0.23710000004939502,Unconstrained
0.19870000005539623,Unconstrained
0.16579999964960734,Unconstrained
0.12360000027911155,Unconstrained
0.1467000001866836,Unconstrained
0.10870000005525071,Unconstrained
0.1281999998354877,Unconstrained
0.10509999992791563,Unconstrained
0.22050000006856862,Unconstrained
0.11269999959040433,Unconstrained
0.17309999975623214,Unconstrained
0.10850000035134144,Unconstrained
0.1650999997764302,Unconstrained
0.105000000075961,Unconstrained
0.10459999975864775,Unconstrained
0.16389999973398517,Unconstrained
0.17690000004222384,Unconstrained
0.12190000006739865,Unconstrained
0.18690000024434994,Unconstrained
0.12650000007852213,Unconstrained
0.13629999966724426,Unconstrained
0.1260000003640016,Unconstrained
0.14009999995323597,Unconstrained
0.12079999987690826,Unconstrained
0.12280000009923242,Unconstrained
0.12070000002495362,Unconstrained
0.1376999998683459,Unconstrained
0.23499999997511622,Unconstrained
0.13440000020636944,Unconstrained
0.14460000011240481,Unconstrained
0.12520000018412247,Unconstrained
0.12570000035339035,Unconstrained
0.13009999975110986,Unconstrained
0.2233999998679792,Unconstrained
0.12620000006791088,Unconstrained
0.12849999984609894,Unconstrained
0.1378000001750479,Unconstrained
0.1260000003640016,Unconstrained
0.14819999978499254,Unconstrained
0.12610000021595624,Unconstrained
0.11630000017248676,Unconstrained
0.11679999988700729,Unconstrained
0.1260999997612089,Unconstrained
0.12690000039583538,Unconstrained
0.13140000010025688,Unconstrained
0.14730000020790612,Unconstrained
0.14390000023922767,Unconstrained
0.1276999996662198,Unconstrained
0.12579999975059764,Unconstrained
0.1312999997935549,Unconstrained
0.24040000016611884,Unconstrained
0.20450000010896474,Unconstrained
0.14120000014372636,Unconstrained
0.1343000003544148,Unconstrained
0.12169999990874203,Unconstrained
0.14830000009169453,Unconstrained
0.13110000008964562,Unconstrained
0.16000000005078618,Unconstrained
0.12229999992996454,Unconstrained
0.10519999977987027,Unconstrained
0.1173999999082298,Unconstrained
0.1314999999522115,Unconstrained
0.21839999999428983,Unconstrained
0.13600000011138036,Unconstrained
0.2662000001691922,Unconstrained
0.3853000002891349,Unconstrained
0.15080000002853922,Unconstrained
0.23389999978462583,Unconstrained
0.10629999997036066,Unconstrained
0.23929999997562845,Unconstrained
0.11549999999260763,Unconstrained
0.34589999995660037,Unconstrained
0.25340000001961016,Unconstrained
0.13650000028064824,Unconstrained
0.3629999996519473,Unconstrained
0.14140000030238298,Unconstrained
0.1615999999557971,Unconstrained
0.27289999979984714,Unconstrained
0.3934000001208915,Unconstrained
0.23529999998572748,Unconstrained
0.2627999997457664,Unconstrained
0.2121000002262008,Unconstrained
0.2017000001615088,Unconstrained
0.11690000019370927,Unconstrained
0.09839999984251335,Unconstrained
0.10239999983241432,Unconstrained
0.30399999968722113,Unconstrained
0.09869999985312461,Unconstrained
0.0980999998319021,Unconstrained
0.09779999982129084,Unconstrained
0.12619999961316353,Unconstrained
0.11270000004515168,Unconstrained
0.36820000013904064,Unconstrained
0.1833999999689695,Unconstrained
0.11080000012952951,Unconstrained
0.1343999997516221,Unconstrained
0.48819999983606976,Unconstrained
0.3548999998201907,Unconstrained
0.3281000003880763,Unconstrained
0.10350000002290471,Unconstrained
0.10400000019217259,Unconstrained
0.19139999994877144,Unconstrained
0.18480000017007114,Unconstrained
0.1588999998602958,Unconstrained
0.09759999966263422,Unconstrained
0.230699999974604,Unconstrained
0.09850000014921534,Unconstrained
0.09860000000116997,Unconstrained
0.09789999967324547,Unconstrained
0.09779999982129084,Unconstrained
0.11590000030992087,Unconstrained
0.11990000029982184,Unconstrained
0.0976999999693362,Unconstrained
0.09849999969446799,Unconstrained
0.09820000013860408,Unconstrained
0.09829999999055872,Unconstrained
0.14999999984866008,Unconstrained
0.10139999994862592,Unconstrained
0.12229999992996454,Unconstrained
0.10179999981119181,Unconstrained
0.10160000010728254,Unconstrained
0.10229999998045969,Unconstrained
0.10170000041398453,Unconstrained
0.09820000013860408,Unconstrained
0.11069999982282752,Unconstrained
0.09780000027603819,Unconstrained
0.09879999970507924,Unconstrained
0.09810000028664945,Unconstrained
0.0984000002972607,Unconstrained
0.09829999999055872,Unconstrained
0.11150000000270666,Unconstrained
0.1015000002553279,Unconstrained
0.10089999977935804,Unconstrained
0.09829999999055872,Unconstrained
0.0976999999693362,Unconstrained
0.09820000013860408,Unconstrained
0.09929999987434712,Unconstrained
0.09779999982129084,Unconstrained
0.0976999999693362,Unconstrained
0.09839999984251335,Unconstrained
0.09860000000116997,Unconstrained
0.09790000012799283,Unconstrained
0.09869999985312461,Unconstrained
0.16210000012506498,Unconstrained
0.1164000000244414,Unconstrained
0.10199999996984843,Unconstrained
0.5188000000089232,Unconstrained
0.20979999999326537,Unconstrained
0.31730000000607106,Unconstrained
0.3700000002027082,Unconstrained
0.21809999998367857,Unconstrained
0.24190000021917513,Unconstrained
0.09730000010677031,Unconstrained
0.10930000007647322,Unconstrained
0.10870000005525071,Unconstrained
0.13699999999516876,Unconstrained
0.09820000013860408,Unconstrained
0.09790000012799283,Unconstrained
0.09799999997994746,Unconstrained
0.10030000021288288,Unconstrained
0.09860000000116997,Unconstrained
0.09780000027603819,Unconstrained
0.10180000026593916,Unconstrained
0.09749999981067958,Unconstrained
0.10829999973793747,Unconstrained
0.09779999982129084,Unconstrained
0.10900000006586197,Unconstrained
0.09920000002239249,Unconstrained
0.09939999972630176,Unconstrained
0.09829999999055872,Unconstrained
0.09869999985312461,Unconstrained
0.09799999997994746,Unconstrained
0.1007999999274034,Unconstrained
0.10849999989659409,Unconstrained
0.0976999999693362,Unconstrained
0.19430000020292937,Unconstrained
0.09779999982129084,Unconstrained
0.10610000026645139,Unconstrained
0.09829999999055872,Unconstrained
0.25240000013582176,Unconstrained
0.0984000002972607,Unconstrained
0.1021999996737577,Unconstrained
0.18230000023322646,Unconstrained
0.1007999999274034,Unconstrained
0.10629999997036066,Unconstrained
0.10180000026593916,Unconstrained
0.11610000001383014,Unconstrained
0.10109999993801466,Unconstrained
0.1011999997899693,Unconstrained
0.1011999997899693,Unconstrained
0.10149999980058055,Unconstrained
0.14839999994364916,Unconstrained
0.09839999984251335,Unconstrained
0.16400000004068715,Unconstrained
0.09829999999055872,Unconstrained
0.1194999999825086,Unconstrained
0.0988000001598266,Unconstrained
0.1007999999274034,Unconstrained
0.1032999998642481,Unconstrained
0.10650000012901728,Unconstrained
0.1513000001978071,Unconstrained
0.12349999997240957,Unconstrained
0.10000000020227162,Unconstrained
0.11439999980211724,Unconstrained
0.0988000001598266,Unconstrained
0.09820000013860408,Unconstrained
0.16410000034738914,Unconstrained
0.23070000042935135,Unconstrained
0.15260000009220676,Unconstrained
0.3797999997914303,Unconstrained
0.1661999999669206,Unconstrained
0.10010000005422626,Unconstrained
0.10620000011840602,Unconstrained
0.10229999998045969,Unconstrained
0.10350000002290471,Unconstrained
0.09839999984251335,Unconstrained
0.22889999991093646,Unconstrained
0.16119999963848386,Unconstrained
0.09829999999055872,Unconstrained
0.2116000000569329,Unconstrained
0.09860000000116997,Unconstrained
0.1667999999881431,Unconstrained
0.09799999997994746,Unconstrained
0.13059999992037774,Unconstrained
0.09930000032909447,Unconstrained
0.1194999999825086,Unconstrained
0.0984000002972607,Unconstrained
0.09799999997994746,Unconstrained
0.105000000075961,Unconstrained
0.09739999995872495,Unconstrained
0.09989999989556964,Unconstrained
0.10560000009718351,Unconstrained
0.09890000001178123,Unconstrained
0.10169999995923718,Unconstrained
0.09730000010677031,Unconstrained
0.1164000000244414,Unconstrained
0.09890000001178123,Unconstrained
0.09829999999055872,Unconstrained
0.09829999999055872,Unconstrained
0.0980999998319021,Unconstrained
0.09790000012799283,Unconstrained
0.09860000000116997,Unconstrained
0.09760000011738157,Unconstrained
0.09829999999055872,Unconstrained
0.09940000018104911,Unconstrained
0.10750000001280569,Unconstrained
0.0988000001598266,Unconstrained
0.10789999987537158,Unconstrained
0.09759999966263422,Unconstrained
0.09849999969446799,Unconstrained
0.09710000040286104,Unconstrained
0.09850000014921534,Unconstrained
0.0980999998319021,Unconstrained
0.09779999982129084,Unconstrained
0.1351000000795466,Unconstrained
0.09860000000116997,Unconstrained
0.09879999970507924,Unconstrained
0.11050000011891825,Unconstrained
0.0976999999693362,Unconstrained
0.09950000003300374,Unconstrained
0.1710000001367007,Unconstrained
0.0980999998319021,Unconstrained
0.16560000040044542,Unconstrained
0.09820000013860408,Unconstrained
0.11549999999260763,Unconstrained
0.09789999967324547,Unconstrained
0.11799999992945231,Unconstrained
0.09820000013860408,Unconstrained
0.09920000002239249,Unconstrained
0.0990999997156905,Unconstrained
0.0976999999693362,Unconstrained
0.09820000013860408,Unconstrained
0.11199999971722718,Unconstrained
0.09780000027603819,Unconstrained
0.09850000014921534,Unconstrained
0.09829999999055872,Unconstrained
0.09860000000116997,Unconstrained
0.0980999998319021,Unconstrained
0.09749999981067958,Unconstrained
0.09790000012799283,Unconstrained
0.1029000000016822,Unconstrained
0.10310000016033882,Unconstrained
0.09810000028664945,Unconstrained
0.1534000002720859,Unconstrained
0.0984000002972607,Unconstrained
0.09829999999055872,Unconstrained
0.0980999998319021,Unconstrained
0.11380000023564207,Unconstrained
0.12599999990925426,Unconstrained
0.2785000001495064,Unconstrained
0.11619999986578478,Unconstrained
0.12289999995118706,Unconstrained
0.11369999992894009,Unconstrained
0.09829999999055872,Unconstrained
0.23989999999685097,Unconstrained
0.13699999999516876,Unconstrained
0.23529999998572748,Unconstrained
0.23359999977401458,Unconstrained
0.10199999996984843,Unconstrained
0.1316000002589135,Unconstrained
0.33450000000811997,Unconstrained
0.183999999990192,Unconstrained
0.12040000001434237,Unconstrained
0.25589999995645485,Unconstrained
0.11580000000321888,Unconstrained
0.11139999969600467,Unconstrained
0.1567000003888097,Unconstrained
0.1772000000528351,Unconstrained
0.09760000011738157,Unconstrained
0.15060000032462995,Unconstrained
0.1247000000148546,Unconstrained
0.18810000028679497,Unconstrained
0.130899999930989,Unconstrained
0.24439999970127246,Unconstrained
0.09899999986373587,Unconstrained
0.1067000002876739,Unconstrained
0.09810000028664945,Unconstrained
0.10189999966314645,Unconstrained
0.10809999957928085,Unconstrained
0.10629999997036066,Unconstrained
0.10440000005473848,Unconstrained
0.4413000001477485,Unconstrained
0.12460000016289996,Unconstrained
0.09970000019166037,Unconstrained
0.10800000018207356,Unconstrained
0.1388000000588363,Unconstrained
0.13690000014321413,Unconstrained
0.13799999987895717,Unconstrained
0.14460000011240481,Unconstrained
0.24780000012469827,Unconstrained
0.1312999997935549,Unconstrained
0.13230000013209064,Unconstrained
0.1339999998890562,Unconstrained
0.1366999999845575,Unconstrained
0.13080000007903436,Unconstrained
0.13059999992037774,Unconstrained
0.20979999999326537,Unconstrained
0.13169999965612078,Unconstrained
0.130899999930989,Unconstrained
0.13239999998404528,Unconstrained
0.13159999980416615,Unconstrained
0.48370000013164827,Unconstrained
0.09939999972630176,Unconstrained
0.11819999963336159,Unconstrained
0.10789999987537158,Unconstrained
0.13269999999465654,Unconstrained
0.15930000017760904,Unconstrained
0.156799999786017,Unconstrained
0.1502000000073167,Unconstrained
0.17320000006293412,Unconstrained
0.16059999961726135,Unconstrained
0.14310000005934853,Unconstrained
0.1459999998587591,Unconstrained
0.17750000006344635,Unconstrained
0.15060000032462995,Unconstrained
0.1482000002397399,Unconstrained
0.1380999997309118,Unconstrained
0.1843999998527579,Unconstrained
0.14789999977438129,Unconstrained
0.13790000002700253,Unconstrained
0.1803000000109023,Unconstrained
0.13239999998404528,Unconstrained
0.39819999983592425,Unconstrained
0.13679999983651214,Unconstrained
0.13689999968846678,Unconstrained
0.20450000010896474,Unconstrained
0.13179999996282277,Unconstrained
0.15320000011342927,Unconstrained
0.11670000003505265,Unconstrained
0.1111999999920954,Unconstrained
0.09910000017043785,Unconstrained
0.09930000032909447,Unconstrained
0.11409999979150598,Unconstrained
0.1297999997404986,Unconstrained
0.10380000003351597,Unconstrained
0.09759999966263422,Unconstrained
0.0980999998319021,Unconstrained
0.09799999997994746,Unconstrained
0.09730000010677031,Unconstrained
0.09739999995872495,Unconstrained
0.19969999993918464,Unconstrained
0.10830000019268482,Unconstrained
0.09790000012799283,Unconstrained
0.09860000000116997,Unconstrained
0.09780000027603819,Unconstrained
0.10049999991679215,Unconstrained
0.10900000006586197,Unconstrained
0.11750000021493179,Unconstrained
0.10859999974854873,Unconstrained
0.09790000012799283,Unconstrained
0.09829999999055872,Unconstrained
0.1426999997420353,Unconstrained
0.1370999998471234,Unconstrained
0.18600000021251617,Unconstrained
0.11630000017248676,Unconstrained
0.0984000002972607,Unconstrained
0.0976999999693362,Unconstrained
0.09729999965202296,Unconstrained
0.1015000002553279,Unconstrained
0.09789999967324547,Unconstrained
0.1930000003085297,Unconstrained
0.13140000010025688,Unconstrained
0.09979999958886765,Unconstrained
0.10220000012850505,Unconstrained
0.10689999999158317,Unconstrained
0.10120000024471665,Unconstrained
0.10169999995923718,Unconstrained
0.1036000003296067,Unconstrained
0.10330000031899544,Unconstrained
0.15200000007098424,Unconstrained
0.10210000027655042,Unconstrained
0.10139999994862592,Unconstrained
0.10530000008657225,Unconstrained
0.09860000000116997,Unconstrained
0.11390000008759671,Unconstrained
0.10569999994913815,Unconstrained
0.1743999996506318,Unconstrained
0.10299999985363684,Unconstrained
0.09819999968385673,Unconstrained
0.09860000000116997,Unconstrained
0.10010000005422626,Unconstrained
0.1488999996581697,Unconstrained
0.10520000023461762,Unconstrained
0.09790000012799283,Unconstrained
0.09779999982129084,Unconstrained
0.09860000000116997,Unconstrained
0.16520000008313218,Unconstrained
0.10139999994862592,Unconstrained
0.0976999999693362,Unconstrained
0.10110000039276201,Unconstrained
0.09749999981067958,Unconstrained
0.09899999986373587,Unconstrained
0.099800000043615,Unconstrained
0.1160000001618755,Unconstrained
0.13889999991079094,Unconstrained
0.13190000026952475,Unconstrained
0.10180000026593916,Unconstrained
0.32929999997577397,Unconstrained
0.2220000001216249,Unconstrained
0.3176000000166823,Unconstrained
0.10829999973793747,Unconstrained
0.1225999999405758,Unconstrained
0.10110000039276201,Unconstrained
0.19959999963248265,Unconstrained
0.10320000001229346,Unconstrained
0.09879999970507924,Unconstrained
0.09779999982129084,Unconstrained
0.23559999999633874,Unconstrained
0.09799999997994746,Unconstrained
0.09929999987434712,Unconstrained
0.0984000002972607,Unconstrained
0.0976999999693362,Unconstrained
0.09869999985312461,Unconstrained
0.09759999966263422,Unconstrained
0.09860000000116997,Unconstrained
0.0976999999693362,Unconstrained
0.15399999983856105,Unconstrained
0.09910000017043785,Unconstrained
0.09799999997994746,Unconstrained
0.09899999986373587,Unconstrained
0.09819999968385673,Unconstrained
0.1015000002553279,Unconstrained
0.09890000001178123,Unconstrained
0.09790000012799283,Unconstrained
0.09820000013860408,Unconstrained
0.10109999993801466,Unconstrained
0.09839999984251335,Unconstrained
0.10109999993801466,Unconstrained
0.13069999977233238,Unconstrained
0.10259999999107094,Unconstrained
0.10049999991679215,Unconstrained
0.10240000028716167,Unconstrained
0.10650000012901728,Unconstrained
0.10729999985414906,Unconstrained
0.09850000014921534,Unconstrained
0.12040000001434237,Unconstrained
0.09799999997994746,Unconstrained
0.12280000009923242,Unconstrained
0.09910000017043785,Unconstrained
0.10019999990618089,Unconstrained
0.11409999979150598,Unconstrained
0.09780000027603819,Unconstrained
0.10090000023410539,Unconstrained
0.10470000006534974,Unconstrained
0.09790000012799283,Unconstrained
0.10220000012850505,Unconstrained
0.10930000007647322,Unconstrained
0.0990999997156905,Unconstrained
0.10669999983292655,Unconstrained
0.10479999991730438,Unconstrained
0.09750000026542693,Unconstrained
0.09789999967324547,Unconstrained
0.09920000002239249,Unconstrained
0.0980999998319021,Unconstrained
0.1063999998223153,Unconstrained
0.11180000001331791,Unconstrained
0.15530000018770806,Unconstrained
0.105000000075961,Unconstrained
0.09890000001178123,Unconstrained
0.09869999985312461,Unconstrained
0.09940000018104911,Unconstrained
0.10380000003351597,Unconstrained
0.09780000027603819,Unconstrained
0.11919999997189734,Unconstrained
0.3185999999004707,Unconstrained
0.16439999990325305,Unconstrained
0.11349999977028347,Unconstrained
0.22149999995235703,Unconstrained
0.14490000012301607,Unconstrained
0.09929999987434712,Unconstrained
0.2997999999934109,Unconstrained
0.2110000000357104,Unconstrained
0.2096000002893561,Unconstrained
0.2988000001096225,Unconstrained
0.20049999966431642,Unconstrained
0.10490000022400636,Unconstrained
0.09759999966263422,Unconstrained
0.10090000023410539,Unconstrained
0.1270999996449973,Unconstrained
0.11540000014065299,Unconstrained
0.10819999988598283,Unconstrained
0.12169999990874203,Unconstrained
0.11210000002392917,Unconstrained
0.11350000022503082,Unconstrained
0.10830000019268482,Unconstrained
0.17230000003110035,Unconstrained
0.10819999988598283,Unconstrained
0.21870000000490109,Unconstrained
0.10879999990720535,Unconstrained
0.1073999997061037,Unconstrained
0.10960000008708448,Unconstrained
0.10870000005525071,Unconstrained
0.2337999999326712,Unconstrained
0.125699999898643,Unconstrained
0.09869999985312461,Unconstrained
0.09790000012799283,Unconstrained
0.09860000000116997,Unconstrained
0.09870000030787196,Unconstrained
0.21300000025803456,Unconstrained
0.11459999996077386,Unconstrained
0.09839999984251335,Unconstrained
0.16420000019934378,Unconstrained
0.09920000002239249,Unconstrained
0.10159999965253519,Unconstrained
0.09890000001178123,Unconstrained
0.09899999986373587,Unconstrained
0.09930000032909447,Unconstrained
0.10269999984302558,Unconstrained
0.09819999968385673,Unconstrained
0.09739999995872495,Unconstrained
0.10400000019217259,Unconstrained
0.10030000021288288,Unconstrained
0.09839999984251335,Unconstrained
0.09810000028664945,Unconstrained
0.10659999998097192,Unconstrained
0.09799999997994746,Unconstrained
0.0990999997156905,Unconstrained
0.0988000001598266,Unconstrained
0.12599999990925426,Unconstrained
0.23460000011255033,Unconstrained
0.2635000000736909,Unconstrained
0.45300000010684016,Unconstrained
0.24120000034599798,Unconstrained
0.09790000012799283,Unconstrained
0.1032999998642481,Unconstrained
0.09970000019166037,Unconstrained
0.09869999985312461,Unconstrained
0.18659999977899133,Unconstrained
0.13059999992037774,Unconstrained
0.1571000002513756,Unconstrained
0.1011999997899693,Unconstrained
0.10830000019268482,Unconstrained
0.10120000024471665,Unconstrained
0.24799999982860754,Unconstrained
0.14310000005934853,Unconstrained
0.5138999999871885,Unconstrained
0.12360000027911155,Unconstrained
0.09799999997994746,Unconstrained
0.2851999997801613,Unconstrained
0.24069999972198275,Unconstrained
0.23779999992257217,Unconstrained
0.24220000022978638,Unconstrained
0.13140000010025688,Unconstrained
0.10309999970559147,Unconstrained
0.15450000000782893,Unconstrained
0.1011999997899693,Unconstrained
0.23700000019744039,Unconstrained
0.14890000011291704,Unconstrained
0.14460000011240481,Unconstrained
0.13910000006944756,Unconstrained
0.13099999978294363,Unconstrained
0.21190000006754417,Unconstrained
0.15289999964807066,Unconstrained
0.1376999998683459,Unconstrained
0.1314999999522115,Unconstrained
0.130899999930989,Unconstrained
0.1544000001558743,Unconstrained
0.1326000001427019,Unconstrained
0.13209999997343402,Unconstrained
0.13309999985722243,Unconstrained
0.1378000001750479,Unconstrained
0.15880000000834116,Unconstrained
0.13119999994160025,Unconstrained
0.14750000036656274,Unconstrained
0.15630000007149647,Unconstrained
0.13699999999516876,Unconstrained
0.1330000000052678,Unconstrained
0.14179999971020152,Unconstrained
0.13330000001587905,Unconstrained
0.13720000015382539,Unconstrained
0.1336000000264903,Unconstrained
0.21970000034343684,Unconstrained
0.13960000023871544,Unconstrained
0.14620000001741573,Unconstrained
0.24149999990186188,Unconstrained
0.13279999984661117,Unconstrained
0.32129999999597203,Unconstrained
0.12999999989915523,Unconstrained
0.1401999998051906,Unconstrained
0.15640000037819846,Unconstrained
0.15359999997599516,Unconstrained
0.1434000000699598,Unconstrained
0.1756999999997788,Unconstrained
0.14459999965765746,Unconstrained
0.3056000000469794,Unconstrained
0.2718000000641041,Unconstrained
0.20749999976032996,Unconstrained
0.2986999998029205,Unconstrained
0.09790000012799283,Unconstrained
0.10220000012850505,Unconstrained
0.13750000016443664,Unconstrained
0.15110000003915047,Unconstrained
0.1436000002286164,Unconstrained
0.1426999997420353,Unconstrained
0.13639999997394625,Unconstrained
0.136099999963335,Unconstrained
0.31289999969885685,Unconstrained
0.388699999803066,Unconstrained
0.2009999998335843,Unconstrained
0.10040000006483751,Unconstrained
0.10519999977987027,Unconstrained
0.29240000003483146,Unconstrained
0.40510000007998315,Unconstrained
0.1403000001118926,Unconstrained
0.14899999996487168,Unconstrained
0.09869999985312461,Unconstrained
0.09890000001178123,Unconstrained
0.28739999970639474,Unconstrained
0.2079000000776432,Unconstrained
0.1253000000360771,Unconstrained
0.137400000312482,Unconstrained
0.1434000000699598,Unconstrained
0.15310000026147463,Unconstrained
0.1376999998683459,Unconstrained
0.12760000026901253,Unconstrained
0.24020000000746222,Unconstrained
0.1094999997803825,Unconstrained
0.12440000000424334,Unconstrained
0.09890000001178123,Unconstrained
0.14469999996435945,Unconstrained
0.1208999997288629,Unconstrained
0.11410000024625333,Unconstrained
0.10160000010728254,Unconstrained
0.10270000029777293,Unconstrained
0.12519999972937512,Unconstrained
0.25939999977708794,Unconstrained
0.12100000003556488,Unconstrained
0.10740000016085105,Unconstrained
0.10149999980058055,Unconstrained
0.1578999999765074,Unconstrained
0.1216000000567874,Unconstrained
0.23380000038741855,Unconstrained
0.1563999999234511,Unconstrained
0.1440000000911823,Unconstrained
0.1384000001962704,Unconstrained
0.13750000016443664,Unconstrained
0.13080000007903436,Unconstrained
0.13720000015382539,Unconstrained
0.1366999999845575,Unconstrained
0.11329999961162684,Unconstrained
0.13020000005781185,Unconstrained
0.09820000013860408,Unconstrained
0.26829999978872365,Unconstrained
0.10330000031899544,Unconstrained
0.16860000005181064,Unconstrained
0.11539999968590564,Unconstrained
0.10070000007544877,Unconstrained
0.10120000024471665,Unconstrained
0.09890000001178123,Unconstrained
0.09959999988495838,Unconstrained
0.11629999971773941,Unconstrained
0.0976999999693362,Unconstrained
0.13009999975110986,Unconstrained
0.09850000014921534,Unconstrained
0.15549999989161734,Unconstrained
0.10440000005473848,Unconstrained
0.15870000015638652,Unconstrained
0.0976999999693362,Unconstrained
0.20429999995030812,Unconstrained
0.1015000002553279,Unconstrained
0.09750000026542693,Unconstrained
0.09820000013860408,Unconstrained
0.10759999986476032,Unconstrained
0.09870000030787196,Unconstrained
0.10109999993801466,Unconstrained
0.09799999997994746,Unconstrained
0.09839999984251335,Unconstrained
0.0980999998319021,Unconstrained
0.09749999981067958,Unconstrained
0.1046000002133951,Unconstrained
0.1687999997557199,Unconstrained
0.10239999983241432,Unconstrained
0.10160000010728254,Unconstrained
0.10259999999107094,Unconstrained
0.11120000044684275,Unconstrained
0.11350000022503082,Unconstrained
0.09749999981067958,Unconstrained
0.09900000031848322,Unconstrained
0.09850000014921534,Unconstrained
0.11309999990771757,Unconstrained
0.13140000010025688,Unconstrained
0.20339999991847435,Unconstrained
0.11869999980262946,Unconstrained
0.10940000038317521,Unconstrained
0.0980999998319021,Unconstrained
0.10350000002290471,Unconstrained
0.11130000029879739,Unconstrained
0.2528999998503423,Unconstrained
0.11279999989710632,Unconstrained
0.1218999996126513,Unconstrained
0.10139999994862592,Unconstrained
0.10170000041398453,Unconstrained
0.10179999981119181,Unconstrained
0.09799999997994746,Unconstrained
0.09910000017043785,Unconstrained
0.09799999997994746,Unconstrained
0.18150000005334732,Unconstrained
0.09860000000116997,Unconstrained
0.16189999996640836,Unconstrained
0.09950000003300374,Unconstrained
0.12119999973947415,Unconstrained
0.13130000024830224,Unconstrained
0.13600000011138036,Unconstrained
0.1351000000795466,Unconstrained
0.13790000002700253,Unconstrained
0.10829999973793747,Unconstrained
0.33660000008239876,Unconstrained
0.19320000001243898,Unconstrained
0.24339999981748406,Unconstrained
0.4200999997010513,Unconstrained
0.21639999977196567,Unconstrained
0.2465999996275059,Unconstrained
0.1289000001634122,Unconstrained
0.09829999999055872,Unconstrained
0.23879999980636057,Unconstrained
0.10629999997036066,Unconstrained
0.17739999975674436,Unconstrained
0.1490999998168263,Unconstrained
0.2490000001671433,Unconstrained
0.0990999997156905,Unconstrained
0.09950000003300374,Unconstrained
0.09820000013860408,Unconstrained
0.3218000001652399,Unconstrained
0.10070000007544877,Unconstrained
0.1870999999482592,Unconstrained
0.09939999972630176,Unconstrained
0.1194999999825086,Unconstrained
0.11809999978140695,Unconstrained
0.11560000029930961,Unconstrained
0.12759999981426517,Unconstrained
0.09850000014921534,Unconstrained
0.0984000002972607,Unconstrained
0.10189999966314645,Unconstrained
0.12150000020483276,Unconstrained
0.1312999997935549,Unconstrained
0.1519000002190296,Unconstrained
0.14620000001741573,Unconstrained
0.10239999983241432,Unconstrained
0.29629999971803045,Unconstrained
0.10130000009667128,Unconstrained
0.15699999994467362,Unconstrained
0.24200000007112976,Unconstrained
0.1046000002133951,Unconstrained
0.10280000014972757,Unconstrained
0.09860000000116997,Unconstrained
0.23289999990083743,Unconstrained
0.4241000001456996,Unconstrained
0.18530000033933902,Unconstrained
0.22630000012213713,Unconstrained
0.09950000003300374,Unconstrained
0.10210000027655042,Unconstrained
0.15740000026198686,Unconstrained
0.12500000002546585,Unconstrained
0.09850000014921534,Unconstrained
0.10240000028716167,Unconstrained
0.09850000014921534,Unconstrained
0.09849999969446799,Unconstrained
0.09819999968385673,Unconstrained
0.0976999999693362,Unconstrained
0.09979999958886765,Unconstrained
0.1042999997480365,Unconstrained
0.11480000011943048,Unconstrained
0.18799999998009298,Unconstrained
0.09839999984251335,Unconstrained
0.12620000006791088,Unconstrained
0.09910000017043785,Unconstrained
0.15120000034585246,Unconstrained
0.09849999969446799,Unconstrained
0.11829999994006357,Unconstrained
0.09829999999055872,Unconstrained
0.15459999985978357,Unconstrained
0.10470000006534974,Unconstrained
0.15699999994467362,Unconstrained
0.09760000011738157,Unconstrained
0.09890000001178123,Unconstrained
0.10519999977987027,Unconstrained
0.11580000000321888,Unconstrained
0.09920000002239249,Unconstrained
0.12909999986732146,Unconstrained
0.10169999995923718,Unconstrained
0.30849999984639,Unconstrained
0.16589999995630933,Unconstrained
0.09839999984251335,Unconstrained
0.23139999984778115,Unconstrained
0.36039999986314797,Unconstrained
0.18279999994774698,Unconstrained
0.4515000000537839,Unconstrained
0.09930000032909447,Unconstrained
0.09860000000116997,Unconstrained
0.09799999997994746,Unconstrained
0.09839999984251335,Unconstrained
0.09879999970507924,Unconstrained
0.09899999986373587,Unconstrained
0.10100000008606003,Unconstrained
0.09850000014921534,Unconstrained
0.09930000032909447,Unconstrained
0.356500000179949,Unconstrained
0.22480000006908085,Unconstrained
0.09849999969446799,Unconstrained
0.23220000002766028,Unconstrained
0.09940000018104911,Unconstrained
0.0988000001598266,Unconstrained
0.11300000005576294,Unconstrained
0.3366999999343534,Unconstrained
0.1851000001806824,Unconstrained
0.3394000000298547,Unconstrained
0.37960000008752104,Unconstrained
0.09869999985312461,Unconstrained
0.20069999982297304,Unconstrained
0.21900000001551234,Unconstrained
0.3202999996574363,Unconstrained
0.24339999981748406,Unconstrained
0.35669999988385825,Unconstrained
0.18790000012813834,Unconstrained
0.3366999999343534,Unconstrained
0.278600000001461,Unconstrained
0.09929999987434712,Unconstrained
0.36360000012791716,Unconstrained
0.11730000005627517,Unconstrained
0.10229999998045969,Unconstrained
0.42440000015631085,Unconstrained
0.23850000025049667,Unconstrained
0.23139999984778115,Unconstrained
0.3781999998864194,Unconstrained
0.15239999993355013,Unconstrained
0.1968999999917287,Unconstrained
0.14719999990120414,Unconstrained
0.17479999996794504,Unconstrained
0.11150000000270666,Unconstrained
0.09910000017043785,Unconstrained
0.09839999984251335,Unconstrained
0.12599999990925426,Unconstrained
0.12340000012045493,Unconstrained
0.0980999998319021,Unconstrained
0.10189999966314645,Unconstrained
0.09920000002239249,Unconstrained
0.0988000001598266,Unconstrained
0.09780000027603819,Unconstrained
0.10140000040337327,Unconstrained
0.09720000025481568,Unconstrained
0.105000000075961,Unconstrained
0.09810000028664945,Unconstrained
0.10220000012850505,Unconstrained
0.10069999962070142,Unconstrained
0.10019999990618089,Unconstrained
0.10250000013911631,Unconstrained
0.10380000003351597,Unconstrained
0.10499999962121365,Unconstrained
0.09820000013860408,Unconstrained
0.1598000003468769,Unconstrained
0.099800000043615,Unconstrained
0.17150000030596857,Unconstrained
0.1021999996737577,Unconstrained
0.1521999997748935,Unconstrained
0.09920000002239249,Unconstrained
0.10440000005473848,Unconstrained
0.11390000008759671,Unconstrained
0.10569999994913815,Unconstrained
0.09820000013860408,Unconstrained
0.130899999930989,Unconstrained
0.13100000023769098,Unconstrained
0.13179999996282277,Unconstrained
0.18390000013823737,Unconstrained
0.1434000000699598,Unconstrained
0.10019999990618089,Unconstrained
0.13579999995272374,Unconstrained
0.13349999971978832,Unconstrained
0.13900000021749293,Unconstrained
0.10229999998045969,Unconstrained
0.09879999970507924,Unconstrained
0.09940000018104911,Unconstrained
0.09940000018104911,Unconstrained
0.09869999985312461,Unconstrained
0.1019000001178938,Unconstrained
0.0980999998319021,Unconstrained
0.09870000030787196,Unconstrained
0.0988000001598266,Unconstrained
0.10019999990618089,Unconstrained
0.11289999974906095,Unconstrained
0.1366999999845575,Unconstrained
0.1557999999022286,Unconstrained
0.10800000018207356,Unconstrained
0.09950000003300374,Unconstrained
0.1032999998642481,Unconstrained
0.09839999984251335,Unconstrained
0.0988000001598266,Unconstrained
0.09839999984251335,Unconstrained
0.0980999998319021,Unconstrained
0.09799999997994746,Unconstrained
0.10789999987537158,Unconstrained
0.10140000040337327,Unconstrained
0.10700000029828516,Unconstrained
0.09820000013860408,Unconstrained
0.10130000009667128,Unconstrained
0.10239999983241432,Unconstrained
0.09969999973691301,Unconstrained
0.10089999977935804,Unconstrained
0.09779999982129084,Unconstrained
0.09949999957825639,Unconstrained
0.09910000017043785,Unconstrained
0.09799999997994746,Unconstrained
0.09839999984251335,Unconstrained
0.1019000001178938,Unconstrained
0.10799999972732621,Unconstrained
0.10380000003351597,Unconstrained
0.10850000035134144,Unconstrained
0.10169999995923718,Unconstrained
0.10580000025584013,Unconstrained
0.10149999980058055,Unconstrained
0.11760000006688642,Unconstrained
0.1121999998758838,Unconstrained
0.11399999993955134,Unconstrained
0.10410000004412723,Unconstrained
0.18529999988459167,Unconstrained
0.10279999969498022,Unconstrained
0.12310000010984368,Unconstrained
0.0980999998319021,Unconstrained
0.11439999980211724,Unconstrained
0.10060000022349413,Unconstrained
0.11109999968539341,Unconstrained
0.10629999997036066,Unconstrained
0.09910000017043785,Unconstrained
0.1011999997899693,Unconstrained
0.10220000012850505,Unconstrained
0.09870000030787196,Unconstrained
0.09829999999055872,Unconstrained
0.10759999986476032,Unconstrained
0.09739999995872495,Unconstrained
0.09890000001178123,Unconstrained
0.09959999988495838,Unconstrained
0.09950000003300374,Unconstrained
0.09900000031848322,Unconstrained
0.11269999959040433,Unconstrained
0.0988000001598266,Unconstrained
0.09860000000116997,Unconstrained
0.09820000013860408,Unconstrained
0.09920000002239249,Unconstrained
0.16000000005078618,Unconstrained
0.09869999985312461,Unconstrained
0.1772000000528351,Unconstrained
0.1015000002553279,Unconstrained
0.10479999991730438,Unconstrained
0.11099999983343878,Unconstrained
0.11179999955857056,Unconstrained
0.10189999966314645,Unconstrained
0.1071000001502398,Unconstrained
0.09940000018104911,Unconstrained
0.23349999992205994,Unconstrained
0.16600000026301132,Unconstrained
0.35780000007434865,Unconstrained
0.09899999986373587,Unconstrained
0.2148000003217021,Unconstrained
0.10109999993801466,Unconstrained
0.09839999984251335,Unconstrained
0.09819999968385673,Unconstrained
0.10820000034073018,Unconstrained
0.15720000010333024,Unconstrained
0.3007999998771993,Unconstrained
0.09999999974752427,Unconstrained
0.09790000012799283,Unconstrained
0.09910000017043785,Unconstrained
0.1281999998354877,Unconstrained
0.17849999994723476,Unconstrained
0.1376999998683459,Unconstrained
0.13799999987895717,Unconstrained
0.21289999995133257,Unconstrained
0.18020000015894766,Unconstrained
0.1886000000013155,Unconstrained
0.24179999991247314,Unconstrained
0.12610000021595624,Unconstrained
0.14220000002751476,Unconstrained
0.0980999998319021,Unconstrained
0.16949999962889706,Unconstrained
0.24600000006103073,Unconstrained
0.1795999996829778,Unconstrained
0.09929999987434712,Unconstrained
0.135999999656633,Unconstrained
0.10220000012850505,Unconstrained
0.10730000030889641,Unconstrained
0.10250000013911631,Unconstrained
0.10109999993801466,Unconstrained
0.10109999993801466,Unconstrained
0.09869999985312461,Unconstrained
0.10149999980058055,Unconstrained
0.11180000001331791,Unconstrained
0.09850000014921534,Unconstrained
0.1345999999102787,Unconstrained
0.09920000002239249,Unconstrained
0.09910000017043785,Unconstrained
0.23389999978462583,Unconstrained
0.10020000036092824,Unconstrained
0.09869999985312461,Unconstrained
0.10350000002290471,Unconstrained
0.10649999967426993,Unconstrained
0.10350000002290471,Unconstrained
0.15570000005027396,Unconstrained
0.1019000001178938,Unconstrained
0.09869999985312461,Unconstrained
0.10229999998045969,Unconstrained
0.09870000030787196,Unconstrained
0.09879999970507924,Unconstrained
0.09730000010677031,Unconstrained
0.1247000000148546,Unconstrained
0.1015000002553279,Unconstrained
0.15829999983907328,Unconstrained
0.10280000014972757,Unconstrained
0.10479999991730438,Unconstrained
0.10609999981170404,Unconstrained
0.10829999973793747,Unconstrained
0.10820000034073018,Unconstrained
0.10070000007544877,Unconstrained
0.10410000004412723,Unconstrained
0.09829999999055872,Unconstrained
0.09829999999055872,Unconstrained
0.09910000017043785,Unconstrained
0.10280000014972757,Unconstrained
0.14379999993252568,Unconstrained
0.09939999972630176,Unconstrained
0.10569999994913815,Unconstrained
0.1019000001178938,Unconstrained
0.11050000011891825,Unconstrained
0.10489999976925901,Unconstrained
0.10390000034021796,Unconstrained
0.11649999987639603,Unconstrained
0.11150000000270666,Unconstrained
0.10109999993801466,Unconstrained
0.10139999994862592,Unconstrained
0.09779999982129084,Unconstrained
0.09890000001178123,Unconstrained
0.09870000030787196,Unconstrained
0.2276000000165368,Unconstrained
0.09720000025481568,Unconstrained
0.09870000030787196,Unconstrained
0.09940000018104911,Unconstrained
0.09850000014921534,Unconstrained
0.09890000001178123,Unconstrained
0.1052999996318249,Unconstrained
0.10659999998097192,Unconstrained
0.09799999997994746,Unconstrained
0.09870000030787196,Unconstrained
0.11619999986578478,Unconstrained
0.105000000075961,Unconstrained
0.1177999997707957,Unconstrained
0.10199999996984843,Unconstrained
0.18309999995835824,Unconstrained
0.09850000014921534,Unconstrained
0.09850000014921534,Unconstrained
0.09960000033970573,Unconstrained
0.10680000013962854,Unconstrained
0.12040000001434237,Unconstrained
0.10199999996984843,Unconstrained
0.11519999998199637,Unconstrained
0.1511999998911051,Unconstrained
0.10659999998097192,Unconstrained
0.09760000011738157,Unconstrained
0.09779999982129084,Unconstrained
0.1007999999274034,Unconstrained
0.09860000000116997,Unconstrained
0.09760000011738157,Unconstrained
0.10620000011840602,Unconstrained
0.09890000001178123,Unconstrained
0.1171000003523659,Unconstrained
0.09920000002239249,Unconstrained
0.12599999990925426,Unconstrained
0.09750000026542693,Unconstrained
0.0988000001598266,Unconstrained
0.09860000000116997,Unconstrained
0.09930000032909447,Unconstrained
0.09970000019166037,Unconstrained
0.09860000000116997,Unconstrained
0.11320000021441956,Unconstrained
0.09760000011738157,Unconstrained
0.16150000010384247,Unconstrained
0.30499999957100954,Unconstrained
0.1225999999405758,Unconstrained
0.10109999993801466,Unconstrained
0.09780000027603819,Unconstrained
0.14600000031350646,Unconstrained
0.12169999990874203,Unconstrained
0.13140000010025688,Unconstrained
0.1382000000376138,Unconstrained
0.16479999976581894,Unconstrained
0.13660000013260287,Unconstrained
0.1370999998471234,Unconstrained
0.3569999998944695,Unconstrained
0.32190000001719454,Unconstrained
0.1940000001923181,Unconstrained
0.16839999989315402,Unconstrained
0.1233000002685003,Unconstrained
0.11200000017197453,Unconstrained
0.17419999994672253,Unconstrained
0.10540000039327424,Unconstrained
0.10549999979048152,Unconstrained
0.0984000002972607,Unconstrained
0.09940000018104911,Unconstrained
0.12019999985568575,Unconstrained
0.09950000003300374,Unconstrained
0.10049999991679215,Unconstrained
0.10269999984302558,Unconstrained
0.12599999990925426,Unconstrained
0.1183999997920182,Unconstrained
0.11189999986527255,Unconstrained
0.09820000013860408,Unconstrained
0.09930000032909447,Unconstrained
0.10239999983241432,Unconstrained
0.10259999999107094,Unconstrained
0.10449999990669312,Unconstrained
0.10160000010728254,Unconstrained
0.23330000021815067,Unconstrained
0.10259999999107094,Unconstrained
0.10539999993852689,Unconstrained
0.11540000014065299,Unconstrained
0.105000000075961,Unconstrained
0.10539999993852689,Unconstrained
0.10539999993852689,Unconstrained
0.18140000020139269,Unconstrained
0.09779999982129084,Unconstrained
0.1650000003792229,Unconstrained
0.09860000000116997,Unconstrained
0.09819999968385673,Unconstrained
0.10109999993801466,Unconstrained
0.09820000013860408,Unconstrained
0.10169999995923718,Unconstrained
0.09900000031848322,Unconstrained
0.18909999971583602,Unconstrained
0.10699999984353781,Unconstrained
0.10380000003351597,Unconstrained
0.1011999997899693,Unconstrained
0.09779999982129084,Unconstrained
0.15699999994467362,Unconstrained
0.10049999991679215,Unconstrained
0.10169999995923718,Unconstrained
0.099800000043615,Unconstrained
0.10420000035082921,Unconstrained
0.09779999982129084,Unconstrained
0.10270000029777293,Unconstrained
0.09989999989556964,Unconstrained
0.10449999990669312,Unconstrained
0.09810000028664945,Unconstrained
0.09920000002239249,Unconstrained
0.09890000001178123,Unconstrained
0.10029999975813553,Unconstrained
0.10169999995923718,Unconstrained
0.11009999980160501,Unconstrained
0.09829999999055872,Unconstrained
0.09799999997994746,Unconstrained
0.09889999955703388,Unconstrained
0.1661999999669206,Unconstrained
0.1183999997920182,Unconstrained
0.09850000014921534,Unconstrained
0.12229999992996454,Unconstrained
0.09799999997994746,Unconstrained
0.09829999999055872,Unconstrained
0.09770000042408356,Unconstrained
0.10430000020278385,Unconstrained
0.09890000001178123,Unconstrained
0.10450000036144047,Unconstrained
0.09929999987434712,Unconstrained
0.09910000017043785,Unconstrained
0.1173999999082298,Unconstrained
0.12030000016238773,Unconstrained
0.13309999985722243,Unconstrained
0.09879999970507924,Unconstrained
0.09850000014921534,Unconstrained
0.0990999997156905,Unconstrained
0.11700000004566391,Unconstrained
0.15110000003915047,Unconstrained
0.11350000022503082,Unconstrained
0.10149999980058055,Unconstrained
0.09890000001178123,Unconstrained
0.10449999990669312,Unconstrained
0.10860000020329608,Unconstrained
0.09940000018104911,Unconstrained
0.09970000019166037,Unconstrained
0.18630000022312743,Unconstrained
0.10969999993903912,Unconstrained
0.15799999982846202,Unconstrained
0.10840000004463946,Unconstrained
0.11069999982282752,Unconstrained
0.11560000029930961,Unconstrained
0.17849999994723476,Unconstrained
0.105000000075961,Unconstrained
0.10459999975864775,Unconstrained
0.09800000043469481,Unconstrained
0.10620000011840602,Unconstrained
0.10579999980109278,Unconstrained
0.11989999984507449,Unconstrained
0.10440000005473848,Unconstrained
0.1067000002876739,Unconstrained
0.09810000028664945,Unconstrained
0.09799999997994746,Unconstrained
0.09799999997994746,Unconstrained
0.10210000027655042,Unconstrained
0.10359999987485935,Unconstrained
0.10410000004412723,Unconstrained
0.09910000017043785,Unconstrained
0.09810000028664945,Unconstrained
0.09819999968385673,Unconstrained
0.10419999989608186,Unconstrained
0.09940000018104911,Unconstrained
0.10969999993903912,Unconstrained
0.09839999984251335,Unconstrained
0.09989999989556964,Unconstrained
0.09860000000116997,Unconstrained
0.10680000013962854,Unconstrained
0.11240000003454043,Unconstrained
0.09820000013860408,Unconstrained
0.0988000001598266,Unconstrained
0.13069999977233238,Unconstrained
0.14349999992191442,Unconstrained
0.14349999992191442,Unconstrained
0.1376999998683459,Unconstrained
0.28779999956896063,Unconstrained
0.16689999984009773,Unconstrained
0.16800000003058813,Unconstrained
0.10220000012850505,Unconstrained
0.10270000029777293,Unconstrained
0.10269999984302558,Unconstrained
0.09870000030787196,Unconstrained
0.09839999984251335,Unconstrained
0.09930000032909447,Unconstrained
0.09759999966263422,Unconstrained
0.12319999996179831,Unconstrained
0.09829999999055872,Unconstrained
0.23330000021815067,Unconstrained
0.09929999987434712,Unconstrained
0.0988000001598266,Unconstrained
0.11459999996077386,Unconstrained
0.2465000002302986,Unconstrained
0.10479999991730438,Unconstrained
0.09899999986373587,Unconstrained
0.2417000000605185,Unconstrained
0.09959999988495838,Unconstrained
0.09829999999055872,Unconstrained
0.10310000016033882,Unconstrained
0.23260000034497352,Unconstrained
0.09930000032909447,Unconstrained
0.24370000028284267,Unconstrained
0.22599999965677853,Unconstrained
0.24609999991298537,Unconstrained
0.2393000004303758,Unconstrained
0.41419999979552813,Unconstrained
0.32439999995403923,Unconstrained
0.18519999957788968,Unconstrained
0.1747000001159904,Unconstrained
0.38059999997130944,Unconstrained
0.10979999979099375,Unconstrained
0.1312999997935549,Unconstrained
0.10179999981119181,Unconstrained
0.0980999998319021,Unconstrained
0.09960000033970573,Unconstrained
0.18929999987449264,Unconstrained
0.1391999999214022,Unconstrained
0.11200000017197453,Unconstrained
0.15799999982846202,Unconstrained
0.10030000021288288,Unconstrained
0.09860000000116997,Unconstrained
0.2312999999958265,Unconstrained
0.3707000000758853,Unconstrained
0.3538999999364023,Unconstrained
0.09829999999055872,Unconstrained
0.10229999998045969,Unconstrained
0.17500000012660166,Unconstrained
0.15450000000782893,Unconstrained
0.15050000001792796,Unconstrained
0.10539999993852689,Unconstrained
0.10440000005473848,Unconstrained
0.09940000018104911,Unconstrained
0.11040000026696362,Unconstrained
0.13899999976274557,Unconstrained
0.10549999979048152,Unconstrained
0.10620000011840602,Unconstrained
0.15200000007098424,Unconstrained
0.1415000001543376,Unconstrained
0.1015000002553279,Unconstrained
0.09790000012799283,Unconstrained
0.15110000003915047,Unconstrained
0.09759999966263422,Unconstrained
0.09890000001178123,Unconstrained
0.1314999999522115,Unconstrained
0.09869999985312461,Unconstrained
0.10199999996984843,Unconstrained
0.09799999997994746,Unconstrained
0.12090000018361025,Unconstrained
0.10299999985363684,Unconstrained
0.11549999999260763,Unconstrained
0.10720000000219443,Unconstrained
0.11009999980160501,Unconstrained
0.10549999979048152,Unconstrained
0.10669999983292655,Unconstrained
0.1640999998926418,Unconstrained
0.1081000000340282,Unconstrained
0.09850000014921534,Unconstrained
0.1063999998223153,Unconstrained
0.10209999982180307,Unconstrained
0.12139999989813077,Unconstrained
0.10620000011840602,Unconstrained
0.10899999961111462,Unconstrained
0.0980999998319021,Unconstrained
0.09910000017043785,Unconstrained
0.1029000000016822,Unconstrained
0.0980999998319021,Unconstrained
0.17230000003110035,Unconstrained
0.09829999999055872,Unconstrained
0.10280000014972757,Unconstrained
0.10440000005473848,Unconstrained
0.09799999997994746,Unconstrained
0.09849999969446799,Unconstrained
0.0988000001598266,Unconstrained
0.1077000001714623,Unconstrained
0.10689999999158317,Unconstrained
0.09850000014921534,Unconstrained
0.09829999999055872,Unconstrained
0.09820000013860408,Unconstrained
0.15339999981733854,Unconstrained
0.1052999996318249,Unconstrained
0.0969999996414117,Unconstrained
0.09979999958886765,Unconstrained
0.10149999980058055,Unconstrained
0.09940000018104911,Unconstrained
0.1019000001178938,Unconstrained
0.10530000008657225,Unconstrained
0.09780000027603819,Unconstrained
0.09810000028664945,Unconstrained
0.0980999998319021,Unconstrained
0.09869999985312461,Unconstrained
0.1343999997516221,Unconstrained
0.09920000002239249,Unconstrained
0.10109999993801466,Unconstrained
0.31829999988985946,Unconstrained
0.20470000026762136,Unconstrained
0.12930000002597808,Unconstrained
0.24150000035660923,Unconstrained
0.09850000014921534,Unconstrained
0.26280000020051375,Unconstrained
0.41899999996530823,Unconstrained
0.23969999983819434,Unconstrained
0.23020000026008347,Unconstrained
0.41720000035638805,Unconstrained
0.22020000005795737,Unconstrained
0.15630000007149647,Unconstrained
0.14899999996487168,Unconstrained
0.24020000000746222,Unconstrained
0.09829999999055872,Unconstrained
0.09890000001178123,Unconstrained
0.10199999996984843,Unconstrained
0.1111999999920954,Unconstrained
0.09950000003300374,Unconstrained
0.09819999968385673,Unconstrained
0.09810000028664945,Unconstrained
0.09760000011738157,Unconstrained
0.18670000008569332,Unconstrained
0.09839999984251335,Unconstrained
0.0984000002972607,Unconstrained
0.09860000000116997,Unconstrained
0.0990999997156905,Unconstrained
0.09929999987434712,Unconstrained
0.09789999967324547,Unconstrained
0.18180000006395858,Unconstrained
0.10689999999158317,Unconstrained
0.10049999991679215,Unconstrained
0.09829999999055872,Unconstrained
0.10239999983241432,Unconstrained
0.11240000003454043,Unconstrained
0.105000000075961,Unconstrained
0.15410000014526304,Unconstrained
0.09820000013860408,Unconstrained
0.09820000013860408,Unconstrained
0.10659999998097192,Unconstrained
0.09920000002239249,Unconstrained
0.11230000018258579,Unconstrained
0.0980999998319021,Unconstrained
0.12949999972988735,Unconstrained
0.10169999995923718,Unconstrained
0.09760000011738157,Unconstrained
0.11769999991884106,Unconstrained
0.1081000000340282,Unconstrained
0.10250000013911631,Unconstrained
0.09790000012799283,Unconstrained
0.09750000026542693,Unconstrained
0.14850000025035115,Unconstrained
0.10130000009667128,Unconstrained
0.10539999993852689,Unconstrained
0.10069999962070142,Unconstrained
0.10209999982180307,Unconstrained
0.14379999993252568,Unconstrained
0.09749999981067958,Unconstrained
0.09839999984251335,Unconstrained
0.09829999999055872,Unconstrained
0.09749999981067958,Unconstrained
0.09829999999055872,Unconstrained
0.10160000010728254,Unconstrained
0.10879999990720535,Unconstrained
0.10180000026593916,Unconstrained
0.09839999984251335,Unconstrained
0.09789999967324547,Unconstrained
0.1428999999006919,Unconstrained
0.09930000032909447,Unconstrained
0.0984000002972607,Unconstrained
0.14459999965765746,Unconstrained
0.1007999999274034,Unconstrained
0.12560000004668836,Unconstrained
0.13109999963489827,Unconstrained
0.23060000012264936,Unconstrained
0.13699999999516876,Unconstrained
0.14319999991130317,Unconstrained
0.10860000020329608,Unconstrained
0.09829999999055872,Unconstrained
0.09830000044530607,Unconstrained
0.1378000001750479,Unconstrained
0.10629999997036066,Unconstrained
0.09790000012799283,Unconstrained
0.0980999998319021,Unconstrained
0.10139999994862592,Unconstrained
0.11370000038368744,Unconstrained
0.10819999988598283,Unconstrained
0.14039999996384722,Unconstrained
0.10160000010728254,Unconstrained
0.14969999983804883,Unconstrained
0.1015000002553279,Unconstrained
0.1011999997899693,Unconstrained
0.10990000009769574,Unconstrained
0.09820000013860408,Unconstrained
0.10139999994862592,Unconstrained
0.09829999999055872,Unconstrained
0.12209999977130792,Unconstrained
0.1253000000360771,Unconstrained
0.1650999997764302,Unconstrained
0.11210000002392917,Unconstrained
0.0988000001598266,Unconstrained
0.0980999998319021,Unconstrained
0.12390000028972281,Unconstrained
0.125699999898643,Unconstrained
0.13699999999516876,Unconstrained
0.14330000021800515,Unconstrained
0.13730000000578002,Unconstrained
0.10620000011840602,Unconstrained
0.11390000008759671,Unconstrained
0.0984000002972607,Unconstrained
0.09829999999055872,Unconstrained
0.09799999997994746,Unconstrained
0.09920000002239249,Unconstrained
0.09780000027603819,Unconstrained
0.23969999983819434,Unconstrained
0.10100000008606003,Unconstrained
0.11700000004566391,Unconstrained
0.09890000001178123,Unconstrained
0.125699999898643,Unconstrained
0.12050000032104435,Unconstrained
0.12960000003658934,Unconstrained
0.11800000038419967,Unconstrained
0.10019999990618089,Unconstrained
0.09839999984251335,Unconstrained
0.24459999985992908,Unconstrained
0.19310000016048434,Unconstrained
0.20800000038434519,Unconstrained
0.3854999999930442,Unconstrained
0.2478999999766529,Unconstrained
0.24299999995491817,Unconstrained
0.30629999992015655,Unconstrained
0.20379999978104024,Unconstrained
0.26479999996809056,Unconstrained
0.09850000014921534,Unconstrained
0.09779999982129084,Unconstrained
0.09870000030787196,Unconstrained
0.09829999999055872,Unconstrained
0.09899999986373587,Unconstrained
0.15759999996589613,Unconstrained
0.4928000003019406,Unconstrained
0.22469999976237887,Unconstrained
0.16759999971327488,Unconstrained
0.11790000007749768,Unconstrained
0.13170000011086813,Unconstrained
0.1976000003196532,Unconstrained
0.2650000001267472,Unconstrained
0.35630000002129236,Unconstrained
0.23480000027120695,Unconstrained
0.22460000036517158,Unconstrained
0.3623000002335175,Unconstrained
0.19680000013977406,Unconstrained
0.20940000013069948,Unconstrained
0.09799999997994746,Unconstrained
0.1698999999462103,Unconstrained
0.18270000009579235,Unconstrained
0.15570000005027396,Unconstrained
0.33750000011423253,Unconstrained
0.17489999981989968,Unconstrained
0.2653999999893131,Unconstrained
0.36420000014913967,Unconstrained
0.3716000001077191,Unconstrained
0.12820000029023504,Unconstrained
0.19859999974869424,Unconstrained
0.309699999888835,Unconstrained
0.10490000022400636,Unconstrained
0.09929999987434712,Unconstrained
0.21179999976084218,Unconstrained
0.19559999964258168,Unconstrained
0.15640000037819846,Unconstrained
0.15000000030340743,Unconstrained
0.14989999999670545,Unconstrained
0.0980999998319021,Unconstrained
0.1260000003640016,Unconstrained
0.09929999987434712,Unconstrained
0.09839999984251335,Unconstrained
0.09779999982129084,Unconstrained
0.16700000014679972,Unconstrained
0.09820000013860408,Unconstrained
0.09869999985312461,Unconstrained
0.12539999988803174,Unconstrained
0.146500000028027,Unconstrained
0.11510000013004174,Unconstrained
0.1216000000567874,Unconstrained
0.10590000010779477,Unconstrained
0.09829999999055872,Unconstrained
0.09949999957825639,Unconstrained
0.10199999996984843,Unconstrained
0.09810000028664945,Unconstrained
0.10740000016085105,Unconstrained
0.09849999969446799,Unconstrained
0.11009999980160501,Unconstrained
0.10239999983241432,Unconstrained
0.09799999997994746,Unconstrained
0.09920000002239249,Unconstrained
0.10089999977935804,Unconstrained
0.09899999986373587,Unconstrained
0.09779999982129084,Unconstrained
0.09759999966263422,Unconstrained
0.10220000012850505,Unconstrained
0.10160000010728254,Unconstrained
0.09779999982129084,Unconstrained
0.09799999997994746,Unconstrained
0.09850000014921534,Unconstrained
0.09860000000116997,Unconstrained
0.09829999999055872,Unconstrained
0.09850000014921534,Unconstrained
0.10900000006586197,Unconstrained
0.09760000011738157,Unconstrained
0.09869999985312461,Unconstrained
0.0980999998319021,Unconstrained
0.09739999995872495,Unconstrained
0.09730000010677031,Unconstrained
0.09869999985312461,Unconstrained
0.09850000014921534,Unconstrained
0.10180000026593916,Unconstrained
0.10250000013911631,Unconstrained
0.09800000043469481,Unconstrained
0.37860000020373263,Unconstrained
0.3973000002588378,Unconstrained
0.3815000000031432,Unconstrained
0.3249000001233071,Unconstrained
0.16799999957584077,Unconstrained
0.09799999997994746,Unconstrained
0.10040000006483751,Unconstrained
0.14929999997548293,Unconstrained
0.189200000022538,Unconstrained
0.24290000010296353,Unconstrained
0.16340000001946464,Unconstrained
0.10019999990618089,Unconstrained
0.1502000000073167,Unconstrained
0.12560000004668836,Unconstrained
0.09799999997994746,Unconstrained
0.09870000030787196,Unconstrained
0.09869999985312461,Unconstrained
0.10240000028716167,Unconstrained
0.11009999980160501,Unconstrained
0.10470000006534974,Unconstrained
0.1042999997480365,Unconstrained
0.10350000002290471,Unconstrained
0.10199999996984843,Unconstrained
0.09839999984251335,Unconstrained
0.0976999999693362,Unconstrained
0.10539999993852689,Unconstrained
0.11289999974906095,Unconstrained
0.09760000011738157,Unconstrained
0.09749999981067958,Unconstrained
0.09820000013860408,Unconstrained
0.10339999971620273,Unconstrained
0.10239999983241432,Unconstrained
0.10010000005422626,Unconstrained
0.09820000013860408,Unconstrained
0.10139999994862592,Unconstrained
0.10440000005473848,Unconstrained
0.09879999970507924,Unconstrained
0.09820000013860408,Unconstrained
0.09849999969446799,Unconstrained
0.0980999998319021,Unconstrained
0.09739999995872495,Unconstrained
0.09860000000116997,Unconstrained
0.09799999997994746,Unconstrained
0.09839999984251335,Unconstrained
0.09869999985312461,Unconstrained
0.10860000020329608,Unconstrained
0.09819999968385673,Unconstrained
0.0976999999693362,Unconstrained
0.0984000002972607,Unconstrained
0.10920000022451859,Unconstrained
0.10029999975813553,Unconstrained
0.09760000011738157,Unconstrained
0.09790000012799283,Unconstrained
0.0980999998319021,Unconstrained
0.0984000002972607,Unconstrained
0.09860000000116997,Unconstrained
0.10029999975813553,Unconstrained
0.10020000036092824,Unconstrained
0.09850000014921534,Unconstrained
0.15830000029382063,Unconstrained
0.09829999999055872,Unconstrained
0.15490000032514217,Unconstrained
0.09790000012799283,Unconstrained
0.10160000010728254,Unconstrained
0.09839999984251335,Unconstrained
0.10459999975864775,Unconstrained
0.09799999997994746,Unconstrained
0.15050000001792796,Unconstrained
0.10059999976874678,Unconstrained
0.14929999997548293,Unconstrained
0.10080000038215076,Unconstrained
0.1370999998471234,Unconstrained
0.10309999970559147,Unconstrained
0.1052999996318249,Unconstrained
0.099800000043615,Unconstrained
0.1314999999522115,Unconstrained
0.10100000008606003,Unconstrained
0.09860000000116997,Unconstrained
0.09929999987434712,Unconstrained
0.09839999984251335,Unconstrained
0.1032999998642481,Unconstrained
0.09899999986373587,Unconstrained
0.09850000014921534,Unconstrained
0.09819999968385673,Unconstrained
0.10110000039276201,Unconstrained
0.09959999988495838,Unconstrained
0.09829999999055872,Unconstrained
0.09929999987434712,Unconstrained
0.1430000002073939,Unconstrained
0.1575000001139415,Unconstrained
0.1364999998259009,Unconstrained
0.18049999971481157,Unconstrained
0.4017999999632593,Unconstrained
0.22519999993164674,Unconstrained
0.21109999988766504,Unconstrained
0.09839999984251335,Unconstrained
0.1851000001806824,Unconstrained
0.0988000001598266,Unconstrained
0.1173999999082298,Unconstrained
0.10569999994913815,Unconstrained
0.09939999972630176,Unconstrained
0.09890000001178123,Unconstrained
0.11759999961213907,Unconstrained
0.09940000018104911,Unconstrained
0.09799999997994746,Unconstrained
0.18070000032821554,Unconstrained
0.13179999996282277,Unconstrained
0.1349999997728446,Unconstrained
0.137400000312482,Unconstrained
0.13309999985722243,Unconstrained
0.13989999979457934,Unconstrained
0.1098000002457411,Unconstrained
0.14529999998558196,Unconstrained
0.10250000013911631,Unconstrained
0.09879999970507924,Unconstrained
0.1160000001618755,Unconstrained
0.09860000000116997,Unconstrained
0.12110000034226687,Unconstrained
0.10040000006483751,Unconstrained
0.09829999999055872,Unconstrained
0.11440000025686459,Unconstrained
0.10960000008708448,Unconstrained
0.1077000001714623,Unconstrained
0.10590000010779477,Unconstrained
0.1430000002073939,Unconstrained
0.11050000011891825,Unconstrained
0.14109999983702437,Unconstrained
0.13119999994160025,Unconstrained
0.16129999994518585,Unconstrained
0.13760000001639128,Unconstrained
0.13699999999516876,Unconstrained
0.2310999998371699,Unconstrained
0.1129000002038083,Unconstrained
0.10969999993903912,Unconstrained
0.09890000001178123,Unconstrained
0.11390000008759671,Unconstrained
0.10210000027655042,Unconstrained
0.09810000028664945,Unconstrained
0.09849999969446799,Unconstrained
0.10159999965253519,Unconstrained
0.15970000004017493,Unconstrained
0.2418000003672205,Unconstrained
0.21179999976084218,Unconstrained
0.1119000003200199,Unconstrained
0.23370000008071656,Unconstrained
0.10720000000219443,Unconstrained
0.09780000027603819,Unconstrained
0.09910000017043785,Unconstrained
0.09780000027603819,Unconstrained
0.15209999992293888,Unconstrained
0.09819999968385673,Unconstrained
0.09950000003300374,Unconstrained
0.2285999999003252,Unconstrained
0.10169999995923718,Unconstrained
0.09829999999055872,Unconstrained
0.09860000000116997,Unconstrained
0.17359999992550001,Unconstrained
0.23149999969973578,Unconstrained
0.1667999999881431,Unconstrained
0.16749999986132025,Unconstrained
0.3088999997089559,Unconstrained
0.3891999999723339,Unconstrained
0.18469999986336916,Unconstrained
0.282599999991362,Unconstrained
0.10850000035134144,Unconstrained
0.1005000003715395,Unconstrained
0.11840000024676556,Unconstrained
0.11129999984405003,Unconstrained
0.28400000019246363,Unconstrained
0.2366000003348745,Unconstrained
0.10549999979048152,Unconstrained
0.13110000008964562,Unconstrained
0.3523000000313914,Unconstrained
0.3503000002638146,Unconstrained
0.1907000000755943,Unconstrained
0.16700000014679972,Unconstrained
0.10249999968436896,Unconstrained
0.1011999997899693,Unconstrained
0.16830000004119938,Unconstrained
0.09790000012799283,Unconstrained
0.11399999993955134,Unconstrained
0.23179999971034704,Unconstrained
0.09869999985312461,Unconstrained
0.09860000000116997,Unconstrained
0.1218999996126513,Unconstrained
0.25009999990288634,Unconstrained
0.3869999995913531,Unconstrained
0.1847999997153238,Unconstrained
0.09800000043469481,Unconstrained
0.09850000014921534,Unconstrained
0.11889999996128608,Unconstrained
0.1098000002457411,Unconstrained
0.14930000043023028,Unconstrained
0.09920000002239249,Unconstrained
0.09860000000116997,Unconstrained
0.09739999995872495,Unconstrained
0.11199999971722718,Unconstrained
0.09929999987434712,Unconstrained
0.09930000032909447,Unconstrained
0.09869999985312461,Unconstrained
0.0988000001598266,Unconstrained
0.105000000075961,Unconstrained
0.15459999985978357,Unconstrained
0.18390000013823737,Unconstrained
0.09730000010677031,Unconstrained
0.17479999996794504,Unconstrained
0.09890000001178123,Unconstrained
0.09780000027603819,Unconstrained
0.2382000002398854,Unconstrained
0.1000999995994789,Unconstrained
0.09739999995872495,Unconstrained
0.09829999999055872,Unconstrained
0.1007999999274034,Unconstrained
0.10280000014972757,Unconstrained
0.09839999984251335,Unconstrained
0.10130000009667128,Unconstrained
0.09810000028664945,Unconstrained
0.10070000007544877,Unconstrained
0.09890000001178123,Unconstrained
0.1521999997748935,Unconstrained
0.09879999970507924,Unconstrained
0.09839999984251335,Unconstrained
0.16090000008261995,Unconstrained
0.09820000013860408,Unconstrained
0.10440000005473848,Unconstrained
0.09860000000116997,Unconstrained
0.15969999958542758,Unconstrained
0.09849999969446799,Unconstrained
0.09779999982129084,Unconstrained
0.11470000026747584,Unconstrained
0.09820000013860408,Unconstrained
0.12479999986680923,Unconstrained
0.09869999985312461,Unconstrained
0.16169999980775174,Unconstrained
0.09799999997994746,Unconstrained
0.09829999999055872,Unconstrained
0.16360000017812126,Unconstrained
0.0976999999693362,Unconstrained
0.11630000017248676,Unconstrained
0.0980999998319021,Unconstrained
0.10789999987537158,Unconstrained
0.09820000013860408,Unconstrained
0.09789999967324547,Unconstrained
0.10359999987485935,Unconstrained
0.09719999980006833,Unconstrained
0.15419999999721767,Unconstrained
0.09970000019166037,Unconstrained
0.10179999981119181,Unconstrained
0.10109999993801466,Unconstrained
0.09819999968385673,Unconstrained
0.1778000000740576,Unconstrained
0.09839999984251335,Unconstrained
0.09900000031848322,Unconstrained
0.1212000001942215,Unconstrained
0.09799999997994746,Unconstrained
0.09849999969446799,Unconstrained
0.09799999997994746,Unconstrained
0.14740000005986076,Unconstrained
0.10550000024522888,Unconstrained
0.09789999967324547,Unconstrained
0.09770000042408356,Unconstrained
0.0976999999693362,Unconstrained
0.10560000009718351,Unconstrained
0.10130000009667128,Unconstrained
0.09779999982129084,Unconstrained
0.0976999999693362,Unconstrained
0.10410000004412723,Unconstrained
0.09820000013860408,Unconstrained
0.09899999986373587,Unconstrained
0.1779000003807596,Unconstrained
0.10299999985363684,Unconstrained
0.09820000013860408,Unconstrained
0.11809999978140695,Unconstrained
0.10490000022400636,Unconstrained
0.09970000019166037,Unconstrained
0.09789999967324547,Unconstrained
0.09890000001178123,Unconstrained
0.10350000002290471,Unconstrained
0.09820000013860408,Unconstrained
0.0988000001598266,Unconstrained
0.10449999990669312,Unconstrained
0.09860000000116997,Unconstrained
0.1019000001178938,Unconstrained
0.10270000029777293,Unconstrained
0.09780000027603819,Unconstrained
0.0984000002972607,Unconstrained
0.09789999967324547,Unconstrained
0.09829999999055872,Unconstrained
0.15320000011342927,Unconstrained
0.09839999984251335,Unconstrained
0.09730000010677031,Unconstrained
0.09719999980006833,Unconstrained
0.09790000012799283,Unconstrained
0.12329999981375295,Unconstrained
0.09799999997994746,Unconstrained
0.16940000023168977,Unconstrained
0.10130000009667128,Unconstrained
0.10180000026593916,Unconstrained
0.10399999973742524,Unconstrained
0.09899999986373587,Unconstrained
0.11069999982282752,Unconstrained
0.09790000012799283,Unconstrained
0.09899999986373587,Unconstrained
0.09950000003300374,Unconstrained
0.09979999958886765,Unconstrained
0.09989999989556964,Unconstrained
0.11369999992894009,Unconstrained
0.16800000003058813,Unconstrained
0.09820000013860408,Unconstrained
0.09899999986373587,Unconstrained
0.09949999957825639,Unconstrained
0.09959999988495838,Unconstrained
0.09849999969446799,Unconstrained
0.09920000002239249,Unconstrained
0.10109999993801466,Unconstrained
0.09930000032909447,Unconstrained
0.09940000018104911,Unconstrained
0.10350000002290471,Unconstrained
0.0984000002972607,Unconstrained
0.16150000010384247,Unconstrained
0.1052999996318249,Unconstrained
0.10669999983292655,Unconstrained
0.1046000002133951,Unconstrained
0.09910000017043785,Unconstrained
0.11730000005627517,Unconstrained
0.10590000010779477,Unconstrained
0.0988000001598266,Unconstrained
0.0988000001598266,Unconstrained
0.099800000043615,Unconstrained
0.10689999999158317,Unconstrained
0.09890000001178123,Unconstrained
0.2930999999080086,Unconstrained
0.430300000061834,Unconstrained
0.1285000003008463,Unconstrained
0.15959999973347294,Unconstrained
0.09829999999055872,Unconstrained
0.17529999968246557,Unconstrained
0.09760000011738157,Unconstrained
0.09890000001178123,Unconstrained
0.09890000001178123,Unconstrained
0.09879999970507924,Unconstrained
0.10180000026593916,Unconstrained
0.09829999999055872,Unconstrained
0.09810000028664945,Unconstrained
0.09860000000116997,Unconstrained
0.09940000018104911,Unconstrained
0.09890000001178123,Unconstrained
0.09950000003300374,Unconstrained
0.1443999999537482,Unconstrained
0.09849999969446799,Unconstrained
0.0980999998319021,Unconstrained
0.09930000032909447,Unconstrained
0.09950000003300374,Unconstrained
0.10070000007544877,Unconstrained
0.09899999986373587,Unconstrained
0.09789999967324547,Unconstrained
0.09860000000116997,Unconstrained
0.09799999997994746,Unconstrained
0.09910000017043785,Unconstrained
0.0980999998319021,Unconstrained
0.1778000000740576,Unconstrained
0.0980999998319021,Unconstrained
0.09879999970507924,Unconstrained
0.09850000014921534,Unconstrained
0.09939999972630176,Unconstrained
0.110200000108307,Unconstrained
0.09890000001178123,Unconstrained
0.12849999984609894,Unconstrained
0.09839999984251335,Unconstrained
0.09860000000116997,Unconstrained
0.0980999998319021,Unconstrained
0.09929999987434712,Unconstrained
0.15729999995528487,Unconstrained
0.09829999999055872,Unconstrained
0.09759999966263422,Unconstrained
0.09970000019166037,Unconstrained
0.09829999999055872,Unconstrained
0.16529999993508682,Unconstrained
0.09789999967324547,Unconstrained
0.09899999986373587,Unconstrained
0.09860000000116997,Unconstrained
0.09900000031848322,Unconstrained
0.09829999999055872,Unconstrained
0.09910000017043785,Unconstrained
0.09790000012799283,Unconstrained
0.09869999985312461,Unconstrained
0.09739999995872495,Unconstrained
0.09910000017043785,Unconstrained
0.09929999987434712,Unconstrained
0.12739999965560855,Unconstrained
0.09799999997994746,Unconstrained
0.14970000029279618,Unconstrained
0.09860000000116997,Unconstrained
0.0984000002972607,Unconstrained
0.0990999997156905,Unconstrained
0.09750000026542693,Unconstrained
0.09829999999055872,Unconstrained
0.1820000002226152,Unconstrained
0.19549999979062704,Unconstrained
0.09949999957825639,Unconstrained
0.09869999985312461,Unconstrained
0.09849999969446799,Unconstrained
0.09839999984251335,Unconstrained
0.0990999997156905,Unconstrained
0.09950000003300374,Unconstrained
0.09810000028664945,Unconstrained
0.10369999972681399,Unconstrained
0.09829999999055872,Unconstrained
0.10010000005422626,Unconstrained
0.0988000001598266,Unconstrained
0.09820000013860408,Unconstrained
0.2318000001650944,Unconstrained
0.10999999994965037,Unconstrained
0.11089999998148414,Unconstrained
0.12520000018412247,Unconstrained
0.23080000028130598,Unconstrained
0.3449999999247666,Unconstrained
0.2382000002398854,Unconstrained
0.11009999980160501,Unconstrained
0.2347999998164596,Unconstrained
0.22940000008020434,Unconstrained
0.12310000010984368,Unconstrained
0.1036000003296067,Unconstrained
0.09870000030787196,Unconstrained
0.09879999970507924,Unconstrained
0.22869999975227984,Unconstrained
0.2449000003252877,Unconstrained
0.12440000000424334,Unconstrained
0.36709999994855025,Unconstrained
0.0988000001598266,Unconstrained
0.0980999998319021,Unconstrained
0.10900000006586197,Unconstrained
0.09890000001178123,Unconstrained
0.09790000012799283,Unconstrained
0.09839999984251335,Unconstrained
0.09839999984251335,Unconstrained
0.0988000001598266,Unconstrained
0.09910000017043785,Unconstrained
0.09869999985312461,Unconstrained
0.09939999972630176,Unconstrained
0.09850000014921534,Unconstrained
0.09850000014921534,Unconstrained
0.09819999968385673,Unconstrained
0.0984000002972607,Unconstrained
0.09860000000116997,Unconstrained
0.17500000012660166,Unconstrained
0.09879999970507924,Unconstrained
0.10010000005422626,Unconstrained
0.09849999969446799,Unconstrained
0.09910000017043785,Unconstrained
0.13519999993150122,Unconstrained
0.1005000003715395,Unconstrained
0.0980999998319021,Unconstrained
0.10110000039276201,Unconstrained
0.324099999943428,Unconstrained
0.1544000001558743,Unconstrained
0.3432999997130537,Unconstrained
0.3048999997190549,Unconstrained
0.1391999999214022,Unconstrained
0.14549999968949123,Unconstrained
0.099800000043615,Unconstrained
0.09870000030787196,Unconstrained
0.10340000017095008,Unconstrained
0.18330000011701486,Unconstrained
0.10259999999107094,Unconstrained
0.17530000013721292,Unconstrained
0.10709999969549244,Unconstrained
0.1032999998642481,Unconstrained
0.105000000075961,Unconstrained
0.10700000029828516,Unconstrained
0.10259999999107094,Unconstrained
0.09910000017043785,Unconstrained
0.10019999990618089,Unconstrained
0.3824999998869316,Unconstrained
0.09989999989556964,Unconstrained
0.11059999997087289,Unconstrained
0.0988000001598266,Unconstrained
0.09890000001178123,Unconstrained
0.0984000002972607,Unconstrained
0.10449999990669312,Unconstrained
0.09900000031848322,Unconstrained
0.09950000003300374,Unconstrained
0.09869999985312461,Unconstrained
0.09930000032909447,Unconstrained
0.10619999966365867,Unconstrained
0.09999999974752427,Unconstrained
0.09910000017043785,Unconstrained
0.11089999998148414,Unconstrained
0.10380000003351597,Unconstrained
0.09939999972630176,Unconstrained
0.10040000006483751,Unconstrained
0.1029000000016822,Unconstrained
0.09929999987434712,Unconstrained
0.09930000032909447,Unconstrained
0.09869999985312461,Unconstrained
0.09920000002239249,Unconstrained
0.09910000017043785,Unconstrained
0.0988000001598266,Unconstrained
0.09910000017043785,Unconstrained
0.10640000027706265,Unconstrained
0.10409999958937988,Unconstrained
0.0984000002972607,Unconstrained
0.09849999969446799,Unconstrained
0.09949999957825639,Unconstrained
0.09860000000116997,Unconstrained
0.0976999999693362,Unconstrained
0.09860000000116997,Unconstrained
0.09839999984251335,Unconstrained
0.09969999973691301,Unconstrained
0.09930000032909447,Unconstrained
0.09890000001178123,Unconstrained
0.2758999999059597,Unconstrained
0.09799999997994746,Unconstrained
0.0990999997156905,Unconstrained
0.10440000005473848,Unconstrained
0.0988000001598266,Unconstrained
0.09970000019166037,Unconstrained
0.09850000014921534,Unconstrained
0.1019000001178938,Unconstrained
0.1007999999274034,Unconstrained
0.10530000008657225,Unconstrained
0.10400000019217259,Unconstrained
0.10020000036092824,Unconstrained
0.09920000002239249,Unconstrained
0.09850000014921534,Unconstrained
0.09860000000116997,Unconstrained
0.09869999985312461,Unconstrained
0.09879999970507924,Unconstrained
0.09879999970507924,Unconstrained
0.09869999985312461,Unconstrained
0.105000000075961,Unconstrained
0.0980999998319021,Unconstrained
0.09820000013860408,Unconstrained
0.09939999972630176,Unconstrained
0.09860000000116997,Unconstrained
0.09920000002239249,Unconstrained
0.09829999999055872,Unconstrained
0.09879999970507924,Unconstrained
0.09820000013860408,Unconstrained
0.09829999999055872,Unconstrained
0.09920000002239249,Unconstrained
0.10060000022349413,Unconstrained
0.1038999998854706,Unconstrained
0.09850000014921534,Unconstrained
0.09970000019166037,Unconstrained
0.10180000026593916,Unconstrained
0.09850000014921534,Unconstrained
0.09869999985312461,Unconstrained
0.09860000000116997,Unconstrained
0.09899999986373587,Unconstrained
0.09829999999055872,Unconstrained
0.09950000003300374,Unconstrained
0.09860000000116997,Unconstrained
0.09910000017043785,Unconstrained
0.09839999984251335,Unconstrained
0.10879999990720535,Unconstrained
0.10100000008606003,Unconstrained
0.10169999995923718,Unconstrained
0.10249999968436896,Unconstrained
0.10320000001229346,Unconstrained
0.0980999998319021,Unconstrained
0.09869999985312461,Unconstrained
0.09820000013860408,Unconstrained
0.09869999985312461,Unconstrained
0.09750000026542693,Unconstrained
0.09920000002239249,Unconstrained
0.10490000022400636,Unconstrained
0.23089999967851327,Unconstrained
0.22669999998470303,Unconstrained
0.10729999985414906,Unconstrained
0.2710000003389723,Unconstrained
0.17650000017965795,Unconstrained
0.09790000012799283,Unconstrained
0.26109999998880085,Unconstrained
0.18139999974664534,Unconstrained
0.17639999987295596,Unconstrained
0.15560000019831932,Unconstrained
0.11140000015075202,Unconstrained
0.17309999975623214,Unconstrained
0.10800000018207356,Unconstrained
0.12560000004668836,Unconstrained
0.1090999999178166,Unconstrained
0.11129999984405003,Unconstrained
0.10939999992842786,Unconstrained
0.10179999981119181,Unconstrained
0.09869999985312461,Unconstrained
0.09910000017043785,Unconstrained
0.10440000005473848,Unconstrained
0.09899999986373587,Unconstrained
0.09870000030787196,Unconstrained
0.09820000013860408,Unconstrained
0.14469999996435945,Unconstrained
0.09979999958886765,Unconstrained
0.22099999978308915,Unconstrained
0.09850000014921534,Unconstrained
0.0980999998319021,Unconstrained
0.09950000003300374,Unconstrained
0.13330000001587905,Unconstrained
0.099800000043615,Unconstrained
0.10019999990618089,Unconstrained
0.10340000017095008,Unconstrained
0.10020000036092824,Unconstrained
0.09940000018104911,Unconstrained
0.10000000020227162,Unconstrained
0.10419999989608186,Unconstrained
0.09950000003300374,Unconstrained
0.10280000014972757,Unconstrained
0.10209999982180307,Unconstrained
0.10659999998097192,Unconstrained
0.23250000003827154,Unconstrained
0.09910000017043785,Unconstrained
0.1886000000013155,Unconstrained
0.0988000001598266,Unconstrained
0.10030000021288288,Unconstrained
0.1011999997899693,Unconstrained
0.09940000018104911,Unconstrained
0.10550000024522888,Unconstrained
0.12210000022605527,Unconstrained
0.09820000013860408,Unconstrained
0.09959999988495838,Unconstrained
0.09920000002239249,Unconstrained
0.10790000033011893,Unconstrained
0.09929999987434712,Unconstrained
0.16809999988254276,Unconstrained
0.09939999972630176,Unconstrained
0.10179999981119181,Unconstrained
0.09879999970507924,Unconstrained
0.11139999969600467,Unconstrained
0.0988000001598266,Unconstrained
0.1042999997480365,Unconstrained
0.09860000000116997,Unconstrained
0.10019999990618089,Unconstrained
0.09939999972630176,Unconstrained
0.09820000013860408,Unconstrained
0.0988000001598266,Unconstrained
0.12270000024727779,Unconstrained
0.09959999988495838,Unconstrained
0.10990000009769574,Unconstrained
0.09860000000116997,Unconstrained
0.09970000019166037,Unconstrained
0.10310000016033882,Unconstrained
0.1011999997899693,Unconstrained
0.13250000029074727,Unconstrained
0.3432999997130537,Unconstrained
0.1029000000016822,Unconstrained
0.10420000035082921,Unconstrained
0.09919999956764514,Unconstrained
0.10229999998045969,Unconstrained
0.09860000000116997,Unconstrained
0.10350000002290471,Unconstrained
0.09939999972630176,Unconstrained
0.10140000040337327,Unconstrained
0.09929999987434712,Unconstrained
0.11099999983343878,Unconstrained
0.10080000038215076,Unconstrained
0.2712999998948362,Unconstrained
0.13170000011086813,Unconstrained
0.09910000017043785,Unconstrained
0.09839999984251335,Unconstrained
0.2355000001443841,Unconstrained
0.13690000014321413,Unconstrained
0.1818999999159132,Unconstrained
0.09960000033970573,Unconstrained
0.15489999987039482,Unconstrained
0.1019000001178938,Unconstrained
0.09900000031848322,Unconstrained
0.1208999997288629,Unconstrained
0.09910000017043785,Unconstrained
0.09949999957825639,Unconstrained
0.09800000043469481,Unconstrained
0.10409999958937988,Unconstrained
0.2407000001767301,Unconstrained
0.0990999997156905,Unconstrained
0.09940000018104911,Unconstrained
0.2314000003025285,Unconstrained
0.22780000017519342,Unconstrained
0.184100000296894,Unconstrained
0.14419999979509157,Unconstrained
0.13159999980416615,Unconstrained
0.09950000003300374,Unconstrained
0.24430000030406518,Unconstrained
0.2459000002090761,Unconstrained
0.14590000000680448,Unconstrained
0.17119999984060996,Unconstrained
0.17389999993611127,Unconstrained
0.41539999983797316,Unconstrained
0.21519999972952064,Unconstrained
0.09850000014921534,Unconstrained
0.10560000009718351,Unconstrained
0.23830000009184005,Unconstrained
0.09860000000116997,Unconstrained
0.09820000013860408,Unconstrained
0.09790000012799283,Unconstrained
0.09920000002239249,Unconstrained
0.09899999986373587,Unconstrained
0.09939999972630176,Unconstrained
0.09969999973691301,Unconstrained
0.110200000108307,Unconstrained
0.09819999968385673,Unconstrained
0.09910000017043785,Unconstrained
0.09870000030787196,Unconstrained
0.09820000013860408,Unconstrained
0.09899999986373587,Unconstrained
0.09920000002239249,Unconstrained
0.0980999998319021,Unconstrained
0.09799999997994746,Unconstrained
0.09760000011738157,Unconstrained
0.09790000012799283,Unconstrained
0.09879999970507924,Unconstrained
0.09789999967324547,Unconstrained
0.09890000001178123,Unconstrained
0.0976999999693362,Unconstrained
0.09829999999055872,Unconstrained
0.10320000001229346,Unconstrained
0.10610000026645139,Unconstrained
0.09860000000116997,Unconstrained
0.09900000031848322,Unconstrained
0.09730000010677031,Unconstrained
0.09899999986373587,Unconstrained
0.0980999998319021,Unconstrained
0.09849999969446799,Unconstrained
0.09829999999055872,Unconstrained
0.0980999998319021,Unconstrained
0.09820000013860408,Unconstrained
0.10339999971620273,Unconstrained
0.09899999986373587,Unconstrained
0.10259999999107094,Unconstrained
0.10239999983241432,Unconstrained
0.09780000027603819,Unconstrained
0.09829999999055872,Unconstrained
0.09939999972630176,Unconstrained
0.10320000001229346,Unconstrained
0.09799999997994746,Unconstrained
0.09920000002239249,Unconstrained
0.09839999984251335,Unconstrained
0.09940000018104911,Unconstrained
0.09760000011738157,Unconstrained
0.09920000002239249,Unconstrained
0.099800000043615,Unconstrained
0.09940000018104911,Unconstrained
0.10569999994913815,Unconstrained
0.0980999998319021,Unconstrained
0.10069999962070142,Unconstrained
0.09890000001178123,Unconstrained
0.09839999984251335,Unconstrained
0.10160000010728254,Unconstrained
0.09860000000116997,Unconstrained
0.09929999987434712,Unconstrained
0.09839999984251335,Unconstrained
0.10109999993801466,Unconstrained
0.10410000004412723,Unconstrained
0.09839999984251335,Unconstrained
0.09839999984251335,Unconstrained
0.23659999988012714,Unconstrained
0.11649999987639603,Unconstrained
0.09970000019166037,Unconstrained
0.10269999984302558,Unconstrained
0.09799999997994746,Unconstrained
0.11489999997138511,Unconstrained
0.10590000010779477,Unconstrained
0.09879999970507924,Unconstrained
0.11349999977028347,Unconstrained
0.09959999988495838,Unconstrained
0.36280000040278537,Unconstrained
0.44089999983043526,Unconstrained
0.23149999969973578,Unconstrained
0.24710000025152112,Unconstrained
0.22929999977350235,Unconstrained
0.27110000019092695,Unconstrained
0.2002000001084525,Unconstrained
0.19649999967441545,Unconstrained
0.10239999983241432,Unconstrained
0.09870000030787196,Unconstrained
0.0976999999693362,Unconstrained
0.0969999996414117,Unconstrained
0.18989999989571515,Unconstrained
0.3524000003380934,Unconstrained
0.0984000002972607,Unconstrained
0.20360000007713097,Unconstrained
0.13730000000578002,Unconstrained
0.22469999976237887,Unconstrained
0.14469999996435945,Unconstrained
0.1526999999441614,Unconstrained
0.14490000012301607,Unconstrained
0.14529999998558196,Unconstrained
0.1471000000492495,Unconstrained
0.24780000012469827,Unconstrained
0.14239999973142403,Unconstrained
0.4158000001552864,Unconstrained
0.21250000008876668,Unconstrained
0.10070000007544877,Unconstrained
0.39160000005722395,Unconstrained
0.21350000042730244,Unconstrained
0.11349999977028347,Unconstrained
0.09939999972630176,Unconstrained
0.10029999975813553,Unconstrained
0.09950000003300374,Unconstrained
0.15749999965919415,Unconstrained
0.23929999997562845,Unconstrained
0.146399999721325,Unconstrained
0.16379999988203053,Unconstrained
0.141199999688979,Unconstrained
0.13269999999465654,Unconstrained
0.1312999997935549,Unconstrained
0.13829999988956843,Unconstrained
0.13689999968846678,Unconstrained
0.1378000001750479,Unconstrained
0.1318999998147774,Unconstrained
0.13699999999516876,Unconstrained
0.13209999997343402,Unconstrained
0.1640999998926418,Unconstrained
0.13739999985773466,Unconstrained
0.13209999997343402,Unconstrained
0.21640000022671302,Unconstrained
0.13219999982538866,Unconstrained
0.13790000002700253,Unconstrained
0.1434000000699598,Unconstrained
0.13799999987895717,Unconstrained
0.2745000001596054,Unconstrained
0.1376999998683459,Unconstrained
0.13710000030187075,Unconstrained
0.13110000008964562,Unconstrained
0.13080000007903436,Unconstrained
0.13589999980467837,Unconstrained
0.13679999983651214,Unconstrained
0.14569999984814785,Unconstrained
0.13679999983651214,Unconstrained
0.13070000022707973,Unconstrained
0.25030000006154296,Unconstrained
0.13790000002700253,Unconstrained
0.13230000013209064,Unconstrained
0.13140000010025688,Unconstrained
0.13299999955052044,Unconstrained
0.28899999961140566,Unconstrained
0.14529999998558196,Unconstrained
0.1451000002816727,Unconstrained
0.13750000016443664,Unconstrained
0.13659999967785552,Unconstrained
0.17099999968195334,Unconstrained
0.1389000003655383,Unconstrained
0.1328999996985658,Unconstrained
0.15869999970163917,Unconstrained
0.2158999996026978,Unconstrained
0.1704999999674328,Unconstrained
0.1314999999522115,Unconstrained
0.13720000015382539,Unconstrained
0.13989999979457934,Unconstrained
0.13810000018565916,Unconstrained
0.13110000008964562,Unconstrained
0.23409999994328246,Unconstrained
0.1318999998147774,Unconstrained
0.1318999998147774,Unconstrained
0.14529999998558196,Unconstrained
0.13689999968846678,Unconstrained
0.2116000000569329,Unconstrained
0.141299999995681,Unconstrained
0.14430000010179356,Unconstrained
0.13829999988956843,Unconstrained
0.14380000038727303,Unconstrained
0.14829999963694718,Unconstrained
0.14319999991130317,Unconstrained
0.14469999996435945,Unconstrained
0.20069999982297304,Unconstrained
0.15730000041003223,Unconstrained
0.13800000033370452,Unconstrained
0.13650000028064824,Unconstrained
0.33690000009301,Unconstrained
0.22480000006908085,Unconstrained
0.15250000024025212,Unconstrained
0.09890000001178123,Unconstrained
0.16860000005181064,Unconstrained
0.12169999990874203,Unconstrained
0.1378000001750479,Unconstrained
0.1428999999006919,Unconstrained
0.14449999980570283,Unconstrained
0.19729999985429458,Unconstrained
0.1376999998683459,Unconstrained
0.13760000001639128,Unconstrained
0.24809999968056218,Unconstrained
0.1378000001750479,Unconstrained
0.1366999999845575,Unconstrained
0.13309999985722243,Unconstrained
0.14249999958337867,Unconstrained
0.15829999983907328,Unconstrained
0.10800000018207356,Unconstrained
0.09870000030787196,Unconstrained
0.10209999982180307,Unconstrained
0.13170000011086813,Unconstrained
0.13690000014321413,Unconstrained
0.1389000003655383,Unconstrained
0.12040000001434237,Unconstrained
0.13119999994160025,Unconstrained
0.09890000001178123,Unconstrained
0.14950000013413955,Unconstrained
0.10159999965253519,Unconstrained
0.226800000291405,Unconstrained
0.13619999981528963,Unconstrained
0.16269999969154014,Unconstrained
0.1498000001447508,Unconstrained
0.13420000004771282,Unconstrained
0.11929999982385198,Unconstrained
0.11690000019370927,Unconstrained
0.09850000014921534,Unconstrained
0.12190000006739865,Unconstrained
0.10569999994913815,Unconstrained
0.09899999986373587,Unconstrained
0.11140000015075202,Unconstrained
0.10299999985363684,Unconstrained
0.09910000017043785,Unconstrained
0.14199999986885814,Unconstrained
0.09849999969446799,Unconstrained
0.09860000000116997,Unconstrained
0.09820000013860408,Unconstrained
0.09820000013860408,Unconstrained
0.1059999999597494,Unconstrained
0.09899999986373587,Unconstrained
0.09939999972630176,Unconstrained
0.09760000011738157,Unconstrained
0.09860000000116997,Unconstrained
0.31979999994291575,Unconstrained
0.1021999996737577,Unconstrained
0.11530000028869836,Unconstrained
0.09920000002239249,Unconstrained
0.12860000015280093,Unconstrained
0.1011999997899693,Unconstrained
0.0988000001598266,Unconstrained
0.09860000000116997,Unconstrained
0.10310000016033882,Unconstrained
0.17109999998865533,Unconstrained
0.10149999980058055,Unconstrained
0.10620000011840602,Unconstrained
0.09799999997994746,Unconstrained
0.10380000003351597,Unconstrained
0.09970000019166037,Unconstrained
0.10109999993801466,Unconstrained
0.11549999999260763,Unconstrained
0.24639999992359662,Unconstrained
0.13320000016392441,Unconstrained
0.1011999997899693,Unconstrained
0.1019000001178938,Unconstrained
0.12510000033216784,Unconstrained
0.3403000000616885,Unconstrained
0.34459999960745336,Unconstrained
0.19599999995989492,Unconstrained
0.21999999989930075,Unconstrained
0.12820000029023504,Unconstrained
0.10199999996984843,Unconstrained
0.10930000007647322,Unconstrained
0.10270000029777293,Unconstrained
0.09899999986373587,Unconstrained
0.1336000000264903,Unconstrained
0.09860000000116997,Unconstrained
0.2700999998523912,Unconstrained
0.28599999996004044,Unconstrained
0.1691999996182858,Unconstrained
0.1594999998815183,Unconstrained
0.09970000019166037,Unconstrained
0.10210000027655042,Unconstrained
0.23330000021815067,Unconstrained
0.16839999989315402,Unconstrained
0.25800000003073364,Unconstrained
0.10870000005525071,Unconstrained
0.09870000030787196,Unconstrained
0.09810000028664945,Unconstrained
0.09779999982129084,Unconstrained
0.09810000028664945,Unconstrained
0.10960000008708448,Unconstrained
0.20970000014131074,Unconstrained
0.14390000023922767,Unconstrained
0.10519999977987027,Unconstrained
0.09860000000116997,Unconstrained
0.09899999986373587,Unconstrained
0.110200000108307,Unconstrained
0.09860000000116997,Unconstrained
0.09870000030787196,Unconstrained
0.10070000007544877,Unconstrained
0.09870000030787196,Unconstrained
0.17170000000987784,Unconstrained
0.09919999956764514,Unconstrained
0.10620000011840602,Unconstrained
0.09839999984251335,Unconstrained
0.13230000013209064,Unconstrained
0.10139999994862592,Unconstrained
0.09890000001178123,Unconstrained
0.1000999995994789,Unconstrained
0.11390000008759671,Unconstrained
0.0988000001598266,Unconstrained
0.09749999981067958,Unconstrained
0.10950000023512985,Unconstrained
0.0988000001598266,Unconstrained
0.14469999996435945,Unconstrained
0.10269999984302558,Unconstrained
0.14240000018617138,Unconstrained
0.09829999999055872,Unconstrained
0.10359999987485935,Unconstrained
0.0976999999693362,Unconstrained
0.10179999981119181,Unconstrained
0.12150000020483276,Unconstrained
0.13549999994211248,Unconstrained
0.1260999997612089,Unconstrained
0.0976999999693362,Unconstrained
0.0988000001598266,Unconstrained
0.09760000011738157,Unconstrained
0.11050000011891825,Unconstrained
0.09870000030787196,Unconstrained
0.1480999999330379,Unconstrained
0.09879999970507924,Unconstrained
0.10179999981119181,Unconstrained
0.09780000027603819,Unconstrained
0.09820000013860408,Unconstrained
0.1021999996737577,Unconstrained
0.09709999994811369,Unconstrained
0.10629999997036066,Unconstrained
0.09720000025481568,Unconstrained
0.17150000030596857,Unconstrained
0.10139999994862592,Unconstrained
0.10440000005473848,Unconstrained
0.12429999969754135,Unconstrained
0.10439999959999113,Unconstrained
0.11159999985466129,Unconstrained
0.10740000016085105,Unconstrained
0.1781999999366235,Unconstrained
0.10410000004412723,Unconstrained
0.17660000003161258,Unconstrained
0.1164000000244414,Unconstrained
0.10430000020278385,Unconstrained
0.09739999995872495,Unconstrained
0.09799999997994746,Unconstrained
0.09700000009615906,Unconstrained
0.09879999970507924,Unconstrained
0.10070000007544877,Unconstrained
0.09679999993750243,Unconstrained
0.2395999999862397,Unconstrained
0.10000000020227162,Unconstrained
0.09900000031848322,Unconstrained
0.09950000003300374,Unconstrained
0.10299999985363684,Unconstrained
0.14879999980621506,Unconstrained
0.09850000014921534,Unconstrained
0.099800000043615,Unconstrained
0.10130000009667128,Unconstrained
0.09779999982129084,Unconstrained
0.10350000002290471,Unconstrained
0.1326000001427019,Unconstrained
0.14699999974254752,Unconstrained
0.11099999983343878,Unconstrained
0.09850000014921534,Unconstrained
0.09700000009615906,Unconstrained
0.09729999965202296,Unconstrained
0.09759999966263422,Unconstrained
0.11540000014065299,Unconstrained
0.09690000024420442,Unconstrained
0.18419999969410128,Unconstrained
0.09679999993750243,Unconstrained
0.09779999982129084,Unconstrained
0.1038999998854706,Unconstrained
0.11559999984456226,Unconstrained
0.11990000029982184,Unconstrained
0.10259999999107094,Unconstrained
0.09860000000116997,Unconstrained
0.09749999981067958,Unconstrained
0.09790000012799283,Unconstrained
0.10040000006483751,Unconstrained
0.11489999997138511,Unconstrained
0.0980999998319021,Unconstrained
0.0980999998319021,Unconstrained
0.10960000008708448,Unconstrained
0.09790000012799283,Unconstrained
0.15819999998711864,Unconstrained
0.09689999978945707,Unconstrained
0.09810000028664945,Unconstrained
0.10010000005422626,Unconstrained
0.10020000036092824,Unconstrained
0.09629999976823456,Unconstrained
0.09780000027603819,Unconstrained
0.10040000006483751,Unconstrained
0.09799999997994746,Unconstrained
0.09850000014921534,Unconstrained
0.12090000018361025,Unconstrained
0.1370999998471234,Unconstrained
0.12969999988854397,Unconstrained
0.11940000013055396,Unconstrained
0.10120000024471665,Unconstrained
0.10130000009667128,Unconstrained
0.09810000028664945,Unconstrained
0.09730000010677031,Unconstrained
0.10350000002290471,Unconstrained
0.10139999994862592,Unconstrained
0.14319999991130317,Unconstrained
0.10010000005422626,Unconstrained
0.17130000014731195,Unconstrained
0.09760000011738157,Unconstrained
0.09760000011738157,Unconstrained
0.10569999994913815,Unconstrained
0.09750000026542693,Unconstrained
0.0984000002972607,Unconstrained
0.09649999992689118,Unconstrained
0.1461000001654611,Unconstrained
0.10210000027655042,Unconstrained
0.09790000012799283,Unconstrained
0.0980999998319021,Unconstrained
0.1019000001178938,Unconstrained
0.09869999985312461,Unconstrained
0.09719999980006833,Unconstrained
0.1015000002553279,Unconstrained
0.10120000024471665,Unconstrained
0.09739999995872495,Unconstrained
0.09739999995872495,Unconstrained
0.16450000020995503,Unconstrained
0.18209999961982248,Unconstrained
0.10010000005422626,Unconstrained
0.0976999999693362,Unconstrained
0.10139999994862592,Unconstrained
0.10359999987485935,Unconstrained
0.10419999989608186,Unconstrained
0.10890000021390733,Unconstrained
0.09820000013860408,Unconstrained
0.0980999998319021,Unconstrained
0.09890000001178123,Unconstrained
0.09739999995872495,Unconstrained
0.15110000003915047,Unconstrained
0.14829999963694718,Unconstrained
0.10030000021288288,Unconstrained
0.0967000000855478,Unconstrained
0.09820000013860408,Unconstrained
0.09739999995872495,Unconstrained
0.2607999999781896,Unconstrained
0.3578999999263033,Unconstrained
0.2558000001045002,Unconstrained
0.10269999984302558,Unconstrained
0.09860000000116997,Unconstrained
0.10509999992791563,Unconstrained
0.1029000000016822,Unconstrained
0.0984000002972607,Unconstrained
0.22880000005898182,Unconstrained
0.28480000037234277,Unconstrained
0.10689999999158317,Unconstrained
0.0976999999693362,Unconstrained
0.11310000036246493,Unconstrained
0.25169999980789726,Unconstrained
0.1277999999729218,Unconstrained
0.1029000000016822,Unconstrained
0.10089999977935804,Unconstrained
0.09920000002239249,Unconstrained
0.09860000000116997,Unconstrained
0.0984000002972607,Unconstrained
0.09690000024420442,Unconstrained
0.0976999999693362,Unconstrained
0.09999999974752427,Unconstrained
0.09739999995872495,Unconstrained
0.13080000007903436,Unconstrained
0.10309999970559147,Unconstrained
0.09730000010677031,Unconstrained
0.09790000012799283,Unconstrained
0.09890000001178123,Unconstrained
0.09799999997994746,Unconstrained
0.09829999999055872,Unconstrained
0.1088000003619527,Unconstrained
0.09750000026542693,Unconstrained
0.0976999999693362,Unconstrained
0.0974000004134723,Unconstrained
0.10220000012850505,Unconstrained
0.09819999968385673,Unconstrained
0.09779999982129084,Unconstrained
0.09749999981067958,Unconstrained
0.09779999982129084,Unconstrained
0.09959999988495838,Unconstrained
0.09760000011738157,Unconstrained
0.16090000008261995,Unconstrained
0.0969999996414117,Unconstrained
0.09779999982129084,Unconstrained
0.09749999981067958,Unconstrained
0.10750000001280569,Unconstrained
0.09760000011738157,Unconstrained
0.09739999995872495,Unconstrained
0.09790000012799283,Unconstrained
0.09739999995872495,Unconstrained
0.09730000010677031,Unconstrained
0.09970000019166037,Unconstrained
0.10350000002290471,Unconstrained
0.0980999998319021,Unconstrained
0.0980999998319021,Unconstrained
0.09730000010677031,Unconstrained
0.09749999981067958,Unconstrained
0.13190000026952475,Unconstrained
0.09709999994811369,Unconstrained
0.09829999999055872,Unconstrained
0.09820000013860408,Unconstrained
0.09780000027603819,Unconstrained
0.09849999969446799,Unconstrained
0.09950000003300374,Unconstrained
0.10070000007544877,Unconstrained
0.09829999999055872,Unconstrained
0.10280000014972757,Unconstrained
0.09730000010677031,Unconstrained
0.09799999997994746,Unconstrained
0.09750000026542693,Unconstrained
0.0969999996414117,Unconstrained
0.09900000031848322,Unconstrained
0.10220000012850505,Unconstrained
0.09869999985312461,Unconstrained
0.10180000026593916,Unconstrained
0.10240000028716167,Unconstrained
0.10179999981119181,Unconstrained
0.09709999994811369,Unconstrained
0.09799999997994746,Unconstrained
0.09799999997994746,Unconstrained
0.09790000012799283,Unconstrained
0.099800000043615,Unconstrained
0.09849999969446799,Unconstrained
0.09739999995872495,Unconstrained
0.09839999984251335,Unconstrained
0.09760000011738157,Unconstrained
0.09879999970507924,Unconstrained
0.09799999997994746,Unconstrained
0.09760000011738157,Unconstrained
0.09890000001178123,Unconstrained
0.09890000001178123,Unconstrained
0.09739999995872495,Unconstrained
0.09789999967324547,Unconstrained
0.09849999969446799,Unconstrained
0.0990999997156905,Unconstrained
0.09899999986373587,Unconstrained
0.26690000004236936,Unconstrained
0.09870000030787196,Unconstrained
0.09920000002239249,Unconstrained
0.09750000026542693,Unconstrained
0.0980999998319021,Unconstrained
0.09929999987434712,Unconstrained
0.16210000012506498,Unconstrained
0.09839999984251335,Unconstrained
0.0980999998319021,Unconstrained
0.273500000275817,Unconstrained
0.09730000010677031,Unconstrained
0.22750000016458216,Unconstrained
0.1038999998854706,Unconstrained
0.156799999786017,Unconstrained
0.2612999996927101,Unconstrained
0.09719999980006833,Unconstrained
0.09950000003300374,Unconstrained
0.09879999970507924,Unconstrained
0.09829999999055872,Unconstrained
0.2299999996466795,Unconstrained
0.12280000009923242,Unconstrained
0.21900000001551234,Unconstrained
0.11140000015075202,Unconstrained
0.33389999998689746,Unconstrained
0.41019999980562716,Unconstrained
0.18279999994774698,Unconstrained
0.17979999984163442,Unconstrained
0.12489999971876387,Unconstrained
0.09789999967324547,Unconstrained
0.24739999980738503,Unconstrained
0.099800000043615,Unconstrained
0.09849999969446799,Unconstrained
0.0976999999693362,Unconstrained
0.09869999985312461,Unconstrained
0.09869999985312461,Unconstrained
0.09849999969446799,Unconstrained
0.2362999998695159,Unconstrained
0.09829999999055872,Unconstrained
0.09789999967324547,Unconstrained
0.22910000006959308,Unconstrained
0.19919999976991676,Unconstrained
0.16039999991335208,Unconstrained
0.09820000013860408,Unconstrained
0.15080000002853922,Unconstrained
0.2555999999458436,Unconstrained
0.22639999997409177,Unconstrained
0.14319999991130317,Unconstrained
0.10700000029828516,Unconstrained
0.15000000030340743,Unconstrained
0.11610000001383014,Unconstrained
0.09750000026542693,Unconstrained
0.09870000030787196,Unconstrained
0.10310000016033882,Unconstrained
0.0976999999693362,Unconstrained
0.09940000018104911,Unconstrained
0.09799999997994746,Unconstrained
0.09820000013860408,Unconstrained
0.09799999997994746,Unconstrained
0.09819999968385673,Unconstrained
0.0976999999693362,Unconstrained
0.10299999985363684,Unconstrained
0.09869999985312461,Unconstrained
0.10480000037205173,Unconstrained
0.1029000000016822,Unconstrained
0.10109999993801466,Unconstrained
0.10430000020278385,Unconstrained
0.10109999993801466,Unconstrained
0.09920000002239249,Unconstrained
0.09890000001178123,Unconstrained
0.10330000031899544,Unconstrained
0.10340000017095008,Unconstrained
0.1194999999825086,Unconstrained
0.09850000014921534,Unconstrained
0.09800000043469481,Unconstrained
0.11240000003454043,Unconstrained
0.10179999981119181,Unconstrained
0.15339999981733854,Unconstrained
0.09949999957825639,Unconstrained
0.14929999997548293,Unconstrained
0.0988000001598266,Unconstrained
0.09910000017043785,Unconstrained
0.0984000002972607,Unconstrained
0.23890000011306256,Unconstrained
0.11409999979150598,Unconstrained
0.09839999984251335,Unconstrained
0.11319999975967221,Unconstrained
0.11730000005627517,Unconstrained
0.1038999998854706,Unconstrained
0.09939999972630176,Unconstrained
0.1021999996737577,Unconstrained
0.09869999985312461,Unconstrained
0.09850000014921534,Unconstrained
0.10320000001229346,Unconstrained
0.09850000014921534,Unconstrained
0.09789999967324547,Unconstrained
0.09820000013860408,Unconstrained
0.09829999999055872,Unconstrained
0.0984000002972607,Unconstrained
0.12310000010984368,Unconstrained
0.099800000043615,Unconstrained
0.13130000024830224,Unconstrained
0.09850000014921534,Unconstrained
0.10070000007544877,Unconstrained
0.09820000013860408,Unconstrained
0.15649999977540574,Unconstrained
0.09899999986373587,Unconstrained
0.10010000005422626,Unconstrained
0.09819999968385673,Unconstrained
0.09810000028664945,Unconstrained
0.09959999988495838,Unconstrained
0.0988000001598266,Unconstrained
0.09799999997994746,Unconstrained
0.10099999963131268,Unconstrained
0.09749999981067958,Unconstrained
0.09799999997994746,Unconstrained
0.09829999999055872,Unconstrained
0.10430000020278385,Unconstrained
0.10310000016033882,Unconstrained
0.10109999993801466,Unconstrained
0.09739999995872495,Unconstrained
0.10109999993801466,Unconstrained
0.09709999994811369,Unconstrained
0.09779999982129084,Unconstrained
0.09850000014921534,Unconstrained
0.10769999971671496,Unconstrained
0.09829999999055872,Unconstrained
0.09989999989556964,Unconstrained
0.09890000001178123,Unconstrained
0.1318999998147774,Unconstrained
0.0984000002972607,Unconstrained
0.10040000006483751,Unconstrained
0.099800000043615,Unconstrained
0.09959999988495838,Unconstrained
0.1351000000795466,Unconstrained
0.1042999997480365,Unconstrained
0.09820000013860408,Unconstrained
0.10569999994913815,Unconstrained
0.09860000000116997,Unconstrained
0.1015000002553279,Unconstrained
0.10629999997036066,Unconstrained
0.0988000001598266,Unconstrained
0.0980999998319021,Unconstrained
0.09920000002239249,Unconstrained
0.0988000001598266,Unconstrained
0.1081000000340282,Unconstrained
0.36240000008547213,Unconstrained
0.09899999986373587,Unconstrained
0.12889999970866484,Unconstrained
0.18290000025444897,Unconstrained
0.09799999997994746,Unconstrained
0.12060000017299899,Unconstrained
0.09799999997994746,Unconstrained
0.09869999985312461,Unconstrained
0.09929999987434712,Unconstrained
0.18150000005334732,Unconstrained
0.34899999991466757,Unconstrained
0.09860000000116997,Unconstrained
0.09970000019166037,Unconstrained
0.0980999998319021,Unconstrained
0.1449999999749707,Unconstrained
0.09899999986373587,Unconstrained
0.17750000006344635,Unconstrained
0.3110999996351893,Unconstrained
0.183999999990192,Unconstrained
0.13179999996282277,Unconstrained
0.1870999999482592,Unconstrained
0.09860000000116997,Unconstrained
0.0976999999693362,Unconstrained
0.09829999999055872,Unconstrained
0.09749999981067958,Unconstrained
0.10419999989608186,Unconstrained
0.11619999986578478,Unconstrained
0.10459999975864775,Unconstrained
0.09899999986373587,Unconstrained
0.12370000013106619,Unconstrained
0.10760000031950767,Unconstrained
0.23320000036619604,Unconstrained
0.09839999984251335,Unconstrained
0.11399999993955134,Unconstrained
0.09829999999055872,Unconstrained
0.10649999967426993,Unconstrained
0.1459999998587591,Unconstrained
0.13070000022707973,Unconstrained
0.09890000001178123,Unconstrained
0.09810000028664945,Unconstrained
0.09820000013860408,Unconstrained
0.1295000001846347,Unconstrained
0.13190000026952475,Unconstrained
0.13170000011086813,Unconstrained
0.13170000011086813,Unconstrained
0.10659999998097192,Unconstrained
0.10519999977987027,Unconstrained
0.09850000014921534,Unconstrained
0.10479999991730438,Unconstrained
0.1019000001178938,Unconstrained
0.09820000013860408,Unconstrained
0.0976999999693362,Unconstrained
0.09939999972630176,Unconstrained
0.2009999998335843,Unconstrained
0.10840000004463946,Unconstrained
0.15479999956369284,Unconstrained
0.10820000034073018,Unconstrained
0.1129000002038083,Unconstrained
0.37350000002334127,Unconstrained
0.12519999972937512,Unconstrained
0.0974000004134723,Unconstrained
0.12199999991935329,Unconstrained
0.14240000018617138,Unconstrained
0.20110000014028628,Unconstrained
0.1754999998411222,Unconstrained
0.6044000001566019,Unconstrained
0.15179999991232762,Unconstrained
0.16140000025188783,Unconstrained
0.10930000007647322,Unconstrained
0.17429999979867716,Unconstrained
0.09810000028664945,Unconstrained
0.09760000011738157,Unconstrained
0.18060000002151355,Unconstrained
0.1320000001214794,Unconstrained
0.18060000002151355,Unconstrained
0.09829999999055872,Unconstrained
0.1289000001634122,Unconstrained
0.10889999975915998,Unconstrained
0.120499999866297,Unconstrained
0.09939999972630176,Unconstrained
0.09829999999055872,Unconstrained
0.09869999985312461,Unconstrained
0.09820000013860408,Unconstrained
0.09930000032909447,Unconstrained
0.09910000017043785,Unconstrained
0.09790000012799283,Unconstrained
0.09829999999055872,Unconstrained
0.09950000003300374,Unconstrained
0.09989999989556964,Unconstrained
0.09860000000116997,Unconstrained
0.0988000001598266,Unconstrained
0.09890000001178123,Unconstrained
0.09899999986373587,Unconstrained
0.09820000013860408,Unconstrained
0.09780000027603819,Unconstrained
0.09930000032909447,Unconstrained
0.09920000002239249,Unconstrained
0.15630000007149647,Unconstrained
0.10109999993801466,Unconstrained
0.09950000003300374,Unconstrained
0.09890000001178123,Unconstrained
0.17369999977745465,Unconstrained
0.09890000001178123,Unconstrained
0.09850000014921534,Unconstrained
0.1019000001178938,Unconstrained
0.09900000031848322,Unconstrained
0.1534000002720859,Unconstrained
0.09849999969446799,Unconstrained
0.09849999969446799,Unconstrained
0.1019000001178938,Unconstrained
0.10380000003351597,Unconstrained
0.10089999977935804,Unconstrained
0.09849999969446799,Unconstrained
0.13829999988956843,Unconstrained
0.23759999976391555,Unconstrained
0.2664999997250561,Unconstrained
0.1664000001255772,Unconstrained
0.2334000000701053,Unconstrained
0.10020000036092824,Unconstrained
0.24469999971188372,Unconstrained
0.09829999999055872,Unconstrained
0.10010000005422626,Unconstrained
0.2540000000408327,Unconstrained
0.11809999978140695,Unconstrained
0.19320000001243898,Unconstrained
0.09829999999055872,Unconstrained
0.10019999990618089,Unconstrained
0.19969999993918464,Unconstrained
0.09879999970507924,Unconstrained
0.09849999969446799,Unconstrained
0.09860000000116997,Unconstrained
0.09939999972630176,Unconstrained
0.09920000002239249,Unconstrained
0.09799999997994746,Unconstrained
0.1664000001255772,Unconstrained
0.09820000013860408,Unconstrained
0.09870000030787196,Unconstrained
0.24230000008174102,Unconstrained
0.10010000005422626,Unconstrained
0.10269999984302558,Unconstrained
0.1548000000184402,Unconstrained
0.10269999984302558,Unconstrained
0.1042999997480365,Unconstrained
0.0976999999693362,Unconstrained
0.09790000012799283,Unconstrained
0.1032999998642481,Unconstrained
0.09820000013860408,Unconstrained
0.18520000003263704,Unconstrained
0.09900000031848322,Unconstrained
0.105000000075961,Unconstrained
0.2403000003141642,Unconstrained
0.11889999996128608,Unconstrained
0.10179999981119181,Unconstrained
0.10169999995923718,Unconstrained
0.115299999833951,Unconstrained
0.10139999994862592,Unconstrained
0.23370000008071656,Unconstrained
0.09790000012799283,Unconstrained
0.1266999997824314,Unconstrained
0.09910000017043785,Unconstrained
0.09959999988495838,Unconstrained
0.10480000037205173,Unconstrained
0.11160000030940864,Unconstrained
0.1007999999274034,Unconstrained
0.0984000002972607,Unconstrained
0.14039999996384722,Unconstrained
0.10840000004463946,Unconstrained
0.10049999991679215,Unconstrained
0.10149999980058055,Unconstrained
0.0988000001598266,Unconstrained
0.1667999999881431,Unconstrained
0.10169999995923718,Unconstrained
0.09879999970507924,Unconstrained
0.09860000000116997,Unconstrained
0.0976999999693362,Unconstrained
0.1571000002513756,Unconstrained
0.09839999984251335,Unconstrained
0.18769999996948172,Unconstrained
0.09920000002239249,Unconstrained
0.09929999987434712,Unconstrained
0.09860000000116997,Unconstrained
0.09920000002239249,Unconstrained
0.09910000017043785,Unconstrained
0.09989999989556964,Unconstrained
0.09929999987434712,Unconstrained
0.09820000013860408,Unconstrained
0.09879999970507924,Unconstrained
0.10759999986476032,Unconstrained
0.0988000001598266,Unconstrained
0.11960000028921058,Unconstrained
0.09759999966263422,Unconstrained
0.09730000010677031,Unconstrained
0.09839999984251335,Unconstrained
0.09779999982129084,Unconstrained
0.09820000013860408,Unconstrained
0.09799999997994746,Unconstrained
0.0988000001598266,Unconstrained
0.09849999969446799,Unconstrained
0.1063999998223153,Unconstrained
0.09780000027603819,Unconstrained
0.13760000001639128,Unconstrained
0.09890000001178123,Unconstrained
0.0976999999693362,Unconstrained
0.1094999997803825,Unconstrained
0.09779999982129084,Unconstrained
0.16050000022005406,Unconstrained
0.11580000000321888,Unconstrained
0.10310000016033882,Unconstrained
0.09860000000116997,Unconstrained
0.09850000014921534,Unconstrained
0.10059999976874678,Unconstrained
0.09750000026542693,Unconstrained
0.09879999970507924,Unconstrained
0.09860000000116997,Unconstrained
0.09850000014921534,Unconstrained
0.09899999986373587,Unconstrained
0.0990999997156905,Unconstrained
0.12019999985568575,Unconstrained
0.09900000031848322,Unconstrained
0.09940000018104911,Unconstrained
0.09890000001178123,Unconstrained
0.09860000000116997,Unconstrained
0.10489999976925901,Unconstrained
0.09939999972630176,Unconstrained
0.17969999998967978,Unconstrained
0.09950000003300374,Unconstrained
0.09890000001178123,Unconstrained
0.1212000001942215,Unconstrained
0.09860000000116997,Unconstrained
0.11059999997087289,Unconstrained
0.09869999985312461,Unconstrained
0.1718999997137871,Unconstrained
0.0990999997156905,Unconstrained
0.10549999979048152,Unconstrained
0.10220000012850505,Unconstrained
0.10730000030889641,Unconstrained
0.10629999997036066,Unconstrained
0.10729999985414906,Unconstrained
0.14879999980621506,Unconstrained
0.10400000019217259,Unconstrained
0.09810000028664945,Unconstrained
0.10059999976874678,Unconstrained
0.10540000039327424,Unconstrained
0.10339999971620273,Unconstrained
0.09839999984251335,Unconstrained
0.0980999998319021,Unconstrained
0.11270000004515168,Unconstrained
0.1038999998854706,Unconstrained
0.10659999998097192,Unconstrained
0.10370000018156134,Unconstrained
0.17920000027515925,Unconstrained
0.10659999998097192,Unconstrained
0.10030000021288288,Unconstrained
0.1021999996737577,Unconstrained
0.10239999983241432,Unconstrained
0.14319999991130317,Unconstrained
0.09760000011738157,Unconstrained
0.0984000002972607,Unconstrained
0.1233000002685003,Unconstrained
0.09879999970507924,Unconstrained
0.09929999987434712,Unconstrained
0.09929999987434712,Unconstrained
0.18089999957737746,Unconstrained
0.0980999998319021,Unconstrained
0.09959999988495838,Unconstrained
0.105000000075961,Unconstrained
0.10470000006534974,Unconstrained
0.09860000000116997,Unconstrained
0.09850000014921534,Unconstrained
0.10049999991679215,Unconstrained
0.09940000018104911,Unconstrained
0.09829999999055872,Unconstrained
0.09850000014921534,Unconstrained
0.09779999982129084,Unconstrained
0.15279999979611603,Unconstrained
0.230699999974604,Unconstrained
0.23790000022927416,Unconstrained
0.11829999994006357,Unconstrained
0.10359999987485935,Unconstrained
0.3351000000293425,Unconstrained
0.2324000001863169,Unconstrained
0.1851000001806824,Unconstrained
0.13179999996282277,Unconstrained
0.10089999977935804,Unconstrained
0.10049999991679215,Unconstrained
0.09899999986373587,Unconstrained
0.09820000013860408,Unconstrained
0.10139999994862592,Unconstrained
0.0988000001598266,Unconstrained
0.09920000002239249,Unconstrained
0.09839999984251335,Unconstrained
0.09939999972630176,Unconstrained
0.10399999973742524,Unconstrained
0.09829999999055872,Unconstrained
0.09799999997994746,Unconstrained
0.1073999997061037,Unconstrained
0.09820000013860408,Unconstrained
0.09939999972630176,Unconstrained
0.09910000017043785,Unconstrained
0.09860000000116997,Unconstrained
0.09850000014921534,Unconstrained
0.0984000002972607,Unconstrained
0.10229999998045969,Unconstrained
0.09870000030787196,Unconstrained
0.09839999984251335,Unconstrained
0.099800000043615,Unconstrained
0.09860000000116997,Unconstrained
0.09869999985312461,Unconstrained
0.0980999998319021,Unconstrained
0.13339999986783369,Unconstrained
0.10089999977935804,Unconstrained
0.10679999968488119,Unconstrained
0.09790000012799283,Unconstrained
0.09829999999055872,Unconstrained
0.10630000042510801,Unconstrained
0.09899999986373587,Unconstrained
0.09869999985312461,Unconstrained
0.09850000014921534,Unconstrained
0.09829999999055872,Unconstrained
0.09900000031848322,Unconstrained
0.09800000043469481,Unconstrained
0.09920000002239249,Unconstrained
0.09890000001178123,Unconstrained
0.09869999985312461,Unconstrained
0.09879999970507924,Unconstrained
0.09890000001178123,Unconstrained
0.22699999999531428,Unconstrained
0.24440000015601981,Unconstrained
0.10129999964192393,Unconstrained
0.10010000005422626,Unconstrained
0.10220000012850505,Unconstrained
0.10140000040337327,Unconstrained
0.10280000014972757,Unconstrained
0.09929999987434712,Unconstrained
0.09899999986373587,Unconstrained
0.09860000000116997,Unconstrained
0.09890000001178123,Unconstrained
0.09799999997994746,Unconstrained
0.09719999980006833,Unconstrained
0.09869999985312461,Unconstrained
0.09890000001178123,Unconstrained
0.105000000075961,Unconstrained
0.09819999968385673,Unconstrained
0.09780000027603819,Unconstrained
0.09869999985312461,Unconstrained
0.10210000027655042,Unconstrained
0.09959999988495838,Unconstrained
0.10350000002290471,Unconstrained
0.10210000027655042,Unconstrained
0.09849999969446799,Unconstrained
0.10049999991679215,Unconstrained
0.09959999988495838,Unconstrained
0.10369999972681399,Unconstrained
0.09920000002239249,Unconstrained
0.09899999986373587,Unconstrained
0.09910000017043785,Unconstrained
0.09799999997994746,Unconstrained
0.09920000002239249,Unconstrained
0.10440000005473848,Unconstrained
0.09940000018104911,Unconstrained
0.09849999969446799,Unconstrained
0.09860000000116997,Unconstrained
0.09890000001178123,Unconstrained
0.09879999970507924,Unconstrained
0.11349999977028347,Unconstrained
0.1029000000016822,Unconstrained
0.09890000001178123,Unconstrained
0.09970000019166037,Unconstrained
0.0988000001598266,Unconstrained
0.10059999976874678,Unconstrained
0.09950000003300374,Unconstrained
0.09999999974752427,Unconstrained
0.09920000002239249,Unconstrained
0.09860000000116997,Unconstrained
0.09869999985312461,Unconstrained
0.0984000002972607,Unconstrained
0.09959999988495838,Unconstrained
0.10059999976874678,Unconstrained
0.10299999985363684,Unconstrained
0.10220000012850505,Unconstrained
0.1011999997899693,Unconstrained
0.10419999989608186,Unconstrained
0.09940000018104911,Unconstrained
0.10629999997036066,Unconstrained
0.09930000032909447,Unconstrained
0.09939999972630176,Unconstrained
0.09790000012799283,Unconstrained
0.09860000000116997,Unconstrained
0.09850000014921534,Unconstrained
0.09900000031848322,Unconstrained
0.0980999998319021,Unconstrained
0.10469999961060239,Unconstrained
0.09810000028664945,Unconstrained
0.09929999987434712,Unconstrained
0.09920000002239249,Unconstrained
0.09920000002239249,Unconstrained
0.10019999990618089,Unconstrained
0.09929999987434712,Unconstrained
0.11610000001383014,Unconstrained
0.09920000002239249,Unconstrained
0.1133000000663742,Unconstrained
0.10299999985363684,Unconstrained
0.1046000002133951,Unconstrained
0.09929999987434712,Unconstrained
0.10769999971671496,Unconstrained
0.1032999998642481,Unconstrained
0.09970000019166037,Unconstrained
0.1029000000016822,Unconstrained
0.10410000004412723,Unconstrained
0.1042999997480365,Unconstrained
0.23160000000643777,Unconstrained
0.10040000006483751,Unconstrained
0.1160000001618755,Unconstrained
0.34440000035829144,Unconstrained
0.43630000027405913,Unconstrained
0.13029999990976648,Unconstrained
0.6154000002425164,Unconstrained
0.1316000002589135,Unconstrained
0.09959999988495838,Unconstrained
0.1695000000836444,Unconstrained
0.2382000002398854,Unconstrained
0.23199999986900366,Unconstrained
0.3648000001703622,Unconstrained
0.23929999997562845,Unconstrained
0.19160000010742806,Unconstrained
0.23809999993318343,Unconstrained
0.10010000005422626,Unconstrained
0.1059999999597494,Unconstrained
0.09899999986373587,Unconstrained
0.09959999988495838,Unconstrained
0.10010000005422626,Unconstrained
0.09929999987434712,Unconstrained
0.09869999985312461,Unconstrained
0.09890000001178123,Unconstrained
0.09920000002239249,Unconstrained
0.2907000002778659,Unconstrained
0.23559999999633874,Unconstrained
0.23179999971034704,Unconstrained
0.19599999995989492,Unconstrained
0.09899999986373587,Unconstrained
0.09829999999055872,Unconstrained
0.30370000013135723,Unconstrained
0.3486000000521017,Unconstrained
0.09860000000116997,Unconstrained
0.09939999972630176,Unconstrained
0.09879999970507924,Unconstrained
0.09950000003300374,Unconstrained
0.09850000014921534,Unconstrained
0.09900000031848322,Unconstrained
0.09890000001178123,Unconstrained
0.09920000002239249,Unconstrained
0.11369999992894009,Unconstrained
0.2351000002818182,Unconstrained
0.2503999999134976,Unconstrained
0.10000000020227162,Unconstrained
0.10229999998045969,Unconstrained
0.24709999979677377,Unconstrained
0.11199999971722718,Unconstrained
0.10099999963131268,Unconstrained
0.10569999994913815,Unconstrained
0.09890000001178123,Unconstrained
0.1967999996850267,Unconstrained
0.10279999969498022,Unconstrained
0.10859999974854873,Unconstrained
0.10490000022400636,Unconstrained
0.10550000024522888,Unconstrained
0.10439999959999113,Unconstrained
0.10650000012901728,Unconstrained
0.1135999996222381,Unconstrained
0.10550000024522888,Unconstrained
0.10990000009769574,Unconstrained
0.1239999996869301,Unconstrained
0.10550000024522888,Unconstrained
0.10539999993852689,Unconstrained
0.18360000012762612,Unconstrained
0.10530000008657225,Unconstrained
0.1081000000340282,Unconstrained
0.1059999999597494,Unconstrained
0.11329999961162684,Unconstrained
0.10629999997036066,Unconstrained
0.10549999979048152,Unconstrained
0.10620000011840602,Unconstrained
0.10519999977987027,Unconstrained
0.10479999991730438,Unconstrained
0.10530000008657225,Unconstrained
0.16649999997753184,Unconstrained
0.10650000012901728,Unconstrained
0.10569999994913815,Unconstrained
0.10990000009769574,Unconstrained
0.10680000013962854,Unconstrained
0.10550000024522888,Unconstrained
0.10960000008708448,Unconstrained
0.10569999994913815,Unconstrained
0.10539999993852689,Unconstrained
0.11050000011891825,Unconstrained
0.10609999981170404,Unconstrained
0.10459999975864775,Unconstrained
0.10590000010779477,Unconstrained
0.17490000027464703,Unconstrained
0.10580000025584013,Unconstrained
0.13760000001639128,Unconstrained
0.1059999999597494,Unconstrained
0.11230000018258579,Unconstrained
0.10960000008708448,Unconstrained
0.10579999980109278,Unconstrained
0.10509999992791563,Unconstrained
0.10259999999107094,Unconstrained
0.15029999985927134,Unconstrained
0.09850000014921534,Unconstrained
0.1803000000109023,Unconstrained
0.1021999996737577,Unconstrained
0.14370000008057104,Unconstrained
0.10049999991679215,Unconstrained
0.1268000000891334,Unconstrained
0.10229999998045969,Unconstrained
0.09910000017043785,Unconstrained
0.0988000001598266,Unconstrained
0.16460000006190967,Unconstrained
0.16269999969154014,Unconstrained
0.1181000002361543,Unconstrained
0.41340000007039635,Unconstrained
0.3610999997363251,Unconstrained
0.4314000002523244,Unconstrained
0.6008000000292668,Unconstrained
0.2227999998467567,Unconstrained
0.2459000002090761,Unconstrained
0.11719999974957318,Unconstrained
0.10440000005473848,Unconstrained
0.09850000014921534,Unconstrained
0.09900000031848322,Unconstrained
0.11909999966519536,Unconstrained
0.13650000028064824,Unconstrained
0.13899999976274557,Unconstrained
0.13279999984661117,Unconstrained
0.12620000006791088,Unconstrained
0.12610000021595624,Unconstrained
0.12560000004668836,Unconstrained
0.125699999898643,Unconstrained
0.130899999930989,Unconstrained
0.12520000018412247,Unconstrained
0.1364999998259009,Unconstrained
0.1301999996030645,Unconstrained
0.215099999877566,Unconstrained
0.13630000012199162,Unconstrained
0.13230000013209064,Unconstrained
0.13190000026952475,Unconstrained
0.13040000021646847,Unconstrained
0.13730000000578002,Unconstrained
0.13249999983599992,Unconstrained
0.18750000026557245,Unconstrained
0.1384000001962704,Unconstrained
0.13720000015382539,Unconstrained
0.14520000013362733,Unconstrained
0.23020000026008347,Unconstrained
0.14419999979509157,Unconstrained
0.13730000000578002,Unconstrained
0.1320000001214794,Unconstrained
0.1384000001962704,Unconstrained
0.14259999989008065,Unconstrained
0.14359999977386906,Unconstrained
0.15299999995477265,Unconstrained
0.10029999975813553,Unconstrained
0.09849999969446799,Unconstrained
0.10259999999107094,Unconstrained
0.10089999977935804,Unconstrained
0.2040999997916515,Unconstrained
0.09869999985312461,Unconstrained
0.09830000044530607,Unconstrained
0.11509999967529438,Unconstrained
0.10359999987485935,Unconstrained
0.10029999975813553,Unconstrained
0.10000000020227162,Unconstrained
0.11870000025737681,Unconstrained
0.10259999999107094,Unconstrained
0.11990000029982184,Unconstrained
0.10440000005473848,Unconstrained
0.10120000024471665,Unconstrained
0.10149999980058055,Unconstrained
0.0980999998319021,Unconstrained
0.10419999989608186,Unconstrained
0.09869999985312461,Unconstrained
0.09829999999055872,Unconstrained
0.09890000001178123,Unconstrained
0.09920000002239249,Unconstrained
0.09839999984251335,Unconstrained
0.09869999985312461,Unconstrained
0.1768000001902692,Unconstrained
0.10619999966365867,Unconstrained
0.1059999999597494,Unconstrained
0.09810000028664945,Unconstrained
0.09890000001178123,Unconstrained
0.23139999984778115,Unconstrained
0.16579999964960734,Unconstrained
0.10169999995923718,Unconstrained
0.12190000006739865,Unconstrained
0.10280000014972757,Unconstrained
0.2328000000488828,Unconstrained
0.23260000034497352,Unconstrained
0.1656999997976527,Unconstrained
0.16610000011496595,Unconstrained
0.09799999997994746,Unconstrained
0.09989999989556964,Unconstrained
0.23940000028233044,Unconstrained
0.25649999997767736,Unconstrained
0.09890000001178123,Unconstrained
0.09929999987434712,Unconstrained
0.09910000017043785,Unconstrained
0.18350000027567148,Unconstrained
0.16050000022005406,Unconstrained
0.09829999999055872,Unconstrained
0.0980999998319021,Unconstrained
0.10030000021288288,Unconstrained
0.105000000075961,Unconstrained
0.2653999999893131,Unconstrained
0.09750000026542693,Unconstrained
0.17679999973552185,Unconstrained
0.09869999985312461,Unconstrained
0.09950000003300374,Unconstrained
0.09860000000116997,Unconstrained
0.10130000009667128,Unconstrained
0.1081000000340282,Unconstrained
0.10440000005473848,Unconstrained
0.15959999973347294,Unconstrained
0.10659999998097192,Unconstrained
0.09910000017043785,Unconstrained
0.09989999989556964,Unconstrained
0.09869999985312461,Unconstrained
0.09929999987434712,Unconstrained
0.10669999983292655,Unconstrained
0.125699999898643,Unconstrained
0.11329999961162684,Unconstrained
0.17359999992550001,Unconstrained
0.10070000007544877,Unconstrained
0.12130000004617614,Unconstrained
0.13099999978294363,Unconstrained
0.136099999963335,Unconstrained
0.13650000028064824,Unconstrained
0.18499999987398041,Unconstrained
0.17320000006293412,Unconstrained
0.10419999989608186,Unconstrained
0.0988000001598266,Unconstrained
0.0980999998319021,Unconstrained
0.0980999998319021,Unconstrained
0.09750000026542693,Unconstrained
0.12079999987690826,Unconstrained
0.09760000011738157,Unconstrained
0.09780000027603819,Unconstrained
0.09790000012799283,Unconstrained
0.11059999997087289,Unconstrained
0.1330000000052678,Unconstrained
0.14270000019678264,Unconstrained
0.14180000016494887,Unconstrained
0.13560000024881447,Unconstrained
0.15010000015536207,Unconstrained
0.1343000003544148,Unconstrained
0.1415000001543376,Unconstrained
0.13600000011138036,Unconstrained
0.1370999998471234,Unconstrained
0.1588999998602958,Unconstrained
0.14220000002751476,Unconstrained
0.1388000000588363,Unconstrained
0.13989999979457934,Unconstrained
0.14069999997445848,Unconstrained
0.13619999981528963,Unconstrained
0.13559999979406712,Unconstrained
0.136099999963335,Unconstrained
0.14310000005934853,Unconstrained
0.13650000028064824,Unconstrained
0.13710000030187075,Unconstrained
0.15910000001895241,Unconstrained
0.15240000038829749,Unconstrained
0.13500000022759195,Unconstrained
0.13620000027003698,Unconstrained
0.14280000004873727,Unconstrained
0.14210000017556013,Unconstrained
0.135999999656633,Unconstrained
0.1376999998683459,Unconstrained
0.13280000030135852,Unconstrained
0.1239999996869301,Unconstrained
0.12969999988854397,Unconstrained
0.13249999983599992,Unconstrained
0.1285000003008463,Unconstrained
0.13059999992037774,Unconstrained
0.12820000029023504,Unconstrained
0.12539999988803174,Unconstrained
0.125699999898643,Unconstrained
0.12440000000424334,Unconstrained
0.1250999998774205,Unconstrained
0.13069999977233238,Unconstrained
0.13559999979406712,Unconstrained
0.1295000001846347,Unconstrained
0.12409999999363208,Unconstrained
0.1318999998147774,Unconstrained
0.12040000001434237,Unconstrained
0.1019000001178938,Unconstrained
0.09669999963080045,Unconstrained
0.10569999994913815,Unconstrained
0.10350000002290471,Unconstrained
0.15439999970112694,Unconstrained
0.09709999994811369,Unconstrained
0.13339999986783369,Unconstrained
0.10060000022349413,Unconstrained
0.18940000018119463,Unconstrained
0.10410000004412723,Unconstrained
0.14899999996487168,Unconstrained
0.09739999995872495,Unconstrained
0.09739999995872495,Unconstrained
0.09739999995872495,Unconstrained
0.09799999997994746,Unconstrained
0.10259999999107094,Unconstrained
0.09739999995872495,Unconstrained
0.09860000000116997,Unconstrained
0.09709999994811369,Unconstrained
0.12070000002495362,Unconstrained
0.09739999995872495,Unconstrained
0.09750000026542693,Unconstrained
0.10120000024471665,Unconstrained
0.10489999976925901,Unconstrained
0.10449999990669312,Unconstrained
0.10840000004463946,Unconstrained
0.11039999981221627,Unconstrained
0.11270000004515168,Unconstrained
0.1625999998395855,Unconstrained
0.27150000005349284,Unconstrained
0.09799999997994746,Unconstrained
0.10030000021288288,Unconstrained
0.23190000001704902,Unconstrained
0.30669999978272244,Unconstrained
0.16649999997753184,Unconstrained
0.10259999999107094,Unconstrained
0.3061000002162473,Unconstrained
0.10149999980058055,Unconstrained
0.0980999998319021,Unconstrained
0.11050000011891825,Unconstrained
0.10000000020227162,Unconstrained
0.19739999970624922,Unconstrained
0.09829999999055872,Unconstrained
0.09839999984251335,Unconstrained
0.09779999982129084,Unconstrained
0.09790000012799283,Unconstrained
0.14940000028218492,Unconstrained
0.22560000024896,Unconstrained
0.46440000005532056,Unconstrained
0.1052999996318249,Unconstrained
0.09879999970507924,Unconstrained
0.19880000036209822,Unconstrained
0.1077000001714623,Unconstrained
0.34810000033758115,Unconstrained
0.16689999984009773,Unconstrained
0.19620000011855154,Unconstrained
0.10840000004463946,Unconstrained
0.09850000014921534,Unconstrained
0.10619999966365867,Unconstrained
0.2635000000736909,Unconstrained
0.24020000000746222,Unconstrained
0.20910000012008823,Unconstrained
0.40680000029169605,Unconstrained
0.14929999997548293,Unconstrained
0.33579999990251963,Unconstrained
0.3246999999646505,Unconstrained
0.2285999999003252,Unconstrained
0.09800000043469481,Unconstrained
0.1312999997935549,Unconstrained
0.09779999982129084,Unconstrained
0.09829999999055872,Unconstrained
0.2154999997401319,Unconstrained
0.14169999985824688,Unconstrained
0.13770000032309326,Unconstrained
0.13529999978345586,Unconstrained
0.12400000014167745,Unconstrained
0.12969999988854397,Unconstrained
0.14089999967836775,Unconstrained
0.12500000002546585,Unconstrained
0.1322999996773433,Unconstrained
0.13110000008964562,Unconstrained
0.20610000001397566,Unconstrained
0.13099999978294363,Unconstrained
0.13069999977233238,Unconstrained
0.13199999966673204,Unconstrained
0.13170000011086813,Unconstrained
0.1314999999522115,Unconstrained
0.13110000008964562,Unconstrained
0.21280000009937794,Unconstrained
0.1328999996985658,Unconstrained
0.142600000344828,Unconstrained
0.20140000015089754,Unconstrained
0.1253000000360771,Unconstrained
0.12019999985568575,Unconstrained
0.12479999986680923,Unconstrained
0.21450000031109084,Unconstrained
0.1312000003963476,Unconstrained
0.1370999998471234,Unconstrained
0.136099999963335,Unconstrained
0.14009999995323597,Unconstrained
0.1314999999522115,Unconstrained
0.12980000019524596,Unconstrained
0.21770000012111268,Unconstrained
0.13659999967785552,Unconstrained
0.14049999981580186,Unconstrained
0.21259999994072132,Unconstrained
0.12770000012096716,Unconstrained
0.13119999994160025,Unconstrained
0.1345999999102787,Unconstrained
0.23060000012264936,Unconstrained
0.1376999998683459,Unconstrained
0.13110000008964562,Unconstrained
0.13420000004771282,Unconstrained
0.13130000024830224,Unconstrained
0.1357000001007691,Unconstrained
0.15350000012404053,Unconstrained
0.13119999994160025,Unconstrained
0.1376999998683459,Unconstrained
0.14160000000629225,Unconstrained
0.2217999999629683,Unconstrained
0.13170000011086813,Unconstrained
0.1316000002589135,Unconstrained
0.1364999998259009,Unconstrained
0.13739999985773466,Unconstrained
0.14370000008057104,Unconstrained
0.13889999991079094,Unconstrained
0.24830000029396615,Unconstrained
0.1370999998471234,Unconstrained
0.14270000019678264,Unconstrained
0.1471000000492495,Unconstrained
0.14419999979509157,Unconstrained
0.14460000011240481,Unconstrained
0.13760000001639128,Unconstrained
0.14719999990120414,Unconstrained
0.2660000000105356,Unconstrained
0.14550000014423858,Unconstrained
0.136099999963335,Unconstrained
0.30729999980394496,Unconstrained
0.110200000108307,Unconstrained
0.18540000019129366,Unconstrained
0.105000000075961,Unconstrained
0.3526999998939573,Unconstrained
0.37710000015067635,Unconstrained
0.12710000009974465,Unconstrained
0.10130000009667128,Unconstrained
0.18490000002202578,Unconstrained
0.24609999991298537,Unconstrained
0.3901999998561223,Unconstrained
0.22630000012213713,Unconstrained
0.1019000001178938,Unconstrained
0.09869999985312461,Unconstrained
0.10160000010728254,Unconstrained
0.13119999994160025,Unconstrained
0.2608999998301442,Unconstrained
0.1430000002073939,Unconstrained
0.13710000030187075,Unconstrained
0.13319999970917706,Unconstrained
0.14950000013413955,Unconstrained
0.13960000023871544,Unconstrained
0.1453999998375366,Unconstrained
0.15070000017658458,Unconstrained
0.18989999989571515,Unconstrained
0.13639999997394625,Unconstrained
0.13419999959296547,Unconstrained
0.13760000001639128,Unconstrained
0.13839999974152306,Unconstrained
0.1449999999749707,Unconstrained
0.14140000030238298,Unconstrained
0.11730000005627517,Unconstrained
0.12229999992996454,Unconstrained
0.13159999980416615,Unconstrained
0.13639999997394625,Unconstrained
0.13239999998404528,Unconstrained
0.14520000013362733,Unconstrained
0.1451000002816727,Unconstrained
0.21440000000438886,Unconstrained
0.13140000010025688,Unconstrained
0.12590000005729962,Unconstrained
0.15589999975418323,Unconstrained
0.13080000007903436,Unconstrained
0.13750000016443664,Unconstrained
0.13190000026952475,Unconstrained
0.15350000012404053,Unconstrained
0.13619999981528963,Unconstrained
0.13209999997343402,Unconstrained
0.13779999972030055,Unconstrained
0.2343999999538937,Unconstrained
0.13860000035492703,Unconstrained
0.14989999999670545,Unconstrained
0.15149999990171636,Unconstrained
0.15819999998711864,Unconstrained
0.13720000015382539,Unconstrained
0.1457000003028952,Unconstrained
0.22050000006856862,Unconstrained
0.1312000003963476,Unconstrained
0.14520000013362733,Unconstrained
0.16839999989315402,Unconstrained
0.1378000001750479,Unconstrained
0.13110000008964562,Unconstrained
0.146500000028027,Unconstrained
0.3157999999530148,Unconstrained
0.12079999987690826,Unconstrained
0.132200000280136,Unconstrained
0.1305000000684231,Unconstrained
0.1374999997096893,Unconstrained
0.13170000011086813,Unconstrained
0.13639999997394625,Unconstrained
0.22920000037629507,Unconstrained
0.13730000000578002,Unconstrained
0.13020000005781185,Unconstrained
0.3109000003860274,Unconstrained
0.1129000002038083,Unconstrained
0.1216000000567874,Unconstrained
0.13179999996282277,Unconstrained
0.13720000015382539,Unconstrained
0.14220000002751476,Unconstrained
0.13180000041757012,Unconstrained
0.1384000001962704,Unconstrained
0.12650000007852213,Unconstrained
0.11660000018309802,Unconstrained
0.12699999979304266,Unconstrained
0.2507999997760635,Unconstrained
0.13630000012199162,Unconstrained
0.1521999997748935,Unconstrained
0.13500000022759195,Unconstrained
0.2573000001575565,Unconstrained
0.11859999995067483,Unconstrained
0.09860000000116997,Unconstrained
0.12169999990874203,Unconstrained
0.1449999999749707,Unconstrained
0.0988000001598266,Unconstrained
0.10750000001280569,Unconstrained
0.10170000041398453,Unconstrained
0.10869999960050336,Unconstrained
0.1029000000016822,Unconstrained
0.1544000001558743,Unconstrained
0.09860000000116997,Unconstrained
0.16660000028423383,Unconstrained
0.22960000023886096,Unconstrained
0.24450000000797445,Unconstrained
0.24350000012418604,Unconstrained
0.16490000007252092,Unconstrained
0.3762000001188426,Unconstrained
0.25009999990288634,Unconstrained
0.19249999968451448,Unconstrained
0.09890000001178123,Unconstrained
0.09900000031848322,Unconstrained
0.0974000004134723,Unconstrained
0.10469999961060239,Unconstrained
0.09810000028664945,Unconstrained
0.11089999998148414,Unconstrained
0.10860000020329608,Unconstrained
0.13560000024881447,Unconstrained
0.12139999989813077,Unconstrained
0.1156999996965169,Unconstrained
0.10669999983292655,Unconstrained
0.10059999976874678,Unconstrained
0.09829999999055872,Unconstrained
0.10659999998097192,Unconstrained
0.12459999970815261,Unconstrained
0.1011999997899693,Unconstrained
0.16330000016751,Unconstrained
0.09839999984251335,Unconstrained
0.1063999998223153,Unconstrained
0.09899999986373587,Unconstrained
0.12219999962326256,Unconstrained
0.099800000043615,Unconstrained
0.11130000029879739,Unconstrained
0.09829999999055872,Unconstrained
0.09779999982129084,Unconstrained
0.10040000006483751,Unconstrained
0.11180000001331791,Unconstrained
0.10199999996984843,Unconstrained
0.09899999986373587,Unconstrained
0.10759999986476032,Unconstrained
0.11599999970712815,Unconstrained
0.11319999975967221,Unconstrained
0.11250000034124241,Unconstrained
0.09790000012799283,Unconstrained
0.09930000032909447,Unconstrained
0.10449999990669312,Unconstrained
0.11649999987639603,Unconstrained
0.09939999972630176,Unconstrained
0.09850000014921534,Unconstrained
0.09869999985312461,Unconstrained
0.10239999983241432,Unconstrained
0.11099999983343878,Unconstrained
0.09860000000116997,Unconstrained
0.13140000010025688,Unconstrained
0.10370000018156134,Unconstrained
0.10019999990618089,Unconstrained
0.09950000003300374,Unconstrained
0.10370000018156134,Unconstrained
0.15339999981733854,Unconstrained
0.09930000032909447,Unconstrained
0.17630000002100132,Unconstrained
0.10180000026593916,Unconstrained
0.10590000010779477,Unconstrained
0.09799999997994746,Unconstrained
0.09849999969446799,Unconstrained
0.09850000014921534,Unconstrained
0.10199999996984843,Unconstrained
0.099800000043615,Unconstrained
0.125699999898643,Unconstrained
0.1401999998051906,Unconstrained
0.1378000001750479,Unconstrained
0.1322999996773433,Unconstrained
0.1370999998471234,Unconstrained
0.3139000000373926,Unconstrained
0.39669999978286796,Unconstrained
0.1976000003196532,Unconstrained
0.10640000027706265,Unconstrained
0.1575000001139415,Unconstrained
0.1650999997764302,Unconstrained
0.110200000108307,Unconstrained
0.3083000001424807,Unconstrained
0.13630000012199162,Unconstrained
0.1260999997612089,Unconstrained
0.10560000009718351,Unconstrained
0.09820000013860408,Unconstrained
0.15450000000782893,Unconstrained
0.20710000035251142,Unconstrained
0.11549999999260763,Unconstrained
0.11159999985466129,Unconstrained
0.10769999971671496,Unconstrained
0.10199999996984843,Unconstrained
0.23409999994328246,Unconstrained
0.09860000000116997,Unconstrained
0.10269999984302558,Unconstrained
0.10089999977935804,Unconstrained
0.12659999993047677,Unconstrained
0.09890000001178123,Unconstrained
0.09799999997994746,Unconstrained
0.1071000001502398,Unconstrained
0.1262999999198655,Unconstrained
0.09849999969446799,Unconstrained
0.0984000002972607,Unconstrained
0.10849999989659409,Unconstrained
0.09790000012799283,Unconstrained
0.17900000011650263,Unconstrained
0.09829999999055872,Unconstrained
0.11499999982333975,Unconstrained
0.11350000022503082,Unconstrained
0.1509000003352412,Unconstrained
0.09860000000116997,Unconstrained
0.09920000002239249,Unconstrained
0.110200000108307,Unconstrained
0.09879999970507924,Unconstrained
0.09839999984251335,Unconstrained
0.10199999996984843,Unconstrained
0.10229999998045969,Unconstrained
0.09979999958886765,Unconstrained
0.10029999975813553,Unconstrained
0.10790000033011893,Unconstrained
0.09899999986373587,Unconstrained
0.09899999986373587,Unconstrained
0.09810000028664945,Unconstrained
0.09839999984251335,Unconstrained
0.10000000020227162,Unconstrained
0.09900000031848322,Unconstrained
0.0976999999693362,Unconstrained
0.10060000022349413,Unconstrained
0.1007999999274034,Unconstrained
0.09910000017043785,Unconstrained
0.09900000031848322,Unconstrained
0.0988000001598266,Unconstrained
0.09829999999055872,Unconstrained
0.09940000018104911,Unconstrained
0.10339999971620273,Unconstrained
0.10400000019217259,Unconstrained
0.09799999997994746,Unconstrained
0.09829999999055872,Unconstrained
0.09900000031848322,Unconstrained
0.10019999990618089,Unconstrained
0.09860000000116997,Unconstrained
0.09869999985312461,Unconstrained
0.09860000000116997,Unconstrained
0.09890000001178123,Unconstrained
0.1073999997061037,Unconstrained
0.10010000005422626,Unconstrained
0.099800000043615,Unconstrained
0.10780000002341694,Unconstrained
0.09890000001178123,Unconstrained
0.13059999992037774,Unconstrained
0.15829999983907328,Unconstrained
0.5071999999017862,Unconstrained
0.13130000024830224,Unconstrained
0.0984000002972607,Unconstrained
0.09910000017043785,Unconstrained
0.09819999968385673,Unconstrained
0.09829999999055872,Unconstrained
0.09850000014921534,Unconstrained
0.09799999997994746,Unconstrained
0.09829999999055872,Unconstrained
0.0984000002972607,Unconstrained
0.09820000013860408,Unconstrained
0.09860000000116997,Unconstrained
0.09820000013860408,Unconstrained
0.1032999998642481,Unconstrained
0.10410000004412723,Unconstrained
0.09799999997994746,Unconstrained
0.09860000000116997,Unconstrained
0.1007999999274034,Unconstrained
0.10270000029777293,Unconstrained
0.09900000031848322,Unconstrained
0.0976999999693362,Unconstrained
0.09890000001178123,Unconstrained
0.10090000023410539,Unconstrained
0.09969999973691301,Unconstrained
0.10010000005422626,Unconstrained
0.09869999985312461,Unconstrained
0.09850000014921534,Unconstrained
0.09820000013860408,Unconstrained
0.09919999956764514,Unconstrained
0.10700000029828516,Unconstrained
0.10939999992842786,Unconstrained
0.0988000001598266,Unconstrained
0.09910000017043785,Unconstrained
0.09869999985312461,Unconstrained
0.09890000001178123,Unconstrained
0.09929999987434712,Unconstrained
0.09920000002239249,Unconstrained
0.09910000017043785,Unconstrained
0.0988000001598266,Unconstrained
0.09890000001178123,Unconstrained
0.09929999987434712,Unconstrained
0.09939999972630176,Unconstrained
0.09960000033970573,Unconstrained
0.09849999969446799,Unconstrained
0.0980999998319021,Unconstrained
0.09739999995872495,Unconstrained
0.09829999999055872,Unconstrained
0.09829999999055872,Unconstrained
0.10539999993852689,Unconstrained
0.09850000014921534,Unconstrained
0.32980000014504185,Unconstrained
0.2807000000757398,Unconstrained
0.18640000007508206,Unconstrained
0.12240000023666653,Unconstrained
0.09800000043469481,Unconstrained
0.0988000001598266,Unconstrained
0.1071000001502398,Unconstrained
0.0980999998319021,Unconstrained
0.10010000005422626,Unconstrained
0.09920000002239249,Unconstrained
0.09779999982129084,Unconstrained
0.0988000001598266,Unconstrained
0.09780000027603819,Unconstrained
0.09759999966263422,Unconstrained
0.09820000013860408,Unconstrained
0.09730000010677031,Unconstrained
0.09920000002239249,Unconstrained
0.0984000002972607,Unconstrained
0.0976999999693362,Unconstrained
0.09959999988495838,Unconstrained
0.10750000001280569,Unconstrained
0.09789999967324547,Unconstrained
0.09790000012799283,Unconstrained
0.10040000006483751,Unconstrained
0.09770000042408356,Unconstrained
0.0976999999693362,Unconstrained
0.10019999990618089,Unconstrained
0.10140000040337327,Unconstrained
0.09779999982129084,Unconstrained
0.09959999988495838,Unconstrained
0.22840000019641593,Unconstrained
0.3623000002335175,Unconstrained
0.23890000011306256,Unconstrained
0.252599999839731,Unconstrained
0.23239999973156955,Unconstrained
0.23079999982655863,Unconstrained
0.22629999966738978,Unconstrained
0.23520000013377285,Unconstrained
0.2830000003086752,Unconstrained
0.33069999972212827,Unconstrained
0.2938000002359331,Unconstrained
0.33980000034716795,Unconstrained
0.2876000003197987,Unconstrained
0.2241000001959037,Unconstrained
0.3649000000223168,Unconstrained
0.23170000031313975,Unconstrained
0.23099999998521525,Unconstrained
0.22400000034394907,Unconstrained
0.2243999997517676,Unconstrained
0.22360000002663583,Unconstrained
0.29339999991861987,Unconstrained
0.2631999996083323,Unconstrained
0.3561000003173831,Unconstrained
0.26109999998880085,Unconstrained
0.24880000000848668,Unconstrained
0.29290000020409934,Unconstrained
0.3639000001385284,Unconstrained
0.37889999975959654,Unconstrained
0.33870000015667756,Unconstrained
0.2932000002147106,Unconstrained
0.27890000001207227,Unconstrained
0.3237999999328167,Unconstrained
0.230699999974604,Unconstrained
0.22519999993164674,Unconstrained
0.22690000014335965,Unconstrained
0.2970999998979096,Unconstrained
0.26750000006359187,Unconstrained
0.40609999996377155,Unconstrained
0.22570000010091462,Unconstrained
0.298099999781698,Unconstrained
0.22690000014335965,Unconstrained
0.2958000000035099,Unconstrained
0.3268999998908839,Unconstrained
0.3002999997079314,Unconstrained
0.33469999971202924,Unconstrained
0.2289000003656838,Unconstrained
0.2938000002359331,Unconstrained
0.5144000001564564,Unconstrained
0.23449999980584835,Unconstrained
0.31050000006871414,Unconstrained
0.3334999996695842,Unconstrained
0.2924999998867861,Unconstrained
0.13519999993150122,Unconstrained
0.318899999911082,Unconstrained
0.3412999999454769,Unconstrained
0.22600000011152588,Unconstrained
0.22529999978360138,Unconstrained
0.230699999974604,Unconstrained
0.2297000000908156,Unconstrained
0.22530000023834873,Unconstrained
0.22719999969922355,Unconstrained
0.25240000013582176,Unconstrained
0.22519999993164674,Unconstrained
0.25160000041069,Unconstrained
0.22519999993164674,Unconstrained
0.23599999985890463,Unconstrained
0.22669999998470303,Unconstrained
0.225499999942258,Unconstrained
0.24859999984983006,Unconstrained
0.2837000001818524,Unconstrained
0.11169999970661593,Unconstrained
0.24200000007112976,Unconstrained
0.2251000000796921,Unconstrained
0.22630000012213713,Unconstrained
0.2266000001327484,Unconstrained
0.22710000030201627,Unconstrained
0.2766999996310915,Unconstrained
0.3241999997953826,Unconstrained
0.23400000009132782,Unconstrained
0.22910000006959308,Unconstrained
0.2600000002530578,Unconstrained
0.4311999996389204,Unconstrained
0.4450000001270382,Unconstrained
0.23330000021815067,Unconstrained
0.4281999999875552,Unconstrained
0.3590999999687483,Unconstrained
0.2997999999934109,Unconstrained
0.15179999991232762,Unconstrained
0.2915000000029977,Unconstrained
0.3394000000298547,Unconstrained
0.2988000001096225,Unconstrained
0.3654000001915847,Unconstrained
0.27769999996962724,Unconstrained
0.3758000002562767,Unconstrained
0.28639999982260633,Unconstrained
0.24970000004032045,Unconstrained
0.29069999982311856,Unconstrained
0.3133999998681247,Unconstrained
0.23529999998572748,Unconstrained
0.2687000001060369,Unconstrained
0.24399999983870657,Unconstrained
0.22400000034394907,Unconstrained
0.3125000002910383,Unconstrained
0.32909999981711735,Unconstrained
0.24549999989176285,Unconstrained
0.2389999999650172,Unconstrained
0.3637999998318264,Unconstrained
0.2334000000701053,Unconstrained
0.2832000000125845,Unconstrained
0.25729999970280915,Unconstrained
0.09870000030787196,Unconstrained
0.25910000022122404,Unconstrained
0.3621999999268155,Unconstrained
0.44819999993706006,Unconstrained
0.33429999984946335,Unconstrained
0.23580000015499536,Unconstrained
0.27099999988422496,Unconstrained
0.24279999979626155,Unconstrained
0.23609999971085927,Unconstrained
0.28339999971649377,Unconstrained
0.10759999986476032,Unconstrained
0.3793000000769098,Unconstrained
0.2853000000868633,Unconstrained
0.2430999998068728,Unconstrained
0.3366999999343534,Unconstrained
0.3193000002283952,Unconstrained
0.31979999994291575,Unconstrained
0.2822000001287961,Unconstrained
0.24059999987002811,Unconstrained
0.23719999990134966,Unconstrained
0.326500000028318,Unconstrained
0.24639999992359662,Unconstrained
0.2803000002131739,Unconstrained
0.3384000001460663,Unconstrained
0.13600000011138036,Unconstrained
0.24159999975381652,Unconstrained
0.3579999997782579,Unconstrained
0.2368999998907384,Unconstrained
0.10840000004463946,Unconstrained
0.3835000002254674,Unconstrained
0.3015999996023311,Unconstrained
0.22459999991042423,Unconstrained
0.2818000002662302,Unconstrained
0.5625999997391773,Unconstrained
0.4347999997662555,Unconstrained
0.3189999997630366,Unconstrained
0.4733000000669563,Unconstrained
0.3971000001001812,Unconstrained
0.17440000010537915,Unconstrained
0.15770000027259812,Unconstrained
0.29649999987668707,Unconstrained
0.09779999982129084,Unconstrained
0.09899999986373587,Unconstrained
0.23099999998521525,Unconstrained
0.09899999986373587,Unconstrained
0.09820000013860408,Unconstrained
0.09779999982129084,Unconstrained
0.12370000013106619,Unconstrained
0.13760000001639128,Unconstrained
0.13080000007903436,Unconstrained
0.2137000001312117,Unconstrained
0.13850000004822505,Unconstrained
0.19410000004427275,Unconstrained
0.12599999990925426,Unconstrained
0.12620000006791088,Unconstrained
0.12450000031094532,Unconstrained
0.1262999999198655,Unconstrained
0.12599999990925426,Unconstrained
0.13940000008005882,Unconstrained
0.13179999996282277,Unconstrained
0.1781999999366235,Unconstrained
0.10180000026593916,Unconstrained
0.13239999998404528,Unconstrained
0.1440000000911823,Unconstrained
0.1609999999345746,Unconstrained
0.13859999990017968,Unconstrained
0.1384999995934777,Unconstrained
0.1557999999022286,Unconstrained
0.1330000000052678,Unconstrained
0.1588999998602958,Unconstrained
0.13209999997343402,Unconstrained
0.1328999996985658,Unconstrained
0.13179999996282277,Unconstrained
0.1305000000684231,Unconstrained
0.250199999754841,Unconstrained
0.13630000012199162,Unconstrained
0.13770000032309326,Unconstrained
0.15089999988049385,Unconstrained
0.1314999999522115,Unconstrained
0.15009999970061472,Unconstrained
0.13190000026952475,Unconstrained
0.13130000024830224,Unconstrained
0.13140000010025688,Unconstrained
0.14800000008108327,Unconstrained
0.1388000000588363,Unconstrained
0.15110000003915047,Unconstrained
0.1578999999765074,Unconstrained
0.1322999996773433,Unconstrained
0.13800000033370452,Unconstrained
0.13760000001639128,Unconstrained
0.23740000006000628,Unconstrained
0.1370999998471234,Unconstrained
0.13800000033370452,Unconstrained
0.13970000009067007,Unconstrained
0.13659999967785552,Unconstrained
0.13130000024830224,Unconstrained
0.12660000038522412,Unconstrained
0.21419999984573224,Unconstrained
0.13170000011086813,Unconstrained
0.14299999975264654,Unconstrained
0.13829999988956843,Unconstrained
0.16529999993508682,Unconstrained
0.13739999985773466,Unconstrained
0.13140000010025688,Unconstrained
0.14860000010230578,Unconstrained
0.18419999969410128,Unconstrained
0.13660000013260287,Unconstrained
0.13209999997343402,Unconstrained
0.1314999999522115,Unconstrained
0.14590000000680448,Unconstrained
0.1526999999441614,Unconstrained
0.14449999980570283,Unconstrained
0.3382999998393643,Unconstrained
0.10700000029828516,Unconstrained
0.1212000001942215,Unconstrained
0.11670000003505265,Unconstrained
0.10860000020329608,Unconstrained
0.13969999963592272,Unconstrained
0.1608999996278726,Unconstrained
0.17389999993611127,Unconstrained
0.16519999962838483,Unconstrained
0.1436999996258237,Unconstrained
0.1563999999234511,Unconstrained
0.20119999999224092,Unconstrained
0.15709999979662825,Unconstrained
0.16629999981887522,Unconstrained
0.13679999983651214,Unconstrained
0.15140000004976173,Unconstrained
0.16980000009425567,Unconstrained
0.22679999983665766,Unconstrained
0.14449999980570283,Unconstrained
0.14280000004873727,Unconstrained
0.14430000010179356,Unconstrained
0.21169999990888755,Unconstrained
0.1443999999537482,Unconstrained
0.13730000000578002,Unconstrained
0.18880000015997211,Unconstrained
0.1366999999845575,Unconstrained
0.13730000000578002,Unconstrained
0.17050000042218016,Unconstrained
0.2088999999614316,Unconstrained
0.13760000001639128,Unconstrained
0.13690000014321413,Unconstrained
0.17979999984163442,Unconstrained
0.14409999994313694,Unconstrained
0.13730000000578002,Unconstrained
0.13750000016443664,Unconstrained
0.13730000000578002,Unconstrained
0.24530000018785358,Unconstrained
0.14939999982743757,Unconstrained
0.13730000000578002,Unconstrained
0.13960000023871544,Unconstrained
0.13829999988956843,Unconstrained
0.14280000004873727,Unconstrained
0.1421999995727674,Unconstrained
0.1403000001118926,Unconstrained
0.13630000012199162,Unconstrained
0.13929999977335683,Unconstrained
0.15580000035697594,Unconstrained
0.1440000000911823,Unconstrained
0.12789999982487643,Unconstrained
0.315000000227883,Unconstrained
0.22949999993215897,Unconstrained
0.19669999983307207,Unconstrained
0.11270000004515168,Unconstrained
0.09790000012799283,Unconstrained
0.13699999999516876,Unconstrained
0.1492000001235283,Unconstrained
0.2706999998736137,Unconstrained
0.15289999964807066,Unconstrained
0.3519000001688255,Unconstrained
0.11700000004566391,Unconstrained
0.10589999965304742,Unconstrained
0.11750000021493179,Unconstrained
0.14430000010179356,Unconstrained
0.2976999999191321,Unconstrained
0.2606000002742803,Unconstrained
0.19350000002305023,Unconstrained
0.10370000018156134,Unconstrained
0.12500000002546585,Unconstrained
0.09790000012799283,Unconstrained
0.16629999981887522,Unconstrained
0.17960000013772515,Unconstrained
0.15819999998711864,Unconstrained
0.2397000002929417,Unconstrained
0.14969999983804883,Unconstrained
0.1503000003140187,Unconstrained
0.16550000009374344,Unconstrained
0.15249999978550477,Unconstrained
0.45180000006439514,Unconstrained
0.2638999999362568,Unconstrained
0.10040000006483751,Unconstrained
0.11699999959091656,Unconstrained
0.09960000033970573,Unconstrained
0.1430000002073939,Unconstrained
0.23699999974269303,Unconstrained
0.3320999999232299,Unconstrained
0.23400000009132782,Unconstrained
0.09890000001178123,Unconstrained
0.12549999973998638,Unconstrained
0.10830000019268482,Unconstrained
0.13100000023769098,Unconstrained
0.15899999971225043,Unconstrained
0.15089999988049385,Unconstrained
0.17630000002100132,Unconstrained
0.1443999999537482,Unconstrained
0.14580000015484984,Unconstrained
0.13699999999516876,Unconstrained
0.13630000012199162,Unconstrained
0.16400000004068715,Unconstrained
0.13720000015382539,Unconstrained
0.27199999976801337,Unconstrained
0.3430000001571898,Unconstrained
0.12030000016238773,Unconstrained
0.10169999995923718,Unconstrained
0.3947999998672458,Unconstrained
0.14460000011240481,Unconstrained
0.0984000002972607,Unconstrained
0.10049999991679215,Unconstrained
0.15039999971122597,Unconstrained
0.156799999786017,Unconstrained
0.20220000033077667,Unconstrained
0.137400000312482,Unconstrained
0.3710000000864966,Unconstrained
0.2295999997841136,Unconstrained
0.1349999997728446,Unconstrained
0.09789999967324547,Unconstrained
0.13489999992088997,Unconstrained
0.14210000017556013,Unconstrained
0.15029999985927134,Unconstrained
0.16009999990274082,Unconstrained
0.15019999955256935,Unconstrained
0.14839999994364916,Unconstrained
0.13650000028064824,Unconstrained
0.13690000014321413,Unconstrained
0.13850000004822505,Unconstrained
0.14649999957327964,Unconstrained
0.14110000029177172,Unconstrained
0.13720000015382539,Unconstrained
0.13579999995272374,Unconstrained
0.2679000003809051,Unconstrained
0.13600000011138036,Unconstrained
0.1314999999522115,Unconstrained
0.15519999988100608,Unconstrained
0.14379999993252568,Unconstrained
0.4023000001325272,Unconstrained
0.13779999972030055,Unconstrained
0.14819999978499254,Unconstrained
0.23590000000695,Unconstrained
0.14759999976377003,Unconstrained
0.13829999988956843,Unconstrained
0.2451999998811516,Unconstrained
0.1376999998683459,Unconstrained
0.14370000008057104,Unconstrained
0.1441000003978843,Unconstrained
0.1382000000376138,Unconstrained
0.14829999963694718,Unconstrained
0.15160000020841835,Unconstrained
0.13699999999516876,Unconstrained
0.14389999978448031,Unconstrained
0.15280000025086338,Unconstrained
0.21079999987705378,Unconstrained
0.10610000026645139,Unconstrained
0.14879999980621506,Unconstrained
0.1758000003064808,Unconstrained
0.1864999999270367,Unconstrained
0.25589999995645485,Unconstrained
0.16390000018873252,Unconstrained
0.1521999997748935,Unconstrained
0.141299999995681,Unconstrained
0.13320000016392441,Unconstrained
0.24759999996604165,Unconstrained
0.1505999998698826,Unconstrained
0.23060000012264936,Unconstrained
0.19919999976991676,Unconstrained
0.4501000003074296,Unconstrained
0.1882000001387496,Unconstrained
0.16980000009425567,Unconstrained
0.10579999980109278,Unconstrained
0.1316000002589135,Unconstrained
0.14779999992242665,Unconstrained
0.15140000004976173,Unconstrained
0.13059999992037774,Unconstrained
0.4316999998081883,Unconstrained
0.3160000001116714,Unconstrained
0.105000000075961,Unconstrained
0.09790000012799283,Unconstrained
0.10169999995923718,Unconstrained
0.18699999964155722,Unconstrained
0.13159999980416615,Unconstrained
0.2140999999937776,Unconstrained
0.23319999991144869,Unconstrained
0.27099999988422496,Unconstrained
0.10109999993801466,Unconstrained
0.09940000018104911,Unconstrained
0.10280000014972757,Unconstrained
0.23009999995338148,Unconstrained
0.4957000001013512,Unconstrained
0.24219999977503903,Unconstrained
0.23779999992257217,Unconstrained
0.09829999999055872,Unconstrained
0.4424999997354462,Unconstrained
0.10619999966365867,Unconstrained
0.09910000017043785,Unconstrained
0.10240000028716167,Unconstrained
0.09839999984251335,Unconstrained
0.1339999998890562,Unconstrained
0.13170000011086813,Unconstrained
0.2515999999559426,Unconstrained
0.3827999998975429,Unconstrained
0.1868999997896026,Unconstrained
0.09850000014921534,Unconstrained
0.09920000002239249,Unconstrained
0.09829999999055872,Unconstrained
0.3745999997590843,Unconstrained
0.3602000001592387,Unconstrained
0.20039999981236178,Unconstrained
0.25879999975586543,Unconstrained
0.20989999984522,Unconstrained
0.12059999971825164,Unconstrained
0.1266999997824314,Unconstrained
0.22980000039751758,Unconstrained
0.22940000008020434,Unconstrained
0.23670000018682913,Unconstrained
0.2749000000221713,Unconstrained
0.14399999963643495,Unconstrained
0.10169999995923718,Unconstrained
0.09910000017043785,Unconstrained
0.12930000002597808,Unconstrained
0.18009999985224567,Unconstrained
0.22569999964616727,Unconstrained
0.16030000006139744,Unconstrained
0.14759999976377003,Unconstrained
0.16229999982897425,Unconstrained
0.21070000002509914,Unconstrained
0.10259999999107094,Unconstrained
0.09870000030787196,Unconstrained
0.21489999971890938,Unconstrained
0.13320000016392441,Unconstrained
0.15740000026198686,Unconstrained
0.24329999996552942,Unconstrained
0.24189999976442778,Unconstrained
0.14450000026045018,Unconstrained
0.13699999999516876,Unconstrained
0.39160000005722395,Unconstrained
0.10609999981170404,Unconstrained
0.49179999996340484,Unconstrained
0.16039999991335208,Unconstrained
0.10130000009667128,Unconstrained
0.09900000031848322,Unconstrained
0.099800000043615,Unconstrained
0.09950000003300374,Unconstrained
0.09900000031848322,Unconstrained
0.15179999991232762,Unconstrained
0.0984000002972607,Unconstrained
0.10259999999107094,Unconstrained
0.1612000000932312,Unconstrained
0.19399999973757076,Unconstrained
0.11899999981324072,Unconstrained
0.0976999999693362,Unconstrained
0.09920000002239249,Unconstrained
0.11449999965407187,Unconstrained
0.09790000012799283,Unconstrained
0.10249999968436896,Unconstrained
0.5024000001867535,Unconstrained
0.17139999999926658,Unconstrained
0.13159999980416615,Unconstrained
0.09860000000116997,Unconstrained
0.13059999992037774,Unconstrained
0.278600000001461,Unconstrained
0.13209999997343402,Unconstrained
0.17030000026352354,Unconstrained
0.16730000015741098,Unconstrained
0.2540000000408327,Unconstrained
0.16090000008261995,Unconstrained
0.1536999998279498,Unconstrained
0.2629000000524684,Unconstrained
0.3033999996659986,Unconstrained
0.24430000030406518,Unconstrained
0.09879999970507924,Unconstrained
0.45059999956720276,Unconstrained
0.17329999991488876,Unconstrained
0.15880000000834116,Unconstrained
0.19179999981133733,Unconstrained
0.1661999999669206,Unconstrained
0.13310000031196978,Unconstrained
0.398000000132015,Unconstrained
0.10720000000219443,Unconstrained
0.2324000001863169,Unconstrained
0.5077999999230087,Unconstrained
0.14890000011291704,Unconstrained
0.1905999997688923,Unconstrained
0.35720000005312613,Unconstrained
0.330399999711517,Unconstrained
0.257799999872077,Unconstrained
0.1111999999920954,Unconstrained
0.0984000002972607,Unconstrained
0.10730000030889641,Unconstrained
0.10509999992791563,Unconstrained
0.38949999998294516,Unconstrained
0.1011999997899693,Unconstrained
0.16260000029433286,Unconstrained
0.25219999997716513,Unconstrained
0.15470000016648555,Unconstrained
0.22079999962443253,Unconstrained
0.18779999982143636,Unconstrained
0.43830000004163594,Unconstrained
0.5153999995854974,Unconstrained
0.32310000005963957,Unconstrained
0.30779999997321283,Unconstrained
0.1320000001214794,Unconstrained
0.15239999993355013,Unconstrained
0.5320000000210712,Unconstrained
0.22529999978360138,Unconstrained
0.17929999967236654,Unconstrained
0.11250000034124241,Unconstrained
0.09959999988495838,Unconstrained
0.09860000000116997,Unconstrained
0.19720000000233995,Unconstrained
0.2637000002323475,Unconstrained
0.3662999997686711,Unconstrained
0.1345999999102787,Unconstrained
0.28449999990698416,Unconstrained
0.09910000017043785,Unconstrained
0.15389999998660642,Unconstrained
0.1513000001978071,Unconstrained
0.09870000030787196,Unconstrained
0.16169999980775174,Unconstrained
0.21700000024793553,Unconstrained
0.1820000002226152,Unconstrained
0.4870999996455794,Unconstrained
0.41570000030333176,Unconstrained
0.22429999989981297,Unconstrained
0.13690000014321413,Unconstrained
0.3758000002562767,Unconstrained
0.11679999988700729,Unconstrained
0.38640000002487795,Unconstrained
0.37560000009762007,Unconstrained
0.10610000026645139,Unconstrained
0.3903000001628243,Unconstrained
0.3714999998010171,Unconstrained
0.20710000035251142,Unconstrained
0.22390000003724708,Unconstrained
0.4142000002502755,Unconstrained
0.20959999983460875,Unconstrained
0.37599999996018596,Unconstrained
0.21130000004632166,Unconstrained
0.17909999996845727,Unconstrained
0.13070000022707973,Unconstrained
0.09920000002239249,Unconstrained
0.11420000009820797,Unconstrained
0.40979999994306127,Unconstrained
0.21809999998367857,Unconstrained
0.099800000043615,Unconstrained
0.2751000001808279,Unconstrained
0.3789000002143439,Unconstrained
0.3385999998499756,Unconstrained
0.24080000002868474,Unconstrained
0.35740000021178275,Unconstrained
0.1971000001503853,Unconstrained
0.33340000027237693,Unconstrained
0.21419999984573224,Unconstrained
0.10229999998045969,Unconstrained
0.3401999997549865,Unconstrained
0.2924999998867861,Unconstrained
0.25519999962853035,Unconstrained
0.1907000000755943,Unconstrained
0.4026999999950931,Unconstrained
0.4202999998597079,Unconstrained
0.2685000004021276,Unconstrained
0.24489999987054034,Unconstrained
0.1029000000016822,Unconstrained
0.15029999985927134,Unconstrained
0.14929999997548293,Unconstrained
0.10650000012901728,Unconstrained
0.17429999979867716,Unconstrained
0.10349999956815736,Unconstrained
0.1063999998223153,Unconstrained
0.12689999994108803,Unconstrained
0.14469999996435945,Unconstrained
0.13130000024830224,Unconstrained
0.4266000000825443,Unconstrained
0.13859999990017968,Unconstrained
0.12770000012096716,Unconstrained
0.13279999984661117,Unconstrained
0.12560000004668836,Unconstrained
0.12730000025840127,Unconstrained
0.13119999994160025,Unconstrained
0.23370000008071656,Unconstrained
0.12830000014218967,Unconstrained
0.1250999998774205,Unconstrained
0.1318999998147774,Unconstrained
0.13369999987844494,Unconstrained
0.22839999974166858,Unconstrained
0.130899999930989,Unconstrained
0.14120000014372636,Unconstrained
0.13699999999516876,Unconstrained
0.12650000007852213,Unconstrained
0.13689999968846678,Unconstrained
0.13100000023769098,Unconstrained
0.2426999999443069,Unconstrained
0.13080000007903436,Unconstrained
0.1370999998471234,Unconstrained
0.13529999978345586,Unconstrained
0.1339999998890562,Unconstrained
0.13579999995272374,Unconstrained
0.13170000011086813,Unconstrained
0.1872000002549612,Unconstrained
0.13750000016443664,Unconstrained
0.13379999973039958,Unconstrained
0.13140000010025688,Unconstrained
0.15029999985927134,Unconstrained
0.13130000024830224,Unconstrained
0.130899999930989,Unconstrained
0.3023999997822102,Unconstrained
0.11499999982333975,Unconstrained
0.09929999987434712,Unconstrained
0.3338000001349428,Unconstrained
0.1926999998431711,Unconstrained
0.3566000000319036,Unconstrained
0.23779999992257217,Unconstrained
0.11270000004515168,Unconstrained
0.09959999988495838,Unconstrained
0.2895000002354209,Unconstrained
0.10169999995923718,Unconstrained
0.1781999999366235,Unconstrained
0.12060000017299899,Unconstrained
0.2168000000892789,Unconstrained
0.14409999994313694,Unconstrained
0.14320000036605052,Unconstrained
0.21470000001500011,Unconstrained
0.1366999999845575,Unconstrained
0.14550000014423858,Unconstrained
0.1370999998471234,Unconstrained
0.1391999999214022,Unconstrained
0.13450000005832408,Unconstrained
0.14020000025993795,Unconstrained
0.13779999972030055,Unconstrained
0.1380999997309118,Unconstrained
0.19599999995989492,Unconstrained
0.13790000002700253,Unconstrained
0.13689999968846678,Unconstrained
0.1374999997096893,Unconstrained
0.13040000021646847,Unconstrained
0.16689999984009773,Unconstrained
0.13690000014321413,Unconstrained
0.13739999985773466,Unconstrained
0.13730000000578002,Unconstrained
0.13379999973039958,Unconstrained
0.2337999999326712,Unconstrained
0.13550000039685983,Unconstrained
0.13620000027003698,Unconstrained
0.13140000010025688,Unconstrained
0.13029999990976648,Unconstrained
0.13139999964550952,Unconstrained
0.13179999996282277,Unconstrained
0.23399999963658047,Unconstrained
0.13970000009067007,Unconstrained
0.13170000011086813,Unconstrained
0.13140000010025688,Unconstrained
0.13100000023769098,Unconstrained
0.13889999991079094,Unconstrained
0.1318999998147774,Unconstrained
0.13179999996282277,Unconstrained
0.13670000043930486,Unconstrained
0.1366999999845575,Unconstrained
0.15570000005027396,Unconstrained
0.13469999976223335,Unconstrained
0.13069999977233238,Unconstrained
0.10829999973793747,Unconstrained
0.15399999983856105,Unconstrained
0.09829999999055872,Unconstrained
0.12150000020483276,Unconstrained
0.10169999995923718,Unconstrained
0.12679999963438604,Unconstrained
0.09890000001178123,Unconstrained
0.09989999989556964,Unconstrained
0.09760000011738157,Unconstrained
0.10139999994862592,Unconstrained
0.15489999987039482,Unconstrained
0.1081000000340282,Unconstrained
0.12229999992996454,Unconstrained
0.14380000038727303,Unconstrained
0.21820000029038056,Unconstrained
0.12550000019473373,Unconstrained
0.11590000030992087,Unconstrained
0.09780000027603819,Unconstrained
0.19119999979011482,Unconstrained
0.11140000015075202,Unconstrained
0.11250000034124241,Unconstrained
0.11309999990771757,Unconstrained
0.09939999972630176,Unconstrained
0.10199999996984843,Unconstrained
0.11189999986527255,Unconstrained
0.1978999998755171,Unconstrained
0.11660000018309802,Unconstrained
0.10210000027655042,Unconstrained
0.10090000023410539,Unconstrained
0.10139999994862592,Unconstrained
0.10680000013962854,Unconstrained
0.11939999967580661,Unconstrained
0.09869999985312461,Unconstrained
0.12100000003556488,Unconstrained
0.13760000001639128,Unconstrained
0.1426999997420353,Unconstrained
0.1285000003008463,Unconstrained
0.1247000000148546,Unconstrained
0.10179999981119181,Unconstrained
0.17230000003110035,Unconstrained
0.24570000005041948,Unconstrained
0.10550000024522888,Unconstrained
0.12070000002495362,Unconstrained
0.28870000005554175,Unconstrained
0.3571000002011715,Unconstrained
0.22600000011152588,Unconstrained
0.22750000016458216,Unconstrained
0.24100000018734136,Unconstrained
0.26479999996809056,Unconstrained
0.3000000001520675,Unconstrained
0.1453999998375366,Unconstrained
0.14290000035543926,Unconstrained
0.11549999999260763,Unconstrained
0.225499999942258,Unconstrained
0.10080000038215076,Unconstrained
0.19290000000182772,Unconstrained
0.10120000024471665,Unconstrained
0.22770000032323878,Unconstrained
0.09860000000116997,Unconstrained
0.23079999982655863,Unconstrained
0.11989999984507449,Unconstrained
0.09899999986373587,Unconstrained
0.10159999965253519,Unconstrained
0.09810000028664945,Unconstrained
0.10070000007544877,Unconstrained
0.09920000002239249,Unconstrained
0.16279999999824213,Unconstrained
0.246300000071642,Unconstrained
0.22399999988920172,Unconstrained
0.19489999976940453,Unconstrained
0.35419999994701357,Unconstrained
0.10019999990618089,Unconstrained
0.16090000008261995,Unconstrained
0.11650000033114338,Unconstrained
0.20330000006651971,Unconstrained
0.10030000021288288,Unconstrained
0.19819999988612835,Unconstrained
0.1038999998854706,Unconstrained
0.10689999999158317,Unconstrained
0.10420000035082921,Unconstrained
0.09869999985312461,Unconstrained
0.0976999999693362,Unconstrained
0.0980999998319021,Unconstrained
0.13970000009067007,Unconstrained
0.0980999998319021,Unconstrained
0.09879999970507924,Unconstrained
0.10169999995923718,Unconstrained
0.09790000012799283,Unconstrained
0.09950000003300374,Unconstrained
0.0980999998319021,Unconstrained
0.0988000001598266,Unconstrained
0.0976999999693362,Unconstrained
0.10930000007647322,Unconstrained
0.10139999994862592,Unconstrained
0.0990999997156905,Unconstrained
0.10309999970559147,Unconstrained
0.09800000043469481,Unconstrained
0.10410000004412723,Unconstrained
0.09849999969446799,Unconstrained
0.10080000038215076,Unconstrained
0.11129999984405003,Unconstrained
0.09970000019166037,Unconstrained
0.09999999974752427,Unconstrained
0.09739999995872495,Unconstrained
0.09749999981067958,Unconstrained
0.1098000002457411,Unconstrained
0.18600000021251617,Unconstrained
0.11700000004566391,Unconstrained
0.09860000000116997,Unconstrained
0.0988000001598266,Unconstrained
0.13720000015382539,Unconstrained
0.15040000016597332,Unconstrained
0.14389999978448031,Unconstrained
0.099800000043615,Unconstrained
0.11420000009820797,Unconstrained
0.1262999999198655,Unconstrained
0.22809999973105732,Unconstrained
0.16400000004068715,Unconstrained
0.1542999998491723,Unconstrained
0.14290000035543926,Unconstrained
0.14349999992191442,Unconstrained
0.14210000017556013,Unconstrained
0.1370999998471234,Unconstrained
0.22699999999531428,Unconstrained
0.11300000005576294,Unconstrained
0.18799999998009298,Unconstrained
0.18660000023373868,Unconstrained
0.19419999989622738,Unconstrained
0.15079999957379187,Unconstrained
0.24229999962699367,Unconstrained
0.09860000000116997,Unconstrained
0.09989999989556964,Unconstrained
0.1081000000340282,Unconstrained
0.11809999978140695,Unconstrained
0.10130000009667128,Unconstrained
0.2515999999559426,Unconstrained
0.10020000036092824,Unconstrained
0.15250000024025212,Unconstrained
0.09920000002239249,Unconstrained
0.09910000017043785,Unconstrained
0.10590000010779477,Unconstrained
0.09779999982129084,Unconstrained
0.09999999974752427,Unconstrained
0.2518999999665539,Unconstrained
0.22919999992154771,Unconstrained
0.10250000013911631,Unconstrained
0.11270000004515168,Unconstrained
0.09790000012799283,Unconstrained
0.10010000005422626,Unconstrained
0.1457999997001025,Unconstrained
0.15150000035646372,Unconstrained
0.10320000001229346,Unconstrained
0.13280000030135852,Unconstrained
0.0984000002972607,Unconstrained
0.09849999969446799,Unconstrained
0.09850000014921534,Unconstrained
0.10900000006586197,Unconstrained
0.12449999985619797,Unconstrained
0.130899999930989,Unconstrained
0.11970000014116522,Unconstrained
0.1588999998602958,Unconstrained
0.09849999969446799,Unconstrained
0.09959999988495838,Unconstrained
0.09749999981067958,Unconstrained
0.10440000005473848,Unconstrained
0.10490000022400636,Unconstrained
0.0988000001598266,Unconstrained
0.09920000002239249,Unconstrained
0.10089999977935804,Unconstrained
0.09860000000116997,Unconstrained
0.09849999969446799,Unconstrained
0.09790000012799283,Unconstrained
0.2726999996411905,Unconstrained
0.09860000000116997,Unconstrained
0.09829999999055872,Unconstrained
0.0990999997156905,Unconstrained
0.22780000017519342,Unconstrained
0.2921000000242202,Unconstrained
0.14549999968949123,Unconstrained
0.21300000025803456,Unconstrained
0.17380000008415664,Unconstrained
0.09789999967324547,Unconstrained
0.09749999981067958,Unconstrained
0.09799999997994746,Unconstrained
0.0988000001598266,Unconstrained
0.09890000001178123,Unconstrained
0.09890000001178123,Unconstrained
0.09789999967324547,Unconstrained
0.10419999989608186,Unconstrained
0.09849999969446799,Unconstrained
0.10479999991730438,Unconstrained
0.09920000002239249,Unconstrained
0.2480000002833549,Unconstrained
0.0988000001598266,Unconstrained
0.10359999987485935,Unconstrained
0.0990999997156905,Unconstrained
0.09890000001178123,Unconstrained
0.09890000001178123,Unconstrained
0.09839999984251335,Unconstrained
0.10140000040337327,Unconstrained
0.10590000010779477,Unconstrained
0.10199999996984843,Unconstrained
0.09929999987434712,Unconstrained
0.09929999987434712,Unconstrained
0.09929999987434712,Unconstrained
0.09780000027603819,Unconstrained
0.0990999997156905,Unconstrained
0.11199999971722718,Unconstrained
0.09970000019166037,Unconstrained
0.09819999968385673,Unconstrained
0.11830000039481092,Unconstrained
0.12079999987690826,Unconstrained
0.1088000003619527,Unconstrained
0.11360000007698545,Unconstrained
0.12169999990874203,Unconstrained
0.09749999981067958,Unconstrained
0.1007999999274034,Unconstrained
0.10799999972732621,Unconstrained
0.17309999975623214,Unconstrained
0.0984000002972607,Unconstrained
0.09940000018104911,Unconstrained
0.0988000001598266,Unconstrained
0.0984000002972607,Unconstrained
0.0980999998319021,Unconstrained
0.1011999997899693,Unconstrained
0.10549999979048152,Unconstrained
0.11629999971773941,Unconstrained
0.09790000012799283,Unconstrained
0.1098000002457411,Unconstrained
0.15460000031453092,Unconstrained
0.09760000011738157,Unconstrained
0.10430000020278385,Unconstrained
0.09969999973691301,Unconstrained
0.10879999990720535,Unconstrained
0.16899999991437653,Unconstrained
0.10160000010728254,Unconstrained
0.09790000012799283,Unconstrained
0.0980999998319021,Unconstrained
0.09899999986373587,Unconstrained
0.10160000010728254,Unconstrained
0.0980999998319021,Unconstrained
0.0990999997156905,Unconstrained
0.09850000014921534,Unconstrained
0.09959999988495838,Unconstrained
0.10490000022400636,Unconstrained
0.09860000000116997,Unconstrained
0.09820000013860408,Unconstrained
0.10489999976925901,Unconstrained
0.10230000043520704,Unconstrained
0.1059999999597494,Unconstrained
0.10380000003351597,Unconstrained
0.16550000009374344,Unconstrained
0.09829999999055872,Unconstrained
0.14969999983804883,Unconstrained
0.09799999997994746,Unconstrained
0.14559999999619322,Unconstrained
0.09860000000116997,Unconstrained
0.10339999971620273,Unconstrained
0.09860000000116997,Unconstrained
0.10650000012901728,Unconstrained
0.09940000018104911,Unconstrained
0.09860000000116997,Unconstrained
0.09910000017043785,Unconstrained
0.09849999969446799,Unconstrained
0.09860000000116997,Unconstrained
0.11570000015126425,Unconstrained
0.09870000030787196,Unconstrained
0.09929999987434712,Unconstrained
0.10169999995923718,Unconstrained
0.09829999999055872,Unconstrained
0.12070000002495362,Unconstrained
0.12710000009974465,Unconstrained
0.18960000033985125,Unconstrained
0.099800000043615,Unconstrained
0.10320000001229346,Unconstrained
0.09819999968385673,Unconstrained
0.09950000003300374,Unconstrained
0.09879999970507924,Unconstrained
0.22910000006959308,Unconstrained
0.17449999995733378,Unconstrained
0.10539999993852689,Unconstrained
0.18049999971481157,Unconstrained
0.18150000005334732,Unconstrained
0.17810000008466886,Unconstrained
0.15990000019883155,Unconstrained
0.2751000001808279,Unconstrained
0.0976999999693362,Unconstrained
0.4502000001593842,Unconstrained
0.0990999997156905,Unconstrained
0.10070000007544877,Unconstrained
0.12999999989915523,Unconstrained
0.09890000001178123,Unconstrained
0.10750000001280569,Unconstrained
0.16209999967031763,Unconstrained
0.1712000002953573,Unconstrained
0.09799999997994746,Unconstrained
0.11720000020432053,Unconstrained
0.10339999971620273,Unconstrained
0.15530000018770806,Unconstrained
0.10430000020278385,Unconstrained
0.09719999980006833,Unconstrained
0.09890000001178123,Unconstrained
0.1081000000340282,Unconstrained
0.1032999998642481,Unconstrained
0.09810000028664945,Unconstrained
0.18890000001192675,Unconstrained
0.1216000000567874,Unconstrained
0.17159999970317585,Unconstrained
0.09779999982129084,Unconstrained
0.09810000028664945,Unconstrained
0.0988000001598266,Unconstrained
0.09829999999055872,Unconstrained
0.0988000001598266,Unconstrained
0.10380000003351597,Unconstrained
0.1428999999006919,Unconstrained
0.09749999981067958,Unconstrained
0.09719999980006833,Unconstrained
0.10629999997036066,Unconstrained
0.10569999994913815,Unconstrained
0.1090999999178166,Unconstrained
0.10780000002341694,Unconstrained
0.15729999995528487,Unconstrained
0.10490000022400636,Unconstrained
0.09799999997994746,Unconstrained
0.10120000024471665,Unconstrained
0.09779999982129084,Unconstrained
0.11270000004515168,Unconstrained
0.10380000003351597,Unconstrained
0.1297999997404986,Unconstrained
0.09730000010677031,Unconstrained
0.11240000003454043,Unconstrained
0.09819999968385673,Unconstrained
0.09790000012799283,Unconstrained
0.1150000002780871,Unconstrained
0.10010000005422626,Unconstrained
0.0980999998319021,Unconstrained
0.09730000010677031,Unconstrained
0.11189999986527255,Unconstrained
0.12599999990925426,Unconstrained
0.12030000016238773,Unconstrained
0.11180000001331791,Unconstrained
0.09850000014921534,Unconstrained
0.110200000108307,Unconstrained
0.11210000002392917,Unconstrained
0.14999999984866008,Unconstrained
0.09779999982129084,Unconstrained
0.09849999969446799,Unconstrained
0.0980999998319021,Unconstrained
0.09810000028664945,Unconstrained
0.10659999998097192,Unconstrained
0.10139999994862592,Unconstrained
0.17769999976735562,Unconstrained
0.10110000039276201,Unconstrained
0.09899999986373587,Unconstrained
0.1129000002038083,Unconstrained
0.10480000037205173,Unconstrained
0.11069999982282752,Unconstrained
0.10750000001280569,Unconstrained
0.16539999978704145,Unconstrained
0.11390000008759671,Unconstrained
0.11549999999260763,Unconstrained
0.10240000028716167,Unconstrained
0.1764999997249106,Unconstrained
0.10700000029828516,Unconstrained
0.09950000003300374,Unconstrained
0.10310000016033882,Unconstrained
0.10220000012850505,Unconstrained
0.2312999999958265,Unconstrained
0.1032999998642481,Unconstrained
0.0988000001598266,Unconstrained
0.09829999999055872,Unconstrained
0.09879999970507924,Unconstrained
0.10240000028716167,Unconstrained
0.16800000003058813,Unconstrained
0.09819999968385673,Unconstrained
0.09789999967324547,Unconstrained
0.10100000008606003,Unconstrained
0.10539999993852689,Unconstrained
0.09890000001178123,Unconstrained
0.09780000027603819,Unconstrained
0.09820000013860408,Unconstrained
0.0984000002972607,Unconstrained
0.09849999969446799,Unconstrained
0.10459999975864775,Unconstrained
0.09920000002239249,Unconstrained
0.09949999957825639,Unconstrained
0.09929999987434712,Unconstrained
0.17530000013721292,Unconstrained
0.099800000043615,Unconstrained
0.0990999997156905,Unconstrained
0.09989999989556964,Unconstrained
0.10569999994913815,Unconstrained
0.10939999992842786,Unconstrained
0.09920000002239249,Unconstrained
0.1368000002912595,Unconstrained
0.09869999985312461,Unconstrained
0.09870000030787196,Unconstrained
0.09969999973691301,Unconstrained
0.152900000102818,Unconstrained
0.0990999997156905,Unconstrained
0.09820000013860408,Unconstrained
0.1615999999557971,Unconstrained
0.09949999957825639,Unconstrained
0.16649999997753184,Unconstrained
0.10420000035082921,Unconstrained
0.09969999973691301,Unconstrained
0.09929999987434712,Unconstrained
0.099800000043615,Unconstrained
0.099800000043615,Unconstrained
0.09989999989556964,Unconstrained
0.12710000009974465,Unconstrained
0.09969999973691301,Unconstrained
0.13429999989966745,Unconstrained
0.099800000043615,Unconstrained
0.10340000017095008,Unconstrained
0.09850000014921534,Unconstrained
0.09850000014921534,Unconstrained
0.11869999980262946,Unconstrained
0.09839999984251335,Unconstrained
0.13489999992088997,Unconstrained
0.09920000002239249,Unconstrained
0.11439999980211724,Unconstrained
0.10010000005422626,Unconstrained
0.09820000013860408,Unconstrained
0.11200000017197453,Unconstrained
0.09869999985312461,Unconstrained
0.09950000003300374,Unconstrained
0.10310000016033882,Unconstrained
0.10299999985363684,Unconstrained
0.09989999989556964,Unconstrained
0.0990999997156905,Unconstrained
0.10999999994965037,Unconstrained
0.09890000001178123,Unconstrained
0.16489999961777357,Unconstrained
0.09860000000116997,Unconstrained
0.09860000000116997,Unconstrained
0.09969999973691301,Unconstrained
0.09879999970507924,Unconstrained
0.09950000003300374,Unconstrained
0.09779999982129084,Unconstrained
0.11270000004515168,Unconstrained
0.09899999986373587,Unconstrained
0.1660999996602186,Unconstrained
0.0980999998319021,Unconstrained
0.10040000006483751,Unconstrained
0.1059999999597494,Unconstrained
0.10049999991679215,Unconstrained
0.1119000003200199,Unconstrained
0.10259999999107094,Unconstrained
0.09910000017043785,Unconstrained
0.09910000017043785,Unconstrained
0.25379999988217605,Unconstrained
0.09910000017043785,Unconstrained
0.10229999998045969,Unconstrained
0.09819999968385673,Unconstrained
0.09929999987434712,Unconstrained
0.12150000020483276,Unconstrained
0.09899999986373587,Unconstrained
0.09879999970507924,Unconstrained
0.10350000002290471,Unconstrained
0.172399999883055,Unconstrained
0.38359999962267466,Unconstrained
0.3384000001460663,Unconstrained
0.1729999999042775,Unconstrained
0.09910000017043785,Unconstrained
0.21650000007866765,Unconstrained
0.16319999986080802,Unconstrained
0.1953999999386724,Unconstrained
0.10179999981119181,Unconstrained
0.09839999984251335,Unconstrained
0.09929999987434712,Unconstrained
0.09829999999055872,Unconstrained
0.16520000008313218,Unconstrained
0.09899999986373587,Unconstrained
0.17920000027515925,Unconstrained
0.09790000012799283,Unconstrained
0.1453999998375366,Unconstrained
0.09790000012799283,Unconstrained
0.09860000000116997,Unconstrained
0.23149999969973578,Unconstrained
0.2365000000281725,Unconstrained
0.26209999987258925,Unconstrained
0.10170000041398453,Unconstrained
0.1216000000567874,Unconstrained
0.09870000030787196,Unconstrained
0.09900000031848322,Unconstrained
0.23529999998572748,Unconstrained
0.1119000003200199,Unconstrained
0.0988000001598266,Unconstrained
0.09860000000116997,Unconstrained
0.09890000001178123,Unconstrained
0.14719999990120414,Unconstrained
0.09929999987434712,Unconstrained
0.15549999989161734,Unconstrained
0.09779999982129084,Unconstrained
0.23250000003827154,Unconstrained
0.09739999995872495,Unconstrained
0.09900000031848322,Unconstrained
0.09810000028664945,Unconstrained
0.09860000000116997,Unconstrained
0.09850000014921534,Unconstrained
0.16670000013618846,Unconstrained
0.09970000019166037,Unconstrained
0.10020000036092824,Unconstrained
0.11850000009872019,Unconstrained
0.09899999986373587,Unconstrained
0.09890000001178123,Unconstrained
0.5083999999442312,Unconstrained
0.2324999995835242,Unconstrained
0.2312999999958265,Unconstrained
0.09870000030787196,Unconstrained
0.23509999982707086,Unconstrained
0.2622999995764985,Unconstrained
0.09969999973691301,Unconstrained
0.3176000000166823,Unconstrained
0.11700000004566391,Unconstrained
0.21739999965575407,Unconstrained
0.10129999964192393,Unconstrained
0.2932999996119179,Unconstrained
0.20989999984522,Unconstrained
0.17500000012660166,Unconstrained
0.26359999992564553,Unconstrained
0.16570000025240006,Unconstrained
0.09839999984251335,Unconstrained
0.09850000014921534,Unconstrained
0.16700000014679972,Unconstrained
0.09959999988495838,Unconstrained
0.10819999988598283,Unconstrained
0.09890000001178123,Unconstrained
0.18220000038127182,Unconstrained
0.09879999970507924,Unconstrained
0.09820000013860408,Unconstrained
0.10299999985363684,Unconstrained
0.11730000005627517,Unconstrained
0.10169999995923718,Unconstrained
0.0990999997156905,Unconstrained
0.10840000004463946,Unconstrained
0.1164000000244414,Unconstrained
0.09869999985312461,Unconstrained
0.09829999999055872,Unconstrained
0.09899999986373587,Unconstrained
0.09790000012799283,Unconstrained
0.09850000014921534,Unconstrained
0.09989999989556964,Unconstrained
0.09749999981067958,Unconstrained
0.11809999978140695,Unconstrained
0.09869999985312461,Unconstrained
0.09829999999055872,Unconstrained
0.09869999985312461,Unconstrained
0.11919999997189734,Unconstrained
0.09939999972630176,Unconstrained
0.09869999985312461,Unconstrained
0.16479999976581894,Unconstrained
0.09920000002239249,Unconstrained
0.16050000022005406,Unconstrained
0.09869999985312461,Unconstrained
0.09870000030787196,Unconstrained
0.09929999987434712,Unconstrained
0.10169999995923718,Unconstrained
0.11610000001383014,Unconstrained
0.10850000035134144,Unconstrained
0.10819999988598283,Unconstrained
0.09810000028664945,Unconstrained
0.105000000075961,Unconstrained
0.1029000000016822,Unconstrained
0.1640999998926418,Unconstrained
0.09829999999055872,Unconstrained
0.1250999998774205,Unconstrained
0.09939999972630176,Unconstrained
0.12040000001434237,Unconstrained
0.10930000007647322,Unconstrained
0.09869999985312461,Unconstrained
0.09869999985312461,Unconstrained
0.1277999999729218,Unconstrained
0.11069999982282752,Unconstrained
0.09850000014921534,Unconstrained
0.1015000002553279,Unconstrained
0.09899999986373587,Unconstrained
0.17070000012608944,Unconstrained
0.09779999982129084,Unconstrained
0.15149999990171636,Unconstrained
0.09900000031848322,Unconstrained
0.1052999996318249,Unconstrained
0.09870000030787196,Unconstrained
0.09839999984251335,Unconstrained
0.09829999999055872,Unconstrained
0.09820000013860408,Unconstrained
0.25800000003073364,Unconstrained
0.15520000033575343,Unconstrained
0.18640000007508206,Unconstrained
0.0980999998319021,Unconstrained
0.10769999971671496,Unconstrained
0.09780000027603819,Unconstrained
0.09920000002239249,Unconstrained
0.09719999980006833,Unconstrained
0.09920000002239249,Unconstrained
0.09890000001178123,Unconstrained
0.09860000000116997,Unconstrained
0.09789999967324547,Unconstrained
0.10330000031899544,Unconstrained
0.09760000011738157,Unconstrained
0.09759999966263422,Unconstrained
0.09760000011738157,Unconstrained
0.09890000001178123,Unconstrained
0.09850000014921534,Unconstrained
0.27249999993728125,Unconstrained
0.1820000002226152,Unconstrained
0.11730000005627517,Unconstrained
0.26419999994686805,Unconstrained
0.19870000005539623,Unconstrained
0.17600000001039007,Unconstrained
0.09839999984251335,Unconstrained
0.09989999989556964,Unconstrained
0.09879999970507924,Unconstrained
0.09920000002239249,Unconstrained
0.09860000000116997,Unconstrained
0.10470000006534974,Unconstrained
0.09920000002239249,Unconstrained
0.1191000001199427,Unconstrained
0.09820000013860408,Unconstrained
0.0980999998319021,Unconstrained
0.10159999965253519,Unconstrained
0.10270000029777293,Unconstrained
0.10340000017095008,Unconstrained
0.1216000000567874,Unconstrained
0.09820000013860408,Unconstrained
0.09860000000116997,Unconstrained
0.09950000003300374,Unconstrained
0.11270000004515168,Unconstrained
0.13310000031196978,Unconstrained
0.1274000001103559,Unconstrained
0.11059999997087289,Unconstrained
0.09960000033970573,Unconstrained
0.09910000017043785,Unconstrained
0.09920000002239249,Unconstrained
0.11660000018309802,Unconstrained
0.13179999996282277,Unconstrained
0.12590000005729962,Unconstrained
0.16330000016751,Unconstrained
0.10920000022451859,Unconstrained
0.10240000028716167,Unconstrained
0.09860000000116997,Unconstrained
0.12010000000373111,Unconstrained
0.18389999968349002,Unconstrained
0.11260000019319705,Unconstrained
0.1177999997707957,Unconstrained
0.09939999972630176,Unconstrained
0.10120000024471665,Unconstrained
0.262999999904423,Unconstrained
0.09869999985312461,Unconstrained
0.10520000023461762,Unconstrained
0.09940000018104911,Unconstrained
0.13140000010025688,Unconstrained
0.22669999998470303,Unconstrained
0.15080000002853922,Unconstrained
0.15919999987090705,Unconstrained
0.14370000008057104,Unconstrained
0.13069999977233238,Unconstrained
0.13169999965612078,Unconstrained
0.13190000026952475,Unconstrained
0.125800000205345,Unconstrained
0.12479999986680923,Unconstrained
0.1467999995838909,Unconstrained
0.1434000000699598,Unconstrained
0.1364999998259009,Unconstrained
0.1388000000588363,Unconstrained
0.13699999999516876,Unconstrained
0.1305000000684231,Unconstrained
0.1345999999102787,Unconstrained
0.14960000044084154,Unconstrained
0.1314999999522115,Unconstrained
0.11970000014116522,Unconstrained
0.12010000000373111,Unconstrained
0.120499999866297,Unconstrained
0.13839999974152306,Unconstrained
0.1312999997935549,Unconstrained
0.1434000000699598,Unconstrained
0.20529999983409652,Unconstrained
0.1434000000699598,Unconstrained
0.13779999972030055,Unconstrained
0.22160000025905902,Unconstrained
0.14000000010128133,Unconstrained
0.19040000006498303,Unconstrained
0.13620000027003698,Unconstrained
0.141199999688979,Unconstrained
0.12980000019524596,Unconstrained
0.14800000008108327,Unconstrained
0.13699999999516876,Unconstrained
0.12070000002495362,Unconstrained
0.1247000000148546,Unconstrained
0.11689999973896192,Unconstrained
0.1208999997288629,Unconstrained
0.13949999993201345,Unconstrained
0.14839999994364916,Unconstrained
0.2334000000701053,Unconstrained
0.3870999998980551,Unconstrained
0.1297999997404986,Unconstrained
0.17460000026403577,Unconstrained
0.19109999993816018,Unconstrained
0.10139999994862592,Unconstrained
0.11039999981221627,Unconstrained
0.15759999996589613,Unconstrained
0.10999999994965037,Unconstrained
0.2260999999634805,Unconstrained
0.1809000000321248,Unconstrained
0.3679000001284294,Unconstrained
0.14939999982743757,Unconstrained
0.11339999991832883,Unconstrained
0.10549999979048152,Unconstrained
0.2335000003768073,Unconstrained
0.36610000006476184,Unconstrained
0.1861000000644708,Unconstrained
0.251399999797286,Unconstrained
0.21689999994123355,Unconstrained
0.3873000000567117,Unconstrained
0.1594999998815183,Unconstrained
0.0980999998319021,Unconstrained
0.14689999989059288,Unconstrained
0.13699999999516876,Unconstrained
0.0980999998319021,Unconstrained
0.09870000030787196,Unconstrained
0.0967000000855478,Unconstrained
0.10090000023410539,Unconstrained
0.11649999987639603,Unconstrained
0.120499999866297,Unconstrained
0.13030000036451383,Unconstrained
0.215099999877566,Unconstrained
0.12700000024779,Unconstrained
0.39409999999406864,Unconstrained
0.15630000007149647,Unconstrained
0.1038999998854706,Unconstrained
0.13119999994160025,Unconstrained
0.13130000024830224,Unconstrained
0.2865000001293083,Unconstrained
0.3610999997363251,Unconstrained
0.10930000007647322,Unconstrained
0.28040000006512855,Unconstrained
0.3546000002643268,Unconstrained
0.120499999866297,Unconstrained
0.09940000018104911,Unconstrained
0.09929999987434712,Unconstrained
0.10149999980058055,Unconstrained
0.10439999959999113,Unconstrained
0.09790000012799283,Unconstrained
0.12169999990874203,Unconstrained
0.19520000023476314,Unconstrained
0.1443999999537482,Unconstrained
0.15470000016648555,Unconstrained
0.1440000000911823,Unconstrained
0.14659999987998162,Unconstrained
0.20289999974920647,Unconstrained
0.13209999997343402,Unconstrained
0.19220000012865057,Unconstrained
0.13330000001587905,Unconstrained
0.1403000001118926,Unconstrained
0.13159999980416615,Unconstrained
0.1376999998683459,Unconstrained
0.19249999968451448,Unconstrained
0.13940000008005882,Unconstrained
0.1389000003655383,Unconstrained
0.13779999972030055,Unconstrained
0.13699999999516876,Unconstrained
0.17630000002100132,Unconstrained
0.13529999978345586,Unconstrained
0.12729999980365392,Unconstrained
0.12560000004668836,Unconstrained
0.13170000011086813,Unconstrained
0.1382000000376138,Unconstrained
0.13750000016443664,Unconstrained
0.13750000016443664,Unconstrained
0.1322999996773433,Unconstrained
0.13710000030187075,Unconstrained
0.13679999983651214,Unconstrained
0.1299000000472006,Unconstrained
0.1612000000932312,Unconstrained
0.14590000000680448,Unconstrained
0.1326000001427019,Unconstrained
0.13080000007903436,Unconstrained
0.13080000007903436,Unconstrained
0.13219999982538866,Unconstrained
0.13730000000578002,Unconstrained
0.13760000001639128,Unconstrained
0.1434000000699598,Unconstrained
0.13009999975110986,Unconstrained
0.13900000021749293,Unconstrained
0.14310000005934853,Unconstrained
0.13070000022707973,Unconstrained
0.13790000002700253,Unconstrained
0.11780000022554304,Unconstrained
0.09929999987434712,Unconstrained
0.2598000000944012,Unconstrained
0.09839999984251335,Unconstrained
0.1268000000891334,Unconstrained
0.09920000002239249,Unconstrained
0.12060000017299899,Unconstrained
0.3845999999612104,Unconstrained
0.1612000000932312,Unconstrained
0.09780000027603819,Unconstrained
0.09839999984251335,Unconstrained
0.09820000013860408,Unconstrained
0.09799999997994746,Unconstrained
0.10990000009769574,Unconstrained
0.0988000001598266,Unconstrained
0.19990000009784126,Unconstrained
0.09930000032909447,Unconstrained
0.09839999984251335,Unconstrained
0.1007999999274034,Unconstrained
0.12579999975059764,Unconstrained
0.10139999994862592,Unconstrained
0.10569999994913815,Unconstrained
0.1081000000340282,Unconstrained
0.09810000028664945,Unconstrained
0.09860000000116997,Unconstrained
0.09839999984251335,Unconstrained
0.1934000001710956,Unconstrained
0.09869999985312461,Unconstrained
0.09819999968385673,Unconstrained
0.10259999999107094,Unconstrained
0.10049999991679215,Unconstrained
0.1119000003200199,Unconstrained
0.09899999986373587,Unconstrained
0.09810000028664945,Unconstrained
0.09910000017043785,Unconstrained
0.10320000001229346,Unconstrained
0.09999999974752427,Unconstrained
0.09939999972630176,Unconstrained
0.0976999999693362,Unconstrained
0.09839999984251335,Unconstrained
0.0988000001598266,Unconstrained
0.09820000013860408,Unconstrained
0.10169999995923718,Unconstrained
0.10870000005525071,Unconstrained
0.16649999997753184,Unconstrained
0.12860000015280093,Unconstrained
0.15819999998711864,Unconstrained
0.2216999996562663,Unconstrained
0.16349999987141928,Unconstrained
0.09959999988495838,Unconstrained
0.4139999996368715,Unconstrained
0.3553999999894586,Unconstrained
0.21080000033180113,Unconstrained
0.09890000001178123,Unconstrained
0.18600000021251617,Unconstrained
0.0988000001598266,Unconstrained
0.09850000014921534,Unconstrained
0.10160000010728254,Unconstrained
0.10320000001229346,Unconstrained
0.11659999972835067,Unconstrained
0.0980999998319021,Unconstrained
0.10160000010728254,Unconstrained
0.10950000023512985,Unconstrained
0.17079999997804407,Unconstrained
0.24710000025152112,Unconstrained
0.09890000001178123,Unconstrained
0.19009999959962443,Unconstrained
0.2663999998731015,Unconstrained
0.15829999983907328,Unconstrained
0.2336999996259692,Unconstrained
0.3911000003427034,Unconstrained
0.34359999972366495,Unconstrained
0.12670000023717876,Unconstrained
0.3477000000202679,Unconstrained
0.2113999998982763,Unconstrained
0.16229999982897425,Unconstrained
0.20429999995030812,Unconstrained
0.17530000013721292,Unconstrained
0.09799999997994746,Unconstrained
0.09779999982129084,Unconstrained
0.2365000000281725,Unconstrained
0.12100000003556488,Unconstrained
0.09839999984251335,Unconstrained
0.3150999996250903,Unconstrained
0.23290000035558478,Unconstrained
0.10400000019217259,Unconstrained
0.13829999988956843,Unconstrained
0.1963999998224608,Unconstrained
0.4015999998046027,Unconstrained
0.3636999999798718,Unconstrained
0.43310000000928994,Unconstrained
0.325299999985873,Unconstrained
0.24329999996552942,Unconstrained
0.10059999976874678,Unconstrained
0.09730000010677031,Unconstrained
0.09839999984251335,Unconstrained
0.10120000024471665,Unconstrained
0.1756999999997788,Unconstrained
0.1038999998854706,Unconstrained
0.19179999981133733,Unconstrained
0.10519999977987027,Unconstrained
0.10509999992791563,Unconstrained
0.1019000001178938,Unconstrained
0.0980999998319021,Unconstrained
0.1077000001714623,Unconstrained
0.09879999970507924,Unconstrained
0.09779999982129084,Unconstrained
0.0980999998319021,Unconstrained
0.16529999993508682,Unconstrained
0.0980999998319021,Unconstrained
0.11129999984405003,Unconstrained
0.09779999982129084,Unconstrained
0.09819999968385673,Unconstrained
0.0984000002972607,Unconstrained
0.10049999991679215,Unconstrained
0.1623000002837216,Unconstrained
0.10220000012850505,Unconstrained
0.16869999990376527,Unconstrained
0.09810000028664945,Unconstrained
0.10000000020227162,Unconstrained
0.10339999971620273,Unconstrained
0.10130000009667128,Unconstrained
0.10169999995923718,Unconstrained
0.09829999999055872,Unconstrained
0.11970000014116522,Unconstrained
0.09899999986373587,Unconstrained
0.10100000008606003,Unconstrained
0.12360000027911155,Unconstrained
0.09799999997994746,Unconstrained
0.09829999999055872,Unconstrained
0.09730000010677031,Unconstrained
0.11670000003505265,Unconstrained
0.10900000006586197,Unconstrained
0.09899999986373587,Unconstrained
0.10840000004463946,Unconstrained
0.1111999999920954,Unconstrained
0.09959999988495838,Unconstrained
0.14450000026045018,Unconstrained
0.10419999989608186,Unconstrained
0.09950000003300374,Unconstrained
0.10209999982180307,Unconstrained
0.10590000010779477,Unconstrained
0.11989999984507449,Unconstrained
0.09820000013860408,Unconstrained
0.10830000019268482,Unconstrained
0.09959999988495838,Unconstrained
0.11979999999311985,Unconstrained
0.1382000000376138,Unconstrained
0.5049999999755528,Unconstrained
0.11210000002392917,Unconstrained
0.13799999987895717,Unconstrained
0.09879999970507924,Unconstrained
0.09910000017043785,Unconstrained
0.09860000000116997,Unconstrained
0.10169999995923718,Unconstrained
0.11199999971722718,Unconstrained
0.09780000027603819,Unconstrained
0.09799999997994746,Unconstrained
0.0984000002972607,Unconstrained
0.09890000001178123,Unconstrained
0.0976999999693362,Unconstrained
0.09890000001178123,Unconstrained
0.09890000001178123,Unconstrained
0.09990000035031699,Unconstrained
0.10210000027655042,Unconstrained
0.09819999968385673,Unconstrained
0.0980999998319021,Unconstrained
0.09819999968385673,Unconstrained
0.09850000014921534,Unconstrained
0.10049999991679215,Unconstrained
0.09879999970507924,Unconstrained
0.09850000014921534,Unconstrained
0.09820000013860408,Unconstrained
0.0988000001598266,Unconstrained
0.0980999998319021,Unconstrained
0.09799999997994746,Unconstrained
0.09860000000116997,Unconstrained
0.09870000030787196,Unconstrained
0.09850000014921534,Unconstrained
0.0988000001598266,Unconstrained
0.09860000000116997,Unconstrained
0.09879999970507924,Unconstrained
0.09839999984251335,Unconstrained
0.09870000030787196,Unconstrained
0.0988000001598266,Unconstrained
0.09910000017043785,Unconstrained
0.09899999986373587,Unconstrained
0.099800000043615,Unconstrained
0.10209999982180307,Unconstrained
0.10040000006483751,Unconstrained
0.0984000002972607,Unconstrained
0.10609999981170404,Unconstrained
0.0988000001598266,Unconstrained
0.09899999986373587,Unconstrained
0.10010000005422626,Unconstrained
0.10179999981119181,Unconstrained
0.0990999997156905,Unconstrained
0.09869999985312461,Unconstrained
0.09899999986373587,Unconstrained
0.09890000001178123,Unconstrained
0.09850000014921534,Unconstrained
0.09929999987434712,Unconstrained
0.11270000004515168,Unconstrained
0.09960000033970573,Unconstrained
0.09879999970507924,Unconstrained
0.0988000001598266,Unconstrained
0.09899999986373587,Unconstrained
0.09900000031848322,Unconstrained
0.09960000033970573,Unconstrained
0.1133000000663742,Unconstrained
0.10229999998045969,Unconstrained
0.09829999999055872,Unconstrained
0.0976999999693362,Unconstrained
0.09820000013860408,Unconstrained
0.09900000031848322,Unconstrained
0.10390000034021796,Unconstrained
0.09870000030787196,Unconstrained
0.1498000001447508,Unconstrained
0.10680000013962854,Unconstrained
0.0980999998319021,Unconstrained
0.09730000010677031,Unconstrained
0.09879999970507924,Unconstrained
0.09760000011738157,Unconstrained
0.09849999969446799,Unconstrained
0.09780000027603819,Unconstrained
0.09860000000116997,Unconstrained
0.09930000032909447,Unconstrained
0.11399999993955134,Unconstrained
0.23210000017570565,Unconstrained
0.21079999987705378,Unconstrained
0.1845000001594599,Unconstrained
0.11350000022503082,Unconstrained
0.09819999968385673,Unconstrained
0.10179999981119181,Unconstrained
0.12169999990874203,Unconstrained
0.38690000019414583,Unconstrained
0.24260000009235227,Unconstrained
0.11159999985466129,Unconstrained
0.09829999999055872,Unconstrained
0.12939999987793271,Unconstrained
0.16700000014679972,Unconstrained
0.09940000018104911,Unconstrained
0.09839999984251335,Unconstrained
0.10019999990618089,Unconstrained
0.099800000043615,Unconstrained
0.09929999987434712,Unconstrained
0.0990999997156905,Unconstrained
0.0990999997156905,Unconstrained
0.09860000000116997,Unconstrained
0.12649999962377478,Unconstrained
0.09930000032909447,Unconstrained
0.11399999993955134,Unconstrained
0.0990999997156905,Unconstrained
0.11210000002392917,Unconstrained
0.10209999982180307,Unconstrained
0.1007999999274034,Unconstrained
0.105000000075961,Unconstrained
0.10129999964192393,Unconstrained
0.11630000017248676,Unconstrained
0.09829999999055872,Unconstrained
0.10130000009667128,Unconstrained
0.09760000011738157,Unconstrained
0.10440000005473848,Unconstrained
0.09860000000116997,Unconstrained
0.12500000002546585,Unconstrained
0.12340000012045493,Unconstrained
0.09869999985312461,Unconstrained
0.09829999999055872,Unconstrained
0.1121999998758838,Unconstrained
0.09799999997994746,Unconstrained
0.09989999989556964,Unconstrained
0.1071000001502398,Unconstrained
0.09920000002239249,Unconstrained
0.099800000043615,Unconstrained
0.10010000005422626,Unconstrained
0.11499999982333975,Unconstrained
0.09920000002239249,Unconstrained
0.1038999998854706,Unconstrained
0.105000000075961,Unconstrained
0.11399999993955134,Unconstrained
0.09939999972630176,Unconstrained
0.10740000016085105,Unconstrained
0.12340000012045493,Unconstrained
0.10239999983241432,Unconstrained
0.09790000012799283,Unconstrained
0.10160000010728254,Unconstrained
0.15419999999721767,Unconstrained
0.10229999998045969,Unconstrained
0.1822999997784791,Unconstrained
0.10220000012850505,Unconstrained
0.20749999976032996,Unconstrained
0.09750000026542693,Unconstrained
0.15539999958491535,Unconstrained
0.09920000002239249,Unconstrained
0.11740000036297715,Unconstrained
0.09799999997994746,Unconstrained
0.1029000000016822,Unconstrained
0.13020000005781185,Unconstrained
0.10689999999158317,Unconstrained
0.09920000002239249,Unconstrained
0.09849999969446799,Unconstrained
0.09890000001178123,Unconstrained
0.1015000002553279,Unconstrained
0.12310000010984368,Unconstrained
0.09989999989556964,Unconstrained
0.36610000006476184,Unconstrained
0.14899999996487168,Unconstrained
0.2644999999574793,Unconstrained
0.10259999999107094,Unconstrained
0.11499999982333975,Unconstrained
0.136099999963335,Unconstrained
0.15080000002853922,Unconstrained
0.105000000075961,Unconstrained
0.20570000015140977,Unconstrained
0.27769999996962724,Unconstrained
0.15460000031453092,Unconstrained
0.15100000018719584,Unconstrained
0.10100000008606003,Unconstrained
0.10179999981119181,Unconstrained
0.2756000003500958,Unconstrained
0.10430000020278385,Unconstrained
0.14999999984866008,Unconstrained
0.0988000001598266,Unconstrained
0.1029000000016822,Unconstrained
0.12520000018412247,Unconstrained
0.0988000001598266,Unconstrained
0.10969999993903912,Unconstrained
0.10209999982180307,Unconstrained
0.11589999985517352,Unconstrained
0.10000000020227162,Unconstrained
0.11059999997087289,Unconstrained
0.2362999998695159,Unconstrained
0.2065000003312889,Unconstrained
0.09820000013860408,Unconstrained
0.15240000038829749,Unconstrained
0.09890000001178123,Unconstrained
0.12130000004617614,Unconstrained
0.09839999984251335,Unconstrained
0.10019999990618089,Unconstrained
0.15399999983856105,Unconstrained
0.09860000000116997,Unconstrained
0.27429999954620143,Unconstrained
0.3040000001419685,Unconstrained
0.39370000013150275,Unconstrained
0.24680000024090987,Unconstrained
0.09939999972630176,Unconstrained
0.17760000037014834,Unconstrained
0.2154999997401319,Unconstrained
0.35010000010515796,Unconstrained
0.19840000004478497,Unconstrained
0.5597000003945141,Unconstrained
0.10409999958937988,Unconstrained
0.13190000026952475,Unconstrained
0.09879999970507924,Unconstrained
0.09890000001178123,Unconstrained
0.33910000001924345,Unconstrained
0.42170000006080954,Unconstrained
0.21289999995133257,Unconstrained
0.19930000007661874,Unconstrained
0.34279999999853317,Unconstrained
0.23890000011306256,Unconstrained
0.19759999986490584,Unconstrained
0.13739999985773466,Unconstrained
0.09839999984251335,Unconstrained
0.1428999999006919,Unconstrained
0.130899999930989,Unconstrained
0.2609000002848916,Unconstrained
0.4538999996839266,Unconstrained
0.16529999993508682,Unconstrained
0.1401999998051906,Unconstrained
0.2282000000377593,Unconstrained
0.09900000031848322,Unconstrained
0.09860000000116997,Unconstrained
0.09829999999055872,Unconstrained
0.23590000000695,Unconstrained
0.32250000003841706,Unconstrained
0.3548999998201907,Unconstrained
0.17660000003161258,Unconstrained
0.19669999983307207,Unconstrained
0.09790000012799283,Unconstrained
0.10130000009667128,Unconstrained
0.10229999998045969,Unconstrained
0.14779999992242665,Unconstrained
0.2457999999023741,Unconstrained
0.4351000002316141,Unconstrained
0.10040000006483751,Unconstrained
0.09990000035031699,Unconstrained
0.09890000001178123,Unconstrained
0.09910000017043785,Unconstrained
0.11159999985466129,Unconstrained
0.09910000017043785,Unconstrained
0.09959999988495838,Unconstrained
0.10689999999158317,Unconstrained
0.11480000011943048,Unconstrained
0.10650000012901728,Unconstrained
0.11140000015075202,Unconstrained
0.10310000016033882,Unconstrained
0.1111999999920954,Unconstrained
0.10220000012850505,Unconstrained
0.09839999984251335,Unconstrained
0.0984000002972607,Unconstrained
0.11180000001331791,Unconstrained
0.10400000019217259,Unconstrained
0.1440000000911823,Unconstrained
0.0980999998319021,Unconstrained
0.09819999968385673,Unconstrained
0.09860000000116997,Unconstrained
0.0988000001598266,Unconstrained
0.09970000019166037,Unconstrained
0.09950000003300374,Unconstrained
0.10550000024522888,Unconstrained
0.10280000014972757,Unconstrained
0.10459999975864775,Unconstrained
0.10160000010728254,Unconstrained
0.10359999987485935,Unconstrained
0.10740000016085105,Unconstrained
0.09860000000116997,Unconstrained
0.1677999998719315,Unconstrained
0.10269999984302558,Unconstrained
0.10910000037256395,Unconstrained
0.10209999982180307,Unconstrained
0.11289999974906095,Unconstrained
0.09930000032909447,Unconstrained
0.10000000020227162,Unconstrained
0.12169999990874203,Unconstrained
0.10709999969549244,Unconstrained
0.1212000001942215,Unconstrained
0.10239999983241432,Unconstrained
0.10689999999158317,Unconstrained
0.1000999995994789,Unconstrained
0.11349999977028347,Unconstrained
0.15000000030340743,Unconstrained
0.13730000000578002,Unconstrained
0.13949999993201345,Unconstrained
0.13170000011086813,Unconstrained
0.13049999961367575,Unconstrained
0.12650000007852213,Unconstrained
0.13100000023769098,Unconstrained
0.12069999957020627,Unconstrained
0.12010000000373111,Unconstrained
0.12619999961316353,Unconstrained
0.13710000030187075,Unconstrained
0.13230000013209064,Unconstrained
0.1312999997935549,Unconstrained
0.11909999966519536,Unconstrained
0.10879999990720535,Unconstrained
0.0984000002972607,Unconstrained
0.1330000000052678,Unconstrained
0.10409999958937988,Unconstrained
0.14700000019729487,Unconstrained
0.10270000029777293,Unconstrained
0.09860000000116997,Unconstrained
0.10099999963131268,Unconstrained
0.09910000017043785,Unconstrained
0.10859999974854873,Unconstrained
0.09810000028664945,Unconstrained
0.09829999999055872,Unconstrained
0.10199999996984843,Unconstrained
0.09739999995872495,Unconstrained
0.09850000014921534,Unconstrained
0.09820000013860408,Unconstrained
0.43070000037914724,Unconstrained
0.235799999700248,Unconstrained
0.11530000028869836,Unconstrained
0.14409999994313694,Unconstrained
0.26409999964016606,Unconstrained
0.21079999987705378,Unconstrained
0.13870000020688167,Unconstrained
0.37639999982275185,Unconstrained
0.22879999960423447,Unconstrained
0.1702999998087762,Unconstrained
0.09910000017043785,Unconstrained
0.22840000019641593,Unconstrained
0.2067999998871528,Unconstrained
0.1554000000396627,Unconstrained
0.09939999972630176,Unconstrained
0.1675000003160676,Unconstrained
0.10699999984353781,Unconstrained
0.1364999998259009,Unconstrained
0.09869999985312461,Unconstrained
0.09750000026542693,Unconstrained
0.09749999981067958,Unconstrained
0.09760000011738157,Unconstrained
0.11159999985466129,Unconstrained
0.10549999979048152,Unconstrained
0.09920000002239249,Unconstrained
0.10049999991679215,Unconstrained
0.09860000000116997,Unconstrained
0.09879999970507924,Unconstrained
0.09850000014921534,Unconstrained
0.09920000002239249,Unconstrained
0.09899999986373587,Unconstrained
0.10889999975915998,Unconstrained
0.09860000000116997,Unconstrained
0.09779999982129084,Unconstrained
0.09879999970507924,Unconstrained
0.0988000001598266,Unconstrained
0.09899999986373587,Unconstrained
0.09799999997994746,Unconstrained
0.168500000199856,Unconstrained
0.10220000012850505,Unconstrained
0.09799999997994746,Unconstrained
0.09870000030787196,Unconstrained
0.09890000001178123,Unconstrained
0.15320000011342927,Unconstrained
0.09829999999055872,Unconstrained
0.09899999986373587,Unconstrained
0.10969999993903912,Unconstrained
0.09950000003300374,Unconstrained
0.09879999970507924,Unconstrained
0.10729999985414906,Unconstrained
0.16939999977694242,Unconstrained
0.09910000017043785,Unconstrained
0.11339999991832883,Unconstrained
0.10139999994862592,Unconstrained
0.0984000002972607,Unconstrained
0.10380000003351597,Unconstrained
0.09860000000116997,Unconstrained
0.09940000018104911,Unconstrained
0.13059999992037774,Unconstrained
0.09730000010677031,Unconstrained
0.10689999999158317,Unconstrained
0.10470000006534974,Unconstrained
0.2570999999988999,Unconstrained
0.22779999972044607,Unconstrained
0.16319999986080802,Unconstrained
0.1749999996718543,Unconstrained
0.246300000071642,Unconstrained
0.13690000014321413,Unconstrained
0.09820000013860408,Unconstrained
0.16539999978704145,Unconstrained
0.24810000013530953,Unconstrained
0.2600999996502651,Unconstrained
0.34819999973478843,Unconstrained
0.10819999988598283,Unconstrained
0.39819999983592425,Unconstrained
0.2251000000796921,Unconstrained
0.1038999998854706,Unconstrained
0.10930000007647322,Unconstrained
0.09929999987434712,Unconstrained
0.09989999989556964,Unconstrained
0.1090999999178166,Unconstrained
0.11159999985466129,Unconstrained
0.4158000001552864,Unconstrained
0.37190000011833035,Unconstrained
0.12070000002495362,Unconstrained
0.10000000020227162,Unconstrained
0.2295999997841136,Unconstrained
0.099800000043615,Unconstrained
0.09839999984251335,Unconstrained
0.09749999981067958,Unconstrained
0.09920000002239249,Unconstrained
0.23849999979574932,Unconstrained
0.10689999999158317,Unconstrained
0.14060000012250384,Unconstrained
0.19790000033026445,Unconstrained
0.30740000011064694,Unconstrained
0.1164000000244414,Unconstrained
0.10519999977987027,Unconstrained
0.16920000007303315,Unconstrained
0.09960000033970573,Unconstrained
0.09819999968385673,Unconstrained
0.09799999997994746,Unconstrained
0.1540999996905157,Unconstrained
0.09930000032909447,Unconstrained
0.09900000031848322,Unconstrained
0.22690000014335965,Unconstrained
0.09829999999055872,Unconstrained
0.09920000002239249,Unconstrained
0.09870000030787196,Unconstrained
0.10159999965253519,Unconstrained
0.09790000012799283,Unconstrained
0.09899999986373587,Unconstrained
0.09760000011738157,Unconstrained
0.17359999992550001,Unconstrained
0.16570000025240006,Unconstrained
0.22130000024844776,Unconstrained
0.1314999999522115,Unconstrained
0.10459999975864775,Unconstrained
0.1494999996793922,Unconstrained
0.1235999998243642,Unconstrained
0.10199999996984843,Unconstrained
0.09820000013860408,Unconstrained
0.23420000024998444,Unconstrained
0.10199999996984843,Unconstrained
0.1345999999102787,Unconstrained
0.18490000002202578,Unconstrained
0.1565000002301531,Unconstrained
0.15729999995528487,Unconstrained
0.16420000019934378,Unconstrained
0.15620000021954183,Unconstrained
0.12079999987690826,Unconstrained
0.1357000001007691,Unconstrained
0.09999999974752427,Unconstrained
0.09930000032909447,Unconstrained
0.10220000012850505,Unconstrained
0.1029000000016822,Unconstrained
0.14140000030238298,Unconstrained
0.10410000004412723,Unconstrained
0.09890000001178123,Unconstrained
0.09850000014921534,Unconstrained
0.09910000017043785,Unconstrained
0.12340000012045493,Unconstrained
0.09950000003300374,Unconstrained
0.10049999991679215,Unconstrained
0.09829999999055872,Unconstrained
0.09860000000116997,Unconstrained
0.0988000001598266,Unconstrained
0.09879999970507924,Unconstrained
0.10269999984302558,Unconstrained
0.1011999997899693,Unconstrained
0.09869999985312461,Unconstrained
0.09760000011738157,Unconstrained
0.10300000030838419,Unconstrained
0.09750000026542693,Unconstrained
0.10440000005473848,Unconstrained
0.10479999991730438,Unconstrained
0.09820000013860408,Unconstrained
0.09799999997994746,Unconstrained
0.09810000028664945,Unconstrained
0.09860000000116997,Unconstrained
0.09869999985312461,Unconstrained
0.09839999984251335,Unconstrained
0.09820000013860408,Unconstrained
0.09869999985312461,Unconstrained
0.14450000026045018,Unconstrained
0.0984000002972607,Unconstrained
0.0976999999693362,Unconstrained
0.09829999999055872,Unconstrained
0.10890000021390733,Unconstrained
0.12579999975059764,Unconstrained
0.13279999984661117,Unconstrained
0.1208999997288629,Unconstrained
0.12149999975008541,Unconstrained
0.1262999999198655,Unconstrained
0.12700000024779,Unconstrained
0.12409999999363208,Unconstrained
0.1291000003220688,Unconstrained
0.12169999990874203,Unconstrained
0.12649999962377478,Unconstrained
0.1260999997612089,Unconstrained
0.12100000003556488,Unconstrained
0.12830000014218967,Unconstrained
0.12590000005729962,Unconstrained
0.11360000007698545,Unconstrained
0.09839999984251335,Unconstrained
0.09890000001178123,Unconstrained
0.09819999968385673,Unconstrained
0.09829999999055872,Unconstrained
0.09799999997994746,Unconstrained
0.09989999989556964,Unconstrained
0.09879999970507924,Unconstrained
0.10059999976874678,Unconstrained
0.09890000001178123,Unconstrained
0.09940000018104911,Unconstrained
0.10750000001280569,Unconstrained
0.09920000002239249,Unconstrained
0.09890000001178123,Unconstrained
0.09839999984251335,Unconstrained
0.09939999972630176,Unconstrained
0.0976999999693362,Unconstrained
0.09920000002239249,Unconstrained
0.09920000002239249,Unconstrained
0.10210000027655042,Unconstrained
0.09860000000116997,Unconstrained
0.09779999982129084,Unconstrained
0.09780000027603819,Unconstrained
0.0980999998319021,Unconstrained
0.1301000002058572,Unconstrained
0.09950000003300374,Unconstrained
0.10019999990618089,Unconstrained
0.1474999999118154,Unconstrained
0.11160000030940864,Unconstrained
0.09959999988495838,Unconstrained
0.09820000013860408,Unconstrained
0.1173999999082298,Unconstrained
0.09810000028664945,Unconstrained
0.09990000035031699,Unconstrained
0.09820000013860408,Unconstrained
0.09890000001178123,Unconstrained
0.10130000009667128,Unconstrained
0.1625999998395855,Unconstrained
0.09779999982129084,Unconstrained
0.16689999984009773,Unconstrained
0.10780000002341694,Unconstrained
0.16760000016802223,Unconstrained
0.09839999984251335,Unconstrained
0.11130000029879739,Unconstrained
0.10199999996984843,Unconstrained
0.09850000014921534,Unconstrained
0.09950000003300374,Unconstrained
0.09890000001178123,Unconstrained
0.1042999997480365,Unconstrained
0.09950000003300374,Unconstrained
0.10180000026593916,Unconstrained
0.09829999999055872,Unconstrained
0.09979999958886765,Unconstrained
0.25970000024244655,Unconstrained
0.09829999999055872,Unconstrained
0.3353000001879991,Unconstrained
0.21049999986644252,Unconstrained
0.10870000005525071,Unconstrained
0.1007999999274034,Unconstrained
0.42349999966972973,Unconstrained
0.1667999999881431,Unconstrained
0.21389999983512098,Unconstrained
0.10229999998045969,Unconstrained
0.13249999983599992,Unconstrained
0.09950000003300374,Unconstrained
0.09869999985312461,Unconstrained
0.09869999985312461,Unconstrained
0.10159999965253519,Unconstrained
0.0988000001598266,Unconstrained
0.10509999992791563,Unconstrained
0.09850000014921534,Unconstrained
0.09750000026542693,Unconstrained
0.1094999997803825,Unconstrained
0.09870000030787196,Unconstrained
0.10239999983241432,Unconstrained
0.09799999997994746,Unconstrained
0.09839999984251335,Unconstrained
0.10030000021288288,Unconstrained
0.09869999985312461,Unconstrained
0.10320000001229346,Unconstrained
0.11610000001383014,Unconstrained
0.1511999998911051,Unconstrained
0.16559999994569807,Unconstrained
0.09799999997994746,Unconstrained
0.0980999998319021,Unconstrained
0.10479999991730438,Unconstrained
0.09820000013860408,Unconstrained
0.10640000027706265,Unconstrained
0.1036000003296067,Unconstrained
0.09700000009615906,Unconstrained
0.16820000018924475,Unconstrained
0.0980999998319021,Unconstrained
0.099800000043615,Unconstrained
0.10669999983292655,Unconstrained
0.09780000027603819,Unconstrained
0.0976999999693362,Unconstrained
0.09860000000116997,Unconstrained
0.21220000007815543,Unconstrained
0.10940000038317521,Unconstrained
0.13730000000578002,Unconstrained
0.39330000026893686,Unconstrained
0.09899999986373587,Unconstrained
0.1007999999274034,Unconstrained
0.0988000001598266,Unconstrained
0.09860000000116997,Unconstrained
0.09870000030787196,Unconstrained
0.09779999982129084,Unconstrained
0.105000000075961,Unconstrained
0.09870000030787196,Unconstrained
0.09910000017043785,Unconstrained
0.22769999986849143,Unconstrained
0.10220000012850505,Unconstrained
0.10109999993801466,Unconstrained
0.10399999973742524,Unconstrained
0.10579999980109278,Unconstrained
0.1029000000016822,Unconstrained
0.09749999981067958,Unconstrained
0.09900000031848322,Unconstrained
0.14299999975264654,Unconstrained
0.10340000017095008,Unconstrained
0.09839999984251335,Unconstrained
0.10040000006483751,Unconstrained
0.11300000005576294,Unconstrained
0.10039999961009016,Unconstrained
0.11930000027859933,Unconstrained
0.09959999988495838,Unconstrained
0.14869999995426042,Unconstrained
0.13279999984661117,Unconstrained
0.09829999999055872,Unconstrained
0.09810000028664945,Unconstrained
0.10860000020329608,Unconstrained
0.12379999998302083,Unconstrained
0.26369999977760017,Unconstrained
0.26750000006359187,Unconstrained
0.33560000019861036,Unconstrained
0.3053999998883228,Unconstrained
0.1011999997899693,Unconstrained
0.1283999999941443,Unconstrained
0.10019999990618089,Unconstrained
0.10169999995923718,Unconstrained
0.27520000003278255,Unconstrained
0.10709999969549244,Unconstrained
0.10470000006534974,Unconstrained
0.1019000001178938,Unconstrained
0.09679999993750243,Unconstrained
0.09820000013860408,Unconstrained
0.11130000029879739,Unconstrained
0.09819999968385673,Unconstrained
0.16119999963848386,Unconstrained
0.10370000018156134,Unconstrained
0.11139999969600467,Unconstrained
0.11140000015075202,Unconstrained
0.24899999971239595,Unconstrained
0.19840000004478497,Unconstrained
0.10569999994913815,Unconstrained
0.09930000032909447,Unconstrained
0.09779999982129084,Unconstrained
0.1809000000321248,Unconstrained
0.10539999993852689,Unconstrained
0.09780000027603819,Unconstrained
0.09860000000116997,Unconstrained
0.09890000001178123,Unconstrained
0.14359999977386906,Unconstrained
0.09860000000116997,Unconstrained
0.09860000000116997,Unconstrained
0.23310000005949405,Unconstrained
0.11050000011891825,Unconstrained
0.2515999999559426,Unconstrained
0.12699999979304266,Unconstrained
0.1038999998854706,Unconstrained
0.24450000000797445,Unconstrained
0.23839999994379468,Unconstrained
0.1032999998642481,Unconstrained
0.15840000014577527,Unconstrained
0.21079999987705378,Unconstrained
0.17579999985173345,Unconstrained
0.27659999977913685,Unconstrained
0.1183999997920182,Unconstrained
0.20809999978155247,Unconstrained
0.4073000000062166,Unconstrained
0.11240000003454043,Unconstrained
0.09850000014921534,Unconstrained
0.1007999999274034,Unconstrained
0.10999999994965037,Unconstrained
0.11510000013004174,Unconstrained
0.11200000017197453,Unconstrained
0.09939999972630176,Unconstrained
0.12809999998353305,Unconstrained
0.16239999968092889,Unconstrained
0.10180000026593916,Unconstrained
0.10659999998097192,Unconstrained
0.09739999995872495,Unconstrained
0.10130000009667128,Unconstrained
0.10310000016033882,Unconstrained
0.09820000013860408,Unconstrained
0.15729999995528487,Unconstrained
0.11900000026798807,Unconstrained
0.11200000017197453,Unconstrained
0.10699999984353781,Unconstrained
0.10309999970559147,Unconstrained
0.12219999962326256,Unconstrained
0.1368000002912595,Unconstrained
0.16019999975469545,Unconstrained
0.11959999983446323,Unconstrained
0.09790000012799283,Unconstrained
0.09720000025481568,Unconstrained
0.12350000042715692,Unconstrained
0.1029000000016822,Unconstrained
0.11210000002392917,Unconstrained
0.09860000000116997,Unconstrained
0.12140000035287812,Unconstrained
0.12700000024779,Unconstrained
0.11100000028818613,Unconstrained
0.09930000032909447,Unconstrained
0.09780000027603819,Unconstrained
0.14939999982743757,Unconstrained
0.12109999988751952,Unconstrained
0.1326000001427019,Unconstrained
0.1125999997384497,Unconstrained
0.09789999967324547,Unconstrained
0.1038999998854706,Unconstrained
0.09940000018104911,Unconstrained
0.09829999999055872,Unconstrained
0.11559999984456226,Unconstrained
0.10900000006586197,Unconstrained
0.16189999996640836,Unconstrained
0.09709999994811369,Unconstrained
0.0988000001598266,Unconstrained
0.11199999971722718,Unconstrained
0.12560000004668836,Unconstrained
0.14319999991130317,Unconstrained
0.16949999962889706,Unconstrained
0.12500000002546585,Unconstrained
0.1094999997803825,Unconstrained
0.09870000030787196,Unconstrained
0.15630000007149647,Unconstrained
0.09839999984251335,Unconstrained
0.09950000003300374,Unconstrained
0.11740000036297715,Unconstrained
0.10019999990618089,Unconstrained
0.10470000006534974,Unconstrained
0.09939999972630176,Unconstrained
0.09950000003300374,Unconstrained
0.10930000007647322,Unconstrained
0.1081000000340282,Unconstrained
0.16000000005078618,Unconstrained
0.09920000002239249,Unconstrained
0.10070000007544877,Unconstrained
0.09899999986373587,Unconstrained
0.10399999973742524,Unconstrained
0.10239999983241432,Unconstrained
0.09950000003300374,Unconstrained
0.09940000018104911,Unconstrained
0.10519999977987027,Unconstrained
0.09910000017043785,Unconstrained
0.10310000016033882,Unconstrained
0.09850000014921534,Unconstrained
0.1250999998774205,Unconstrained
0.09939999972630176,Unconstrained
0.1573999998072395,Unconstrained
0.11870000025737681,Unconstrained
0.09779999982129084,Unconstrained
0.09890000001178123,Unconstrained
0.13579999995272374,Unconstrained
0.1042999997480365,Unconstrained
0.1015000002553279,Unconstrained
0.17759999991540099,Unconstrained
0.09879999970507924,Unconstrained
0.09969999973691301,Unconstrained
0.09989999989556964,Unconstrained
0.09900000031848322,Unconstrained
0.10820000034073018,Unconstrained
0.10390000034021796,Unconstrained
0.09939999972630176,Unconstrained
0.09779999982129084,Unconstrained
0.1191000001199427,Unconstrained
0.10060000022349413,Unconstrained
0.12859999969805358,Unconstrained
0.09849999969446799,Unconstrained
0.10120000024471665,Unconstrained
0.09910000017043785,Unconstrained
0.09860000000116997,Unconstrained
0.09839999984251335,Unconstrained
0.09780000027603819,Unconstrained
0.11760000006688642,Unconstrained
0.10160000010728254,Unconstrained
0.09820000013860408,Unconstrained
0.09829999999055872,Unconstrained
0.10990000009769574,Unconstrained
0.11720000020432053,Unconstrained
0.0974000004134723,Unconstrained
0.09789999967324547,Unconstrained
0.09899999986373587,Unconstrained
0.10099999963131268,Unconstrained
0.10179999981119181,Unconstrained
0.10199999996984843,Unconstrained
0.136099999963335,Unconstrained
0.10240000028716167,Unconstrained
0.10160000010728254,Unconstrained
0.10109999993801466,Unconstrained
0.0984000002972607,Unconstrained
0.09709999994811369,Unconstrained
0.09799999997994746,Unconstrained
0.12030000016238773,Unconstrained
0.09780000027603819,Unconstrained
0.10090000023410539,Unconstrained
0.10700000029828516,Unconstrained
0.09820000013860408,Unconstrained
0.09869999985312461,Unconstrained
0.0988000001598266,Unconstrained
0.09950000003300374,Unconstrained
0.09899999986373587,Unconstrained
0.0988000001598266,Unconstrained
0.09930000032909447,Unconstrained
0.0984000002972607,Unconstrained
0.09870000030787196,Unconstrained
0.09959999988495838,Unconstrained
0.10769999971671496,Unconstrained
0.10819999988598283,Unconstrained
0.10259999999107094,Unconstrained
0.14649999957327964,Unconstrained
0.09860000000116997,Unconstrained
0.09810000028664945,Unconstrained
0.1019000001178938,Unconstrained
0.09929999987434712,Unconstrained
0.1575000001139415,Unconstrained
0.0976999999693362,Unconstrained
0.1129000002038083,Unconstrained
0.09860000000116997,Unconstrained
0.10060000022349413,Unconstrained
0.10689999999158317,Unconstrained
0.10019999990618089,Unconstrained
0.10209999982180307,Unconstrained
0.09950000003300374,Unconstrained
0.16169999980775174,Unconstrained
0.10340000017095008,Unconstrained
0.16210000012506498,Unconstrained
0.12770000012096716,Unconstrained
0.10199999996984843,Unconstrained
0.09890000001178123,Unconstrained
0.09799999997994746,Unconstrained
0.09850000014921534,Unconstrained
0.10520000023461762,Unconstrained
0.2069000001938548,Unconstrained
0.11009999980160501,Unconstrained
0.2625000001899025,Unconstrained
0.09890000001178123,Unconstrained
0.0980999998319021,Unconstrained
0.10120000024471665,Unconstrained
0.09930000032909447,Unconstrained
0.10530000008657225,Unconstrained
0.11690000019370927,Unconstrained
0.14330000021800515,Unconstrained
0.11850000009872019,Unconstrained
0.12340000012045493,Unconstrained
0.09899999986373587,Unconstrained
0.13309999985722243,Unconstrained
0.09940000018104911,Unconstrained
0.09829999999055872,Unconstrained
0.10239999983241432,Unconstrained
0.09860000000116997,Unconstrained
0.11409999979150598,Unconstrained
0.10109999993801466,Unconstrained
0.1646999999138643,Unconstrained
0.09739999995872495,Unconstrained
0.14689999989059288,Unconstrained
0.10450000036144047,Unconstrained
0.09830000044530607,Unconstrained
0.10109999993801466,Unconstrained
0.10180000026593916,Unconstrained
0.0976999999693362,Unconstrained
0.09820000013860408,Unconstrained
0.11459999996077386,Unconstrained
0.09799999997994746,Unconstrained
0.24239999993369565,Unconstrained
0.10059999976874678,Unconstrained
0.1011999997899693,Unconstrained
0.10229999998045969,Unconstrained
0.24080000002868474,Unconstrained
0.0984000002972607,Unconstrained
0.125800000205345,Unconstrained
0.10449999990669312,Unconstrained
0.23819999978513806,Unconstrained
0.2235000001746812,Unconstrained
0.11570000015126425,Unconstrained
0.1689000000624219,Unconstrained
0.0980999998319021,Unconstrained
0.09850000014921534,Unconstrained
0.09779999982129084,Unconstrained
0.09940000018104911,Unconstrained
0.10040000006483751,Unconstrained
0.0976999999693362,Unconstrained
0.24709999979677377,Unconstrained
0.35879999995813705,Unconstrained
0.31659999967814656,Unconstrained
0.32959999998638523,Unconstrained
0.1019000001178938,Unconstrained
0.10210000027655042,Unconstrained
0.11289999974906095,Unconstrained
0.38429999995059916,Unconstrained
0.15189999976428226,Unconstrained
0.11399999993955134,Unconstrained
0.10270000029777293,Unconstrained
0.099800000043615,Unconstrained
0.1029000000016822,Unconstrained
0.09890000001178123,Unconstrained
0.12689999994108803,Unconstrained
0.09860000000116997,Unconstrained
0.09799999997994746,Unconstrained
0.10459999975864775,Unconstrained
0.1494999996793922,Unconstrained
0.10939999992842786,Unconstrained
0.09899999986373587,Unconstrained
0.09950000003300374,Unconstrained
0.09900000031848322,Unconstrained
0.14529999998558196,Unconstrained
0.10089999977935804,Unconstrained
0.10519999977987027,Unconstrained
0.09850000014921534,Unconstrained
0.11230000018258579,Unconstrained
0.10479999991730438,Unconstrained
0.13140000010025688,Unconstrained
0.12079999987690826,Unconstrained
0.11409999979150598,Unconstrained
0.10359999987485935,Unconstrained
0.10819999988598283,Unconstrained
0.1299000000472006,Unconstrained
0.09799999997994746,Unconstrained
0.1260000003640016,Unconstrained
0.10089999977935804,Unconstrained
0.11240000003454043,Unconstrained
0.10220000012850505,Unconstrained
0.10100000008606003,Unconstrained
0.10930000007647322,Unconstrained
0.09849999969446799,Unconstrained
0.10000000020227162,Unconstrained
0.09780000027603819,Unconstrained
0.10299999985363684,Unconstrained
0.09819999968385673,Unconstrained
0.10640000027706265,Unconstrained
0.09829999999055872,Unconstrained
0.09919999956764514,Unconstrained
0.09970000019166037,Unconstrained
0.09790000012799283,Unconstrained
0.09930000032909447,Unconstrained
0.09820000013860408,Unconstrained
0.11659999972835067,Unconstrained
0.09790000012799283,Unconstrained
0.09790000012799283,Unconstrained
0.10359999987485935,Unconstrained
0.13049999961367575,Unconstrained
0.13629999966724426,Unconstrained
0.11199999971722718,Unconstrained
0.10049999991679215,Unconstrained
0.09829999999055872,Unconstrained
0.10049999991679215,Unconstrained
0.0984000002972607,Unconstrained
0.09819999968385673,Unconstrained
0.23389999978462583,Unconstrained
0.26889999980994617,Unconstrained
0.20940000013069948,Unconstrained
0.15910000001895241,Unconstrained
0.10040000006483751,Unconstrained
0.11409999979150598,Unconstrained
0.10059999976874678,Unconstrained
0.1305000000684231,Unconstrained
0.1384000001962704,Unconstrained
0.13219999982538866,Unconstrained
0.11079999967478216,Unconstrained
0.15470000016648555,Unconstrained
0.13080000007903436,Unconstrained
0.31439999975191313,Unconstrained
0.12299999980314169,Unconstrained
0.10259999999107094,Unconstrained
0.24179999991247314,Unconstrained
0.11050000011891825,Unconstrained
0.09829999999055872,Unconstrained
0.10520000023461762,Unconstrained
0.09850000014921534,Unconstrained
0.10339999971620273,Unconstrained
0.09790000012799283,Unconstrained
0.10370000018156134,Unconstrained
0.0988000001598266,Unconstrained
0.09829999999055872,Unconstrained
0.09850000014921534,Unconstrained
0.1000999995994789,Unconstrained
0.09890000001178123,Unconstrained
0.10370000018156134,Unconstrained
0.0990999997156905,Unconstrained
0.09970000019166037,Unconstrained
0.09899999986373587,Unconstrained
0.0988000001598266,Unconstrained
0.09810000028664945,Unconstrained
0.09860000000116997,Unconstrained
0.10010000005422626,Unconstrained
0.10520000023461762,Unconstrained
0.10339999971620273,Unconstrained
0.10210000027655042,Unconstrained
0.09799999997994746,Unconstrained
0.23090000013326062,Unconstrained
0.23900000041976455,Unconstrained
0.09749999981067958,Unconstrained
0.09860000000116997,Unconstrained
0.15009999970061472,Unconstrained
0.09779999982129084,Unconstrained
0.1166999995803053,Unconstrained
0.09790000012799283,Unconstrained
0.110200000108307,Unconstrained
0.1019000001178938,Unconstrained
0.09860000000116997,Unconstrained
0.09940000018104911,Unconstrained
0.10259999999107094,Unconstrained
0.09860000000116997,Unconstrained
0.09799999997994746,Unconstrained
0.09959999988495838,Unconstrained
0.10890000021390733,Unconstrained
0.1150000002780871,Unconstrained
0.11320000021441956,Unconstrained
0.09939999972630176,Unconstrained
0.23039999996399274,Unconstrained
0.10099999963131268,Unconstrained
0.10549999979048152,Unconstrained
0.2598000000944012,Unconstrained
0.10330000031899544,Unconstrained
0.15459999985978357,Unconstrained
0.10380000003351597,Unconstrained
0.1291000003220688,Unconstrained
0.10669999983292655,Unconstrained
0.15149999990171636,Unconstrained
0.12250000008862116,Unconstrained
0.194400000054884,Unconstrained
0.09790000012799283,Unconstrained
0.1081000000340282,Unconstrained
0.0984000002972607,Unconstrained
0.1011999997899693,Unconstrained
0.09780000027603819,Unconstrained
0.1094999997803825,Unconstrained
0.10730000030889641,Unconstrained
0.10139999994862592,Unconstrained
0.09899999986373587,Unconstrained
0.09869999985312461,Unconstrained
0.10250000013911631,Unconstrained
0.09779999982129084,Unconstrained
0.09829999999055872,Unconstrained
0.10530000008657225,Unconstrained
0.09790000012799283,Unconstrained
0.09860000000116997,Unconstrained
0.09940000018104911,Unconstrained
0.10169999995923718,Unconstrained
0.0988000001598266,Unconstrained
0.09999999974752427,Unconstrained
0.14960000044084154,Unconstrained
0.10320000001229346,Unconstrained
0.09939999972630176,Unconstrained
0.09890000001178123,Unconstrained
0.0984000002972607,Unconstrained
0.1578999999765074,Unconstrained
0.09810000028664945,Unconstrained
0.09950000003300374,Unconstrained
0.10320000001229346,Unconstrained
0.10010000005422626,Unconstrained
0.09900000031848322,Unconstrained
0.09879999970507924,Unconstrained
0.09799999997994746,Unconstrained
0.09810000028664945,Unconstrained
0.09940000018104911,Unconstrained
0.09889999955703388,Unconstrained
0.10010000005422626,Unconstrained
0.10229999998045969,Unconstrained
0.09900000031848322,Unconstrained
0.13290000015331316,Unconstrained
0.12199999991935329,Unconstrained
0.10410000004412723,Unconstrained
0.09799999997994746,Unconstrained
0.10489999976925901,Unconstrained
0.10350000002290471,Unconstrained
0.14680000003863825,Unconstrained
0.11419999964346061,Unconstrained
0.11140000015075202,Unconstrained
0.10419999989608186,Unconstrained
0.10320000001229346,Unconstrained
0.12480000032155658,Unconstrained
0.09899999986373587,Unconstrained
0.10509999992791563,Unconstrained
0.0988000001598266,Unconstrained
0.09940000018104911,Unconstrained
0.09920000002239249,Unconstrained
0.11210000002392917,Unconstrained
0.09860000000116997,Unconstrained
0.14819999978499254,Unconstrained
0.10689999999158317,Unconstrained
0.10229999998045969,Unconstrained
0.10310000016033882,Unconstrained
0.10240000028716167,Unconstrained
0.10469999961060239,Unconstrained
0.09799999997994746,Unconstrained
0.09789999967324547,Unconstrained
0.11009999980160501,Unconstrained
0.09760000011738157,Unconstrained
0.12050000032104435,Unconstrained
0.12659999993047677,Unconstrained
0.1316000002589135,Unconstrained
0.12620000006791088,Unconstrained
0.12960000003658934,Unconstrained
0.09929999987434712,Unconstrained
0.10400000019217259,Unconstrained
0.10569999994913815,Unconstrained
0.10240000028716167,Unconstrained
0.11229999972783844,Unconstrained
0.1395999997839681,Unconstrained
0.22829999988971394,Unconstrained
0.1505999998698826,Unconstrained
0.1368000002912595,Unconstrained
0.09850000014921534,Unconstrained
0.09790000012799283,Unconstrained
0.09939999972630176,Unconstrained
0.17960000013772515,Unconstrained
0.09829999999055872,Unconstrained
0.0990999997156905,Unconstrained
0.2970999998979096,Unconstrained
0.16210000012506498,Unconstrained
0.09869999985312461,Unconstrained
0.10239999983241432,Unconstrained
0.31940000008034986,Unconstrained
0.09940000018104911,Unconstrained
0.09890000001178123,Unconstrained
0.10010000005422626,Unconstrained
0.09939999972630176,Unconstrained
0.13119999994160025,Unconstrained
0.10200000042459578,Unconstrained
0.10410000004412723,Unconstrained
0.10829999973793747,Unconstrained
0.1225999999405758,Unconstrained
0.10359999987485935,Unconstrained
0.09749999981067958,Unconstrained
0.120499999866297,Unconstrained
0.12550000019473373,Unconstrained
0.1436999996258237,Unconstrained
0.11750000021493179,Unconstrained
0.1036000003296067,Unconstrained
0.09869999985312461,Unconstrained
0.10070000007544877,Unconstrained
0.10890000021390733,Unconstrained
0.15660000008210773,Unconstrained
0.09970000019166037,Unconstrained
0.1052999996318249,Unconstrained
0.10149999980058055,Unconstrained
0.09820000013860408,Unconstrained
0.11309999990771757,Unconstrained
0.09819999968385673,Unconstrained
0.15910000001895241,Unconstrained
0.09819999968385673,Unconstrained
0.09799999997994746,Unconstrained
0.10419999989608186,Unconstrained
0.10840000004463946,Unconstrained
0.09920000002239249,Unconstrained
0.09790000012799283,Unconstrained
0.1223000003847119,Unconstrained
0.11180000001331791,Unconstrained
0.1063999998223153,Unconstrained
0.09799999997994746,Unconstrained
0.09779999982129084,Unconstrained
0.10180000026593916,Unconstrained
0.1007999999274034,Unconstrained
0.0980999998319021,Unconstrained
0.09820000013860408,Unconstrained
0.1557999999022286,Unconstrained
0.15529999973296071,Unconstrained
0.10550000024522888,Unconstrained
0.09990000035031699,Unconstrained
0.0976999999693362,Unconstrained
0.10270000029777293,Unconstrained
0.09820000013860408,Unconstrained
0.09870000030787196,Unconstrained
0.09820000013860408,Unconstrained
0.10089999977935804,Unconstrained
0.10229999998045969,Unconstrained
0.10090000023410539,Unconstrained
0.1297999997404986,Unconstrained
0.1029000000016822,Unconstrained
0.10479999991730438,Unconstrained
0.10210000027655042,Unconstrained
0.1019000001178938,Unconstrained
0.10189999966314645,Unconstrained
0.10199999996984843,Unconstrained
0.09810000028664945,Unconstrained
0.09779999982129084,Unconstrained
0.10729999985414906,Unconstrained
0.09810000028664945,Unconstrained
0.10069999962070142,Unconstrained
0.10720000000219443,Unconstrained
0.09850000014921534,Unconstrained
0.09749999981067958,Unconstrained
0.0988000001598266,Unconstrained
0.10129999964192393,Unconstrained
0.1262999999198655,Unconstrained
0.13730000000578002,Unconstrained
0.11339999991832883,Unconstrained
0.09829999999055872,Unconstrained
0.09819999968385673,Unconstrained
0.10359999987485935,Unconstrained
0.09829999999055872,Unconstrained
0.11940000013055396,Unconstrained
0.09849999969446799,Unconstrained
0.09780000027603819,Unconstrained
0.09890000001178123,Unconstrained
0.11260000019319705,Unconstrained
0.09930000032909447,Unconstrained
0.09860000000116997,Unconstrained
0.09839999984251335,Unconstrained
0.10109999993801466,Unconstrained
0.0984000002972607,Unconstrained
0.10459999975864775,Unconstrained
0.09920000002239249,Unconstrained
0.17610000031709205,Unconstrained
0.09820000013860408,Unconstrained
0.09849999969446799,Unconstrained
0.0990999997156905,Unconstrained
0.09869999985312461,Unconstrained
0.10490000022400636,Unconstrained
0.10040000006483751,Unconstrained
0.10010000005422626,Unconstrained
0.19280000014987309,Unconstrained
0.12480000032155658,Unconstrained
0.42329999996582046,Unconstrained
0.21120000019436702,Unconstrained
0.10820000034073018,Unconstrained
0.10299999985363684,Unconstrained
0.10759999986476032,Unconstrained
0.22769999986849143,Unconstrained
0.31289999969885685,Unconstrained
0.11709999989761855,Unconstrained
0.09839999984251335,Unconstrained
0.09839999984251335,Unconstrained
0.09929999987434712,Unconstrained
0.09940000018104911,Unconstrained
0.1741000000947679,Unconstrained
0.1861000000644708,Unconstrained
0.09960000033970573,Unconstrained
0.1550999995743041,Unconstrained
0.099800000043615,Unconstrained
0.10030000021288288,Unconstrained
0.10419999989608186,Unconstrained
0.09950000003300374,Unconstrained
0.099800000043615,Unconstrained
0.10210000027655042,Unconstrained
0.16210000012506498,Unconstrained
0.10870000005525071,Unconstrained
0.10419999989608186,Unconstrained
0.2687000001060369,Unconstrained
0.10950000023512985,Unconstrained
0.11760000006688642,Unconstrained
0.17010000010486692,Unconstrained
0.10239999983241432,Unconstrained
0.3040999999939231,Unconstrained
0.1015000002553279,Unconstrained
0.09899999986373587,Unconstrained
0.09790000012799283,Unconstrained
0.09829999999055872,Unconstrained
0.16260000029433286,Unconstrained
0.09850000014921534,Unconstrained
0.0974000004134723,Unconstrained
0.09910000017043785,Unconstrained
0.09959999988495838,Unconstrained
0.16450000020995503,Unconstrained
0.099800000043615,Unconstrained
0.2355000001443841,Unconstrained
0.1505999998698826,Unconstrained
0.09780000027603819,Unconstrained
0.15459999985978357,Unconstrained
0.09779999982129084,Unconstrained
0.13760000001639128,Unconstrained
0.0988000001598266,Unconstrained
0.10530000008657225,Unconstrained
0.2345000002605957,Unconstrained
0.11240000003454043,Unconstrained
0.10100000008606003,Unconstrained
0.14060000012250384,Unconstrained
0.09820000013860408,Unconstrained
0.16210000012506498,Unconstrained
0.09700000009615906,Unconstrained
0.13330000001587905,Unconstrained
0.1434000000699598,Unconstrained
0.1434000000699598,Unconstrained
0.13239999998404528,Unconstrained
0.13320000016392441,Unconstrained
0.13140000010025688,Unconstrained
0.13009999975110986,Unconstrained
0.14330000021800515,Unconstrained
0.13719999969907803,Unconstrained
0.1305000000684231,Unconstrained
0.19180000026608468,Unconstrained
0.13699999999516876,Unconstrained
0.13799999987895717,Unconstrained
0.13619999981528963,Unconstrained
0.15129999974305974,Unconstrained
0.13739999985773466,Unconstrained
0.13170000011086813,Unconstrained
0.1374999997096893,Unconstrained
0.24389999998675194,Unconstrained
0.13650000028064824,Unconstrained
0.1397999999426247,Unconstrained
0.1473999996051134,Unconstrained
0.1862000003711728,Unconstrained
0.13259999968795455,Unconstrained
0.13420000004771282,Unconstrained
0.2567999999882886,Unconstrained
0.14069999997445848,Unconstrained
0.13279999984661117,Unconstrained
0.13760000001639128,Unconstrained
0.15289999964807066,Unconstrained
0.1376999998683459,Unconstrained
0.13760000001639128,Unconstrained
0.13719999969907803,Unconstrained
0.11129999984405003,Unconstrained
0.1007999999274034,Unconstrained
0.09829999999055872,Unconstrained
0.09849999969446799,Unconstrained
0.2492999997230072,Unconstrained
0.0988000001598266,Unconstrained
0.09879999970507924,Unconstrained
0.0980999998319021,Unconstrained
0.09789999967324547,Unconstrained
0.10679999968488119,Unconstrained
0.09779999982129084,Unconstrained
0.09779999982129084,Unconstrained
0.10350000002290471,Unconstrained
0.09910000017043785,Unconstrained
0.10229999998045969,Unconstrained
0.09789999967324547,Unconstrained
0.11549999999260763,Unconstrained
0.11650000033114338,Unconstrained
0.11040000026696362,Unconstrained
0.105000000075961,Unconstrained
0.09989999989556964,Unconstrained
0.0976999999693362,Unconstrained
0.11670000003505265,Unconstrained
0.09879999970507924,Unconstrained
0.11979999999311985,Unconstrained
0.1015000002553279,Unconstrained
0.11309999990771757,Unconstrained
0.10400000019217259,Unconstrained
0.10010000005422626,Unconstrained
0.09779999982129084,Unconstrained
0.10209999982180307,Unconstrained
0.09920000002239249,Unconstrained
0.09750000026542693,Unconstrained
0.10619999966365867,Unconstrained
0.10169999995923718,Unconstrained
0.10579999980109278,Unconstrained
0.09869999985312461,Unconstrained
0.11339999991832883,Unconstrained
0.09780000027603819,Unconstrained
0.11210000002392917,Unconstrained
0.1111999999920954,Unconstrained
0.0988000001598266,Unconstrained
0.09869999985312461,Unconstrained
0.11909999966519536,Unconstrained
0.0984000002972607,Unconstrained
0.09900000031848322,Unconstrained
0.09720000025481568,Unconstrained
0.09839999984251335,Unconstrained
0.09780000027603819,Unconstrained
0.31189999981506844,Unconstrained
0.34600000026330235,Unconstrained
0.11320000021441956,Unconstrained
0.2426999999443069,Unconstrained
0.1586000003044319,Unconstrained
0.11469999981272849,Unconstrained
0.12310000010984368,Unconstrained
0.09790000012799283,Unconstrained
0.09749999981067958,Unconstrained
0.09829999999055872,Unconstrained
0.1038999998854706,Unconstrained
0.23170000031313975,Unconstrained
0.09789999967324547,Unconstrained
0.09879999970507924,Unconstrained
0.09779999982129084,Unconstrained
0.1216000000567874,Unconstrained
0.10249999968436896,Unconstrained
0.09850000014921534,Unconstrained
0.10089999977935804,Unconstrained
0.11320000021441956,Unconstrained
0.09950000003300374,Unconstrained
0.09860000000116997,Unconstrained
0.0976999999693362,Unconstrained
0.1164000000244414,Unconstrained
0.10900000006586197,Unconstrained
0.09799999997994746,Unconstrained
0.1011999997899693,Unconstrained
0.10160000010728254,Unconstrained
0.11100000028818613,Unconstrained
0.10279999969498022,Unconstrained
0.1015000002553279,Unconstrained
0.10270000029777293,Unconstrained
0.1038999998854706,Unconstrained
0.10849999989659409,Unconstrained
0.10629999997036066,Unconstrained
0.10350000002290471,Unconstrained
0.0980999998319021,Unconstrained
0.09790000012799283,Unconstrained
0.09929999987434712,Unconstrained
0.0988000001598266,Unconstrained
0.15970000004017493,Unconstrained
0.2061999998659303,Unconstrained
0.15730000041003223,Unconstrained
0.09989999989556964,Unconstrained
0.15180000036707497,Unconstrained
0.09829999999055872,Unconstrained
0.0990999997156905,Unconstrained
0.09849999969446799,Unconstrained
0.09850000014921534,Unconstrained
0.09820000013860408,Unconstrained
0.16310000000885339,Unconstrained
0.09789999967324547,Unconstrained
0.09890000001178123,Unconstrained
0.09749999981067958,Unconstrained
0.09919999956764514,Unconstrained
0.09820000013860408,Unconstrained
0.11320000021441956,Unconstrained
0.09829999999055872,Unconstrained
0.2727999999478925,Unconstrained
0.10459999975864775,Unconstrained
0.09869999985312461,Unconstrained
0.09869999985312461,Unconstrained
0.09899999986373587,Unconstrained
0.09829999999055872,Unconstrained
0.10169999995923718,Unconstrained
0.09789999967324547,Unconstrained
0.09829999999055872,Unconstrained
0.10149999980058055,Unconstrained
0.11439999980211724,Unconstrained
0.09820000013860408,Unconstrained
0.10579999980109278,Unconstrained
0.09970000019166037,Unconstrained
0.09749999981067958,Unconstrained
0.09829999999055872,Unconstrained
0.10090000023410539,Unconstrained
0.10679999968488119,Unconstrained
0.11210000002392917,Unconstrained
0.10509999992791563,Unconstrained
0.10729999985414906,Unconstrained
0.09750000026542693,Unconstrained
0.125699999898643,Unconstrained
0.13739999985773466,Unconstrained
0.1432999997632578,Unconstrained
0.1351000000795466,Unconstrained
0.12800000013157842,Unconstrained
0.10120000024471665,Unconstrained
0.12070000002495362,Unconstrained
0.16279999999824213,Unconstrained
0.09860000000116997,Unconstrained
0.09970000019166037,Unconstrained
0.12570000035339035,Unconstrained
0.14310000005934853,Unconstrained
0.1183999997920182,Unconstrained
0.10490000022400636,Unconstrained
0.14659999987998162,Unconstrained
0.11729999960152782,Unconstrained
0.13219999982538866,Unconstrained
0.1081000000340282,Unconstrained
0.09890000001178123,Unconstrained
0.12409999999363208,Unconstrained
0.09759999966263422,Unconstrained
0.09819999968385673,Unconstrained
0.09720000025481568,Unconstrained
0.10879999990720535,Unconstrained
0.0980999998319021,Unconstrained
0.13710000030187075,Unconstrained
0.1368000002912595,Unconstrained
0.2961000000141212,Unconstrained
0.18529999988459167,Unconstrained
0.6072000001040578,Unconstrained
0.2465999996275059,Unconstrained
0.17770000022210297,Unconstrained
0.09799999997994746,Unconstrained
0.09799999997994746,Unconstrained
0.1164000000244414,Unconstrained
0.1378000001750479,Unconstrained
0.42340000027252245,Unconstrained
0.33750000011423253,Unconstrained
0.09860000000116997,Unconstrained
0.10049999991679215,Unconstrained
0.14940000028218492,Unconstrained
0.10320000001229346,Unconstrained
0.1019000001178938,Unconstrained
0.10520000023461762,Unconstrained
0.24120000034599798,Unconstrained
0.15309999980672728,Unconstrained
0.30609999976149993,Unconstrained
0.4048000000693719,Unconstrained
0.26220000017929124,Unconstrained
0.1451000002816727,Unconstrained
0.09780000027603819,Unconstrained
0.09829999999055872,Unconstrained
0.10099999963131268,Unconstrained
0.09970000019166037,Unconstrained
0.23499999997511622,Unconstrained
0.34490000007281196,Unconstrained
0.23290000035558478,Unconstrained
0.09940000018104911,Unconstrained
0.10449999990669312,Unconstrained
0.1826000002438377,Unconstrained
0.22559999979421264,Unconstrained
0.09810000028664945,Unconstrained
0.11070000027757487,Unconstrained
0.24219999977503903,Unconstrained
0.23009999995338148,Unconstrained
0.22470000021712622,Unconstrained
0.22730000000592554,Unconstrained
0.22730000000592554,Unconstrained
0.22630000012213713,Unconstrained
0.18460000001141452,Unconstrained
0.20489999997153063,Unconstrained
0.09790000012799283,Unconstrained
0.10130000009667128,Unconstrained
0.09890000001178123,Unconstrained
0.09860000000116997,Unconstrained
0.1453999998375366,Unconstrained
0.2326999997421808,Unconstrained
0.09799999997994746,Unconstrained
0.11129999984405003,Unconstrained
0.2546999999140098,Unconstrained
0.13760000001639128,Unconstrained
0.10040000006483751,Unconstrained
0.09700000009615906,Unconstrained
0.10990000009769574,Unconstrained
0.2860999998119951,Unconstrained
0.10399999973742524,Unconstrained
0.3741000000445638,Unconstrained
0.25810000033743563,Unconstrained
0.11410000024625333,Unconstrained
0.10749999955805833,Unconstrained
0.1708999998299987,Unconstrained
0.17119999984060996,Unconstrained
0.09890000001178123,Unconstrained
0.1741000000947679,Unconstrained
0.24369999982809532,Unconstrained
0.1660999996602186,Unconstrained
0.35890000026483904,Unconstrained
0.21249999963401933,Unconstrained
0.4181999997854291,Unconstrained
0.1482000002397399,Unconstrained
0.17529999968246557,Unconstrained
0.10169999995923718,Unconstrained
0.09950000003300374,Unconstrained
0.10709999969549244,Unconstrained
0.24810000013530953,Unconstrained
0.26729999990493525,Unconstrained
0.0976999999693362,Unconstrained
0.2641000000949134,Unconstrained
0.27980000004390604,Unconstrained
0.24529999973310623,Unconstrained
0.09790000012799283,Unconstrained
0.14009999995323597,Unconstrained
0.2480000002833549,Unconstrained
0.10910000037256395,Unconstrained
0.1281999998354877,Unconstrained
0.12719999995169928,Unconstrained
0.13619999981528963,Unconstrained
0.09930000032909447,Unconstrained
0.09790000012799283,Unconstrained
0.0988000001598266,Unconstrained
0.09799999997994746,Unconstrained
0.099800000043615,Unconstrained
0.09860000000116997,Unconstrained
0.09899999986373587,Unconstrained
0.09950000003300374,Unconstrained
0.10479999991730438,Unconstrained
0.10159999965253519,Unconstrained
0.25149999964924064,Unconstrained
0.2899000000979868,Unconstrained
0.13390000003710156,Unconstrained
0.287800000023708,Unconstrained
0.11770000037358841,Unconstrained
0.09860000000116997,Unconstrained
0.1573999998072395,Unconstrained
0.21049999986644252,Unconstrained
0.37190000011833035,Unconstrained
0.09820000013860408,Unconstrained
0.14609999971071375,Unconstrained
0.09869999985312461,Unconstrained
0.09890000001178123,Unconstrained
0.2822999999807507,Unconstrained
0.10629999997036066,Unconstrained
0.09869999985312461,Unconstrained
0.10010000005422626,Unconstrained
0.10080000038215076,Unconstrained
0.09959999988495838,Unconstrained
0.12419999984558672,Unconstrained
0.25009999990288634,Unconstrained
0.2948000001197215,Unconstrained
0.3057999997508887,Unconstrained
0.10060000022349413,Unconstrained
0.10280000014972757,Unconstrained
0.10569999994913815,Unconstrained
0.10220000012850505,Unconstrained
0.24149999990186188,Unconstrained
0.10569999994913815,Unconstrained
0.10130000009667128,Unconstrained
0.17799999977796688,Unconstrained
0.3001999998559768,Unconstrained
0.16249999998763087,Unconstrained
0.18270000009579235,Unconstrained
0.10269999984302558,Unconstrained
0.10160000010728254,Unconstrained
0.22669999998470303,Unconstrained
0.22750000016458216,Unconstrained
0.22699999999531428,Unconstrained
0.23009999995338148,Unconstrained
0.2592999999251333,Unconstrained
0.2834000001712411,Unconstrained
0.09760000011738157,Unconstrained
0.22639999997409177,Unconstrained
0.1419000000169035,Unconstrained
0.25490000007266644,Unconstrained
0.22949999993215897,Unconstrained
0.22710000030201627,Unconstrained
0.26440000010552467,Unconstrained
0.34800000003087916,Unconstrained
0.2092999998239975,Unconstrained
0.09849999969446799,Unconstrained
0.11899999981324072,Unconstrained
0.09790000012799283,Unconstrained
0.3348000000187312,Unconstrained
0.3812999998444866,Unconstrained
0.2608999998301442,Unconstrained
0.1046000002133951,Unconstrained
0.13099999978294363,Unconstrained
0.09799999997994746,Unconstrained
0.10930000007647322,Unconstrained
0.26030000026366906,Unconstrained
0.10059999976874678,Unconstrained
0.294200000098499,Unconstrained
0.35590000015872647,Unconstrained
0.11979999999311985,Unconstrained
0.4996999996365048,Unconstrained
0.15209999992293888,Unconstrained
0.2113999998982763,Unconstrained
0.35339999976713443,Unconstrained
0.0980999998319021,Unconstrained
0.22560000024896,Unconstrained
0.23120000014387188,Unconstrained
0.2324000001863169,Unconstrained
0.09799999997994746,Unconstrained
0.19049999991693767,Unconstrained
0.4121000001759967,Unconstrained
0.32749999991210643,Unconstrained
0.16479999976581894,Unconstrained
0.38109999968582997,Unconstrained
0.10479999991730438,Unconstrained
0.09829999999055872,Unconstrained
0.09860000000116997,Unconstrained
0.09810000028664945,Unconstrained
0.09810000028664945,Unconstrained
0.09759999966263422,Unconstrained
0.09860000000116997,Unconstrained
0.2586999999039108,Unconstrained
0.2283000003444613,Unconstrained
0.226800000291405,Unconstrained
0.2833000003192865,Unconstrained
0.16899999991437653,Unconstrained
0.10220000012850505,Unconstrained
0.14460000011240481,Unconstrained
0.16520000008313218,Unconstrained
0.09879999970507924,Unconstrained
0.0980999998319021,Unconstrained
0.10169999995923718,Unconstrained
0.0990999997156905,Unconstrained
0.10049999991679215,Unconstrained
0.09899999986373587,Unconstrained
0.09890000001178123,Unconstrained
0.2328000000488828,Unconstrained
0.29799999992974335,Unconstrained
0.10300000030838419,Unconstrained
0.2401000001555076,Unconstrained
0.10520000023461762,Unconstrained
0.09900000031848322,Unconstrained
0.09779999982129084,Unconstrained
0.23019999980533612,Unconstrained
0.1015000002553279,Unconstrained
0.09799999997994746,Unconstrained
0.2677999996194558,Unconstrained
0.23160000000643777,Unconstrained
0.1665000004322792,Unconstrained
0.11230000018258579,Unconstrained
0.10819999988598283,Unconstrained
0.105000000075961,Unconstrained
0.13920000037614955,Unconstrained
0.10199999996984843,Unconstrained
0.14169999985824688,Unconstrained
0.16059999961726135,Unconstrained
0.14310000005934853,Unconstrained
0.13159999980416615,Unconstrained
0.21329999981389847,Unconstrained
0.1276999996662198,Unconstrained
0.1554000000396627,Unconstrained
0.1378000001750479,Unconstrained
0.13179999996282277,Unconstrained
0.13099999978294363,Unconstrained
0.1480999999330379,Unconstrained
0.1320000001214794,Unconstrained
0.21319999996194383,Unconstrained
0.13949999993201345,Unconstrained
0.13779999972030055,Unconstrained
0.13110000008964562,Unconstrained
0.13190000026952475,Unconstrained
0.23019999980533612,Unconstrained
0.26559999969322234,Unconstrained
0.3052000001844135,Unconstrained
0.41999999984909664,Unconstrained
0.23299999975279206,Unconstrained
0.3318999997645733,Unconstrained
0.23220000002766028,Unconstrained
0.22519999993164674,Unconstrained
0.2279999998791027,Unconstrained
0.23020000026008347,Unconstrained
0.24810000013530953,Unconstrained
0.22369999987859046,Unconstrained
0.22570000010091462,Unconstrained
0.2959000003102119,Unconstrained
0.2958000000035099,Unconstrained
0.34069999992425437,Unconstrained
0.31189999981506844,Unconstrained
0.2355000001443841,Unconstrained
0.27480000017021666,Unconstrained
0.18420000014884863,Unconstrained
0.1658000001043547,Unconstrained
0.2650999999787018,Unconstrained
0.09829999999055872,Unconstrained
0.0980999998319021,Unconstrained
0.17979999984163442,Unconstrained
0.0976999999693362,Unconstrained
0.14389999978448031,Unconstrained
0.2658999997038336,Unconstrained
0.0990999997156905,Unconstrained
0.10130000009667128,Unconstrained
0.13219999982538866,Unconstrained
0.09860000000116997,Unconstrained
0.2714000002015382,Unconstrained
0.10259999999107094,Unconstrained
0.257799999872077,Unconstrained
0.17400000024281326,Unconstrained
0.3682999999909953,Unconstrained
0.3031000001101347,Unconstrained
0.2102999997077859,Unconstrained
0.2154999997401319,Unconstrained
0.16400000004068715,Unconstrained
0.22919999992154771,Unconstrained
0.20279999989725184,Unconstrained
0.10780000002341694,Unconstrained
0.09750000026542693,Unconstrained
0.14160000000629225,Unconstrained
0.19509999992806115,Unconstrained
0.2779999999802385,Unconstrained
0.22739999985788018,Unconstrained
0.2455999997437175,Unconstrained
0.09890000001178123,Unconstrained
0.2303000001120381,Unconstrained
0.161999999818363,Unconstrained
0.10070000007544877,Unconstrained
0.20140000015089754,Unconstrained
0.16039999991335208,Unconstrained
0.14550000014423858,Unconstrained
0.1511999998911051,Unconstrained
0.14149999969959026,Unconstrained
0.12800000013157842,Unconstrained
0.15310000026147463,Unconstrained
0.14270000019678264,Unconstrained
0.13420000004771282,Unconstrained
0.12250000008862116,Unconstrained
0.12960000003658934,Unconstrained
0.12659999993047677,Unconstrained
0.14790000022912864,Unconstrained
0.13259999968795455,Unconstrained
0.13119999994160025,Unconstrained
0.13119999994160025,Unconstrained
0.23090000013326062,Unconstrained
0.13810000018565916,Unconstrained
0.13140000010025688,Unconstrained
0.2055000004475005,Unconstrained
0.13330000001587905,Unconstrained
0.14370000008057104,Unconstrained
0.15320000011342927,Unconstrained
0.12560000004668836,Unconstrained
0.12659999993047677,Unconstrained
0.14840000039839651,Unconstrained
0.16970000024230103,Unconstrained
0.14480000027106144,Unconstrained
0.13190000026952475,Unconstrained
0.21440000000438886,Unconstrained
0.13750000016443664,Unconstrained
0.13239999998404528,Unconstrained
0.13939999962531147,Unconstrained
0.13839999974152306,Unconstrained
0.13779999972030055,Unconstrained
0.13080000007903436,Unconstrained
0.13130000024830224,Unconstrained
0.13859999990017968,Unconstrained
0.1320000001214794,Unconstrained
0.1695000000836444,Unconstrained
0.13900000021749293,Unconstrained
0.142600000344828,Unconstrained
0.12239999978191918,Unconstrained
0.141299999995681,Unconstrained
0.13600000011138036,Unconstrained
0.23260000034497352,Unconstrained
0.13069999977233238,Unconstrained
0.13029999990976648,Unconstrained
0.13339999986783369,Unconstrained
0.22290000015345868,Unconstrained
0.1326000001427019,Unconstrained
0.20290000020395382,Unconstrained
0.13829999988956843,Unconstrained
0.13799999987895717,Unconstrained
0.3264000001763634,Unconstrained
0.20009999980175053,Unconstrained
0.12719999995169928,Unconstrained
0.13199999966673204,Unconstrained
0.2127000002474233,Unconstrained
0.13619999981528963,Unconstrained
0.13600000011138036,Unconstrained
0.1343999997516221,Unconstrained
0.14559999999619322,Unconstrained
0.13320000016392441,Unconstrained
0.1623000002837216,Unconstrained
0.161999999818363,Unconstrained
0.142600000344828,Unconstrained
0.13689999968846678,Unconstrained
0.15089999988049385,Unconstrained
0.21030000016253325,Unconstrained
0.14330000021800515,Unconstrained
0.27890000001207227,Unconstrained
0.38429999995059916,Unconstrained
0.20979999999326537,Unconstrained
0.17010000010486692,Unconstrained
0.09820000013860408,Unconstrained
0.14770000007047202,Unconstrained
0.2971999997498642,Unconstrained
0.09900000031848322,Unconstrained
0.09750000026542693,Unconstrained
0.28909999991810764,Unconstrained
0.35939999997935956,Unconstrained
0.13310000031196978,Unconstrained
0.1181000002361543,Unconstrained
0.10160000010728254,Unconstrained
0.1262999999198655,Unconstrained
0.34159999995608814,Unconstrained
0.1032999998642481,Unconstrained
0.1443999999537482,Unconstrained
0.09850000014921534,Unconstrained
0.14379999993252568,Unconstrained
0.15740000026198686,Unconstrained
0.158100000135164,Unconstrained
0.1573999998072395,Unconstrained
0.1495999999860942,Unconstrained
0.14349999992191442,Unconstrained
0.2448000000185857,Unconstrained
0.13799999987895717,Unconstrained
0.1384000001962704,Unconstrained
0.13699999999516876,Unconstrained
0.11639999956969405,Unconstrained
0.266999999894324,Unconstrained
0.1861000000644708,Unconstrained
0.22879999960423447,Unconstrained
0.18360000012762612,Unconstrained
0.11040000026696362,Unconstrained
0.22949999993215897,Unconstrained
0.39100000003600144,Unconstrained
0.3889999998136773,Unconstrained
0.17900000011650263,Unconstrained
0.09860000000116997,Unconstrained
0.09760000011738157,Unconstrained
0.11870000025737681,Unconstrained
0.22420000004785834,Unconstrained
0.1415000001543376,Unconstrained
0.14479999981631408,Unconstrained
0.1415000001543376,Unconstrained
0.1364999998259009,Unconstrained
0.24080000002868474,Unconstrained
0.1451000002816727,Unconstrained
0.3614000002016837,Unconstrained
0.13569999964602175,Unconstrained
0.15630000007149647,Unconstrained
0.13799999987895717,Unconstrained
0.13799999987895717,Unconstrained
0.13900000021749293,Unconstrained
0.13869999975213432,Unconstrained
0.14469999996435945,Unconstrained
0.13689999968846678,Unconstrained
0.13969999963592272,Unconstrained
0.1420000003236055,Unconstrained
0.1403000001118926,Unconstrained
0.13710000030187075,Unconstrained
0.13589999980467837,Unconstrained
0.14840000039839651,Unconstrained
0.14469999996435945,Unconstrained
0.13619999981528963,Unconstrained
0.15370000028269715,Unconstrained
0.16090000008261995,Unconstrained
0.16529999993508682,Unconstrained
0.23599999985890463,Unconstrained
0.14389999978448031,Unconstrained
0.12599999990925426,Unconstrained
0.21720000040659215,Unconstrained
0.15140000004976173,Unconstrained
0.34199999981865403,Unconstrained
0.33600000006117625,Unconstrained
0.16760000016802223,Unconstrained
0.09920000002239249,Unconstrained
0.09860000000116997,Unconstrained
0.14420000024983892,Unconstrained
0.15840000014577527,Unconstrained
0.158100000135164,Unconstrained
0.15819999998711864,Unconstrained
0.15140000004976173,Unconstrained
0.14409999994313694,Unconstrained
0.14370000008057104,Unconstrained
0.1938000000336615,Unconstrained
0.14319999991130317,Unconstrained
0.1422999998794694,Unconstrained
0.14310000005934853,Unconstrained
0.14290000035543926,Unconstrained
0.13799999987895717,Unconstrained
0.21180000021558953,Unconstrained
0.1521999997748935,Unconstrained
0.1407999998264131,Unconstrained
0.13720000015382539,Unconstrained
0.13750000016443664,Unconstrained
0.13110000008964562,Unconstrained
0.1312999997935549,Unconstrained
0.13159999980416615,Unconstrained
0.13630000012199162,Unconstrained
0.1364999998259009,Unconstrained
0.1357000001007691,Unconstrained
0.1320000001214794,Unconstrained
0.1301000002058572,Unconstrained
0.1247000000148546,Unconstrained
0.1380999997309118,Unconstrained
0.14270000019678264,Unconstrained
0.13660000013260287,Unconstrained
0.13730000000578002,Unconstrained
0.13069999977233238,Unconstrained
0.1370999998471234,Unconstrained
0.13989999979457934,Unconstrained
0.14069999997445848,Unconstrained
0.14460000011240481,Unconstrained
0.14519999967887998,Unconstrained
0.14460000011240481,Unconstrained
0.13549999994211248,Unconstrained
0.13119999994160025,Unconstrained
0.10120000024471665,Unconstrained
0.10320000001229346,Unconstrained
0.10099999963131268,Unconstrained
0.10180000026593916,Unconstrained
0.10269999984302558,Unconstrained
0.09879999970507924,Unconstrained
0.09829999999055872,Unconstrained
0.13889999991079094,Unconstrained
0.0976999999693362,Unconstrained
0.15699999994467362,Unconstrained
0.10059999976874678,Unconstrained
0.10040000006483751,Unconstrained
0.10220000012850505,Unconstrained
0.1052999996318249,Unconstrained
0.10380000003351597,Unconstrained
0.10509999992791563,Unconstrained
0.09820000013860408,Unconstrained
0.0976999999693362,Unconstrained
0.10750000001280569,Unconstrained
0.09899999986373587,Unconstrained
0.18779999982143636,Unconstrained
0.1038999998854706,Unconstrained
0.09910000017043785,Unconstrained
0.11409999979150598,Unconstrained
0.09949999957825639,Unconstrained
0.15589999975418323,Unconstrained
0.09860000000116997,Unconstrained
0.09819999968385673,Unconstrained
0.09799999997994746,Unconstrained
0.10629999997036066,Unconstrained
0.12139999989813077,Unconstrained
0.09829999999055872,Unconstrained
0.16030000006139744,Unconstrained
0.09799999997994746,Unconstrained
0.09849999969446799,Unconstrained
0.09860000000116997,Unconstrained
0.09799999997994746,Unconstrained
0.10100000008606003,Unconstrained
0.09890000001178123,Unconstrained
0.0976999999693362,Unconstrained
0.09799999997994746,Unconstrained
0.09790000012799283,Unconstrained
0.10020000036092824,Unconstrained
0.09739999995872495,Unconstrained
0.09850000014921534,Unconstrained
0.1046000002133951,Unconstrained
0.09739999995872495,Unconstrained
0.11489999997138511,Unconstrained
0.10370000018156134,Unconstrained
0.0969999996414117,Unconstrained
0.10759999986476032,Unconstrained
0.09890000001178123,Unconstrained
0.09939999972630176,Unconstrained
0.17369999977745465,Unconstrained
0.10759999986476032,Unconstrained
0.09810000028664945,Unconstrained
0.10490000022400636,Unconstrained
0.09969999973691301,Unconstrained
0.09839999984251335,Unconstrained
0.09829999999055872,Unconstrained
0.14240000018617138,Unconstrained
0.09810000028664945,Unconstrained
0.1011999997899693,Unconstrained
0.12419999984558672,Unconstrained
0.1046000002133951,Unconstrained
0.11150000000270666,Unconstrained
0.09929999987434712,Unconstrained
0.09860000000116997,Unconstrained
0.09910000017043785,Unconstrained
0.09860000000116997,Unconstrained
0.0984000002972607,Unconstrained
0.10160000010728254,Unconstrained
0.11189999986527255,Unconstrained
0.09770000042408356,Unconstrained
0.1708999998299987,Unconstrained
0.1042999997480365,Unconstrained
0.09940000018104911,Unconstrained
0.09959999988495838,Unconstrained
0.09929999987434712,Unconstrained
0.3417999996599974,Unconstrained
0.0988000001598266,Unconstrained
0.146500000028027,Unconstrained
0.09850000014921534,Unconstrained
0.09910000017043785,Unconstrained
0.10000000020227162,Unconstrained
0.10730000030889641,Unconstrained
0.10100000008606003,Unconstrained
0.0988000001598266,Unconstrained
0.09920000002239249,Unconstrained
0.4631000001609209,Unconstrained
0.15249999978550477,Unconstrained
0.10849999989659409,Unconstrained
0.18079999972542282,Unconstrained
0.09879999970507924,Unconstrained
0.09929999987434712,Unconstrained
0.09900000031848322,Unconstrained
0.09910000017043785,Unconstrained
0.10369999972681399,Unconstrained
0.09860000000116997,Unconstrained
0.16400000004068715,Unconstrained
0.0984000002972607,Unconstrained
0.09959999988495838,Unconstrained
0.09970000019166037,Unconstrained
0.09850000014921534,Unconstrained
0.1661999999669206,Unconstrained
0.0988000001598266,Unconstrained
0.15730000041003223,Unconstrained
0.09960000033970573,Unconstrained
0.09930000032909447,Unconstrained
0.09799999997994746,Unconstrained
0.09890000001178123,Unconstrained
0.11070000027757487,Unconstrained
0.09920000002239249,Unconstrained
0.09829999999055872,Unconstrained
0.09920000002239249,Unconstrained
0.0980999998319021,Unconstrained
0.09829999999055872,Unconstrained
0.10410000004412723,Unconstrained
0.1540000002933084,Unconstrained
0.09829999999055872,Unconstrained
0.09959999988495838,Unconstrained
0.09969999973691301,Unconstrained
0.09999999974752427,Unconstrained
0.09839999984251335,Unconstrained
0.0988000001598266,Unconstrained
0.18159999990530196,Unconstrained
0.22910000006959308,Unconstrained
0.09870000030787196,Unconstrained
0.1851000001806824,Unconstrained
0.09999999974752427,Unconstrained
0.09939999972630176,Unconstrained
0.09870000030787196,Unconstrained
0.09849999969446799,Unconstrained
0.10280000014972757,Unconstrained
0.09869999985312461,Unconstrained
0.0980999998319021,Unconstrained
0.10080000038215076,Unconstrained
0.09759999966263422,Unconstrained
0.22579999995286926,Unconstrained
0.3897000001416018,Unconstrained
0.18739999995887047,Unconstrained
0.09879999970507924,Unconstrained
0.09869999985312461,Unconstrained
0.09849999969446799,Unconstrained
0.0980999998319021,Unconstrained
0.105000000075961,Unconstrained
0.10269999984302558,Unconstrained
0.10229999998045969,Unconstrained
0.09939999972630176,Unconstrained
0.09850000014921534,Unconstrained
0.10029999975813553,Unconstrained
0.09920000002239249,Unconstrained
0.16300000015689875,Unconstrained
0.10479999991730438,Unconstrained
0.10060000022349413,Unconstrained
0.10010000005422626,Unconstrained
0.1019000001178938,Unconstrained
0.11969999968641787,Unconstrained
0.099800000043615,Unconstrained
0.0980999998319021,Unconstrained
0.0980999998319021,Unconstrained
0.09900000031848322,Unconstrained
0.09920000002239249,Unconstrained
0.1021999996737577,Unconstrained
0.0976999999693362,Unconstrained
0.09890000001178123,Unconstrained
0.09799999997994746,Unconstrained
0.0988000001598266,Unconstrained
0.09940000018104911,Unconstrained
0.10650000012901728,Unconstrained
0.10010000005422626,Unconstrained
0.15870000015638652,Unconstrained
0.10410000004412723,Unconstrained
0.09920000002239249,Unconstrained
0.09829999999055872,Unconstrained
0.0990999997156905,Unconstrained
0.09829999999055872,Unconstrained
0.09850000014921534,Unconstrained
0.0988000001598266,Unconstrained
0.09910000017043785,Unconstrained
0.09910000017043785,Unconstrained
0.09860000000116997,Unconstrained
0.09860000000116997,Unconstrained
0.18840000029740622,Unconstrained
0.09890000001178123,Unconstrained
0.09790000012799283,Unconstrained
0.09869999985312461,Unconstrained
0.09790000012799283,Unconstrained
0.099800000043615,Unconstrained
0.09900000031848322,Unconstrained
0.10040000006483751,Unconstrained
0.10530000008657225,Unconstrained
0.10250000013911631,Unconstrained
0.09850000014921534,Unconstrained
0.10430000020278385,Unconstrained
0.1312999997935549,Unconstrained
0.09920000002239249,Unconstrained
0.0984000002972607,Unconstrained
0.23680000003878376,Unconstrained
0.26590000015858095,Unconstrained
0.23480000027120695,Unconstrained
0.1961000002665969,Unconstrained
0.2355000001443841,Unconstrained
0.23380000038741855,Unconstrained
0.11399999993955134,Unconstrained
0.0988000001598266,Unconstrained
0.1330000000052678,Unconstrained
0.09890000001178123,Unconstrained
0.1822999997784791,Unconstrained
0.10410000004412723,Unconstrained
0.16200000027311035,Unconstrained
0.15120000034585246,Unconstrained
0.2334000000701053,Unconstrained
0.3397999998924206,Unconstrained
0.13839999974152306,Unconstrained
0.10100000008606003,Unconstrained
0.10590000010779477,Unconstrained
0.22979999994277023,Unconstrained
0.24359999997614068,Unconstrained
0.44370000023263856,Unconstrained
0.2380000000812288,Unconstrained
0.13450000005832408,Unconstrained
0.10330000031899544,Unconstrained
0.10549999979048152,Unconstrained
0.23370000008071656,Unconstrained
0.09960000033970573,Unconstrained
0.099800000043615,Unconstrained
0.09900000031848322,Unconstrained
0.120499999866297,Unconstrained
0.10100000008606003,Unconstrained
0.10400000019217259,Unconstrained
0.105000000075961,Unconstrained
0.10530000008657225,Unconstrained
0.10509999992791563,Unconstrained
0.10459999975864775,Unconstrained
0.10530000008657225,Unconstrained
0.12350000042715692,Unconstrained
0.1526999999441614,Unconstrained
0.1067000002876739,Unconstrained
0.11889999996128608,Unconstrained
0.11229999972783844,Unconstrained
0.10680000013962854,Unconstrained
0.10490000022400636,Unconstrained
0.1046000002133951,Unconstrained
0.10489999976925901,Unconstrained
0.10189999966314645,Unconstrained
0.09890000001178123,Unconstrained
0.22779999972044607,Unconstrained
0.09869999985312461,Unconstrained
0.11470000026747584,Unconstrained
0.23509999982707086,Unconstrained
0.15260000009220676,Unconstrained
0.10780000002341694,Unconstrained
0.1052999996318249,Unconstrained
0.10149999980058055,Unconstrained
0.10109999993801466,Unconstrained
0.30220000007830095,Unconstrained
0.10440000005473848,Unconstrained
0.09839999984251335,Unconstrained
0.09719999980006833,Unconstrained
0.09760000011738157,Unconstrained
0.10029999975813553,Unconstrained
0.11369999992894009,Unconstrained
0.09750000026542693,Unconstrained
0.09779999982129084,Unconstrained
0.21190000006754417,Unconstrained
0.09869999985312461,Unconstrained
0.09719999980006833,Unconstrained
0.09850000014921534,Unconstrained
0.09920000002239249,Unconstrained
0.09929999987434712,Unconstrained
0.2627999997457664,Unconstrained
0.22960000023886096,Unconstrained
0.1133000000663742,Unconstrained
0.24870000015653204,Unconstrained
0.10400000019217259,Unconstrained
0.3048000003218476,Unconstrained
0.09970000019166037,Unconstrained
0.2312999999958265,Unconstrained
0.09820000013860408,Unconstrained
0.12219999962326256,Unconstrained
0.1067000002876739,Unconstrained
0.11100000028818613,Unconstrained
0.1098000002457411,Unconstrained
0.10479999991730438,Unconstrained
0.20010000025649788,Unconstrained
0.10550000024522888,Unconstrained
0.1305000000684231,Unconstrained
0.10960000008708448,Unconstrained
0.10840000004463946,Unconstrained
0.10860000020329608,Unconstrained
0.10210000027655042,Unconstrained
0.10120000024471665,Unconstrained
0.10490000022400636,Unconstrained
0.10220000012850505,Unconstrained
0.1019000001178938,Unconstrained
0.10259999999107094,Unconstrained
0.1019000001178938,Unconstrained
0.10220000012850505,Unconstrained
0.10129999964192393,Unconstrained
0.10410000004412723,Unconstrained
0.1063999998223153,Unconstrained
0.1951999997800158,Unconstrained
0.10259999999107094,Unconstrained
0.12700000024779,Unconstrained
0.10320000001229346,Unconstrained
0.15029999985927134,Unconstrained
0.10209999982180307,Unconstrained
0.1011999997899693,Unconstrained
0.10250000013911631,Unconstrained
0.10930000007647322,Unconstrained
0.10149999980058055,Unconstrained
0.14760000021851738,Unconstrained
0.10130000009667128,Unconstrained
0.10299999985363684,Unconstrained
0.10299999985363684,Unconstrained
0.1297999997404986,Unconstrained
0.1067000002876739,Unconstrained
0.10220000012850505,Unconstrained
0.10169999995923718,Unconstrained
0.10780000002341694,Unconstrained
0.10120000024471665,Unconstrained
0.10210000027655042,Unconstrained
0.10109999993801466,Unconstrained
0.12109999988751952,Unconstrained
0.1021999996737577,Unconstrained
0.10380000003351597,Unconstrained
0.11499999982333975,Unconstrained
0.12329999981375295,Unconstrained
0.10720000000219443,Unconstrained
0.10229999998045969,Unconstrained
0.1019000001178938,Unconstrained
0.10199999996984843,Unconstrained
0.10229999998045969,Unconstrained
0.10180000026593916,Unconstrained
0.16150000010384247,Unconstrained
0.10109999993801466,Unconstrained
0.18219999992652447,Unconstrained
0.10199999996984843,Unconstrained
0.16939999977694242,Unconstrained
0.10169999995923718,Unconstrained
0.13839999974152306,Unconstrained
0.10299999985363684,Unconstrained
0.16570000025240006,Unconstrained
0.10250000013911631,Unconstrained
0.19259999999121646,Unconstrained
0.10189999966314645,Unconstrained
0.17279999974562088,Unconstrained
0.10419999989608186,Unconstrained
0.1623000002837216,Unconstrained
0.10280000014972757,Unconstrained
0.1376999998683459,Unconstrained
0.1081000000340282,Unconstrained
0.1042999997480365,Unconstrained
0.10129999964192393,Unconstrained
0.1191000001199427,Unconstrained
0.10239999983241432,Unconstrained
0.1289000001634122,Unconstrained
0.10220000012850505,Unconstrained
0.10179999981119181,Unconstrained
0.1019000001178938,Unconstrained
0.22480000006908085,Unconstrained
0.2403999997113715,Unconstrained
0.21200000037424616,Unconstrained
0.16849999974510865,Unconstrained
0.15880000000834116,Unconstrained
0.0980999998319021,Unconstrained
0.0988000001598266,Unconstrained
0.10730000030889641,Unconstrained
0.23150000015448313,Unconstrained
0.23019999980533612,Unconstrained
0.22009999975125538,Unconstrained
0.11700000004566391,Unconstrained
0.10560000009718351,Unconstrained
0.16770000001997687,Unconstrained
0.10400000019217259,Unconstrained
0.13689999968846678,Unconstrained
0.11079999967478216,Unconstrained
0.11399999993955134,Unconstrained
0.10879999990720535,Unconstrained
0.10819999988598283,Unconstrained
0.10729999985414906,Unconstrained
0.11510000013004174,Unconstrained
0.10590000010779477,Unconstrained
0.10560000009718351,Unconstrained
0.110200000108307,Unconstrained
0.1059999999597494,Unconstrained
0.10499999962121365,Unconstrained
0.10550000024522888,Unconstrained
0.1901999999063264,Unconstrained
0.10519999977987027,Unconstrained
0.12440000000424334,Unconstrained
0.11210000002392917,Unconstrained
0.12570000035339035,Unconstrained
0.10579999980109278,Unconstrained
0.1295000001846347,Unconstrained
0.10579999980109278,Unconstrained
0.10530000008657225,Unconstrained
0.10569999994913815,Unconstrained
0.10890000021390733,Unconstrained
0.1781999999366235,Unconstrained
0.10560000009718351,Unconstrained
0.15840000014577527,Unconstrained
0.11129999984405003,Unconstrained
0.10930000007647322,Unconstrained
0.10620000011840602,Unconstrained
0.34669999968173215,Unconstrained
0.10569999994913815,Unconstrained
0.1059999999597494,Unconstrained
0.12209999977130792,Unconstrained
0.10569999994913815,Unconstrained
0.10579999980109278,Unconstrained
0.10489999976925901,Unconstrained
0.1965000001291628,Unconstrained
0.10560000009718351,Unconstrained
0.1059999999597494,Unconstrained
0.18150000005334732,Unconstrained
0.12149999975008541,Unconstrained
0.10560000009718351,Unconstrained
0.10509999992791563,Unconstrained
0.1059999999597494,Unconstrained
0.2289999997628911,Unconstrained
0.1799000001483364,Unconstrained
0.10109999993801466,Unconstrained
0.10189999966314645,Unconstrained
0.09850000014921534,Unconstrained
0.11080000012952951,Unconstrained
0.10450000036144047,Unconstrained
0.11249999988649506,Unconstrained
0.09839999984251335,Unconstrained
0.09929999987434712,Unconstrained
0.09900000031848322,Unconstrained
0.09899999986373587,Unconstrained
0.10479999991730438,Unconstrained
0.0990999997156905,Unconstrained
0.2362999998695159,Unconstrained
0.21159999960218556,Unconstrained
0.10490000022400636,Unconstrained
0.23039999996399274,Unconstrained
0.6281000000853965,Unconstrained
0.24769999981799629,Unconstrained
0.5098999999972875,Unconstrained
0.46400000019275467,Unconstrained
0.25999999979831045,Unconstrained
0.1598999997440842,Unconstrained
0.158100000135164,Unconstrained
0.10509999992791563,Unconstrained
0.1870999999482592,Unconstrained
0.10969999993903912,Unconstrained
0.09850000014921534,Unconstrained
0.12130000004617614,Unconstrained
0.13839999974152306,Unconstrained
0.13710000030187075,Unconstrained
0.1405999996677565,Unconstrained
0.19179999981133733,Unconstrained
0.12659999993047677,Unconstrained
0.12579999975059764,Unconstrained
0.1326000001427019,Unconstrained
0.2193000000261236,Unconstrained
0.13489999992088997,Unconstrained
0.12659999993047677,Unconstrained
0.1349999997728446,Unconstrained
0.12269999979253043,Unconstrained
0.12639999977182015,Unconstrained
0.13349999971978832,Unconstrained
0.13330000001587905,Unconstrained
0.14380000038727303,Unconstrained
0.1420000003236055,Unconstrained
0.13639999997394625,Unconstrained
0.13209999997343402,Unconstrained
0.14700000019729487,Unconstrained
0.13099999978294363,Unconstrained
0.1314999999522115,Unconstrained
0.13730000000578002,Unconstrained
0.1260999997612089,Unconstrained
0.13179999996282277,Unconstrained
0.13699999999516876,Unconstrained
0.12239999978191918,Unconstrained
0.1262999999198655,Unconstrained
0.12060000017299899,Unconstrained
0.125800000205345,Unconstrained
0.13810000018565916,Unconstrained
0.13679999983651214,Unconstrained
0.1643000000512984,Unconstrained
0.1301000002058572,Unconstrained
0.1389000003655383,Unconstrained
0.1594999998815183,Unconstrained
0.1380999997309118,Unconstrained
0.14559999999619322,Unconstrained
0.13650000028064824,Unconstrained
0.1316000002589135,Unconstrained
0.14480000027106144,Unconstrained
0.13889999991079094,Unconstrained
0.1403000001118926,Unconstrained
0.1332999995611317,Unconstrained
0.13750000016443664,Unconstrained
0.13739999985773466,Unconstrained
0.13619999981528963,Unconstrained
0.1380999997309118,Unconstrained
0.25889999960782006,Unconstrained
0.13059999992037774,Unconstrained
0.130899999930989,Unconstrained
0.13119999994160025,Unconstrained
0.13140000010025688,Unconstrained
0.47480000012001256,Unconstrained
0.13100000023769098,Unconstrained
0.14929999997548293,Unconstrained
0.13739999985773466,Unconstrained
0.13699999999516876,Unconstrained
0.1395999997839681,Unconstrained
0.1370999998471234,Unconstrained
0.1602999996066501,Unconstrained
0.13689999968846678,Unconstrained
0.13099999978294363,Unconstrained
0.14620000001741573,Unconstrained
0.13699999999516876,Unconstrained
0.13859999990017968,Unconstrained
0.2570999999988999,Unconstrained
0.15069999972183723,Unconstrained
0.1380999997309118,Unconstrained
0.13650000028064824,Unconstrained
0.13209999997343402,Unconstrained
0.17250000018975697,Unconstrained
0.1415000001543376,Unconstrained
0.13799999987895717,Unconstrained
0.13699999999516876,Unconstrained
0.1443999999537482,Unconstrained
0.1453999998375366,Unconstrained
0.13309999985722243,Unconstrained
0.15890000031504314,Unconstrained
0.1388000000588363,Unconstrained
0.1287999998567102,Unconstrained
0.13960000023871544,Unconstrained
0.12599999990925426,Unconstrained
0.13140000010025688,Unconstrained
0.13790000002700253,Unconstrained
0.1441000003978843,Unconstrained
0.1397999999426247,Unconstrained
0.13790000002700253,Unconstrained
0.1314999999522115,Unconstrained
0.23259999989022617,Unconstrained
0.13790000002700253,Unconstrained
0.1380999997309118,Unconstrained
0.136099999963335,Unconstrained
0.2984000002470566,Unconstrained
0.3341999999975087,Unconstrained
0.2623999998832005,Unconstrained
0.2082999999402091,Unconstrained
0.1266999997824314,Unconstrained
0.15760000042064348,Unconstrained
0.09829999999055872,Unconstrained
0.13660000013260287,Unconstrained
0.27060000002165907,Unconstrained
0.23480000027120695,Unconstrained
0.10539999993852689,Unconstrained
0.09820000013860408,Unconstrained
0.12040000001434237,Unconstrained
0.1368000002912595,Unconstrained
0.14349999992191442,Unconstrained
0.13760000001639128,Unconstrained
0.136099999963335,Unconstrained
0.1382000000376138,Unconstrained
0.1428999999006919,Unconstrained
0.14349999992191442,Unconstrained
0.1586000003044319,Unconstrained
0.21180000021558953,Unconstrained
0.13779999972030055,Unconstrained
0.14039999996384722,Unconstrained
0.137400000312482,Unconstrained
0.13829999988956843,Unconstrained
0.13949999993201345,Unconstrained
0.12659999993047677,Unconstrained
0.1312999997935549,Unconstrained
0.23890000011306256,Unconstrained
0.14700000019729487,Unconstrained
0.13020000005781185,Unconstrained
0.13810000018565916,Unconstrained
0.1370999998471234,Unconstrained
0.2523000002838671,Unconstrained
0.13910000006944756,Unconstrained
0.13619999981528963,Unconstrained
0.16000000005078618,Unconstrained
0.13100000023769098,Unconstrained
0.13889999991079094,Unconstrained
0.13119999994160025,Unconstrained
0.137400000312482,Unconstrained
0.1606000000720087,Unconstrained
0.1378000001750479,Unconstrained
0.1403000001118926,Unconstrained
0.1364999998259009,Unconstrained
0.15320000011342927,Unconstrained
0.19990000009784126,Unconstrained
0.3067000002374698,Unconstrained
0.20949999998265412,Unconstrained
0.09940000018104911,Unconstrained
0.1015000002553279,Unconstrained
0.0988000001598266,Unconstrained
0.13179999996282277,Unconstrained
0.14420000024983892,Unconstrained
0.2743999998529034,Unconstrained
0.2546999999140098,Unconstrained
0.13209999997343402,Unconstrained
0.09789999967324547,Unconstrained
0.14509999982692534,Unconstrained
0.14729999975315877,Unconstrained
0.1495999999860942,Unconstrained
0.1436999996258237,Unconstrained
0.1430000002073939,Unconstrained
0.1430000002073939,Unconstrained
0.1374999997096893,Unconstrained
0.14759999976377003,Unconstrained
0.14349999992191442,Unconstrained
0.1432999997632578,Unconstrained
0.23319999991144869,Unconstrained
0.136099999963335,Unconstrained
0.14349999992191442,Unconstrained
0.1374999997096893,Unconstrained
0.14540000029228395,Unconstrained
0.1370999998471234,Unconstrained
0.1378000001750479,Unconstrained
0.13639999997394625,Unconstrained
0.14740000005986076,Unconstrained
0.13759999956164393,Unconstrained
0.135999999656633,Unconstrained
0.1532999999653839,Unconstrained
0.29600000016216654,Unconstrained
0.3649000000223168,Unconstrained
0.19859999974869424,Unconstrained
0.16340000001946464,Unconstrained
0.11870000025737681,Unconstrained
0.16599999980826396,Unconstrained
0.2082999999402091,Unconstrained
0.13080000007903436,Unconstrained
0.09779999982129084,Unconstrained
0.10010000005422626,Unconstrained
0.09849999969446799,Unconstrained
0.23539999983768212,Unconstrained
0.2758999999059597,Unconstrained
0.11610000001383014,Unconstrained
0.1015000002553279,Unconstrained
0.09860000000116997,Unconstrained
0.09890000001178123,Unconstrained
0.2751000001808279,Unconstrained
0.09969999973691301,Unconstrained
0.0988000001598266,Unconstrained
0.10220000012850505,Unconstrained
0.10549999979048152,Unconstrained
0.09959999988495838,Unconstrained
0.17849999994723476,Unconstrained
0.2700999998523912,Unconstrained
0.1661999999669206,Unconstrained
0.11989999984507449,Unconstrained
0.26130000014745747,Unconstrained
0.1975000000129512,Unconstrained
0.1142999999501626,Unconstrained
0.10209999982180307,Unconstrained
0.10229999998045969,Unconstrained
0.10269999984302558,Unconstrained
0.1685999995970633,Unconstrained
0.2623999998832005,Unconstrained
0.23300000020753941,Unconstrained
0.23810000038793078,Unconstrained
0.23190000001704902,Unconstrained
0.10509999992791563,Unconstrained
0.10059999976874678,Unconstrained
0.27130000034958357,Unconstrained
0.10390000034021796,Unconstrained
0.09959999988495838,Unconstrained
0.09990000035031699,Unconstrained
0.10659999998097192,Unconstrained
0.10320000001229346,Unconstrained
0.0980999998319021,Unconstrained
0.09930000032909447,Unconstrained
0.10019999990618089,Unconstrained
0.10789999987537158,Unconstrained
0.09760000011738157,Unconstrained
0.09940000018104911,Unconstrained
0.10199999996984843,Unconstrained
0.09910000017043785,Unconstrained
0.09870000030787196,Unconstrained
0.13020000005781185,Unconstrained
0.09799999997994746,Unconstrained
0.09890000001178123,Unconstrained
0.10170000041398453,Unconstrained
0.10519999977987027,Unconstrained
0.105000000075961,Unconstrained
0.1071000001502398,Unconstrained
0.10589999965304742,Unconstrained
0.10780000002341694,Unconstrained
0.11050000011891825,Unconstrained
0.11050000011891825,Unconstrained
0.16180000011445372,Unconstrained
0.11040000026696362,Unconstrained
0.11390000008759671,Unconstrained
0.10900000006586197,Unconstrained
0.10859999974854873,Unconstrained
0.1090999999178166,Unconstrained
0.10969999993903912,Unconstrained
0.10959999963233713,Unconstrained
0.11480000011943048,Unconstrained
0.3289000001132081,Unconstrained
0.10830000019268482,Unconstrained
0.12340000012045493,Unconstrained
0.1133000000663742,Unconstrained
0.19149999980072607,Unconstrained
0.10539999993852689,Unconstrained
0.10879999990720535,Unconstrained
0.10900000006586197,Unconstrained
0.10840000004463946,Unconstrained
0.10840000004463946,Unconstrained
0.11570000015126425,Unconstrained
0.10860000020329608,Unconstrained
0.10549999979048152,Unconstrained
0.09819999968385673,Unconstrained
0.1038999998854706,Unconstrained
0.1208999997288629,Unconstrained
0.09790000012799283,Unconstrained
0.0984000002972607,Unconstrained
0.09850000014921534,Unconstrained
0.09839999984251335,Unconstrained
0.1000999995994789,Unconstrained
0.11150000000270666,Unconstrained
0.1710000001367007,Unconstrained
0.09789999967324547,Unconstrained
0.09849999969446799,Unconstrained
0.09900000031848322,Unconstrained
0.09790000012799283,Unconstrained
0.11460000041552121,Unconstrained
0.09850000014921534,Unconstrained
0.1654000002417888,Unconstrained
0.09780000027603819,Unconstrained
0.09760000011738157,Unconstrained
0.0984000002972607,Unconstrained
0.09790000012799283,Unconstrained
0.18120000004273606,Unconstrained
0.09890000001178123,Unconstrained
0.09850000014921534,Unconstrained
0.09910000017043785,Unconstrained
0.09860000000116997,Unconstrained
0.11060000042562024,Unconstrained
0.09810000028664945,Unconstrained
0.1560000000608852,Unconstrained
0.0980999998319021,Unconstrained
0.09890000001178123,Unconstrained
0.23499999997511622,Unconstrained
0.22850000004837057,Unconstrained
0.1415000001543376,Unconstrained
0.09860000000116997,Unconstrained
0.2365000000281725,Unconstrained
0.1029000000016822,Unconstrained
0.23989999999685097,Unconstrained
0.10820000034073018,Unconstrained
0.10149999980058055,Unconstrained
0.09989999989556964,Unconstrained
0.09759999966263422,Unconstrained
0.0980999998319021,Unconstrained
0.09939999972630176,Unconstrained
0.1029000000016822,Unconstrained
0.10669999983292655,Unconstrained
0.1403000001118926,Unconstrained
0.10829999973793747,Unconstrained
0.14169999985824688,Unconstrained
0.12199999991935329,Unconstrained
0.10859999974854873,Unconstrained
0.23000000010142685,Unconstrained
0.23090000013326062,Unconstrained
0.09739999995872495,Unconstrained
0.10620000011840602,Unconstrained
0.14899999996487168,Unconstrained
0.16459999960716232,Unconstrained
0.09899999986373587,Unconstrained
0.10059999976874678,Unconstrained
0.09779999982129084,Unconstrained
0.0980999998319021,Unconstrained
0.0976999999693362,Unconstrained
0.09799999997994746,Unconstrained
0.09899999986373587,Unconstrained
0.10120000024471665,Unconstrained
0.09820000013860408,Unconstrained
0.09799999997994746,Unconstrained
0.1509000003352412,Unconstrained
0.09759999966263422,Unconstrained
0.09879999970507924,Unconstrained
0.10320000001229346,Unconstrained
0.10029999975813553,Unconstrained
0.22569999964616727,Unconstrained
0.3806000004260568,Unconstrained
0.11029999996026163,Unconstrained
0.0976999999693362,Unconstrained
0.17729999990478973,Unconstrained
0.10530000008657225,Unconstrained
0.09829999999055872,Unconstrained
0.10109999993801466,Unconstrained
0.09919999956764514,Unconstrained
0.0980999998319021,Unconstrained
0.1007999999274034,Unconstrained
0.10169999995923718,Unconstrained
0.10049999991679215,Unconstrained
0.105000000075961,Unconstrained
0.0988000001598266,Unconstrained
0.09790000012799283,Unconstrained
0.16350000032616663,Unconstrained
0.10089999977935804,Unconstrained
0.10089999977935804,Unconstrained
0.1038999998854706,Unconstrained
0.11059999997087289,Unconstrained
0.105000000075961,Unconstrained
0.10470000006534974,Unconstrained
0.10930000007647322,Unconstrained
0.09649999992689118,Unconstrained
0.14830000009169453,Unconstrained
0.09799999997994746,Unconstrained
0.09829999999055872,Unconstrained
0.11510000013004174,Unconstrained
0.09749999981067958,Unconstrained
0.1042999997480365,Unconstrained
0.10369999972681399,Unconstrained
0.09839999984251335,Unconstrained
0.09799999997994746,Unconstrained
0.10350000002290471,Unconstrained
0.09819999968385673,Unconstrained
0.0980999998319021,Unconstrained
0.15549999989161734,Unconstrained
0.09730000010677031,Unconstrained
0.09689999978945707,Unconstrained
0.0976999999693362,Unconstrained
0.09850000014921534,Unconstrained
0.12139999989813077,Unconstrained
0.09890000001178123,Unconstrained
0.09829999999055872,Unconstrained
0.09870000030787196,Unconstrained
0.0980999998319021,Unconstrained
0.09929999987434712,Unconstrained
0.099800000043615,Unconstrained
0.10129999964192393,Unconstrained
0.10530000008657225,Unconstrained
0.10440000005473848,Unconstrained
0.09889999955703388,Unconstrained
0.10520000023461762,Unconstrained
0.10380000003351597,Unconstrained
0.09799999997994746,Unconstrained
0.09810000028664945,Unconstrained
0.10099999963131268,Unconstrained
0.09820000013860408,Unconstrained
0.10130000009667128,Unconstrained
0.10369999972681399,Unconstrained
0.10509999992791563,Unconstrained
0.09839999984251335,Unconstrained
0.09780000027603819,Unconstrained
0.10239999983241432,Unconstrained
0.09720000025481568,Unconstrained
0.10259999999107094,Unconstrained
0.10019999990618089,Unconstrained
0.10259999999107094,Unconstrained
0.10209999982180307,Unconstrained
0.10480000037205173,Unconstrained
0.09800000043469481,Unconstrained
0.09910000017043785,Unconstrained
0.09799999997994746,Unconstrained
0.09850000014921534,Unconstrained
0.09839999984251335,Unconstrained
0.16390000018873252,Unconstrained
0.09860000000116997,Unconstrained
0.09839999984251335,Unconstrained
0.17250000018975697,Unconstrained
0.09879999970507924,Unconstrained
0.1142999999501626,Unconstrained
0.09849999969446799,Unconstrained
0.0984000002972607,Unconstrained
0.10239999983241432,Unconstrained
0.10139999994862592,Unconstrained
0.10300000030838419,Unconstrained
0.10440000005473848,Unconstrained
0.09799999997994746,Unconstrained
0.09910000017043785,Unconstrained
0.09749999981067958,Unconstrained
0.09860000000116997,Unconstrained
0.0988000001598266,Unconstrained
0.09860000000116997,Unconstrained
0.0976999999693362,Unconstrained
0.10189999966314645,Unconstrained
0.09810000028664945,Unconstrained
0.09860000000116997,Unconstrained
0.09869999985312461,Unconstrained
0.0990999997156905,Unconstrained
0.10459999975864775,Unconstrained
0.09929999987434712,Unconstrained
0.0990999997156905,Unconstrained
0.09899999986373587,Unconstrained
0.09860000000116997,Unconstrained
0.09969999973691301,Unconstrained
0.1042999997480365,Unconstrained
0.09989999989556964,Unconstrained
0.09929999987434712,Unconstrained
0.09899999986373587,Unconstrained
0.09860000000116997,Unconstrained
0.09910000017043785,Unconstrained
0.120499999866297,Unconstrained
0.09829999999055872,Unconstrained
0.14730000020790612,Unconstrained
0.0988000001598266,Unconstrained
0.09790000012799283,Unconstrained
0.09810000028664945,Unconstrained
0.18490000002202578,Unconstrained
0.2061999998659303,Unconstrained
0.1484999997956038,Unconstrained
0.09850000014921534,Unconstrained
0.16809999988254276,Unconstrained
0.09860000000116997,Unconstrained
0.1301000002058572,Unconstrained
0.11769999991884106,Unconstrained
0.09820000013860408,Unconstrained
0.09860000000116997,Unconstrained
0.15150000035646372,Unconstrained
0.11379999978089472,Unconstrained
0.09900000031848322,Unconstrained
0.23859999964770395,Unconstrained
0.09850000014921534,Unconstrained
0.11150000000270666,Unconstrained
0.24140000004990725,Unconstrained
0.4604000000654196,Unconstrained
0.10350000002290471,Unconstrained
0.33489999987068586,Unconstrained
0.10089999977935804,Unconstrained
0.14879999980621506,Unconstrained
0.09799999997994746,Unconstrained
0.10000000020227162,Unconstrained
0.1019000001178938,Unconstrained
0.10159999965253519,Unconstrained
0.39690000039627193,Unconstrained
0.10879999990720535,Unconstrained
0.16670000013618846,Unconstrained
0.24080000002868474,Unconstrained
0.2334000000701053,Unconstrained
0.15029999985927134,Unconstrained
0.28959999963262817,Unconstrained
0.09790000012799283,Unconstrained
0.23520000013377285,Unconstrained
0.2451999998811516,Unconstrained
0.12220000007800991,Unconstrained
0.09790000012799283,Unconstrained
0.09959999988495838,Unconstrained
0.24319999965882744,Unconstrained
0.10340000017095008,Unconstrained
0.10819999988598283,Unconstrained
0.1495999999860942,Unconstrained
0.13480000006893533,Unconstrained
0.10090000023410539,Unconstrained
0.09939999972630176,Unconstrained
0.10509999992791563,Unconstrained
0.10569999994913815,Unconstrained
0.10059999976874678,Unconstrained
0.09789999967324547,Unconstrained
0.09760000011738157,Unconstrained
0.0976999999693362,Unconstrained
0.10350000002290471,Unconstrained
0.09910000017043785,Unconstrained
0.09789999967324547,Unconstrained
0.10750000001280569,Unconstrained
0.09819999968385673,Unconstrained
0.12040000001434237,Unconstrained
0.09849999969446799,Unconstrained
0.3775999998651969,Unconstrained
0.15260000009220676,Unconstrained
0.37999999995008693,Unconstrained
0.10509999992791563,Unconstrained
0.10239999983241432,Unconstrained
0.10169999995923718,Unconstrained
0.11110000014014076,Unconstrained
0.10100000008606003,Unconstrained
0.10160000010728254,Unconstrained
0.1021999996737577,Unconstrained
0.11549999999260763,Unconstrained
0.09849999969446799,Unconstrained
0.0984000002972607,Unconstrained
0.1832999996622675,Unconstrained
0.09780000027603819,Unconstrained
0.10900000006586197,Unconstrained
0.0980999998319021,Unconstrained
0.15209999992293888,Unconstrained
0.10000000020227162,Unconstrained
0.11570000015126425,Unconstrained
0.12960000003658934,Unconstrained
0.12460000016289996,Unconstrained
0.20180000001346343,Unconstrained
0.10939999992842786,Unconstrained
0.11450000010881922,Unconstrained
0.09780000027603819,Unconstrained
0.09790000012799283,Unconstrained
0.10999999994965037,Unconstrained
0.14039999996384722,Unconstrained
0.15919999987090705,Unconstrained
0.21200000037424616,Unconstrained
0.130899999930989,Unconstrained
0.1314999999522115,Unconstrained
0.141299999995681,Unconstrained
0.13059999992037774,Unconstrained
0.13199999966673204,Unconstrained
0.1314999999522115,Unconstrained
0.14169999985824688,Unconstrained
0.1318999998147774,Unconstrained
0.13659999967785552,Unconstrained
0.13639999997394625,Unconstrained
0.20080000012967503,Unconstrained
0.268199999936769,Unconstrained
0.17669999988356722,Unconstrained
0.22919999992154771,Unconstrained
0.3768000001400651,Unconstrained
0.09820000013860408,Unconstrained
0.1382000000376138,Unconstrained
0.10160000010728254,Unconstrained
0.1613000003999332,Unconstrained
0.13139999964550952,Unconstrained
0.24179999991247314,Unconstrained
0.1704999999674328,Unconstrained
0.0988000001598266,Unconstrained
0.09950000003300374,Unconstrained
0.11690000019370927,Unconstrained
0.15979999989212956,Unconstrained
0.14210000017556013,Unconstrained
0.1368000002912595,Unconstrained
0.13689999968846678,Unconstrained
0.13199999966673204,Unconstrained
0.13069999977233238,Unconstrained
0.13100000023769098,Unconstrained
0.13179999996282277,Unconstrained
0.1370999998471234,Unconstrained
0.13639999997394625,Unconstrained
0.13619999981528963,Unconstrained
0.1625999998395855,Unconstrained
0.13829999988956843,Unconstrained
0.13800000033370452,Unconstrained
0.13750000016443664,Unconstrained
0.24450000000797445,Unconstrained
0.13699999999516876,Unconstrained
0.13069999977233238,Unconstrained
0.13100000023769098,Unconstrained
0.2220000001216249,Unconstrained
0.13730000000578002,Unconstrained
0.14060000012250384,Unconstrained
0.15800000028320937,Unconstrained
0.13790000002700253,Unconstrained
0.13949999993201345,Unconstrained
0.13790000002700253,Unconstrained
0.23809999993318343,Unconstrained
0.13839999974152306,Unconstrained
0.14409999994313694,Unconstrained
0.25379999988217605,Unconstrained
0.13699999999516876,Unconstrained
0.1370999998471234,Unconstrained
0.13209999997343402,Unconstrained
0.23250000003827154,Unconstrained
0.1523000000815955,Unconstrained
0.13190000026952475,Unconstrained
0.14350000037666177,Unconstrained
0.1378000001750479,Unconstrained
0.1378000001750479,Unconstrained
0.1461000001654611,Unconstrained
0.21590000005744514,Unconstrained
0.13140000010025688,Unconstrained
0.15140000004976173,Unconstrained
0.13750000016443664,Unconstrained
0.13790000002700253,Unconstrained
0.13650000028064824,Unconstrained
0.13689999968846678,Unconstrained
0.13600000011138036,Unconstrained
0.10819999988598283,Unconstrained
0.10299999985363684,Unconstrained
0.09779999982129084,Unconstrained
0.1194999999825086,Unconstrained
0.1364999998259009,Unconstrained
0.13760000001639128,Unconstrained
0.13110000008964562,Unconstrained
0.1370999998471234,Unconstrained
0.13789999957225518,Unconstrained
0.12119999973947415,Unconstrained
0.11369999992894009,Unconstrained
0.09790000012799283,Unconstrained
0.11730000005627517,Unconstrained
0.12100000003556488,Unconstrained
0.12130000004617614,Unconstrained
0.11180000001331791,Unconstrained
0.09879999970507924,Unconstrained
0.10259999999107094,Unconstrained
0.1142999999501626,Unconstrained
0.10659999998097192,Unconstrained
0.0984000002972607,Unconstrained
0.09869999985312461,Unconstrained
0.10430000020278385,Unconstrained
0.10430000020278385,Unconstrained
0.09790000012799283,Unconstrained
0.10100000008606003,Unconstrained
0.09730000010677031,Unconstrained
0.09899999986373587,Unconstrained
0.1007999999274034,Unconstrained
0.1366999999845575,Unconstrained
0.1380999997309118,Unconstrained
0.12190000006739865,Unconstrained
0.1057000004038855,Unconstrained
0.10509999992791563,Unconstrained
0.0988000001598266,Unconstrained
0.11539999968590564,Unconstrained
0.1573999998072395,Unconstrained
0.09869999985312461,Unconstrained
0.09950000003300374,Unconstrained
0.09869999985312461,Unconstrained
0.10580000025584013,Unconstrained
0.2258999998048239,Unconstrained
0.4291999998713436,Unconstrained
0.21479999986695475,Unconstrained
0.1419000000169035,Unconstrained
0.2140999999937776,Unconstrained
0.21460000016304548,Unconstrained
0.09849999969446799,Unconstrained
0.34939999977723346,Unconstrained
0.38390000008803327,Unconstrained
0.34989999994650134,Unconstrained
0.09999999974752427,Unconstrained
0.10299999985363684,Unconstrained
0.11889999996128608,Unconstrained
0.0980999998319021,Unconstrained
0.09869999985312461,Unconstrained
0.09869999985312461,Unconstrained
0.23670000018682913,Unconstrained
0.17290000005232287,Unconstrained
0.09860000000116997,Unconstrained
0.09870000030787196,Unconstrained
0.3237999999328167,Unconstrained
0.2519999998185085,Unconstrained
0.15570000005027396,Unconstrained
0.20640000002458692,Unconstrained
0.10450000036144047,Unconstrained
0.16290000030494411,Unconstrained
0.09920000002239249,Unconstrained
0.15740000026198686,Unconstrained
0.10450000036144047,Unconstrained
0.10310000016033882,Unconstrained
0.10280000014972757,Unconstrained
0.09820000013860408,Unconstrained
0.11409999979150598,Unconstrained
0.09970000019166037,Unconstrained
0.10309999970559147,Unconstrained
0.10310000016033882,Unconstrained
0.0988000001598266,Unconstrained
0.0990999997156905,Unconstrained
0.09829999999055872,Unconstrained
0.11110000014014076,Unconstrained
0.09869999985312461,Unconstrained
0.10399999973742524,Unconstrained
0.10350000002290471,Unconstrained
0.10299999985363684,Unconstrained
0.09939999972630176,Unconstrained
0.1059999999597494,Unconstrained
0.1640999998926418,Unconstrained
0.12409999999363208,Unconstrained
0.10169999995923718,Unconstrained
0.10410000004412723,Unconstrained
0.09950000003300374,Unconstrained
0.09989999989556964,Unconstrained
0.09829999999055872,Unconstrained
0.10840000004463946,Unconstrained
0.11360000007698545,Unconstrained
0.09910000017043785,Unconstrained
0.099800000043615,Unconstrained
0.0990999997156905,Unconstrained
0.09790000012799283,Unconstrained
0.09890000001178123,Unconstrained
0.11829999994006357,Unconstrained
0.0990999997156905,Unconstrained
0.16229999982897425,Unconstrained
0.09960000033970573,Unconstrained
0.0988000001598266,Unconstrained
0.09890000001178123,Unconstrained
0.09959999988495838,Unconstrained
0.1739999997880659,Unconstrained
0.099800000043615,Unconstrained
0.10080000038215076,Unconstrained
0.09910000017043785,Unconstrained
0.09940000018104911,Unconstrained
0.09989999989556964,Unconstrained
0.09920000002239249,Unconstrained
0.10350000002290471,Unconstrained
0.10879999990720535,Unconstrained
0.10029999975813553,Unconstrained
0.11440000025686459,Unconstrained
0.09760000011738157,Unconstrained
0.09799999997994746,Unconstrained
0.0988000001598266,Unconstrained
0.09779999982129084,Unconstrained
0.09819999968385673,Unconstrained
0.09860000000116997,Unconstrained
0.09959999988495838,Unconstrained
0.09849999969446799,Unconstrained
0.12349999997240957,Unconstrained
0.09739999995872495,Unconstrained
0.09789999967324547,Unconstrained
0.09860000000116997,Unconstrained
0.09860000000116997,Unconstrained
0.09820000013860408,Unconstrained
0.10960000008708448,Unconstrained
0.11440000025686459,Unconstrained
0.44570000000021537,Unconstrained
0.4052999997838924,Unconstrained
0.1208999997288629,Unconstrained
0.1351000000795466,Unconstrained
0.19819999988612835,Unconstrained
0.09849999969446799,Unconstrained
0.09789999967324547,Unconstrained
0.10010000005422626,Unconstrained
0.11760000006688642,Unconstrained
0.10780000002341694,Unconstrained
0.09860000000116997,Unconstrained
0.09760000011738157,Unconstrained
0.1326000001427019,Unconstrained
0.1032999998642481,Unconstrained
0.16129999994518585,Unconstrained
0.13549999994211248,Unconstrained
0.12980000019524596,Unconstrained
0.1930000003085297,Unconstrained
0.1063999998223153,Unconstrained
0.10499999962121365,Unconstrained
0.11580000000321888,Unconstrained
0.13639999997394625,Unconstrained
0.22110000008979114,Unconstrained
0.125699999898643,Unconstrained
0.2549999999246211,Unconstrained
0.23670000018682913,Unconstrained
0.13440000020636944,Unconstrained
0.09790000012799283,Unconstrained
0.24470000016663107,Unconstrained
0.09820000013860408,Unconstrained
0.12040000001434237,Unconstrained
0.2816999999595282,Unconstrained
0.22989999979472486,Unconstrained
0.22769999986849143,Unconstrained
0.15250000024025212,Unconstrained
0.17390000039085862,Unconstrained
0.0976999999693362,Unconstrained
0.0976999999693362,Unconstrained
0.24859999984983006,Unconstrained
0.14280000004873727,Unconstrained
0.14929999997548293,Unconstrained
0.15699999994467362,Unconstrained
0.15080000002853922,Unconstrained
0.15940000002956367,Unconstrained
0.14890000011291704,Unconstrained
0.3229999997529376,Unconstrained
0.23529999998572748,Unconstrained
0.23430000010193908,Unconstrained
0.30609999976149993,Unconstrained
0.14259999989008065,Unconstrained
0.11029999996026163,Unconstrained
0.09829999999055872,Unconstrained
0.2805999997690378,Unconstrained
0.1756999999997788,Unconstrained
0.3179999998792482,Unconstrained
0.12060000017299899,Unconstrained
0.28959999963262817,Unconstrained
0.11040000026696362,Unconstrained
0.11940000013055396,Unconstrained
0.10310000016033882,Unconstrained
0.20649999987654155,Unconstrained
0.2810999999383057,Unconstrained
0.22709999984726892,Unconstrained
0.10159999965253519,Unconstrained
0.09879999970507924,Unconstrained
0.10109999993801466,Unconstrained
0.13040000021646847,Unconstrained
0.15859999984968454,Unconstrained
0.1490999998168263,Unconstrained
0.15070000017658458,Unconstrained
0.14270000019678264,Unconstrained
0.1378000001750479,Unconstrained
0.1405000002705492,Unconstrained
0.13090000038573635,Unconstrained
0.15470000016648555,Unconstrained
0.1349999997728446,Unconstrained
0.13619999981528963,Unconstrained
0.13639999997394625,Unconstrained
0.13850000004822505,Unconstrained
0.23009999995338148,Unconstrained
0.14520000013362733,Unconstrained
0.16809999988254276,Unconstrained
0.1428999999006919,Unconstrained
0.14689999989059288,Unconstrained
0.13199999966673204,Unconstrained
0.14529999998558196,Unconstrained
0.14680000003863825,Unconstrained
0.1364999998259009,Unconstrained
0.14970000029279618,Unconstrained
0.21130000004632166,Unconstrained
0.1426999997420353,Unconstrained
0.14989999999670545,Unconstrained
0.15839999969102792,Unconstrained
0.16320000031555537,Unconstrained
0.15089999988049385,Unconstrained
0.1291999997192761,Unconstrained
0.130899999930989,Unconstrained
0.2245000000584696,Unconstrained
0.15170000006037299,Unconstrained
0.32300000020768493,Unconstrained
0.10339999971620273,Unconstrained
0.09870000030787196,Unconstrained
0.11890000041603344,Unconstrained
0.1407999998264131,Unconstrained
0.14979999969000346,Unconstrained
0.1511999998911051,Unconstrained
0.15549999989161734,Unconstrained
0.14409999994313694,Unconstrained
0.14270000019678264,Unconstrained
0.34219999997731065,Unconstrained
0.13070000022707973,Unconstrained
0.16110000024127658,Unconstrained
0.1519000002190296,Unconstrained
0.1895999998851039,Unconstrained
0.22949999993215897,Unconstrained
0.13899999976274557,Unconstrained
0.14839999994364916,Unconstrained
0.151599999753671,Unconstrained
0.2982000000884,Unconstrained
0.13650000028064824,Unconstrained
0.25849999974525417,Unconstrained
0.37770000017189886,Unconstrained
0.1366999999845575,Unconstrained
0.18040000031760428,Unconstrained
0.22650000028079376,Unconstrained
0.10280000014972757,Unconstrained
0.17009999965011957,Unconstrained
0.3527999997459119,Unconstrained
0.3452000000834232,Unconstrained
0.12180000021544402,Unconstrained
0.10979999979099375,Unconstrained
0.10250000013911631,Unconstrained
0.12109999988751952,Unconstrained
0.1474999999118154,Unconstrained
0.13059999992037774,Unconstrained
0.22699999999531428,Unconstrained
0.15200000007098424,Unconstrained
0.14519999967887998,Unconstrained
0.14460000011240481,Unconstrained
0.13179999996282277,Unconstrained
0.25450000021010055,Unconstrained
0.14449999980570283,Unconstrained
0.13870000020688167,Unconstrained
0.13629999966724426,Unconstrained
0.13660000013260287,Unconstrained
0.2231000003121153,Unconstrained
0.1370999998471234,Unconstrained
0.1467000001866836,Unconstrained
0.13829999988956843,Unconstrained
0.14879999980621506,Unconstrained
0.13610000041808235,Unconstrained
0.14989999999670545,Unconstrained
0.15149999990171636,Unconstrained
0.1370999998471234,Unconstrained
0.1436000002286164,Unconstrained
0.24589999975432875,Unconstrained
0.13159999980416615,Unconstrained
0.14359999977386906,Unconstrained
0.14039999996384722,Unconstrained
0.13760000001639128,Unconstrained
0.26939999997921404,Unconstrained
0.1254000003427791,Unconstrained
0.13249999983599992,Unconstrained
0.13309999985722243,Unconstrained
0.13080000007903436,Unconstrained
0.14490000012301607,Unconstrained
0.13799999987895717,Unconstrained
0.13760000001639128,Unconstrained
0.1441000003978843,Unconstrained
0.12969999988854397,Unconstrained
0.19000000020241714,Unconstrained
0.1318999998147774,Unconstrained
0.13730000000578002,Unconstrained
0.24220000022978638,Unconstrained
0.1428999999006919,Unconstrained
0.14399999963643495,Unconstrained
0.13750000016443664,Unconstrained
0.2660999998624902,Unconstrained
0.13620000027003698,Unconstrained
0.13679999983651214,Unconstrained
0.1578999999765074,Unconstrained
0.1384000001962704,Unconstrained
0.14569999984814785,Unconstrained
0.13690000014321413,Unconstrained
0.13719999969907803,Unconstrained
0.21300000025803456,Unconstrained
0.13739999985773466,Unconstrained
0.14890000011291704,Unconstrained
0.137400000312482,Unconstrained
0.13870000020688167,Unconstrained
0.4214999999021529,Unconstrained
0.13199999966673204,Unconstrained
0.1330000000052678,Unconstrained
0.14469999996435945,Unconstrained
0.13859999990017968,Unconstrained
0.14730000020790612,Unconstrained
0.13720000015382539,Unconstrained
0.1370999998471234,Unconstrained
0.1405000002705492,Unconstrained
0.15209999992293888,Unconstrained
0.2079000000776432,Unconstrained
0.1467000001866836,Unconstrained
0.14379999993252568,Unconstrained
0.252700000146433,Unconstrained
0.14419999979509157,Unconstrained
0.13850000004822505,Unconstrained
0.13930000022810418,Unconstrained
0.1349999997728446,Unconstrained
0.105000000075961,Unconstrained
0.13750000016443664,Unconstrained
0.11649999987639603,Unconstrained
0.19599999995989492,Unconstrained
0.1422999998794694,Unconstrained
0.15380000013465178,Unconstrained
0.14069999997445848,Unconstrained
0.13869999975213432,Unconstrained
0.1430000002073939,Unconstrained
0.3015000002051238,Unconstrained
0.22600000011152588,Unconstrained
0.14449999980570283,Unconstrained
0.26190000016868,Unconstrained
0.12500000002546585,Unconstrained
0.10479999991730438,Unconstrained
0.10239999983241432,Unconstrained
0.15000000030340743,Unconstrained
0.15010000015536207,Unconstrained
0.34219999997731065,Unconstrained
0.30430000015257974,Unconstrained
0.21599999990939978,Unconstrained
0.09779999982129084,Unconstrained
0.12250000008862116,Unconstrained
0.4420999998728803,Unconstrained
0.09869999985312461,Unconstrained
0.1090999999178166,Unconstrained
0.13070000022707973,Unconstrained
0.13569999964602175,Unconstrained
0.26280000020051375,Unconstrained
0.136099999963335,Unconstrained
0.1316000002589135,Unconstrained
0.13529999978345586,Unconstrained
0.23190000001704902,Unconstrained
0.12599999990925426,Unconstrained
0.23259999989022617,Unconstrained
0.09839999984251335,Unconstrained
0.2739000001383829,Unconstrained
0.10180000026593916,Unconstrained
0.22750000016458216,Unconstrained
0.11019999965355964,Unconstrained
0.23099999998521525,Unconstrained
0.22360000002663583,Unconstrained
0.3127999998469022,Unconstrained
0.25820000018939027,Unconstrained
0.22960000023886096,Unconstrained
0.18460000001141452,Unconstrained
0.26109999998880085,Unconstrained
0.2303000001120381,Unconstrained
0.23190000001704902,Unconstrained
0.23819999978513806,Unconstrained
0.23890000011306256,Unconstrained
0.2310999998371699,Unconstrained
0.14480000027106144,Unconstrained
0.09970000019166037,Unconstrained
0.09709999994811369,Unconstrained
0.10629999997036066,Unconstrained
0.12440000000424334,Unconstrained
0.11799999992945231,Unconstrained
0.3010000000358559,Unconstrained
0.33179999991261866,Unconstrained
0.10369999972681399,Unconstrained
0.15940000002956367,Unconstrained
0.1388000000588363,Unconstrained
0.14469999996435945,Unconstrained
0.19129999964206945,Unconstrained
0.13719999969907803,Unconstrained
0.13269999999465654,Unconstrained
0.19949999978052801,Unconstrained
0.23809999993318343,Unconstrained
0.1441000003978843,Unconstrained
0.14330000021800515,Unconstrained
0.14440000040849554,Unconstrained
0.22910000006959308,Unconstrained
0.14479999981631408,Unconstrained
0.13659999967785552,Unconstrained
0.13209999997343402,Unconstrained
0.137400000312482,Unconstrained
0.13039999976172112,Unconstrained
0.13699999999516876,Unconstrained
0.1557999999022286,Unconstrained
0.13099999978294363,Unconstrained
0.1264000002265675,Unconstrained
0.13209999997343402,Unconstrained
0.1646999999138643,Unconstrained
0.13119999994160025,Unconstrained
0.13699999999516876,Unconstrained
0.13859999990017968,Unconstrained
0.2235000001746812,Unconstrained
0.13190000026952475,Unconstrained
0.13639999997394625,Unconstrained
0.13760000001639128,Unconstrained
0.1378000001750479,Unconstrained
0.13920000037614955,Unconstrained
0.2806000002237852,Unconstrained
0.3376999998181418,Unconstrained
0.1320000001214794,Unconstrained
0.09890000001178123,Unconstrained
0.1370999998471234,Unconstrained
0.14899999996487168,Unconstrained
0.30779999997321283,Unconstrained
0.10999999994965037,Unconstrained
0.13109999963489827,Unconstrained
0.11379999978089472,Unconstrained
0.1440000000911823,Unconstrained
0.13409999974101083,Unconstrained
0.09800000043469481,Unconstrained
0.0976999999693362,Unconstrained
0.13589999980467837,Unconstrained
0.1376999998683459,Unconstrained
0.13779999972030055,Unconstrained
0.17849999994723476,Unconstrained
0.13140000010025688,Unconstrained
0.13730000000578002,Unconstrained
0.14609999971071375,Unconstrained
0.13730000000578002,Unconstrained
0.13690000014321413,Unconstrained
0.13870000020688167,Unconstrained
0.20989999984522,Unconstrained
0.1376999998683459,Unconstrained
0.13899999976274557,Unconstrained
0.3111999999418913,Unconstrained
0.13690000014321413,Unconstrained
0.13179999996282277,Unconstrained
0.1432999997632578,Unconstrained
0.19350000002305023,Unconstrained
0.1305000000684231,Unconstrained
0.13100000023769098,Unconstrained
0.24230000008174102,Unconstrained
0.1389000003655383,Unconstrained
0.15780000012455275,Unconstrained
0.1726000000417116,Unconstrained
0.1376999998683459,Unconstrained
0.136099999963335,Unconstrained
0.13390000003710156,Unconstrained
0.13730000000578002,Unconstrained
0.14729999975315877,Unconstrained
0.1364999998259009,Unconstrained
0.13100000023769098,Unconstrained
0.13720000015382539,Unconstrained
0.14180000016494887,Unconstrained
0.2393999998275831,Unconstrained
0.13239999998404528,Unconstrained
0.1320000001214794,Unconstrained
0.1959000001079403,Unconstrained
0.13790000002700253,Unconstrained
0.132200000280136,Unconstrained
0.1422999998794694,Unconstrained
0.13800000033370452,Unconstrained
0.14069999997445848,Unconstrained
0.13630000012199162,Unconstrained
0.12749999996231054,Unconstrained
0.13119999994160025,Unconstrained
0.20979999999326537,Unconstrained
0.13719999969907803,Unconstrained
0.1484999997956038,Unconstrained
0.13810000018565916,Unconstrained
0.2546000000620552,Unconstrained
0.13760000001639128,Unconstrained
0.1266999997824314,Unconstrained
0.15560000019831932,Unconstrained
0.13139999964550952,Unconstrained
0.13690000014321413,Unconstrained
0.27520000003278255,Unconstrained
0.1376999998683459,Unconstrained
0.13099999978294363,Unconstrained
0.14689999989059288,Unconstrained
0.23120000014387188,Unconstrained
0.13140000010025688,Unconstrained
0.13139999964550952,Unconstrained
0.15799999982846202,Unconstrained
0.13730000000578002,Unconstrained
0.13139999964550952,Unconstrained
0.13100000023769098,Unconstrained
0.13739999985773466,Unconstrained
0.25120000009337673,Unconstrained
0.14180000016494887,Unconstrained
0.12759999981426517,Unconstrained
0.132200000280136,Unconstrained
0.13020000005781185,Unconstrained
0.23370000008071656,Unconstrained
0.14060000012250384,Unconstrained
0.13949999993201345,Unconstrained
0.13639999997394625,Unconstrained
0.13119999994160025,Unconstrained
0.13119999994160025,Unconstrained
0.14779999992242665,Unconstrained
0.14430000010179356,Unconstrained
0.14359999977386906,Unconstrained
0.11240000003454043,Unconstrained
0.12999999989915523,Unconstrained
0.15649999977540574,Unconstrained
0.16630000027362257,Unconstrained
0.3683999998429499,Unconstrained
0.25579999964975286,Unconstrained
0.1046000002133951,Unconstrained
0.12689999994108803,Unconstrained
0.15169999960562564,Unconstrained
0.19359999987500487,Unconstrained
0.1277999999729218,Unconstrained
0.125800000205345,Unconstrained
0.2175999998144107,Unconstrained
0.14290000035543926,Unconstrained
0.14349999992191442,Unconstrained
0.27369999997972627,Unconstrained
0.14319999991130317,Unconstrained
0.14449999980570283,Unconstrained
0.1592000003256544,Unconstrained
0.16690000029484509,Unconstrained
0.13679999983651214,Unconstrained
0.14359999977386906,Unconstrained
0.1554000000396627,Unconstrained
0.14950000013413955,Unconstrained
0.187899999673391,Unconstrained
0.1088000003619527,Unconstrained
0.11249999988649506,Unconstrained
0.29949999998279964,Unconstrained
0.22600000011152588,Unconstrained
0.12960000003658934,Unconstrained
0.1494999996793922,Unconstrained
0.10170000041398453,Unconstrained
0.3088999997089559,Unconstrained
0.09860000000116997,Unconstrained
0.10620000011840602,Unconstrained
0.3495999999358901,Unconstrained
0.2546000000620552,Unconstrained
0.14860000010230578,Unconstrained
0.12349999997240957,Unconstrained
0.17519999983051093,Unconstrained
0.2795000000332948,Unconstrained
0.10440000005473848,Unconstrained
0.15209999992293888,Unconstrained
0.099800000043615,Unconstrained
0.18869999985327013,Unconstrained
0.1843999998527579,Unconstrained
0.1596000001882203,Unconstrained
0.1698999999462103,Unconstrained
0.15200000007098424,Unconstrained
0.262999999904423,Unconstrained
0.16899999991437653,Unconstrained
0.1513000001978071,Unconstrained
0.14359999977386906,Unconstrained
0.14459999965765746,Unconstrained
0.15209999992293888,Unconstrained
0.13859999990017968,Unconstrained
0.1453000004403293,Unconstrained
0.14299999975264654,Unconstrained
0.14349999992191442,Unconstrained
0.13739999985773466,Unconstrained
0.16490000007252092,Unconstrained
0.14399999963643495,Unconstrained
0.13750000016443664,Unconstrained
0.15089999988049385,Unconstrained
0.13259999968795455,Unconstrained
0.1419000000169035,Unconstrained
0.16709999999875436,Unconstrained
0.14299999975264654,Unconstrained
0.12179999976069666,Unconstrained
0.12760000026901253,Unconstrained
0.132200000280136,Unconstrained
0.13039999976172112,Unconstrained
0.13660000013260287,Unconstrained
0.14489999966826872,Unconstrained
0.1432999997632578,Unconstrained
0.13639999997394625,Unconstrained
0.23950000013428507,Unconstrained
0.14310000005934853,Unconstrained
0.13799999987895717,Unconstrained
0.13699999999516876,Unconstrained
0.14409999994313694,Unconstrained
0.14449999980570283,Unconstrained
0.1495999999860942,Unconstrained
0.3105999999206688,Unconstrained
0.3247999998166051,Unconstrained
0.12409999999363208,Unconstrained
0.10749999955805833,Unconstrained
0.20439999980226276,Unconstrained
0.3569999998944695,Unconstrained
0.43960000039078295,Unconstrained
0.1754999998411222,Unconstrained
0.125699999898643,Unconstrained
0.11059999997087289,Unconstrained
0.12169999990874203,Unconstrained
0.0976999999693362,Unconstrained
0.10149999980058055,Unconstrained
0.09920000002239249,Unconstrained
0.14550000014423858,Unconstrained
0.15239999993355013,Unconstrained
0.13650000028064824,Unconstrained
0.1526999999441614,Unconstrained
0.1316000002589135,Unconstrained
0.13650000028064824,Unconstrained
0.132200000280136,Unconstrained
0.13100000023769098,Unconstrained
0.12590000005729962,Unconstrained
0.1913000000968168,Unconstrained
0.1345999999102787,Unconstrained
0.1376999998683459,Unconstrained
0.13679999983651214,Unconstrained
0.1364999998259009,Unconstrained
0.14810000038778526,Unconstrained
0.13069999977233238,Unconstrained
0.13730000000578002,Unconstrained
0.13039999976172112,Unconstrained
0.14899999996487168,Unconstrained
0.13750000016443664,Unconstrained
0.13750000016443664,Unconstrained
0.21229999993011006,Unconstrained
0.13110000008964562,Unconstrained
0.1208999997288629,Unconstrained
0.13139999964550952,Unconstrained
0.13639999997394625,Unconstrained
0.1382000000376138,Unconstrained
0.1364999998259009,Unconstrained
0.13770000032309326,Unconstrained
0.1330000000052678,Unconstrained
0.15970000004017493,Unconstrained
0.1495999999860942,Unconstrained
0.13789999957225518,Unconstrained
0.13810000018565916,Unconstrained
0.14759999976377003,Unconstrained
0.13460000036502606,Unconstrained
0.12639999977182015,Unconstrained
0.13170000011086813,Unconstrained
0.20189999986541807,Unconstrained
0.1366999999845575,Unconstrained
0.14420000024983892,Unconstrained
0.1426999997420353,Unconstrained
0.14319999991130317,Unconstrained
0.14199999986885814,Unconstrained
0.130799999624287,Unconstrained
0.14659999987998162,Unconstrained
0.14600000031350646,Unconstrained
0.1314999999522115,Unconstrained
0.20560000029945513,Unconstrained
0.13730000000578002,Unconstrained
0.12710000009974465,Unconstrained
0.12619999961316353,Unconstrained
0.16069999992396333,Unconstrained
0.13939999962531147,Unconstrained
0.13829999988956843,Unconstrained
0.20919999997204286,Unconstrained
0.1430000002073939,Unconstrained
0.15450000000782893,Unconstrained
0.14389999978448031,Unconstrained
0.13380000018514693,Unconstrained
