success,outcome,time_to_target,sim_duration,control_effort,min_safety_margin,n_infeasible,n_steps,mean_step_ms,total_solve_ms,dt_mpc,N_hor,T_hor_actual,method,cand_id
False,INFEASIBLE_STEP1,,0.0,0.0,8.966231633666803,1,0,2263.9498000062304,2263.9498000062304,0.025,50,1.25,Vanilla MPC,0
True,REACHED,1.1999999999999997,1.1999999999999997,41.58713995808536,3.0202270081746942e-06,0,48,372.4422458344634,17877.227800054243,0.025,50,1.25,Vanilla MPC,1
True,REACHED,0.5750000000000002,0.5750000000000002,16.489078825965876,5.592582002116371,0,23,429.2456782625421,9872.650600038469,0.025,50,1.25,Vanilla MPC,2
True,REACHED,0.5000000000000001,0.5000000000000001,9.432608188530864,1.4845836525164675,0,20,412.9441900004167,8258.883800008334,0.025,50,1.25,Vanilla MPC,3
True,REACHED,1.3499999999999992,1.3499999999999992,47.857940026152,1.2863586704249711e-06,0,54,352.8380185194288,19053.253000049153,0.025,50,1.25,Vanilla MPC,4
True,REACHED,0.5250000000000001,0.5250000000000001,8.80829174724406,2.4800921162190597,0,21,403.3750285702159,8470.875599974534,0.025,50,1.25,Vanilla MPC,5
False,INFEASIBLE_STEP1,,0.0,0.0,6.9059108435215935,1,0,3644.991499997559,3644.991499997559,0.025,50,1.25,Vanilla MPC,6
True,REACHED,0.8750000000000004,0.8750000000000004,15.363237009824836,3.2941901561611115,0,35,340.69976285515753,11924.491699930513,0.025,50,1.25,Vanilla MPC,7
True,REACHED,0.7500000000000003,0.7500000000000003,19.808137594477436,1.1117249883587177e-05,0,30,346.6707933335177,10400.123800005531,0.025,50,1.25,Vanilla MPC,8
True,REACHED,1.0000000000000004,1.0000000000000004,29.765003504891745,7.200765922545291e-07,0,40,324.9223449998681,12996.893799994723,0.025,50,1.25,Vanilla MPC,9
True,REACHED,0.8000000000000004,0.8000000000000004,19.436847389056894,2.823415970844352,0,32,296.7947343763626,9497.431500043604,0.025,50,1.25,Vanilla MPC,10
True,REACHED,0.4000000000000001,0.4000000000000001,10.904283340208014,2.4765178165664543,0,16,343.1744625004285,5490.791400006856,0.025,50,1.25,Vanilla MPC,11
True,REACHED,0.7750000000000004,0.7750000000000004,11.760217612061302,1.125560497993815e-05,0,31,271.60639677388264,8419.798299990362,0.025,50,1.25,Vanilla MPC,12
True,REACHED,0.8750000000000004,0.8750000000000004,23.337996841944385,1.8659449391173777e-06,0,35,287.30167142888865,10055.558500011102,0.025,50,1.25,Vanilla MPC,13
True,REACHED,1.1749999999999998,1.1749999999999998,28.507966559476948,3.2009588078949633e-06,0,47,346.97657233962366,16307.89889996231,0.025,50,1.25,Vanilla MPC,14
True,REACHED,0.5500000000000002,0.5500000000000002,9.026034890877625,4.38246409934449,0,22,343.4696863650143,7556.333100030315,0.025,50,1.25,Vanilla MPC,15
True,REACHED,0.5750000000000002,0.5750000000000002,13.266365936959875,2.8176861087143816,0,23,451.34120434775707,10380.847699998412,0.025,50,1.25,Vanilla MPC,16
True,REACHED,1.3249999999999993,1.3249999999999993,43.9605107872793,2.7750445977842564e-06,0,53,368.52889622474873,19532.03149991168,0.025,50,1.25,Vanilla MPC,17
True,REACHED,0.5250000000000001,0.5250000000000001,12.064772013376661,5.183100721717778,0,21,366.9931047611282,7706.855199983693,0.025,50,1.25,Vanilla MPC,18
False,INFEASIBLE_STEP1,,0.0,0.0,0.8743130714584793,1,0,1587.4763999891002,1587.4763999891002,0.025,50,1.25,Vanilla MPC,19
True,REACHED,0.6000000000000002,0.6000000000000002,12.432230048752814,8.697704682276449,0,24,391.2842083336727,9390.821000008145,0.025,50,1.25,Vanilla MPC,20
True,REACHED,1.3499999999999992,1.3499999999999992,46.16622641519632,2.0010297204146885e-06,0,54,384.17667777927517,20745.540600080858,0.025,50,1.25,Vanilla MPC,21
True,REACHED,0.19999999999999998,0.19999999999999998,5.095779621734927,9.194602141979937,0,8,304.015662504753,2432.125300038024,0.025,50,1.25,Vanilla MPC,22
False,INFEASIBLE_STEP1,,0.0,0.0,7.2691005045984785,1,0,2017.0450000005076,2017.0450000005076,0.025,50,1.25,Vanilla MPC,23
True,REACHED,0.6750000000000003,0.6750000000000003,9.719642584300514,7.611779544002868e-06,0,27,354.4954407391035,9571.376899955794,0.025,50,1.25,Vanilla MPC,24
True,REACHED,1.1,1.1,27.480047861544797,2.5728374750443323e-06,0,44,352.3661772725807,15504.111799993552,0.025,50,1.25,Vanilla MPC,25
True,REACHED,1.2999999999999994,1.2999999999999994,44.13978091286622,2.5242151622968343e-06,0,52,392.9566846152459,20433.747599992785,0.025,50,1.25,Vanilla MPC,26
False,INFEASIBLE_STEP1,,0.0,0.0,0.10100098789276062,1,0,785.4132000065874,785.4132000065874,0.025,50,1.25,Vanilla MPC,27
True,REACHED,1.3249999999999993,1.3249999999999993,45.35477702728883,3.536917436939965e-06,0,53,359.9952849065819,19079.75010004884,0.025,50,1.25,Vanilla MPC,28
True,REACHED,1.0500000000000003,1.0500000000000003,23.432840567321474,2.774642401972042e-06,0,42,343.30267857045067,14418.712499958929,0.025,50,1.25,Vanilla MPC,29
True,REACHED,1.2499999999999996,1.2499999999999996,37.466843896505296,1.045746992230737e-07,0,50,405.4431520018261,20272.157600091305,0.025,50,1.25,Vanilla MPC,30
True,REACHED,0.5000000000000001,0.5000000000000001,13.321452912745908,9.927616046795793,0,20,691.8302649988618,13836.605299977236,0.025,50,1.25,Vanilla MPC,31
True,REACHED,1.0500000000000003,1.0500000000000003,31.241809766189625,4.4481528659249296e-07,0,42,357.07509285601276,14997.153899952536,0.025,50,1.25,Vanilla MPC,32
True,REACHED,1.0500000000000003,1.0500000000000003,23.213456211000516,0.0002740429870579817,0,42,330.3884571418859,13876.315199959208,0.025,50,1.25,Vanilla MPC,33
False,INFEASIBLE_STEP1,,0.0,0.0,0.9699836554437354,1,0,3683.419099994353,3683.419099994353,0.025,50,1.25,Vanilla MPC,34
True,REACHED,0.7250000000000003,0.7250000000000003,13.244773549639099,2.8995458217138,0,29,303.35394482997424,8797.264400069253,0.025,50,1.25,Vanilla MPC,35
True,REACHED,1.1,1.1,27.326021351302714,5.218444556191527e-06,0,44,384.6188454557374,16923.229200052447,0.025,50,1.25,Vanilla MPC,36
True,REACHED,1.3749999999999991,1.3749999999999991,39.554170648373606,7.406824547069369e-07,0,55,343.8714090906697,18912.927499986836,0.025,50,1.25,Vanilla MPC,37
True,REACHED,1.1749999999999998,1.1749999999999998,28.41217659907702,4.41425668335994e-06,0,47,359.59062553128535,16900.75939997041,0.025,50,1.25,Vanilla MPC,38
True,REACHED,0.3,0.3,6.562410582408288,4.670533763844501,0,12,327.31542500308325,3927.785100036999,0.025,50,1.25,Vanilla MPC,39
True,REACHED,1.2249999999999996,1.2249999999999996,33.79665629581402,1.938817787066613e-06,0,49,338.702279591175,16596.411699967575,0.025,50,1.25,Vanilla MPC,40
True,REACHED,0.9750000000000005,0.9750000000000005,24.301934662125014,3.389994222595833e-06,0,39,333.4780102547181,13005.642399934004,0.025,50,1.25,Vanilla MPC,41
True,REACHED,0.6250000000000002,0.6250000000000002,11.092917037991283,4.454792059887827,0,25,338.02820799930487,8450.705199982622,0.025,50,1.25,Vanilla MPC,42
True,REACHED,0.8000000000000004,0.8000000000000004,16.057483920147703,9.479115229204004e-05,0,32,304.44638750032027,9742.284400010249,0.025,50,1.25,Vanilla MPC,43
True,REACHED,0.7750000000000004,0.7750000000000004,15.085457398412279,2.6705788506670065,0,31,355.7138580649588,11027.129600013723,0.025,50,1.25,Vanilla MPC,44
True,REACHED,0.6250000000000002,0.6250000000000002,13.599395773694892,2.7654336611381005,0,25,358.1153599981917,8952.883999954793,0.025,50,1.25,Vanilla MPC,45
True,REACHED,0.15,0.15,4.514679674575146,6.3621464635596015,0,6,300.13593333327054,1800.8155999996234,0.025,50,1.25,Vanilla MPC,46
True,REACHED,1.0500000000000003,1.0500000000000003,25.478279470400317,4.011455303781207e-06,0,42,348.64863809309014,14643.242799909785,0.025,50,1.25,Vanilla MPC,47
True,REACHED,0.7000000000000003,0.7000000000000003,18.89875278211007,3.542654469473585,0,28,326.539757143889,9143.113200028893,0.025,50,1.25,Vanilla MPC,48
True,REACHED,1.2499999999999996,1.2499999999999996,41.21724359981616,6.376755883007666e-06,0,50,301.855342000199,15092.76710000995,0.025,50,1.25,Vanilla MPC,49
True,REACHED,0.6500000000000002,0.6500000000000002,10.938361089268028,9.58986479966673,0,26,301.24790384825945,7832.445500054746,0.025,50,1.25,Vanilla MPC,50
True,REACHED,0.6500000000000002,0.6500000000000002,10.987132008489056,2.481868904963798,0,26,285.3397346161028,7418.833100018674,0.025,50,1.25,Vanilla MPC,51
True,REACHED,1.2999999999999994,1.2999999999999994,37.76367649908347,1.8889016112026976e-06,0,52,339.96137692324385,17677.99160000868,0.025,50,1.25,Vanilla MPC,52
True,REACHED,1.3249999999999993,1.3249999999999993,42.74715032604067,-7.2112245944871775e-09,0,53,304.34171886887304,16130.111100050271,0.025,50,1.25,Vanilla MPC,53
True,REACHED,1.1749999999999998,1.1749999999999998,29.103529171444006,3.1825832050886604e-06,0,47,337.82828723277373,15877.929499940365,0.025,50,1.25,Vanilla MPC,54
True,REACHED,0.9250000000000005,0.9250000000000005,19.454827150923087,2.474088504353661,0,37,292.1656594596759,10810.129400008009,0.025,50,1.25,Vanilla MPC,55
True,REACHED,1.2999999999999994,1.2999999999999994,43.700107116026984,2.112155802290922e-06,0,52,328.15861153945804,17064.247800051817,0.025,50,1.25,Vanilla MPC,56
True,REACHED,1.15,1.15,28.940750477013875,2.640033021974951e-06,0,46,333.4193717395386,15337.291100018774,0.025,50,1.25,Vanilla MPC,57
True,REACHED,1.3249999999999993,1.3249999999999993,46.28559151304424,1.0661541335636531e-05,0,53,350.29555471610706,18565.664399953675,0.025,50,1.25,Vanilla MPC,58
True,REACHED,1.0000000000000004,1.0000000000000004,32.06496360101934,2.2772412023653317,0,40,292.0720499998424,11682.881999993697,0.025,50,1.25,Vanilla MPC,59
True,REACHED,0.6000000000000002,0.6000000000000002,14.553205143932827,3.629293217704741,0,24,325.37659166700905,7809.038200008217,0.025,50,1.25,Vanilla MPC,60
True,REACHED,1.2249999999999996,1.2249999999999996,32.468285729098774,5.212290553126843e-06,0,49,378.19627142892625,18531.617300017388,0.025,50,1.25,Vanilla MPC,61
True,REACHED,1.2999999999999994,1.2999999999999994,43.67365048734866,8.883037447961937e-08,0,52,329.1582173061705,17116.227299920865,0.025,50,1.25,Vanilla MPC,62
False,INFEASIBLE_STEP1,,0.0,0.0,2.699796154485192,1,0,1463.1985000014538,1463.1985000014538,0.025,50,1.25,Vanilla MPC,63
True,REACHED,0.6500000000000002,0.6500000000000002,16.646067197750654,1.3359502371584402,0,26,430.12155000010705,11183.160300002783,0.025,50,1.25,Vanilla MPC,64
True,REACHED,1.3749999999999991,1.3749999999999991,48.27538223458924,2.896761010558189e-06,0,55,333.00714181810196,18315.392799995607,0.025,50,1.25,Vanilla MPC,65
True,REACHED,0.8500000000000004,0.8500000000000004,22.598376050130394,0.5615550405915128,0,34,288.59899411712405,9812.365799982217,0.025,50,1.25,Vanilla MPC,66
True,REACHED,1.3499999999999992,1.3499999999999992,45.630605010495124,8.999649401842851e-07,0,54,353.2402111126834,19074.971400084905,0.025,50,1.25,Vanilla MPC,67
False,INFEASIBLE_STEP1,,0.0,0.0,3.791573024661823,1,0,1879.6277999936137,1879.6277999936137,0.025,50,1.25,Vanilla MPC,68
True,REACHED,0.6750000000000003,0.6750000000000003,15.88968270236476,3.549362557679649e-06,0,27,342.221633332816,9239.984099986032,0.025,50,1.25,Vanilla MPC,69
True,REACHED,0.7750000000000004,0.7750000000000004,12.57652765454827,2.632577243571596e-06,0,31,248.30780645190256,7697.54200000898,0.025,50,1.25,Vanilla MPC,70
True,REACHED,1.3249999999999993,1.3249999999999993,36.210519284598156,7.672808303014267e-07,0,53,328.1909169811527,17394.118600001093,0.025,50,1.25,Vanilla MPC,71
True,REACHED,0.9000000000000005,0.9000000000000005,24.415693138837376,3.5077195419537467e-07,0,36,263.53930555463495,9487.414999966859,0.025,50,1.25,Vanilla MPC,72
True,REACHED,0.3,0.3,5.074988709182921,1.5895489054684828,0,12,270.3506833337694,3244.2082000052324,0.025,50,1.25,Vanilla MPC,73
False,INFEASIBLE_STEP1,,0.0,0.0,4.344789744581988,1,0,1561.5742999943905,1561.5742999943905,0.025,50,1.25,Vanilla MPC,74
False,INFEASIBLE_STEP1,,0.0,0.0,6.522670699606722,1,0,2191.2697999941884,2191.2697999941884,0.025,50,1.25,Vanilla MPC,75
True,REACHED,0.6250000000000002,0.6250000000000002,13.901977519598669,3.9214457100902744,0,25,286.32304399914574,7158.0760999786435,0.025,50,1.25,Vanilla MPC,76
True,REACHED,1.2999999999999994,1.2999999999999994,35.25112323301501,2.839412195532672e-06,0,52,302.35764807842384,15722.59770007804,0.025,50,1.25,Vanilla MPC,77
True,REACHED,1.3249999999999993,1.3249999999999993,34.42845052518753,3.8036444622444876e-06,0,53,311.6000943398762,16514.80500001344,0.025,50,1.25,Vanilla MPC,78
True,REACHED,0.6250000000000002,0.6250000000000002,14.296607491588766,2.130234368420517e-05,0,25,314.87788400030695,7871.947100007674,0.025,50,1.25,Vanilla MPC,79
True,REACHED,1.3249999999999993,1.3249999999999993,44.083847073265616,6.983679016966486e-06,0,53,315.99124905846594,16747.536200098693,0.025,50,1.25,Vanilla MPC,80
True,REACHED,0.7500000000000003,0.7500000000000003,16.066795768245388,2.258380932237251e-06,0,30,341.355656668505,10240.66970005515,0.025,50,1.25,Vanilla MPC,81
True,REACHED,1.2749999999999995,1.2749999999999995,36.255637569720896,1.6897362399948855e-06,0,51,370.08042352852715,18874.101599954884,0.025,50,1.25,Vanilla MPC,82
True,REACHED,0.9250000000000005,0.9250000000000005,28.355168087770434,8.918922162373477e-07,0,37,317.5472162150293,11749.246999956085,0.025,50,1.25,Vanilla MPC,83
True,REACHED,0.27499999999999997,0.27499999999999997,6.323652812973869,5.204827134683885,0,11,382.08080908886836,4202.888899977552,0.025,50,1.25,Vanilla MPC,84
False,INFEASIBLE_STEP1,,0.0,0.0,8.496681644949996,1,0,3508.642200002214,3508.642200002214,0.025,50,1.25,Vanilla MPC,85
False,INFEASIBLE_STEP1,,0.0,0.0,4.8990057720047595,1,0,3612.938199992641,3612.938199992641,0.025,50,1.25,Vanilla MPC,86
True,REACHED,0.8000000000000004,0.8000000000000004,18.484851336711372,1.1396021482233747,0,32,318.3711437504826,10187.876600015443,0.025,50,1.25,Vanilla MPC,87
True,REACHED,1.15,1.15,28.081711736051055,3.044489148701972e-06,0,46,333.35211739176884,15334.197400021367,0.025,50,1.25,Vanilla MPC,88
True,REACHED,1.125,1.125,29.066561364243817,1.2181005249435609e-06,0,45,319.50854889000766,14377.884700050345,0.025,50,1.25,Vanilla MPC,89
True,REACHED,0.8250000000000004,0.8250000000000004,16.514753281778585,0.04535616056863817,0,33,360.37350606233247,11892.325700056972,0.025,50,1.25,Vanilla MPC,90
False,INFEASIBLE_STEP1,,0.0,0.0,5.893491440726705,1,0,2133.2222999917576,2133.2222999917576,0.025,50,1.25,Vanilla MPC,91
True,REACHED,1.2499999999999996,1.2499999999999996,38.483006355493686,2.742210593153732e-07,0,50,288.8296939988504,14441.48469994252,0.025,50,1.25,Vanilla MPC,92
True,REACHED,0.9500000000000005,0.9500000000000005,16.791136571485907,2.3799089612946824e-06,0,38,264.72305000022874,10059.475900008692,0.025,50,1.25,Vanilla MPC,93
True,REACHED,0.8500000000000004,0.8500000000000004,16.66768860665237,1.386147390182502e-06,0,34,275.31449706079644,9360.692900067079,0.025,50,1.25,Vanilla MPC,94
True,REACHED,1.0500000000000003,1.0500000000000003,27.29663693331092,2.6446360893962323e-06,0,42,277.9947333325427,11675.778799966793,0.025,50,1.25,Vanilla MPC,95
True,REACHED,1.424999999999999,1.424999999999999,52.017968362733235,6.939195093014448e-07,0,57,273.39712807065155,15583.636300027138,0.025,50,1.25,Vanilla MPC,96
True,REACHED,1.3749999999999991,1.3749999999999991,49.02865856199757,6.858400408678953e-06,0,55,246.282560000757,13545.540800041636,0.025,50,1.25,Vanilla MPC,97
False,INFEASIBLE_STEP1,,0.0,0.0,6.452721267129129,1,0,1883.799999995972,1883.799999995972,0.025,50,1.25,Vanilla MPC,98
True,REACHED,0.4000000000000001,0.4000000000000001,9.406529028196337,7.620092577108419,0,16,307.5609687502947,4920.975500004715,0.025,50,1.25,Vanilla MPC,99
True,REACHED,0.9000000000000005,0.9000000000000005,25.91366541298782,9.320404501632701e-07,0,36,299.8801777773931,10795.686399986153,0.025,50,1.25,Vanilla MPC,100
False,INFEASIBLE_STEP1,,0.0,0.0,1.4566787727302752,1,0,2007.2572999924887,2007.2572999924887,0.025,50,1.25,Vanilla MPC,101
True,REACHED,1.15,1.15,27.012638751662692,3.954541903812094e-06,0,46,205.2130717388734,9439.801299988176,0.025,50,1.25,Vanilla MPC,102
True,REACHED,0.9750000000000005,0.9750000000000005,29.70124023718978,1.0128319861565146e-06,0,39,207.0225153837759,8073.87809996726,0.025,50,1.25,Vanilla MPC,103
False,INFEASIBLE_STEP1,,0.0,0.0,6.940431112247124,1,0,1762.0174000039697,1762.0174000039697,0.025,50,1.25,Vanilla MPC,104
True,REACHED,1.2499999999999996,1.2499999999999996,30.671703636470987,2.9541156683871956e-06,0,50,248.30734599934658,12415.367299967329,0.025,50,1.25,Vanilla MPC,105
True,REACHED,1.0250000000000004,1.0250000000000004,32.53819247315594,1.7130625044490326e-06,0,41,234.34372682893854,9608.09279998648,0.025,50,1.25,Vanilla MPC,106
True,REACHED,0.9000000000000005,0.9000000000000005,15.524097417802084,1.3626886465870853e-06,0,36,187.3540111127012,6744.744400057243,0.025,50,1.25,Vanilla MPC,107
True,REACHED,1.1,1.1,31.382571392111814,4.1654612977665215e-06,0,44,212.69646590934082,9358.644500010996,0.025,50,1.25,Vanilla MPC,108
True,REACHED,0.6000000000000002,0.6000000000000002,9.801399965351706,3.796552480635968,0,24,193.63623333265423,4647.2695999837015,0.025,50,1.25,Vanilla MPC,109
False,INFEASIBLE_STEP1,,0.0,0.0,4.248083640405753,1,0,2106.9826999882935,2106.9826999882935,0.025,50,1.25,Vanilla MPC,110
False,INFEASIBLE_STEP1,,0.0,0.0,7.590778356202586,1,0,1261.0590999975102,1261.0590999975102,0.025,50,1.25,Vanilla MPC,111
True,REACHED,1.3499999999999992,1.3499999999999992,35.60524851107995,1.1628705932962784e-06,0,54,186.00757592584057,10044.409099995391,0.025,50,1.25,Vanilla MPC,112
True,REACHED,0.5000000000000001,0.5000000000000001,8.86002453100135,1.4692720273931687e-06,0,20,198.23395499988692,3964.6790999977384,0.025,50,1.25,Vanilla MPC,113
True,REACHED,1.424999999999999,1.424999999999999,51.03184279946311,3.1332520727829307e-06,0,57,225.52590877156737,12854.97679997934,0.025,50,1.25,Vanilla MPC,114
True,REACHED,0.9250000000000005,0.9250000000000005,21.2254884249407,2.2859355566343716e-06,0,37,171.1273648637674,6331.712499959394,0.025,50,1.25,Vanilla MPC,115
False,INFEASIBLE_STEP1,,0.0,0.0,0.07152505246789657,1,0,1033.7515999999596,1033.7515999999596,0.025,50,1.25,Vanilla MPC,116
True,REACHED,1.2749999999999995,1.2749999999999995,33.666066489756204,5.614461488837118e-06,0,51,171.5684313721973,8749.989999982063,0.025,50,1.25,Vanilla MPC,117
True,REACHED,1.0250000000000004,1.0250000000000004,30.1671134910898,7.313435081535539e-07,0,41,142.36843658585624,5837.105900020106,0.025,50,1.25,Vanilla MPC,118
True,REACHED,1.2999999999999994,1.2999999999999994,33.14037216148078,2.8350499462173784e-06,0,52,193.11219807731015,10041.834300020128,0.025,50,1.25,Vanilla MPC,119
True,REACHED,1.125,1.125,25.297252942262297,2.313678767067001e-06,0,45,163.7368666664568,7368.1589999905555,0.025,50,1.25,Vanilla MPC,120
True,REACHED,0.4250000000000001,0.4250000000000001,7.470701048823425,0.4314282675742629,0,17,196.07790000137516,3333.324300023378,0.025,50,1.25,Vanilla MPC,121
False,INFEASIBLE_STEP1,,0.0,0.0,9.595733327511628,1,0,1423.9642999891657,1423.9642999891657,0.025,50,1.25,Vanilla MPC,122
False,INFEASIBLE_STEP1,,0.0,0.0,6.575919605703361,1,0,765.8224000042537,765.8224000042537,0.025,50,1.25,Vanilla MPC,123
True,REACHED,1.2499999999999996,1.2499999999999996,32.71185107436993,1.048233129583798e-06,0,50,184.22519200044917,9211.259600022458,0.025,50,1.25,Vanilla MPC,124
True,REACHED,0.8750000000000004,0.8750000000000004,20.133167208331304,9.420446666879266e-07,0,35,147.89604857173148,5176.361700010602,0.025,50,1.25,Vanilla MPC,125
True,REACHED,1.1749999999999998,1.1749999999999998,28.796349546095318,3.1029033442653147e-06,0,47,142.93937872323713,6718.150799992145,0.025,50,1.25,Vanilla MPC,126
True,REACHED,1.2499999999999996,1.2499999999999996,30.186521236338002,3.863836806248752e-06,0,50,149.89793000073405,7494.8965000367025,0.025,50,1.25,Vanilla MPC,127
False,INFEASIBLE_STEP1,,0.0,0.0,5.096699190658456,1,0,767.4037999968277,767.4037999968277,0.025,50,1.25,Vanilla MPC,128
True,REACHED,1.0250000000000004,1.0250000000000004,27.179178988388834,3.5110093326763536e-06,0,41,156.35856341395993,6410.701099972357,0.025,50,1.25,Vanilla MPC,129
True,REACHED,0.7500000000000003,0.7500000000000003,16.03512289002168,1.5722623053993332,0,30,129.51388333264427,3885.4164999793284,0.025,50,1.25,Vanilla MPC,130
True,REACHED,1.2249999999999996,1.2249999999999996,41.40262757425559,2.8801013518199204e-06,0,49,187.94772652873522,9209.438599908026,0.025,50,1.25,Vanilla MPC,131
True,REACHED,0.7750000000000004,0.7750000000000004,14.177366718346669,6.956164000411614,0,31,165.20117419244227,5121.23639996571,0.025,50,1.25,Vanilla MPC,132
True,REACHED,1.1999999999999997,1.1999999999999997,33.91339019721875,3.3023193569125124e-07,0,48,169.76748124883065,8148.839099943871,0.025,50,1.25,Vanilla MPC,133
True,REACHED,0.9500000000000005,0.9500000000000005,16.263534610927987,0.8026824231206191,0,38,166.98923947383025,6345.591100005549,0.025,50,1.25,Vanilla MPC,134
True,REACHED,0.47500000000000014,0.47500000000000014,10.413882770160123,7.566471114432628,0,19,192.29980000129314,3653.6962000245694,0.025,50,1.25,Vanilla MPC,135
True,REACHED,0.8750000000000004,0.8750000000000004,19.142868671118915,1.5778039060915822e-06,0,35,168.19316571553438,5886.760800043703,0.025,50,1.25,Vanilla MPC,136
True,REACHED,1.0250000000000004,1.0250000000000004,23.73475311406041,2.745643906790472e-06,0,41,152.21835122012146,6240.95240002498,0.025,50,1.25,Vanilla MPC,137
True,REACHED,0.8750000000000004,0.8750000000000004,18.331983663386808,2.957444565261884e-06,0,35,170.33202000062116,5961.62070002174,0.025,50,1.25,Vanilla MPC,138
True,REACHED,0.6250000000000002,0.6250000000000002,11.323022022245993,5.182553668461649,0,25,154.59417600068264,3864.854400017066,0.025,50,1.25,Vanilla MPC,139
False,INFEASIBLE_STEP1,,0.0,0.0,4.298763991527994,1,0,552.098100000876,552.098100000876,0.025,50,1.25,Vanilla MPC,140
True,REACHED,0.6250000000000002,0.6250000000000002,14.048696509504316,9.472402385468731,0,25,134.1935719992034,3354.8392999800853,0.025,50,1.25,Vanilla MPC,141
True,REACHED,0.7250000000000003,0.7250000000000003,14.663176365744558,2.3642692330733084,0,29,174.94260000038875,5073.335400011274,0.025,50,1.25,Vanilla MPC,142
True,REACHED,1.0500000000000003,1.0500000000000003,24.36737604337112,2.7707709342399454e-06,0,42,167.5999261902429,7039.196899990202,0.025,50,1.25,Vanilla MPC,143
True,REACHED,0.4000000000000001,0.4000000000000001,8.86793653944856,1.2947264729779853,0,16,149.6412312508255,2394.259700013208,0.025,50,1.25,Vanilla MPC,144
True,REACHED,0.24999999999999997,0.24999999999999997,6.954081183756488,9.443372770590488,0,10,136.82091999944532,1368.2091999944532,0.025,50,1.25,Vanilla MPC,145
True,REACHED,1.1749999999999998,1.1749999999999998,30.682138823065493,1.2967939254498485e-06,0,47,161.57560000020237,7594.053200009512,0.025,50,1.25,Vanilla MPC,146
True,REACHED,0.9500000000000005,0.9500000000000005,19.838645073152154,2.177187882698913e-06,0,38,142.898286840232,5430.134899928817,0.025,50,1.25,Vanilla MPC,147
True,REACHED,0.7250000000000003,0.7250000000000003,21.324793185938805,9.040578582588326,0,29,216.62151379358215,6282.023900013883,0.025,50,1.25,Vanilla MPC,148
True,REACHED,1.0250000000000004,1.0250000000000004,20.51568395837496,3.829759498569247e-06,0,41,144.88698780414558,5940.366499969969,0.025,50,1.25,Vanilla MPC,149
True,REACHED,1.2499999999999996,1.2499999999999996,40.39588366808398,2.4695877859358783e-06,0,50,173.91536000010092,8695.768000005046,0.025,50,1.25,Vanilla MPC,150
True,REACHED,1.2249999999999996,1.2249999999999996,40.88150736794939,2.2404833280754355e-06,0,49,158.63288163203907,7773.011199969915,0.025,50,1.25,Vanilla MPC,151
False,INFEASIBLE_STEP1,,0.0,0.0,0.4470685619030109,1,0,947.4861000053352,947.4861000053352,0.025,50,1.25,Vanilla MPC,152
True,REACHED,1.2999999999999994,1.2999999999999994,35.60741055955133,3.993363953599043e-06,0,52,159.8159096152253,8310.427299991716,0.025,50,1.25,Vanilla MPC,153
True,REACHED,1.2749999999999995,1.2749999999999995,34.952680401019336,8.457902516430378e-07,0,51,172.05425490101334,8774.76699995168,0.025,50,1.25,Vanilla MPC,154
True,REACHED,0.8500000000000004,0.8500000000000004,23.56074372509569,4.4155864823273026e-05,0,34,162.1028382347397,5511.496499981149,0.025,50,1.25,Vanilla MPC,155
True,REACHED,1.2499999999999996,1.2499999999999996,35.66498195237483,7.74474835697498e-07,0,50,161.49228400172433,8074.614200086216,0.025,50,1.25,Vanilla MPC,156
True,REACHED,0.8250000000000004,0.8250000000000004,19.036357828291386,2.4816138669060193e-06,0,33,157.70063636327077,5204.120999987936,0.025,50,1.25,Vanilla MPC,157
False,INFEASIBLE_STEP1,,0.0,0.0,7.8393807299202,1,0,1265.781900001457,1265.781900001457,0.025,50,1.25,Vanilla MPC,158
False,INFEASIBLE_STEP1,,0.0,0.0,4.913651150565764,1,0,883.4093000041321,883.4093000041321,0.025,50,1.25,Vanilla MPC,159
True,REACHED,0.7750000000000004,0.7750000000000004,14.013445736377957,0.8110155509642215,0,31,157.06772903391655,4869.099600051413,0.025,50,1.25,Vanilla MPC,160
True,REACHED,0.5500000000000002,0.5500000000000002,11.415260862436016,9.345608605004816,0,22,133.03672272476516,2926.8078999448335,0.025,50,1.25,Vanilla MPC,161
True,REACHED,0.7250000000000003,0.7250000000000003,14.779982830488931,10.013850938056027,0,29,148.06741379213454,4293.954999971902,0.025,50,1.25,Vanilla MPC,162
True,REACHED,0.5750000000000002,0.5750000000000002,12.611151728974507,9.561516822759849,0,23,139.2138130423795,3201.9176999747287,0.025,50,1.25,Vanilla MPC,163
True,REACHED,0.7250000000000003,0.7250000000000003,16.647396917811644,7.186822430939988e-06,0,29,140.4243965521816,4072.3075000132667,0.025,50,1.25,Vanilla MPC,164
True,REACHED,0.5750000000000002,0.5750000000000002,11.423642949890855,5.154294992256547,0,23,143.06399565185015,3290.4718999925535,0.025,50,1.25,Vanilla MPC,165
False,INFEASIBLE_STEP1,,0.0,0.0,8.247228528302633,1,0,519.9642000079621,519.9642000079621,0.025,50,1.25,Vanilla MPC,166
True,REACHED,1.424999999999999,1.424999999999999,51.423545111777244,2.0545181299663977e-06,0,57,161.21845263216784,9189.451800033567,0.025,50,1.25,Vanilla MPC,167
True,REACHED,0.6750000000000003,0.6750000000000003,16.521840280102825,7.923581026744898,0,27,185.01032962942392,4995.278899994446,0.025,50,1.25,Vanilla MPC,168
False,INFEASIBLE_STEP1,,0.0,0.0,6.388879845962428,1,0,866.33509999956,866.33509999956,0.025,50,1.25,Vanilla MPC,169
True,REACHED,0.8000000000000004,0.8000000000000004,14.576295739513709,3.035750931339941e-07,0,32,171.77108437499555,5496.674699999858,0.025,50,1.25,Vanilla MPC,170
True,REACHED,1.1999999999999997,1.1999999999999997,31.583698592928144,2.4093129886899435e-06,0,48,148.73477500107887,7139.269200051785,0.025,50,1.25,Vanilla MPC,171
False,INFEASIBLE_STEP1,,0.0,0.0,0.7076548625108998,1,0,528.4105000027921,528.4105000027921,0.025,50,1.25,Vanilla MPC,172
True,REACHED,0.7000000000000003,0.7000000000000003,15.705204020203182,3.129480915252962e-06,0,28,176.43272142803264,4940.116199984914,0.025,50,1.25,Vanilla MPC,173
True,REACHED,1.2999999999999994,1.2999999999999994,45.81964084861335,1.817403889489469e-06,0,52,175.09986538341485,9105.192999937572,0.025,50,1.25,Vanilla MPC,174
True,REACHED,0.8500000000000004,0.8500000000000004,18.068186719619604,3.704998655296873e-06,0,34,148.40786764954615,5045.867500084569,0.025,50,1.25,Vanilla MPC,175
False,INFEASIBLE_STEP1,,0.0,0.0,5.673827016071063,1,0,3472.8268000035314,3472.8268000035314,0.025,50,1.25,Vanilla MPC,176
False,INFEASIBLE_MID,,0.5500000000000002,21.12269125519663,-8.982684255607328e-08,1,22,201.81503478354148,4641.745800021454,0.025,50,1.25,Vanilla MPC,177
True,REACHED,0.6000000000000002,0.6000000000000002,14.451132324692521,1.1459118237979027,0,24,165.81016249741273,3979.4438999379054,0.025,50,1.25,Vanilla MPC,178
False,INFEASIBLE_STEP1,,0.0,0.0,8.61093265353116,1,0,807.080099999439,807.080099999439,0.025,50,1.25,Vanilla MPC,179
True,REACHED,1.1749999999999998,1.1749999999999998,37.85424551901055,4.8436654904119315e-06,0,47,162.07873404237807,7617.70049999177,0.025,50,1.25,Vanilla MPC,180
True,REACHED,0.9500000000000005,0.9500000000000005,19.55712200959387,2.2011410588633773e-06,0,38,145.58537105116747,5532.244099944364,0.025,50,1.25,Vanilla MPC,181
True,REACHED,0.9500000000000005,0.9500000000000005,18.34136519333354,0.00010389508179689537,0,38,151.23655526411696,5746.989100036444,0.025,50,1.25,Vanilla MPC,182
False,INFEASIBLE_MID,,0.4250000000000001,11.960534155660742,-6.575121911173812e-08,1,17,154.66627777803095,2783.993000004557,0.025,50,1.25,Vanilla MPC,183
False,INFEASIBLE_STEP1,,0.0,0.0,9.645541436296318,1,0,933.2868999917991,933.2868999917991,0.025,50,1.25,Vanilla MPC,184
True,REACHED,1.0250000000000004,1.0250000000000004,22.53030250904817,2.3284559541102353e-06,0,41,145.66442195152888,5972.2413000126835,0.025,50,1.25,Vanilla MPC,185
True,REACHED,0.9750000000000005,0.9750000000000005,18.688816688447236,3.592515925074393e-06,0,39,150.07256410078693,5852.829999930691,0.025,50,1.25,Vanilla MPC,186
True,REACHED,0.6250000000000002,0.6250000000000002,10.354195890694168,9.318000437194842,0,25,160.20465600129683,4005.1164000324206,0.025,50,1.25,Vanilla MPC,187
True,REACHED,0.27499999999999997,0.27499999999999997,6.683434197560253,4.931366337170132,0,11,202.47827272661115,2227.2609999927226,0.025,50,1.25,Vanilla MPC,188
True,REACHED,0.7250000000000003,0.7250000000000003,12.504264922590643,9.13536861198727,0,29,132.22961379305443,3834.6587999985786,0.025,50,1.25,Vanilla MPC,189
True,REACHED,1.2499999999999996,1.2499999999999996,30.306898790223656,3.791073296540265e-06,0,50,149.5574480004143,7477.872400020715,0.025,50,1.25,Vanilla MPC,190
True,REACHED,0.4500000000000001,0.4500000000000001,9.678683095174145,3.6331767211760693,0,18,204.38400555414975,3678.9120999746956,0.025,50,1.25,Vanilla MPC,191
True,REACHED,0.4000000000000001,0.4000000000000001,9.528888138020994,9.709399899629618,0,16,150.91960625159118,2414.713700025459,0.025,50,1.25,Vanilla MPC,192
True,REACHED,1.1,1.1,27.6454249750715,4.039811608506452e-06,0,44,150.06676136346704,6602.937499992549,0.025,50,1.25,Vanilla MPC,193
True,REACHED,1.3249999999999993,1.3249999999999993,34.39160066362268,3.241696276626304e-06,0,53,163.6476981127415,8673.3279999753,0.025,50,1.25,Vanilla MPC,194
True,REACHED,1.3249999999999993,1.3249999999999993,36.5219321951949,7.378976872538994e-07,0,53,188.33637358384638,9981.827799943858,0.025,50,1.25,Vanilla MPC,195
True,REACHED,1.15,1.15,29.859710941186922,5.317391649349482e-06,0,46,159.7307782617661,7347.61580004124,0.025,50,1.25,Vanilla MPC,196
True,REACHED,0.9000000000000005,0.9000000000000005,24.00857767938402,8.002951481007607e-05,0,36,171.51278888842273,6174.460399983218,0.025,50,1.25,Vanilla MPC,197
True,REACHED,0.27499999999999997,0.27499999999999997,5.553733606940766,4.31472724391081,0,11,169.81200909173242,1867.9321000090567,0.025,50,1.25,Vanilla MPC,198
True,REACHED,0.8500000000000004,0.8500000000000004,16.918638316912652,5.7979953938466695e-08,0,34,143.53267058964667,4880.110800047987,0.025,50,1.25,Vanilla MPC,199
False,INFEASIBLE_STEP1,,0.0,0.0,6.893446252044973,1,0,1315.3253000054974,1315.3253000054974,0.025,50,1.25,Vanilla MPC,200
True,REACHED,1.0750000000000002,1.0750000000000002,33.79339363153974,6.553298914342986e-07,0,43,146.65824186217938,6306.304400073714,0.025,50,1.25,Vanilla MPC,201
True,REACHED,0.325,0.325,8.129455396465053,3.51586007330208,0,13,163.28780000129393,2122.741400016821,0.025,50,1.25,Vanilla MPC,202
True,REACHED,0.6000000000000002,0.6000000000000002,15.181692520676483,9.577431984729133,0,24,169.5634958341543,4069.5239000197034,0.025,50,1.25,Vanilla MPC,203
True,REACHED,0.19999999999999998,0.19999999999999998,5.852701014571687,4.904673199184427,0,8,129.9734999975044,1039.7879999800352,0.025,50,1.25,Vanilla MPC,204
True,REACHED,1.1749999999999998,1.1749999999999998,30.263195840433315,4.881200273982796e-06,0,47,173.92817021228691,8174.623999977484,0.025,50,1.25,Vanilla MPC,205
True,REACHED,0.8500000000000004,0.8500000000000004,14.763163301821633,2.6076061006745024e-06,0,34,150.4478441180682,5115.226700014318,0.025,50,1.25,Vanilla MPC,206
True,REACHED,0.9000000000000005,0.9000000000000005,20.90660800339694,0.13655967229367036,0,36,149.7350361128661,5390.46130006318,0.025,50,1.25,Vanilla MPC,207
False,INFEASIBLE_STEP1,,0.0,0.0,2.1792405646321242,1,0,1137.0291000057478,1137.0291000057478,0.025,50,1.25,Vanilla MPC,208
True,REACHED,0.6000000000000002,0.6000000000000002,13.39988439781622,5.044381382043075,0,24,142.64382916796117,3423.4519000310684,0.025,50,1.25,Vanilla MPC,209
False,INFEASIBLE_STEP1,,0.0,0.0,6.051647726179743,1,0,725.1161000021966,725.1161000021966,0.025,50,1.25,Vanilla MPC,210
True,REACHED,1.3249999999999993,1.3249999999999993,43.67333090065205,1.4311495159711075e-06,0,53,166.46777358420087,8822.791999962647,0.025,50,1.25,Vanilla MPC,211
True,REACHED,1.3749999999999991,1.3749999999999991,42.91547146510835,-9.597012262749066e-09,0,55,168.10250909157648,9245.638000036706,0.025,50,1.25,Vanilla MPC,212
True,REACHED,1.3499999999999992,1.3499999999999992,45.55306110844221,-1.9466838434170358e-08,0,54,169.59795555535325,9158.289599989075,0.025,50,1.25,Vanilla MPC,213
True,REACHED,0.7500000000000003,0.7500000000000003,14.37473828978259,8.894220198971551,0,30,145.12463999999454,4353.739199999836,0.025,50,1.25,Vanilla MPC,214
True,REACHED,1.399999999999999,1.399999999999999,38.917753668977966,1.173335430622925e-06,0,56,164.4187392872222,9207.449400084442,0.025,50,1.25,Vanilla MPC,215
True,REACHED,1.15,1.15,31.760932680450072,3.7697301058813546e-06,0,46,181.86016521592492,8365.567599932547,0.025,50,1.25,Vanilla MPC,216
True,REACHED,1.0000000000000004,1.0000000000000004,22.90123750838881,3.499334619979626e-06,0,40,147.81001250084955,5912.400500033982,0.025,50,1.25,Vanilla MPC,217
True,REACHED,1.399999999999999,1.399999999999999,40.27788284893935,3.356044704564441e-07,0,56,163.0315160720264,9129.764900033479,0.025,50,1.25,Vanilla MPC,218
False,INFEASIBLE_STEP1,,0.0,0.0,8.958394422107974,1,0,1191.6204000008292,1191.6204000008292,0.025,50,1.25,Vanilla MPC,219
False,INFEASIBLE_STEP1,,0.0,0.0,5.032182301587035,1,0,1019.0757000091253,1019.0757000091253,0.025,50,1.25,Vanilla MPC,220
True,REACHED,0.6250000000000002,0.6250000000000002,13.135223701283289,7.6211101839695115,0,25,174.10219200188294,4352.5548000470735,0.025,50,1.25,Vanilla MPC,221
False,INFEASIBLE_STEP1,,0.0,0.0,6.677939416749844,1,0,1416.5054000040982,1416.5054000040982,0.025,50,1.25,Vanilla MPC,222
True,REACHED,0.7500000000000003,0.7500000000000003,17.322716126940573,1.9018928001643185,0,30,165.83695333247306,4975.108599974192,0.025,50,1.25,Vanilla MPC,223
False,INFEASIBLE_STEP1,,0.0,0.0,7.35160282225229,1,0,924.8364999948535,924.8364999948535,0.025,50,1.25,Vanilla MPC,224
False,INFEASIBLE_STEP1,,0.0,0.0,8.978215246183318,1,0,861.2992000125814,861.2992000125814,0.025,50,1.25,Vanilla MPC,225
True,REACHED,0.7000000000000003,0.7000000000000003,17.123239104590443,4.743078783853254e-06,0,28,192.90627142981975,5401.375600034953,0.025,50,1.25,Vanilla MPC,226
True,REACHED,1.3249999999999993,1.3249999999999993,33.04447533609041,5.183362035590544e-06,0,53,164.71721886828507,8730.012600019109,0.025,50,1.25,Vanilla MPC,227
False,INFEASIBLE_STEP1,,0.0,0.0,1.303860872397864,1,0,3471.851999987848,3471.851999987848,0.025,50,1.25,Vanilla MPC,228
True,REACHED,0.8750000000000004,0.8750000000000004,16.81900714583985,7.1013231907005805,0,35,191.35436285786065,6697.402700025123,0.025,50,1.25,Vanilla MPC,229
True,REACHED,1.2249999999999996,1.2249999999999996,30.81868138151166,3.41987321897811e-06,0,49,230.64056326449867,11301.387599960435,0.025,50,1.25,Vanilla MPC,230
True,REACHED,0.9250000000000005,0.9250000000000005,23.139783577549277,3.1064975282324345e-06,0,37,168.8621864847625,6247.900899936212,0.025,50,1.25,Vanilla MPC,231
True,REACHED,1.424999999999999,1.424999999999999,49.139451125584166,2.1634787233990848e-06,0,57,194.25372455959422,11072.46229989687,0.025,50,1.25,Vanilla MPC,232
False,INFEASIBLE_STEP1,,0.0,0.0,9.366790261299789,1,0,1525.0894999917364,1525.0894999917364,0.025,50,1.25,Vanilla MPC,233
True,REACHED,0.7500000000000003,0.7500000000000003,13.453982794716294,6.611690962772899,0,30,205.77167333443262,6173.150200032978,0.025,50,1.25,Vanilla MPC,234
False,INFEASIBLE_STEP1,,0.0,0.0,1.5848291803492158,1,0,719.1334999952232,719.1334999952232,0.025,50,1.25,Vanilla MPC,235
False,INFEASIBLE_STEP1,,0.0,0.0,2.1057886397438605,1,0,450.0472999934573,450.0472999934573,0.025,50,1.25,Vanilla MPC,236
False,INFEASIBLE_STEP1,,0.0,0.0,6.132765677270687,1,0,787.4397999985376,787.4397999985376,0.025,50,1.25,Vanilla MPC,237
True,REACHED,1.399999999999999,1.399999999999999,50.26313628996561,2.3693373671129616e-06,0,56,195.18395714242484,10930.301599975792,0.025,50,1.25,Vanilla MPC,238
True,REACHED,0.9750000000000005,0.9750000000000005,25.611233974664827,3.3658928127144198e-06,0,39,165.29181025562605,6446.380599969416,0.025,50,1.25,Vanilla MPC,239
True,REACHED,1.0000000000000004,1.0000000000000004,28.355773226000306,2.0340986618427875e-06,0,40,182.5579275009659,7302.3171000386355,0.025,50,1.25,Vanilla MPC,240
True,REACHED,0.4500000000000001,0.4500000000000001,7.20554991399607,4.691209065943788,0,18,233.20295555620558,4197.6532000117,0.025,50,1.25,Vanilla MPC,241
True,REACHED,1.125,1.125,24.8177843117742,2.274007979165872e-06,0,45,161.70737777849556,7276.8320000323,0.025,50,1.25,Vanilla MPC,242
True,REACHED,0.9250000000000005,0.9250000000000005,22.33562078971926,2.8105238590292792e-06,0,37,157.70850540610735,5835.214700025972,0.025,50,1.25,Vanilla MPC,243
True,REACHED,1.0500000000000003,1.0500000000000003,25.273418770552137,2.7961346187010377e-06,0,42,180.33682142829224,7574.146499988274,0.025,50,1.25,Vanilla MPC,244
True,REACHED,1.2749999999999995,1.2749999999999995,44.377561570442786,1.0837682474978811e-05,0,51,191.68473725314433,9775.921599910362,0.025,50,1.25,Vanilla MPC,245
True,REACHED,0.22499999999999998,0.22499999999999998,5.099224808926403,1.324256524561798,0,9,271.3624999984556,2442.2624999861,0.025,50,1.25,Vanilla MPC,246
False,INFEASIBLE_STEP1,,0.0,0.0,1.5470508228239142,1,0,1219.6045000018785,1219.6045000018785,0.025,50,1.25,Vanilla MPC,247
True,REACHED,1.125,1.125,26.540103470859524,3.6269165373065447e-06,0,45,140.07848888900804,6303.532000005362,0.025,50,1.25,Vanilla MPC,248
True,REACHED,0.4500000000000001,0.4500000000000001,6.682841193643679,1.6083150695995119,0,18,148.88196111052014,2679.8752999893622,0.025,50,1.25,Vanilla MPC,249
True,REACHED,0.5000000000000001,0.5000000000000001,8.984924754527137,3.0969793898606057,0,20,228.8806900010968,4577.613800021936,0.025,50,1.25,Vanilla MPC,250
True,REACHED,0.8750000000000004,0.8750000000000004,17.27725460369473,4.4186793205417175e-06,0,35,154.39132571295235,5403.696399953333,0.025,50,1.25,Vanilla MPC,251
False,INFEASIBLE_STEP1,,0.0,0.0,6.745077591929051,1,0,1019.0845000033733,1019.0845000033733,0.025,50,1.25,Vanilla MPC,252
True,REACHED,1.2249999999999996,1.2249999999999996,32.83608565024545,1.941645287640445e-06,0,49,137.38045510206354,6731.642300001113,0.025,50,1.25,Vanilla MPC,253
True,REACHED,0.9250000000000005,0.9250000000000005,21.174109675249877,3.1370395868574536e-06,0,37,160.45923513514492,5936.9917000003625,0.025,50,1.25,Vanilla MPC,254
True,REACHED,1.2499999999999996,1.2499999999999996,39.356267516915764,3.172002608183539e-07,0,50,164.3050820013741,8215.254100068705,0.025,50,1.25,Vanilla MPC,255
False,INFEASIBLE_STEP1,,0.0,0.0,8.621591391966941,1,0,1516.8743999965955,1516.8743999965955,0.025,50,1.25,Vanilla MPC,256
True,REACHED,1.3499999999999992,1.3499999999999992,39.5834276603676,7.068321018393596e-08,0,54,163.3585203698776,8821.36009997339,0.025,50,1.25,Vanilla MPC,257
True,REACHED,1.1749999999999998,1.1749999999999998,27.75558281671785,9.100869774066235e-07,0,47,172.51436170277265,8108.175000030315,0.025,50,1.25,Vanilla MPC,258
True,REACHED,0.8000000000000004,0.8000000000000004,17.91867576894331,0.00016169417044923845,0,32,169.77642187612219,5432.84550003591,0.025,50,1.25,Vanilla MPC,259
True,REACHED,0.27499999999999997,0.27499999999999997,5.277268370799441,8.917775936669534,0,11,124.851827271579,1373.370099987369,0.025,50,1.25,Vanilla MPC,260
True,REACHED,0.5750000000000002,0.5750000000000002,10.139334796835572,0.16875121193408374,0,23,135.73130869696362,3121.8201000301633,0.025,50,1.25,Vanilla MPC,261
True,REACHED,0.22499999999999998,0.22499999999999998,2.111508437539588,2.3922237773802837,0,9,148.43096666542502,1335.8786999888252,0.025,50,1.25,Vanilla MPC,262
False,INFEASIBLE_STEP1,,0.0,0.0,3.007169334107044,1,0,467.9778999998234,467.9778999998234,0.025,50,1.25,Vanilla MPC,263
True,REACHED,0.6750000000000003,0.6750000000000003,15.808325741609893,7.159212465251723,0,27,131.6712370381639,3555.123400030425,0.025,50,1.25,Vanilla MPC,264
True,REACHED,0.8250000000000004,0.8250000000000004,16.18329764912357,6.441775998838764e-06,0,33,139.24928181839994,4595.226300007198,0.025,50,1.25,Vanilla MPC,265
True,REACHED,1.3749999999999991,1.3749999999999991,36.88724269791066,8.929881114512659e-07,0,55,160.06047454509164,8803.32609998004,0.025,50,1.25,Vanilla MPC,266
True,REACHED,0.7250000000000003,0.7250000000000003,16.758118278846858,7.803167377182654,0,29,134.58824827604735,3903.059200005373,0.025,50,1.25,Vanilla MPC,267
True,REACHED,0.8000000000000004,0.8000000000000004,14.970957134569083,4.349354203885742,0,32,134.18835312495503,4294.027299998561,0.025,50,1.25,Vanilla MPC,268
True,REACHED,0.7250000000000003,0.7250000000000003,17.73534213104093,6.033862898828707e-07,0,29,156.39728275860324,4535.521199999494,0.025,50,1.25,Vanilla MPC,269
False,INFEASIBLE_STEP1,,0.0,0.0,0.7572005055600882,1,0,325.3088000055868,325.3088000055868,0.025,50,1.25,Vanilla MPC,270
True,REACHED,0.8500000000000004,0.8500000000000004,14.755758718825497,4.752691993228464,0,34,132.2195882359451,4495.466000022134,0.025,50,1.25,Vanilla MPC,271
True,REACHED,0.6750000000000003,0.6750000000000003,9.791934574460287,3.5232989839875293,0,27,156.61391481558826,4228.575700020883,0.025,50,1.25,Vanilla MPC,272
True,REACHED,0.35000000000000003,0.35000000000000003,8.990208711227194,9.25322251230355,0,14,145.07249285712274,2031.0148999997182,0.025,50,1.25,Vanilla MPC,273
True,REACHED,1.3749999999999991,1.3749999999999991,46.84461303265543,2.8754265272344043e-06,0,55,165.172438180889,9084.484099948895,0.025,50,1.25,Vanilla MPC,274
False,INFEASIBLE_STEP1,,0.0,0.0,8.365289475292018,1,0,1105.7041000021854,1105.7041000021854,0.025,50,1.25,Vanilla MPC,275
True,REACHED,0.7250000000000003,0.7250000000000003,14.820674026643818,0.00010663843796836736,0,29,139.4829965514685,4045.006899992586,0.025,50,1.25,Vanilla MPC,276
True,REACHED,0.8750000000000004,0.8750000000000004,17.937800650049073,1.8201347540581512e-06,0,35,130.72614857186895,4575.415200015414,0.025,50,1.25,Vanilla MPC,277
False,INFEASIBLE_STEP1,,0.0,0.0,5.889640587736337,1,0,1409.3687000131467,1409.3687000131467,0.025,50,1.25,Vanilla MPC,278
True,REACHED,0.7750000000000004,0.7750000000000004,21.215606987107705,3.963411602882017e-06,0,31,151.0262225811828,4681.812900016666,0.025,50,1.25,Vanilla MPC,279
True,REACHED,1.0000000000000004,1.0000000000000004,29.026976711957783,2.427438652770598e-07,0,40,148.793952500273,5951.75810001092,0.025,50,1.25,Vanilla MPC,280
False,INFEASIBLE_STEP1,,0.0,0.0,0.7443952927132589,1,0,512.3192000028212,512.3192000028212,0.025,50,1.25,Vanilla MPC,281
True,REACHED,1.0250000000000004,1.0250000000000004,19.794996442576462,2.122816684602627e-06,0,41,133.00977805068592,5453.4009000781225,0.025,50,1.25,Vanilla MPC,282
True,REACHED,0.6250000000000002,0.6250000000000002,9.687908465597852,8.627163707058559,0,25,135.9540879999986,3398.852199999965,0.025,50,1.25,Vanilla MPC,283
False,INFEASIBLE_STEP1,,0.0,0.0,6.996932887009392,1,0,888.183700008085,888.183700008085,0.025,50,1.25,Vanilla MPC,284
True,REACHED,1.1,1.1,30.084866600869926,1.3963444029626417e-06,0,44,160.2320136371418,7050.208600034239,0.025,50,1.25,Vanilla MPC,285
True,REACHED,1.125,1.125,35.19695387844249,5.555643668880768e-07,0,45,144.01120000111405,6480.504000050132,0.025,50,1.25,Vanilla MPC,286
True,REACHED,0.7250000000000003,0.7250000000000003,17.44904238526503,2.067654090369743,0,29,152.8323517248219,4432.1382000198355,0.025,50,1.25,Vanilla MPC,287
False,INFEASIBLE_STEP1,,0.0,0.0,4.23793482784244,1,0,1179.2150000110269,1179.2150000110269,0.025,50,1.25,Vanilla MPC,288
True,REACHED,1.2999999999999994,1.2999999999999994,36.28439100370277,2.424058333378698e-06,0,52,158.58776538460427,8246.563799999421,0.025,50,1.25,Vanilla MPC,289
True,REACHED,0.6750000000000003,0.6750000000000003,14.971560370443486,1.1630479126593496,0,27,157.6186592579621,4255.7037999649765,0.025,50,1.25,Vanilla MPC,290
True,REACHED,0.9000000000000005,0.9000000000000005,18.12813627583953,6.323362154964551,0,36,148.11154722216693,5332.01569999801,0.025,50,1.25,Vanilla MPC,291
True,REACHED,0.6750000000000003,0.6750000000000003,14.977425881100334,1.2269311690889882e-06,0,27,141.08223703698496,3809.220399998594,0.025,50,1.25,Vanilla MPC,292
False,INFEASIBLE_STEP1,,0.0,0.0,8.548563267697343,1,0,811.5733000013279,811.5733000013279,0.025,50,1.25,Vanilla MPC,293
True,REACHED,0.5750000000000002,0.5750000000000002,12.175793184033713,7.7796267936965515,0,23,160.63616956196947,3694.631899925298,0.025,50,1.25,Vanilla MPC,294
False,INFEASIBLE_STEP1,,0.0,0.0,4.466840642727727,1,0,501.5761999966344,501.5761999966344,0.025,50,1.25,Vanilla MPC,295
True,REACHED,0.7500000000000003,0.7500000000000003,20.504756471144415,3.280794936581193e-06,0,30,157.2039233321751,4716.1176999652525,0.025,50,1.25,Vanilla MPC,296
True,REACHED,1.2999999999999994,1.2999999999999994,36.576531012229324,2.8938465240331566e-06,0,52,168.04088076857553,8738.125799965928,0.025,50,1.25,Vanilla MPC,297
True,REACHED,1.424999999999999,1.424999999999999,50.664086322476116,1.7920448140785779e-06,0,57,175.16273333310158,9984.27579998679,0.025,50,1.25,Vanilla MPC,298
True,REACHED,1.0500000000000003,1.0500000000000003,19.301545682092982,0.0009613358941826572,0,42,173.90196666868482,7303.882600084762,0.025,50,1.25,Vanilla MPC,299
False,INFEASIBLE_MID,,0.6000000000000002,18.715040296033038,-1.3989880875798265e-07,1,24,329.9477640038822,8248.694100097055,0.025,50,1.25,RA-MPC,0
True,REACHED,1.1999999999999997,1.1999999999999997,41.79155060883357,3.42693627864979e-06,0,48,199.26290416788106,9564.619400058291,0.025,50,1.25,RA-MPC,1
True,REACHED,0.5750000000000002,0.5750000000000002,16.489088586733978,5.592582002116371,0,23,342.440521739975,7876.132000019425,0.025,50,1.25,RA-MPC,2
True,REACHED,0.5000000000000001,0.5000000000000001,9.432608295223842,1.484583877109679,0,20,351.087435001682,7021.7487000336405,0.025,50,1.25,RA-MPC,3
True,REACHED,1.3499999999999992,1.3499999999999992,47.857966081543026,1.2864690279897253e-06,0,54,239.81932407332351,12950.24349995947,0.025,50,1.25,RA-MPC,4
True,REACHED,0.5250000000000001,0.5250000000000001,8.80829231832847,2.4800925314695488,0,21,316.49193333301116,6646.3305999932345,0.025,50,1.25,RA-MPC,5
True,REACHED,1.3749999999999991,1.3749999999999991,34.983044256123385,2.54962014563027e-06,0,55,269.5176399990239,14823.470199946314,0.025,50,1.25,RA-MPC,6
True,REACHED,0.8750000000000004,0.8750000000000004,15.363800946024945,3.293572018575018,0,35,237.0982885722437,8298.440100028529,0.025,50,1.25,RA-MPC,7
True,REACHED,0.7500000000000003,0.7500000000000003,19.808137623890264,1.1117244181245421e-05,0,30,279.3400233334978,8380.200700004934,0.025,50,1.25,RA-MPC,8
True,REACHED,1.0000000000000004,1.0000000000000004,29.826887389610476,6.987458096211202e-07,0,40,200.8630224994704,8034.520899978816,0.025,50,1.25,RA-MPC,9
True,REACHED,0.8000000000000004,0.8000000000000004,19.436847578397288,2.82341585044732,0,32,210.49670937463816,6735.894699988421,0.025,50,1.25,RA-MPC,10
True,REACHED,0.4000000000000001,0.4000000000000001,10.90420089610585,2.476517752179536,0,16,245.08973124738986,3921.435699958238,0.025,50,1.25,RA-MPC,11
True,REACHED,0.7750000000000004,0.7750000000000004,11.760217578182738,1.1255362640510584e-05,0,31,175.40068064549666,5437.421100010397,0.025,50,1.25,RA-MPC,12
True,REACHED,0.8750000000000004,0.8750000000000004,23.337996595029118,1.8659593698521589e-06,0,35,231.44120285578538,8100.442099952488,0.025,50,1.25,RA-MPC,13
True,REACHED,1.1749999999999998,1.1749999999999998,28.861348905462116,3.270059962400644e-06,0,47,196.58850425510033,9239.659699989716,0.025,50,1.25,RA-MPC,14
True,REACHED,0.5500000000000002,0.5500000000000002,9.026013294166821,4.382463665389526,0,22,125.20191363529938,2754.442099976586,0.025,50,1.25,RA-MPC,15
True,REACHED,0.5750000000000002,0.5750000000000002,13.266372823517308,2.8176862703649372,0,23,257.22234782638816,5916.114000006928,0.025,50,1.25,RA-MPC,16
True,REACHED,1.3249999999999993,1.3249999999999993,44.3364827377072,2.7156826655362686e-06,0,53,284.8434169814628,15096.701100017526,0.025,50,1.25,RA-MPC,17
True,REACHED,0.5250000000000001,0.5250000000000001,12.064821969070872,5.183022249633856,0,21,358.0069380945393,7518.145699985325,0.025,50,1.25,RA-MPC,18
True,REACHED,1.5499999999999985,1.5499999999999985,45.67848135510496,5.308309298821688e-06,0,62,293.4372629029132,18193.110299980617,0.025,50,1.25,RA-MPC,19
True,REACHED,0.6000000000000002,0.6000000000000002,12.432230304033128,8.697704682276449,0,24,258.0150916686155,6192.362200046773,0.025,50,1.25,RA-MPC,20
True,REACHED,1.3499999999999992,1.3499999999999992,46.3536525598168,2.0183724156499017e-06,0,54,285.2450407417901,15403.232200056664,0.025,50,1.25,RA-MPC,21
True,REACHED,0.19999999999999998,0.19999999999999998,5.095741660385489,9.194602141979937,0,8,296.61264999958803,2372.9011999967042,0.025,50,1.25,RA-MPC,22
True,REACHED,1.6499999999999981,1.6499999999999981,59.28524375069616,9.313535950792666e-07,0,66,356.7027439386231,23542.381099949125,0.025,50,1.25,RA-MPC,23
True,REACHED,0.6750000000000003,0.6750000000000003,9.719642747764661,7.61152178066935e-06,0,27,246.62266666537445,6658.81199996511,0.025,50,1.25,RA-MPC,24
True,REACHED,1.1,1.1,27.47460103566757,2.7645881724103956e-06,0,44,237.2064136364894,10437.082200005534,0.025,50,1.25,RA-MPC,25
True,REACHED,1.2749999999999995,1.2749999999999995,43.6592337512617,1.971066413940596e-06,0,51,240.27104705929364,12253.823400023975,0.025,50,1.25,RA-MPC,26
False,INFEASIBLE_STEP1,,0.0,0.0,0.10100098789276062,1,0,1170.461100002285,1170.461100002285,0.025,50,1.25,RA-MPC,27
True,REACHED,1.3249999999999993,1.3249999999999993,45.35262976523538,3.6630424851380937e-06,0,53,321.91189245226406,17061.330299969995,0.025,50,1.25,RA-MPC,28
True,REACHED,1.0500000000000003,1.0500000000000003,23.428025369706564,2.9148876274529347e-06,0,42,265.70435476086067,11159.582899956149,0.025,50,1.25,RA-MPC,29
True,REACHED,1.2499999999999996,1.2499999999999996,37.43519101420552,5.238312314603496e-08,0,50,293.00110599957407,14650.055299978703,0.025,50,1.25,RA-MPC,30
True,REACHED,0.5000000000000001,0.5000000000000001,13.321454906210466,9.92761505595802,0,20,401.1722200018994,8023.444400037988,0.025,50,1.25,RA-MPC,31
True,REACHED,0.9750000000000005,0.9750000000000005,24.29057725995443,2.9757388015262334e-06,0,39,255.74525641143106,9974.065000045812,0.025,50,1.25,RA-MPC,32
True,REACHED,1.0500000000000003,1.0500000000000003,23.389212347612965,0.0002782777126172713,0,42,229.14674762016926,9624.16340004711,0.025,50,1.25,RA-MPC,33
True,REACHED,1.424999999999999,1.424999999999999,45.11382807724347,3.002814692598928e-07,0,57,299.2389157895415,17056.618200003868,0.025,50,1.25,RA-MPC,34
True,REACHED,0.7250000000000003,0.7250000000000003,13.24477979622927,2.8995431925134754,0,29,254.77793103421172,7388.55999999214,0.025,50,1.25,RA-MPC,35
True,REACHED,1.1,1.1,27.385989171396886,5.583185665075282e-06,0,44,243.44019090792492,10711.368399948697,0.025,50,1.25,RA-MPC,36
True,REACHED,1.3749999999999991,1.3749999999999991,39.563556418341875,7.915148877599611e-07,0,55,331.96195818176915,18257.907699997304,0.025,50,1.25,RA-MPC,37
True,REACHED,1.1749999999999998,1.1749999999999998,28.506747529557565,4.671511428749572e-06,0,47,285.9542893624785,13439.85160003649,0.025,50,1.25,RA-MPC,38
True,REACHED,0.3,0.3,6.562404468171842,4.6705304231813844,0,12,323.7013333333986,3884.4160000007832,0.025,50,1.25,RA-MPC,39
True,REACHED,1.2249999999999996,1.2249999999999996,33.802378154955626,1.9188470635416834e-06,0,49,286.1144081635961,14019.60600001621,0.025,50,1.25,RA-MPC,40
True,REACHED,0.9750000000000005,0.9750000000000005,24.323044472185845,3.38910499901837e-06,0,39,275.52738205122296,10745.567899997695,0.025,50,1.25,RA-MPC,41
True,REACHED,0.6250000000000002,0.6250000000000002,11.092922299873955,4.454792071096728,0,25,279.35149199911393,6983.787299977848,0.025,50,1.25,RA-MPC,42
True,REACHED,0.8000000000000004,0.8000000000000004,16.057483825552946,9.478218983359093e-05,0,32,232.06467812451592,7426.0696999845095,0.025,50,1.25,RA-MPC,43
True,REACHED,0.7750000000000004,0.7750000000000004,15.085467158901347,2.6705788574724094,0,31,293.313348387,9092.713799997,0.025,50,1.25,RA-MPC,44
True,REACHED,0.6250000000000002,0.6250000000000002,13.599395812398885,2.7654331467870485,0,25,276.82106800028123,6920.526700007031,0.025,50,1.25,RA-MPC,45
True,REACHED,0.15,0.15,4.514782763550315,6.3621520946771675,0,6,165.7480833309819,994.4884999858914,0.025,50,1.25,RA-MPC,46
True,REACHED,1.0500000000000003,1.0500000000000003,25.436462746912746,3.825760143547807e-06,0,42,335.0113238082572,14070.475599946803,0.025,50,1.25,RA-MPC,47
True,REACHED,0.7000000000000003,0.7000000000000003,18.89875284076587,3.542654405159642,0,28,224.59099285541535,6288.54779995163,0.025,50,1.25,RA-MPC,48
True,REACHED,1.0500000000000003,1.0500000000000003,22.525562850101373,3.3097717509679817e-07,0,42,300.1413690473696,12605.937499989523,0.025,50,1.25,RA-MPC,49
True,REACHED,0.6500000000000002,0.6500000000000002,10.938369666374182,9.58986480200609,0,26,204.07577692430306,5305.970200031879,0.025,50,1.25,RA-MPC,50
True,REACHED,0.6500000000000002,0.6500000000000002,10.987133211693136,2.4818689199066126,0,26,245.51496153883187,6383.389000009629,0.025,50,1.25,RA-MPC,51
True,REACHED,1.2999999999999994,1.2999999999999994,37.84020469786252,1.4963489559385303e-06,0,52,277.96174423089656,14454.01070000662,0.025,50,1.25,RA-MPC,52
False,INFEASIBLE_MID,,0.47500000000000014,17.739099334376547,-5.053424895899019e-08,1,19,342.0002550017671,6840.0051000353415,0.025,50,1.25,RA-MPC,53
True,REACHED,1.1749999999999998,1.1749999999999998,29.01439748644747,3.3232369418175052e-06,0,47,270.3675765954726,12707.276099987212,0.025,50,1.25,RA-MPC,54
True,REACHED,0.9250000000000005,0.9250000000000005,19.52987489923751,2.4779056684916054,0,37,239.60504594779687,8865.386700068484,0.025,50,1.25,RA-MPC,55
True,REACHED,1.2999999999999994,1.2999999999999994,43.7002474531938,2.1080100148419695e-06,0,52,278.42246153662785,14477.96799990465,0.025,50,1.25,RA-MPC,56
True,REACHED,1.15,1.15,29.02177989992931,2.6181455774983243e-06,0,46,225.6616021755769,10380.433700076537,0.025,50,1.25,RA-MPC,57
True,REACHED,1.3249999999999993,1.3249999999999993,46.28559947010274,1.0659534221124937e-05,0,53,245.44633207496756,13008.655599973281,0.025,50,1.25,RA-MPC,58
True,REACHED,1.0000000000000004,1.0000000000000004,32.05183577555687,2.2772412023653317,0,40,234.58655000031285,9383.462000012514,0.025,50,1.25,RA-MPC,59
True,REACHED,0.6000000000000002,0.6000000000000002,14.553205306824534,3.629293230023388,0,24,205.05860000048415,4921.40640001162,0.025,50,1.25,RA-MPC,60
True,REACHED,1.2249999999999996,1.2249999999999996,32.3751208697631,5.085610762500852e-06,0,49,242.3862387754061,11876.9256999949,0.025,50,1.25,RA-MPC,61
True,REACHED,1.2999999999999994,1.2999999999999994,43.70504341928549,8.694121721268013e-08,0,52,255.00513269211157,13260.266899989801,0.025,50,1.25,RA-MPC,62
False,INFEASIBLE_STEP1,,0.0,0.0,2.699796154485192,1,0,1211.3557999982731,1211.3557999982731,0.025,50,1.25,RA-MPC,63
True,REACHED,0.6500000000000002,0.6500000000000002,16.646067419980515,1.335950237174991,0,26,354.1529384618535,9207.976400008192,0.025,50,1.25,RA-MPC,64
True,REACHED,1.3749999999999991,1.3749999999999991,48.27546578811441,2.8969271738983415e-06,0,55,235.81761090899818,12969.9685999949,0.025,50,1.25,RA-MPC,65
True,REACHED,0.8500000000000004,0.8500000000000004,22.59837600060255,0.5615551371560166,0,34,207.6593794113518,7060.418899985962,0.025,50,1.25,RA-MPC,66
True,REACHED,1.3499999999999992,1.3499999999999992,45.621187700948894,9.041821051393316e-07,0,54,216.17274999853518,11673.328499920899,0.025,50,1.25,RA-MPC,67
True,REACHED,1.4749999999999988,1.4749999999999988,49.95171708111964,1.8913518524632782e-06,0,59,223.57420847623933,13190.87830009812,0.025,50,1.25,RA-MPC,68
True,REACHED,0.6750000000000003,0.6750000000000003,15.889684440548432,3.5494743691732574e-06,0,27,234.00492592406442,6318.132999949739,0.025,50,1.25,RA-MPC,69
True,REACHED,0.7750000000000004,0.7750000000000004,12.576527590559428,2.6326034832887756e-06,0,31,184.5636193545708,5721.472199991695,0.025,50,1.25,RA-MPC,70
True,REACHED,1.3249999999999993,1.3249999999999993,36.03780182859858,1.012256573970398e-06,0,53,239.39820188553432,12688.10469993332,0.025,50,1.25,RA-MPC,71
True,REACHED,0.9000000000000005,0.9000000000000005,24.415691826105522,3.507721665129027e-07,0,36,184.97983333347494,6659.274000005098,0.025,50,1.25,RA-MPC,72
True,REACHED,0.3,0.3,5.074991450044748,1.5895489054684828,0,12,196.19079166902034,2354.289500028244,0.025,50,1.25,RA-MPC,73
True,REACHED,1.4999999999999987,1.4999999999999987,42.57994442619542,2.1943346657894204e-07,0,60,234.16407333255242,14049.844399953145,0.025,50,1.25,RA-MPC,74
True,REACHED,1.424999999999999,1.424999999999999,38.913742551181805,4.980269117252867e-06,0,57,234.35190526371323,13358.058600031654,0.025,50,1.25,RA-MPC,75
True,REACHED,0.6250000000000002,0.6250000000000002,13.901977681466816,3.921445546916912,0,25,154.1019360005157,3852.5484000128927,0.025,50,1.25,RA-MPC,76
True,REACHED,1.2999999999999994,1.2999999999999994,35.13100385349633,2.9471176679737787e-06,0,52,189.29787500103254,9843.489500053693,0.025,50,1.25,RA-MPC,77
True,REACHED,1.3249999999999993,1.3249999999999993,35.17279050878792,3.802582981582941e-06,0,53,216.042677358722,11450.261900012265,0.025,50,1.25,RA-MPC,78
True,REACHED,0.6250000000000002,0.6250000000000002,14.296539130219172,2.122274148912206e-05,0,25,206.8717599986121,5171.793999965303,0.025,50,1.25,RA-MPC,79
True,REACHED,1.3249999999999993,1.3249999999999993,44.08175797636164,6.982929209938332e-06,0,53,217.84049811287574,11545.546399982413,0.025,50,1.25,RA-MPC,80
True,REACHED,0.7500000000000003,0.7500000000000003,16.06651786812781,2.2603834583146756e-06,0,30,206.051986667444,6181.55960002332,0.025,50,1.25,RA-MPC,81
True,REACHED,1.2749999999999995,1.2749999999999995,36.355407781812055,4.1786356265650285e-07,0,51,232.81952745210398,11873.795900057303,0.025,50,1.25,RA-MPC,82
True,REACHED,0.9250000000000005,0.9250000000000005,28.49116865324452,8.995168410117007e-07,0,37,239.20911891862588,8850.737399989157,0.025,50,1.25,RA-MPC,83
True,REACHED,0.27499999999999997,0.27499999999999997,6.323666291153838,5.204827290237737,0,11,293.0344000011577,3223.3784000127343,0.025,50,1.25,RA-MPC,84
True,REACHED,1.5249999999999986,1.5249999999999986,43.159069384907,5.813520087536171e-08,0,61,266.16632622966284,16236.145900009433,0.025,50,1.25,RA-MPC,85
True,REACHED,1.4499999999999988,1.4499999999999988,38.50699530424901,6.92786248160888e-06,0,58,218.46909310211075,12671.207399922423,0.025,50,1.25,RA-MPC,86
True,REACHED,0.8000000000000004,0.8000000000000004,18.484851399625125,1.1396021428186338,0,32,187.6832374996411,6005.8635999885155,0.025,50,1.25,RA-MPC,87
True,REACHED,1.15,1.15,28.20079970226114,2.779090416387119e-06,0,46,235.16214347878503,10817.45860002411,0.025,50,1.25,RA-MPC,88
True,REACHED,1.125,1.125,29.047685794274724,1.261079158719946e-06,0,45,265.48334888745256,11946.750699935365,0.025,50,1.25,RA-MPC,89
True,REACHED,0.8250000000000004,0.8250000000000004,16.514924885040152,0.04535616056863817,0,33,241.9857969697191,7985.53130000073,0.025,50,1.25,RA-MPC,90
False,TIMEOUT,,10.000000000000075,4.603555134756506,1.420433195744149e-06,0,400,428.38972950015886,171355.89180006355,0.025,50,1.25,RA-MPC,91
True,REACHED,1.2499999999999996,1.2499999999999996,38.47956685893361,1.3952209735745453e-07,0,50,256.92919999943115,12846.459999971557,0.025,50,1.25,RA-MPC,92
True,REACHED,0.9500000000000005,0.9500000000000005,16.790298335464463,2.3753033975027648e-06,0,38,189.07561315733656,7184.87329997879,0.025,50,1.25,RA-MPC,93
True,REACHED,0.8500000000000004,0.8500000000000004,16.667947432603476,1.3852583183518796e-06,0,34,212.2022235305528,7214.875600038795,0.025,50,1.25,RA-MPC,94
True,REACHED,1.0500000000000003,1.0500000000000003,27.25191811579963,2.6588083593422735e-06,0,42,247.83278095440306,10408.976800084929,0.025,50,1.25,RA-MPC,95
True,REACHED,1.4499999999999988,1.4499999999999988,52.307702704195236,2.793475020977345e-06,0,58,298.4649241389606,17310.965600059717,0.025,50,1.25,RA-MPC,96
True,REACHED,1.399999999999999,1.399999999999999,49.77521566462921,2.086592080325514e-06,0,56,268.17210892867087,15017.63810000557,0.025,50,1.25,RA-MPC,97
True,REACHED,1.5249999999999986,1.5249999999999986,53.91708734621249,2.120830756363278e-07,0,61,301.7703721301676,18407.992699940223,0.025,50,1.25,RA-MPC,98
True,REACHED,0.4000000000000001,0.4000000000000001,9.406535168422526,7.620092577108419,0,16,261.7064500009292,4187.303200014867,0.025,50,1.25,RA-MPC,99
True,REACHED,0.9000000000000005,0.9000000000000005,25.958064856917293,9.359660777500451e-07,0,36,283.00451666695557,10188.1626000104,0.025,50,1.25,RA-MPC,100
True,REACHED,1.5499999999999985,1.5499999999999985,51.26803409213978,3.564459956787139e-07,0,62,285.94077903131443,17728.328299941495,0.025,50,1.25,RA-MPC,101
True,REACHED,1.15,1.15,26.96984428453113,3.970488901707406e-06,0,46,273.32440869561293,12572.922799998196,0.025,50,1.25,RA-MPC,102
True,REACHED,0.9750000000000005,0.9750000000000005,29.817043482122777,1.0373951275853044e-06,0,39,269.62840256433435,10515.507700009039,0.025,50,1.25,RA-MPC,103
True,REACHED,1.424999999999999,1.424999999999999,48.71309902447206,1.64702967207526e-06,0,57,287.7048035088432,16399.173800004064,0.025,50,1.25,RA-MPC,104
True,REACHED,1.2499999999999996,1.2499999999999996,30.750086901536097,3.117915452756844e-06,0,50,261.57678800140275,13078.839400070137,0.025,50,1.25,RA-MPC,105
True,REACHED,1.0250000000000004,1.0250000000000004,32.867121269831536,1.737790052193762e-06,0,41,250.19573902132035,10258.025299874134,0.025,50,1.25,RA-MPC,106
True,REACHED,0.9000000000000005,0.9000000000000005,15.524081911645654,1.3619324376325412e-06,0,36,237.66258611026893,8555.853099969681,0.025,50,1.25,RA-MPC,107
True,REACHED,1.1,1.1,31.37597140242838,4.1363923837194375e-06,0,44,213.740749999984,9404.592999999295,0.025,50,1.25,RA-MPC,108
True,REACHED,0.6000000000000002,0.6000000000000002,9.801400608498009,3.796551844160532,0,24,152.5571375010865,3661.371300026076,0.025,50,1.25,RA-MPC,109
True,REACHED,1.4749999999999988,1.4749999999999988,51.07295750976995,6.4964052186552234e-06,0,59,218.95014237187274,12918.058399940492,0.025,50,1.25,RA-MPC,110
True,REACHED,1.424999999999999,1.424999999999999,39.91382390041002,1.3922057652137344e-06,0,57,219.10709473728244,12489.104400025099,0.025,50,1.25,RA-MPC,111
True,REACHED,1.3499999999999992,1.3499999999999992,35.58527670402536,1.9141258823450563e-06,0,54,223.11057777794,12047.97120000876,0.025,50,1.25,RA-MPC,112
True,REACHED,0.5000000000000001,0.5000000000000001,8.86002483949772,1.4692931112878798e-06,0,20,184.50588500054437,3690.1177000108873,0.025,50,1.25,RA-MPC,113
True,REACHED,1.4499999999999988,1.4499999999999988,51.10833578494958,2.1280970139415064e-06,0,58,262.8259293093739,15243.903899943689,0.025,50,1.25,RA-MPC,114
True,REACHED,0.9250000000000005,0.9250000000000005,21.227567750791046,2.2858170112010875e-06,0,37,224.93257297350823,8322.505200019805,0.025,50,1.25,RA-MPC,115
False,INFEASIBLE_STEP1,,0.0,0.0,0.07152505246789657,1,0,1159.6525000059046,1159.6525000059046,0.025,50,1.25,RA-MPC,116
True,REACHED,1.2749999999999995,1.2749999999999995,33.5834595699907,7.226067539986318e-06,0,51,224.03240980558763,11425.65290008497,0.025,50,1.25,RA-MPC,117
True,REACHED,1.0250000000000004,1.0250000000000004,30.19272209952013,7.306533511310298e-07,0,41,200.4846317080281,8219.869900029153,0.025,50,1.25,RA-MPC,118
True,REACHED,1.2999999999999994,1.2999999999999994,33.00290622752479,2.2649745474539487e-06,0,52,238.08505577163976,12380.422900125268,0.025,50,1.25,RA-MPC,119
True,REACHED,1.125,1.125,25.262766800761653,1.8915876596550926e-06,0,45,218.34588888903252,9825.565000006463,0.025,50,1.25,RA-MPC,120
True,REACHED,0.4250000000000001,0.4250000000000001,7.470709832376044,0.4314332867900485,0,17,174.92825882372392,2973.7804000033066,0.025,50,1.25,RA-MPC,121
True,REACHED,1.399999999999999,1.399999999999999,38.93502279652352,2.5148239301884867e-06,0,56,227.06670178532866,12715.735299978405,0.025,50,1.25,RA-MPC,122
True,REACHED,1.5249999999999986,1.5249999999999986,56.23290863754808,1.2926248031800076e-05,0,61,253.59724426129642,15469.431899939082,0.025,50,1.25,RA-MPC,123
True,REACHED,1.2499999999999996,1.2499999999999996,32.71324807291688,1.1625682815209915e-06,0,50,231.05210599926068,11552.605299963034,0.025,50,1.25,RA-MPC,124
True,REACHED,0.8750000000000004,0.8750000000000004,20.13317117791671,9.403216947786635e-07,0,35,235.53803999966476,8243.831399988267,0.025,50,1.25,RA-MPC,125
True,REACHED,1.1749999999999998,1.1749999999999998,28.711650131400106,2.184214198693508e-06,0,47,284.8514851066284,13388.019800011534,0.025,50,1.25,RA-MPC,126
True,REACHED,1.2499999999999996,1.2499999999999996,30.180028939857035,3.863649076330009e-06,0,50,341.67017199943075,17083.508599971537,0.025,50,1.25,RA-MPC,127
True,REACHED,1.4499999999999988,1.4499999999999988,42.79650031498039,1.7483174337945234e-07,0,58,300.4951896549881,17428.72099998931,0.025,50,1.25,RA-MPC,128
True,REACHED,1.0250000000000004,1.0250000000000004,27.17918067030569,3.511117430448147e-06,0,41,284.29149756088805,11655.951399996411,0.025,50,1.25,RA-MPC,129
True,REACHED,0.7500000000000003,0.7500000000000003,16.035123142204046,1.5722621783435924,0,30,230.01705333493496,6900.511600048048,0.025,50,1.25,RA-MPC,130
True,REACHED,1.2249999999999996,1.2249999999999996,41.45204455383704,2.8870324666048136e-06,0,49,302.4450918351899,14819.809499924304,0.025,50,1.25,RA-MPC,131
True,REACHED,0.7750000000000004,0.7750000000000004,14.17736764732821,6.956163950815484,0,31,243.18910322542632,7538.862199988216,0.025,50,1.25,RA-MPC,132
True,REACHED,1.1999999999999997,1.1999999999999997,33.91461781895949,3.242858951875906e-07,0,48,355.2434645825997,17051.686299964786,0.025,50,1.25,RA-MPC,133
True,REACHED,0.9500000000000005,0.9500000000000005,16.27007771846709,0.8028377995639241,0,38,338.2415736846987,12853.179800018552,0.025,50,1.25,RA-MPC,134
True,REACHED,0.47500000000000014,0.47500000000000014,10.4138825546622,7.566479043835813,0,19,518.3672842096329,9848.978399983025,0.025,50,1.25,RA-MPC,135
True,REACHED,0.8750000000000004,0.8750000000000004,19.1408855300664,1.5796660862004943e-06,0,35,302.5370685707977,10588.79739997792,0.025,50,1.25,RA-MPC,136
True,REACHED,1.0250000000000004,1.0250000000000004,23.71837061292796,2.7263805429557193e-06,0,41,320.6825170725607,13147.983199974988,0.025,50,1.25,RA-MPC,137
True,REACHED,0.8750000000000004,0.8750000000000004,18.33245307631809,2.956349550960996e-06,0,35,293.34308285781714,10267.0079000236,0.025,50,1.25,RA-MPC,138
True,REACHED,0.6250000000000002,0.6250000000000002,11.323072352303605,5.182553876815981,0,25,306.87274000025354,7671.818500006339,0.025,50,1.25,RA-MPC,139
False,INFEASIBLE_STEP1,,0.0,0.0,4.298763991527994,1,0,1078.1470000074478,1078.1470000074478,0.025,50,1.25,RA-MPC,140
True,REACHED,0.6250000000000002,0.6250000000000002,14.048696916209355,9.472402242926085,0,25,269.4500680011697,6736.251700029243,0.025,50,1.25,RA-MPC,141
True,REACHED,0.7250000000000003,0.7250000000000003,14.663176573680829,2.3642690446484718,0,29,265.77159310169196,7707.376199949067,0.025,50,1.25,RA-MPC,142
True,REACHED,1.0500000000000003,1.0500000000000003,24.360157426351087,2.7643003624105084e-06,0,42,321.6599119041348,13509.716299973661,0.025,50,1.25,RA-MPC,143
True,REACHED,0.4000000000000001,0.4000000000000001,8.867936707103363,1.2947264729779853,0,16,279.54816250166914,4472.770600026706,0.025,50,1.25,RA-MPC,144
True,REACHED,0.24999999999999997,0.24999999999999997,6.954097594382622,9.44337308180568,0,10,342.66214999806834,3426.6214999806834,0.025,50,1.25,RA-MPC,145
True,REACHED,1.1749999999999998,1.1749999999999998,30.711448791183912,1.3857010744551352e-06,0,47,411.57665957406937,19344.10299998126,0.025,50,1.25,RA-MPC,146
True,REACHED,0.9500000000000005,0.9500000000000005,19.837142155729282,2.1505687306496506e-06,0,38,325.60514210643686,12372.995400044601,0.025,50,1.25,RA-MPC,147
True,REACHED,0.7250000000000003,0.7250000000000003,21.32478180412764,9.040578582588326,0,29,342.95723103599,9945.759700043709,0.025,50,1.25,RA-MPC,148
True,REACHED,1.0250000000000004,1.0250000000000004,20.518029050440585,3.828853644250614e-06,0,41,328.72585366088214,13477.760000096168,0.025,50,1.25,RA-MPC,149
True,REACHED,1.2499999999999996,1.2499999999999996,40.49479676734197,2.4554369167872344e-06,0,50,344.9254380000639,17246.271900003194,0.025,50,1.25,RA-MPC,150
True,REACHED,1.2249999999999996,1.2249999999999996,41.174731627069704,2.6538793581800504e-06,0,49,327.4509877546177,16045.098399976268,0.025,50,1.25,RA-MPC,151
True,REACHED,1.424999999999999,1.424999999999999,45.628460704250976,3.725266018089827e-10,0,57,372.36195613845587,21224.631499891984,0.025,50,1.25,RA-MPC,152
True,REACHED,1.2999999999999994,1.2999999999999994,36.340002240862795,3.5158528148638684e-06,0,52,362.82480192368473,18866.889700031606,0.025,50,1.25,RA-MPC,153
True,REACHED,1.2749999999999995,1.2749999999999995,34.899123783065576,1.5185577088947597e-06,0,51,387.78503921611104,19777.037000021664,0.025,50,1.25,RA-MPC,154
True,REACHED,0.8500000000000004,0.8500000000000004,23.560744078243303,4.416942465570081e-05,0,34,320.85904705737073,10909.207599950605,0.025,50,1.25,RA-MPC,155
True,REACHED,1.2499999999999996,1.2499999999999996,35.71572668123148,8.279017719322742e-07,0,50,285.2447839998058,14262.23919999029,0.025,50,1.25,RA-MPC,156
True,REACHED,0.8250000000000004,0.8250000000000004,19.036353841026557,2.481622981240933e-06,0,33,305.03340302984174,10066.102299984777,0.025,50,1.25,RA-MPC,157
True,REACHED,1.8499999999999974,1.8499999999999974,63.46228336875366,1.942733569557239e-06,0,74,291.80762162266893,21593.7640000775,0.025,50,1.25,RA-MPC,158
True,REACHED,1.5999999999999983,1.5999999999999983,56.71917964243877,7.243922918370536e-06,0,64,273.7915765617345,17522.660899951006,0.025,50,1.25,RA-MPC,159
True,REACHED,0.7750000000000004,0.7750000000000004,14.01344588436303,0.8110154969151823,0,31,188.43890645028648,5841.606099958881,0.025,50,1.25,RA-MPC,160
True,REACHED,0.5500000000000002,0.5500000000000002,11.41526217565468,9.34560852945783,0,22,219.36319545586065,4825.990300028934,0.025,50,1.25,RA-MPC,161
True,REACHED,0.7250000000000003,0.7250000000000003,14.779986562596141,10.013850911594368,0,29,214.44648620722703,6218.948100009584,0.025,50,1.25,RA-MPC,162
True,REACHED,0.6000000000000002,0.6000000000000002,12.78999388656105,0.0005771293804058622,0,24,291.9436916666503,7006.6485999996075,0.025,50,1.25,RA-MPC,163
True,REACHED,0.7250000000000003,0.7250000000000003,16.647396954464114,7.1874182657977505e-06,0,29,238.0561551715424,6903.6284999747295,0.025,50,1.25,RA-MPC,164
True,REACHED,0.5750000000000002,0.5750000000000002,11.423643319184839,5.154294927726431,0,23,182.76686521889843,4203.637900034664,0.025,50,1.25,RA-MPC,165
True,REACHED,1.399999999999999,1.399999999999999,45.15528267368824,1.8087371201877918e-06,0,56,287.3501892848123,16091.61059994949,0.025,50,1.25,RA-MPC,166
True,REACHED,1.424999999999999,1.424999999999999,50.77446442174588,1.4074390828933057e-06,0,57,275.84418070195204,15723.118300011265,0.025,50,1.25,RA-MPC,167
True,REACHED,0.6750000000000003,0.6750000000000003,16.52184041603699,7.923580963343917,0,27,258.8473666659815,6988.878899981501,0.025,50,1.25,RA-MPC,168
True,REACHED,1.4499999999999988,1.4499999999999988,37.12712394871657,5.583259311084044e-06,0,58,265.8092913798414,15416.9389000308,0.025,50,1.25,RA-MPC,169
True,REACHED,0.8000000000000004,0.8000000000000004,14.576292346259633,3.0325404473408685e-07,0,32,222.998290625128,7135.945300004096,0.025,50,1.25,RA-MPC,170
True,REACHED,1.1999999999999997,1.1999999999999997,31.48128356642495,3.239026177209488e-06,0,48,297.7868749985646,14293.7699999311,0.025,50,1.25,RA-MPC,171
False,INFEASIBLE_STEP1,,0.0,0.0,0.7076548625108998,1,0,1191.6966999997385,1191.6966999997385,0.025,50,1.25,RA-MPC,172
True,REACHED,0.7000000000000003,0.7000000000000003,15.705204250348874,3.1293126374868125e-06,0,28,257.5889928573036,7212.4918000045,0.025,50,1.25,RA-MPC,173
True,REACHED,1.2999999999999994,1.2999999999999994,45.8196438885626,1.8173816327011906e-06,0,52,288.66080769204507,15010.361999986344,0.025,50,1.25,RA-MPC,174
True,REACHED,0.8500000000000004,0.8500000000000004,18.06659555789083,3.704313016642208e-06,0,34,193.6133088238421,6582.852500010631,0.025,50,1.25,RA-MPC,175
True,REACHED,1.399999999999999,1.399999999999999,49.32391071720699,-8.950741467259108e-08,0,56,314.20233749953957,17595.330899974215,0.025,50,1.25,RA-MPC,176
False,INFEASIBLE_MID,,0.5500000000000002,21.000452039896242,-7.734543678691878e-08,1,22,250.98021738939798,5772.544999956153,0.025,50,1.25,RA-MPC,177
True,REACHED,0.6000000000000002,0.6000000000000002,14.45113233354422,1.1459116786327315,0,24,220.00121250069546,5280.029100016691,0.025,50,1.25,RA-MPC,178
True,REACHED,1.4999999999999987,1.4999999999999987,53.61120020040142,2.2579167603133563e-06,0,60,270.2850199981185,16217.10119988711,0.025,50,1.25,RA-MPC,179
True,REACHED,1.1749999999999998,1.1749999999999998,38.04747704265096,4.956493348008806e-06,0,47,223.81250638244774,10519.187799975043,0.025,50,1.25,RA-MPC,180
True,REACHED,0.9500000000000005,0.9500000000000005,19.55931215885259,2.183714468516886e-06,0,38,200.84402105375807,7632.072800042806,0.025,50,1.25,RA-MPC,181
True,REACHED,0.9500000000000005,0.9500000000000005,18.343666219444472,0.0001037494510075093,0,38,240.66575263216356,9145.298600022215,0.025,50,1.25,RA-MPC,182
False,INFEASIBLE_MID,,0.4250000000000001,11.960534673661249,-6.569941591620055e-08,1,17,219.04113888902228,3942.740500002401,0.025,50,1.25,RA-MPC,183
True,REACHED,1.4499999999999988,1.4499999999999988,41.398779192085314,5.129555951514489e-06,0,58,303.2318724129662,17587.44859995204,0.025,50,1.25,RA-MPC,184
True,REACHED,1.0250000000000004,1.0250000000000004,22.535166373117512,2.3759740098536477e-06,0,41,229.15009024734724,9395.153700141236,0.025,50,1.25,RA-MPC,185
True,REACHED,0.9750000000000005,0.9750000000000005,18.68575294068056,3.5823925923356004e-06,0,39,206.27256923128303,8044.630200020038,0.025,50,1.25,RA-MPC,186
True,REACHED,0.6250000000000002,0.6250000000000002,10.354224932346883,9.318000862579881,0,25,234.263932001777,5856.598300044425,0.025,50,1.25,RA-MPC,187
True,REACHED,0.27499999999999997,0.27499999999999997,6.683055690711386,4.931218532349214,0,11,177.0488818213132,1947.5377000344452,0.025,50,1.25,RA-MPC,188
True,REACHED,0.7250000000000003,0.7250000000000003,12.504268037560472,9.135368583861222,0,29,266.1124758622087,7717.261800004053,0.025,50,1.25,RA-MPC,189
True,REACHED,1.2499999999999996,1.2499999999999996,30.19765547129817,4.080453305585379e-06,0,50,325.63858599984087,16281.929299992044,0.025,50,1.25,RA-MPC,190
True,REACHED,0.4500000000000001,0.4500000000000001,9.678673698292021,3.6332120753681614,0,18,320.34388889102655,5766.190000038478,0.025,50,1.25,RA-MPC,191
True,REACHED,0.4000000000000001,0.4000000000000001,9.528929143254292,9.709399899629618,0,16,281.79686249859515,4508.749799977522,0.025,50,1.25,RA-MPC,192
True,REACHED,1.1,1.1,27.624867095369048,4.0462861704282e-06,0,44,269.81953182026206,11872.05940009153,0.025,50,1.25,RA-MPC,193
True,REACHED,1.3249999999999993,1.3249999999999993,34.518529697259936,2.5705808640640302e-06,0,53,287.86073584891506,15256.618999992497,0.025,50,1.25,RA-MPC,194
True,REACHED,1.3249999999999993,1.3249999999999993,36.00643639845684,1.3358299221981709e-06,0,53,307.1140037733679,16277.0421999885,0.025,50,1.25,RA-MPC,195
True,REACHED,1.15,1.15,29.88514956425193,7.238850101174593e-07,0,46,266.51723912958835,12259.792999961064,0.025,50,1.25,RA-MPC,196
True,REACHED,0.9000000000000005,0.9000000000000005,24.008577930668153,8.0019132732755e-05,0,36,232.4420361110242,8367.913299996872,0.025,50,1.25,RA-MPC,197
True,REACHED,0.27499999999999997,0.27499999999999997,5.553733306140392,4.3147270894881204,0,11,373.79653636757706,4111.761900043348,0.025,50,1.25,RA-MPC,198
True,REACHED,0.8500000000000004,0.8500000000000004,16.91856241233353,5.793468749883154e-08,0,34,254.4604323531316,8651.654700006475,0.025,50,1.25,RA-MPC,199
False,INFEASIBLE_STEP1,,0.0,0.0,6.893446252044973,1,0,1125.2654999989318,1125.2654999989318,0.025,50,1.25,RA-MPC,200
True,REACHED,1.0750000000000002,1.0750000000000002,33.92012236790751,8.903522793087908e-07,0,43,296.46225116177743,12747.87679995643,0.025,50,1.25,RA-MPC,201
True,REACHED,0.325,0.325,8.129448614485382,3.51586007330208,0,13,259.67704615658687,3375.8016000356292,0.025,50,1.25,RA-MPC,202
True,REACHED,0.5500000000000002,0.5500000000000002,13.599201305396775,2.003930263794223,0,22,204.626654545295,4501.78639999649,0.025,50,1.25,RA-MPC,203
True,REACHED,0.19999999999999998,0.19999999999999998,5.852745183661276,4.904673199184427,0,8,217.30168750036682,1738.4135000029346,0.025,50,1.25,RA-MPC,204
True,REACHED,1.1749999999999998,1.1749999999999998,30.217493854003713,4.95754331804088e-06,0,47,265.9425531917108,12499.300000010408,0.025,50,1.25,RA-MPC,205
True,REACHED,0.8500000000000004,0.8500000000000004,14.763031464005582,2.6076362222042994e-06,0,34,260.55998823507895,8859.039599992684,0.025,50,1.25,RA-MPC,206
True,REACHED,0.9000000000000005,0.9000000000000005,20.906606055690744,0.1365594744060459,0,36,300.3576916667549,10812.876900003175,0.025,50,1.25,RA-MPC,207
True,REACHED,1.674999999999998,1.674999999999998,59.798966557740506,-3.962828925997147e-08,0,67,429.37267014979204,28767.968900036067,0.025,50,1.25,RA-MPC,208
True,REACHED,0.6000000000000002,0.6000000000000002,13.39988455483604,5.044381357024909,0,24,292.3084208335543,7015.4021000053035,0.025,50,1.25,RA-MPC,209
True,REACHED,1.5749999999999984,1.5749999999999984,55.30578442169255,2.0047585025202793e-06,0,63,391.13373174664696,24641.42510003876,0.025,50,1.25,RA-MPC,210
True,REACHED,1.3249999999999993,1.3249999999999993,43.66459356140433,7.509465931652252e-07,0,53,325.6263471703278,17258.196400027373,0.025,50,1.25,RA-MPC,211
True,REACHED,1.3749999999999991,1.3749999999999991,42.91797528603002,1.3437108635142674e-07,0,55,391.5231090893609,21533.77099991485,0.025,50,1.25,RA-MPC,212
True,REACHED,1.3499999999999992,1.3499999999999992,45.51704796848439,5.26032612379528e-08,0,54,374.8084648147967,20239.65709999902,0.025,50,1.25,RA-MPC,213
True,REACHED,0.7500000000000003,0.7500000000000003,14.374742168188176,8.894220617882938,0,30,268.31244999969687,8049.373499990907,0.025,50,1.25,RA-MPC,214
True,REACHED,1.399999999999999,1.399999999999999,38.68674569395751,1.1866259313284666e-06,0,56,367.32459107250696,20570.17710006039,0.025,50,1.25,RA-MPC,215
True,REACHED,1.15,1.15,31.747853313888317,3.769483492937745e-06,0,46,305.05982173844643,14032.751799968537,0.025,50,1.25,RA-MPC,216
True,REACHED,1.0000000000000004,1.0000000000000004,22.902648956694435,3.4337023572886267e-06,0,40,341.02777000080096,13641.110800032038,0.025,50,1.25,RA-MPC,217
True,REACHED,1.399999999999999,1.399999999999999,39.956225508121534,4.063156988311242e-07,0,56,421.6805499997593,23614.11079998652,0.025,50,1.25,RA-MPC,218
True,REACHED,1.5499999999999985,1.5499999999999985,55.02199908489475,2.1619990030746415e-06,0,62,522.9300629028829,32421.66389997874,0.025,50,1.25,RA-MPC,219
False,INFEASIBLE_STEP1,,0.0,0.0,5.032182301587035,1,0,5180.988299995079,5180.988299995079,0.025,50,1.25,RA-MPC,220
True,REACHED,0.6250000000000002,0.6250000000000002,13.135225764659005,7.621110461128145,0,25,246.3896240008762,6159.740600021905,0.025,50,1.25,RA-MPC,221
True,REACHED,1.5999999999999983,1.5999999999999983,46.14874277689648,7.005076688780629e-08,0,64,434.9645249999412,27837.729599996237,0.025,50,1.25,RA-MPC,222
True,REACHED,0.7500000000000003,0.7500000000000003,17.322719313492854,1.9018927558545846,0,30,420.9086999995634,12627.260999986902,0.025,50,1.25,RA-MPC,223
True,REACHED,1.5749999999999984,1.5749999999999984,56.76518012629002,-1.743253800644582e-07,0,63,531.5194507933311,33485.725399979856,0.025,50,1.25,RA-MPC,224
False,INFEASIBLE_MID,,0.6000000000000002,27.774633618857557,-3.631651318497345e-08,1,24,876.1873360013124,21904.68340003281,0.025,50,1.25,RA-MPC,225
True,REACHED,0.7000000000000003,0.7000000000000003,17.123239174851605,4.7427429234632596e-06,0,28,555.1457428576084,15544.080800013035,0.025,50,1.25,RA-MPC,226
True,REACHED,1.3249999999999993,1.3249999999999993,32.93495203557606,5.5219363241555005e-06,0,53,435.0010471699654,23055.055500008166,0.025,50,1.25,RA-MPC,227
False,INFEASIBLE_STEP1,,0.0,0.0,1.303860872397864,1,0,1863.0306999984896,1863.0306999984896,0.025,50,1.25,RA-MPC,228
True,REACHED,0.8750000000000004,0.8750000000000004,16.819911938782003,7.101394840329479,0,35,421.128251427269,14739.488799954415,0.025,50,1.25,RA-MPC,229
True,REACHED,1.2249999999999996,1.2249999999999996,30.877082531269885,3.3759394575542366e-06,0,49,434.1957755083912,21275.59299991117,0.025,50,1.25,RA-MPC,230
True,REACHED,0.9250000000000005,0.9250000000000005,23.139783826475696,3.1065318718294184e-06,0,37,345.12301351453453,12769.551500037778,0.025,50,1.25,RA-MPC,231
True,REACHED,1.424999999999999,1.424999999999999,49.13868058330015,2.1585366299216006e-06,0,57,476.19411578961535,27143.064600008074,0.025,50,1.25,RA-MPC,232
True,REACHED,1.4749999999999988,1.4749999999999988,52.28613036898607,8.477936699424048e-06,0,59,432.5140661017879,25518.329900005483,0.025,50,1.25,RA-MPC,233
True,REACHED,0.7500000000000003,0.7500000000000003,13.453981356188162,6.611692364635004,0,30,386.6092866664985,11598.278599994956,0.025,50,1.25,RA-MPC,234
False,INFEASIBLE_STEP1,,0.0,0.0,1.5848291803492158,1,0,437.6753000105964,437.6753000105964,0.025,50,1.25,RA-MPC,235
True,REACHED,1.5249999999999986,1.5249999999999986,43.64393875858715,1.926508492177038e-06,0,61,460.0785360640568,28064.790699907462,0.025,50,1.25,RA-MPC,236
True,REACHED,1.399999999999999,1.399999999999999,35.54918422989577,7.706260825648127e-07,0,56,392.39835714345514,21974.30800003349,0.025,50,1.25,RA-MPC,237
True,REACHED,1.424999999999999,1.424999999999999,50.1443361004009,3.2242950849882216e-06,0,57,535.0857807020554,30499.88950001716,0.025,50,1.25,RA-MPC,238
True,REACHED,0.9750000000000005,0.9750000000000005,25.609292544616306,3.3662676652165937e-06,0,39,332.8228435879842,12980.090899931383,0.025,50,1.25,RA-MPC,239
True,REACHED,1.0000000000000004,1.0000000000000004,28.35541826828732,2.0340991160795016e-06,0,40,380.9799649996421,15239.198599985684,0.025,50,1.25,RA-MPC,240
True,REACHED,0.4500000000000001,0.4500000000000001,7.2055500179325245,4.691209047609869,0,18,283.75031111095774,5107.505599997239,0.025,50,1.25,RA-MPC,241
True,REACHED,1.125,1.125,24.7933454369684,2.2617559574811184e-06,0,45,371.0512133331374,16697.304599991185,0.025,50,1.25,RA-MPC,242
True,REACHED,0.9250000000000005,0.9250000000000005,22.335617409496066,2.810720613605957e-06,0,37,324.52753783641003,12007.518899947172,0.025,50,1.25,RA-MPC,243
True,REACHED,1.0500000000000003,1.0500000000000003,25.30798936515637,2.7052333047054608e-06,0,42,372.73701666778095,15654.954700046801,0.025,50,1.25,RA-MPC,244
True,REACHED,1.2749999999999995,1.2749999999999995,44.37749988451372,1.0837975403156746e-05,0,51,453.36062548934325,23121.391899956507,0.025,50,1.25,RA-MPC,245
True,REACHED,0.22499999999999998,0.22499999999999998,5.099158046150093,1.3242453854131215,0,9,358.5272222214068,3226.744999992661,0.025,50,1.25,RA-MPC,246
True,REACHED,1.399999999999999,1.399999999999999,38.657257741038215,2.1691780880994726e-06,0,56,534.3440464275773,29923.266599944327,0.025,50,1.25,RA-MPC,247
True,REACHED,1.125,1.125,26.496212336416963,3.624569992898862e-06,0,45,416.6587244434696,18749.642599956132,0.025,50,1.25,RA-MPC,248
True,REACHED,0.4500000000000001,0.4500000000000001,6.682841538944084,1.6083150237565529,0,18,445.82630555750154,8024.873500035028,0.025,50,1.25,RA-MPC,249
True,REACHED,0.5000000000000001,0.5000000000000001,8.984925670879544,3.0969791320574345,0,20,797.4897650005005,15949.79530001001,0.025,50,1.25,RA-MPC,250
True,REACHED,0.8750000000000004,0.8750000000000004,17.275828323166248,4.513799056521311e-06,0,35,454.5919199998025,15910.717199993087,0.025,50,1.25,RA-MPC,251
True,REACHED,1.4999999999999987,1.4999999999999987,53.575378707527975,2.59830208762707e-08,0,60,401.15683166732197,24069.409900039318,0.025,50,1.25,RA-MPC,252
True,REACHED,1.2249999999999996,1.2249999999999996,32.85404492603686,1.924154748562815e-06,0,49,367.309108161788,17998.146299927612,0.025,50,1.25,RA-MPC,253
True,REACHED,0.9250000000000005,0.9250000000000005,21.173056168964244,3.1366680108866086e-06,0,37,384.6865486482637,14233.402299985755,0.025,50,1.25,RA-MPC,254
True,REACHED,1.2499999999999996,1.2499999999999996,39.356457450933775,3.172024919543531e-07,0,50,379.92351399938343,18996.17569996917,0.025,50,1.25,RA-MPC,255
True,REACHED,1.4749999999999988,1.4749999999999988,50.69792698798652,1.3244590070598738e-06,0,59,361.7046440670847,21340.573999957996,0.025,50,1.25,RA-MPC,256
True,REACHED,1.3499999999999992,1.3499999999999992,38.87088663277542,3.181971079672141e-07,0,54,440.5144629614639,23787.78099991905,0.025,50,1.25,RA-MPC,257
True,REACHED,1.1749999999999998,1.1749999999999998,27.673460792955375,1.1351272695015562e-06,0,47,381.4565063849899,17928.455800094525,0.025,50,1.25,RA-MPC,258
True,REACHED,0.8000000000000004,0.8000000000000004,17.918646117214315,0.00016196468956882927,0,32,361.86465937589674,11579.669100028696,0.025,50,1.25,RA-MPC,259
True,REACHED,0.27499999999999997,0.27499999999999997,5.277269777183119,8.917775830804015,0,11,395.78830000060736,4353.671300006681,0.025,50,1.25,RA-MPC,260
True,REACHED,0.5750000000000002,0.5750000000000002,10.139335951613004,0.16875130193972915,0,23,258.7013260876436,5950.130500015803,0.025,50,1.25,RA-MPC,261
True,REACHED,0.22499999999999998,0.22499999999999998,2.111508413169906,2.3922237773802837,0,9,271.05193333085884,2439.4673999777297,0.025,50,1.25,RA-MPC,262
True,REACHED,1.4499999999999988,1.4499999999999988,47.716658405108845,1.8233589866131848e-06,0,58,320.44075517353184,18585.563800064847,0.025,50,1.25,RA-MPC,263
True,REACHED,0.6750000000000003,0.6750000000000003,15.808326003242588,7.159212398163346,0,27,232.16517407531177,6268.459700033418,0.025,50,1.25,RA-MPC,264
True,REACHED,0.8250000000000004,0.8250000000000004,16.18332135557514,6.4414331782003865e-06,0,33,274.70306666642006,9065.201199991861,0.025,50,1.25,RA-MPC,265
True,REACHED,1.3749999999999991,1.3749999999999991,36.69090188246317,7.581618467465399e-07,0,55,340.8286836360772,18745.577599984244,0.025,50,1.25,RA-MPC,266
True,REACHED,0.7250000000000003,0.7250000000000003,16.75812008609402,7.8031672895250335,0,29,292.6658344834417,8487.309200019808,0.025,50,1.25,RA-MPC,267
True,REACHED,0.8000000000000004,0.8000000000000004,14.970957873642362,4.3493538331108095,0,32,298.1771687491346,9541.669399972307,0.025,50,1.25,RA-MPC,268
True,REACHED,0.7250000000000003,0.7250000000000003,17.73534259706157,6.033759631623041e-07,0,29,281.96147586076506,8176.882799962186,0.025,50,1.25,RA-MPC,269
False,INFEASIBLE_STEP1,,0.0,0.0,0.7572005055600882,1,0,1151.0551999963354,1151.0551999963354,0.025,50,1.25,RA-MPC,270
True,REACHED,0.8500000000000004,0.8500000000000004,14.755931782554136,4.752807029884084,0,34,364.8780117651126,12405.852400013828,0.025,50,1.25,RA-MPC,271
True,REACHED,0.6750000000000003,0.6750000000000003,9.791935520524694,3.523298355381601,0,27,298.7928888884468,8067.407999988063,0.025,50,1.25,RA-MPC,272
True,REACHED,0.35000000000000003,0.35000000000000003,8.990208354432243,9.253219425314812,0,14,314.32994285985063,4400.619200037909,0.025,50,1.25,RA-MPC,273
True,REACHED,1.3749999999999991,1.3749999999999991,46.847118638857744,2.8441840349297242e-06,0,55,396.93069818128026,21831.188399970415,0.025,50,1.25,RA-MPC,274
True,REACHED,1.674999999999998,1.674999999999998,60.92359651202884,2.1261089322748292e-06,0,67,498.5037477612721,33399.75110000523,0.025,50,1.25,RA-MPC,275
True,REACHED,0.7250000000000003,0.7250000000000003,14.820673931600767,0.00010667111201189754,0,29,339.4903758624047,9845.220900009735,0.025,50,1.25,RA-MPC,276
True,REACHED,0.8750000000000004,0.8750000000000004,17.938604239805603,1.819461188019568e-06,0,35,358.58170571445953,12550.359700006084,0.025,50,1.25,RA-MPC,277
True,REACHED,1.5499999999999985,1.5499999999999985,55.46920282525281,5.668779951104357e-07,0,62,403.00042903207566,24986.02659998869,0.025,50,1.25,RA-MPC,278
True,REACHED,0.9000000000000005,0.9000000000000005,18.635030918659286,4.3569116507381604,0,36,415.1627972237798,14945.860700056073,0.025,50,1.25,RA-MPC,279
True,REACHED,1.0000000000000004,1.0000000000000004,29.026977076112633,2.4274570370000714e-07,0,40,415.7693350000045,16630.77340000018,0.025,50,1.25,RA-MPC,280
False,INFEASIBLE_STEP1,,0.0,0.0,0.7443952927132589,1,0,771.6135999944527,771.6135999944527,0.025,50,1.25,RA-MPC,281
True,REACHED,1.0250000000000004,1.0250000000000004,19.79617488299662,2.120859670696273e-06,0,41,375.088278051585,15378.619400114985,0.025,50,1.25,RA-MPC,282
True,REACHED,0.6250000000000002,0.6250000000000002,9.687909704326954,8.627163707058559,0,25,343.2910119986627,8582.275299966568,0.025,50,1.25,RA-MPC,283
True,REACHED,1.5499999999999985,1.5499999999999985,55.93546473627735,7.6316162953656e-06,0,62,422.8889177414408,26219.112899969332,0.025,50,1.25,RA-MPC,284
True,REACHED,1.1,1.1,30.08321736072826,1.3925093576170457e-06,0,44,464.00709545526877,20416.312200031825,0.025,50,1.25,RA-MPC,285
True,REACHED,1.125,1.125,35.38083334169605,5.333636603566752e-07,0,45,437.0967466668743,19669.353600009345,0.025,50,1.25,RA-MPC,286
True,REACHED,0.7250000000000003,0.7250000000000003,17.449042520167662,2.067653992406146,0,29,380.42125172395225,11032.216299994616,0.025,50,1.25,RA-MPC,287
True,REACHED,1.5499999999999985,1.5499999999999985,46.186754217162516,-1.4763624738088195e-07,0,62,458.40682742029105,28421.223300058045,0.025,50,1.25,RA-MPC,288
True,REACHED,1.2999999999999994,1.2999999999999994,36.74867464249442,2.4826619930850307e-06,0,52,409.29705384601573,21283.446799992817,0.025,50,1.25,RA-MPC,289
True,REACHED,0.6750000000000003,0.6750000000000003,14.971560630183586,1.1630480988955634,0,27,376.3550333333788,10161.585900001228,0.025,50,1.25,RA-MPC,290
True,REACHED,0.9000000000000005,0.9000000000000005,18.135348500568192,6.324068053016343,0,36,352.32374722181703,12683.654899985413,0.025,50,1.25,RA-MPC,291
True,REACHED,0.6750000000000003,0.6750000000000003,14.977425855347304,1.226943053021301e-06,0,27,365.3732703737828,9865.078300092136,0.025,50,1.25,RA-MPC,292
True,REACHED,1.5249999999999986,1.5249999999999986,42.46861102165783,3.3462244663457227e-06,0,61,364.43139180268133,22230.31489996356,0.025,50,1.25,RA-MPC,293
True,REACHED,0.5750000000000002,0.5750000000000002,12.17579542156995,7.7796268080001605,0,23,363.07867825899336,8350.809599956847,0.025,50,1.25,RA-MPC,294
True,REACHED,1.4749999999999988,1.4749999999999988,50.105585402557196,2.466661909483567e-06,0,59,368.115544067824,21718.817100001615,0.025,50,1.25,RA-MPC,295
True,REACHED,0.7500000000000003,0.7500000000000003,20.50475786379185,3.2806769344477448e-06,0,30,327.9608866670363,9838.826600011089,0.025,50,1.25,RA-MPC,296
True,REACHED,1.2999999999999994,1.2999999999999994,36.75202268510879,3.0357944396706786e-06,0,52,395.44598846091856,20563.191399967764,0.025,50,1.25,RA-MPC,297
True,REACHED,1.4499999999999988,1.4499999999999988,50.48597298303973,4.315768832906177e-06,0,58,376.6500448270155,21845.7025999669,0.025,50,1.25,RA-MPC,298
True,REACHED,1.0500000000000003,1.0500000000000003,19.330090022621103,0.0009700526094899684,0,42,366.6461023808335,15399.136299995007,0.025,50,1.25,RA-MPC,299
False,INFEASIBLE_MID,,0.6,19.031142270919126,-8.699324994295885e-06,1,12,298.6422384632393,3882.349100022111,0.05,25,1.25,Vanilla MPC,0
True,REACHED,1.2000000000000004,1.2000000000000004,41.95191100894572,7.65143036134488e-06,0,24,191.2925666662583,4591.021599990199,0.05,25,1.25,Vanilla MPC,1
True,REACHED,0.6,0.6,16.59878209813325,5.592582002116371,0,12,355.8104250005272,4269.725100006326,0.05,25,1.25,Vanilla MPC,2
True,REACHED,0.49999999999999994,0.49999999999999994,9.452975219109693,1.483735041001819,0,10,285.6930199995986,2856.930199995986,0.05,25,1.25,Vanilla MPC,3
True,REACHED,1.3500000000000005,1.3500000000000005,47.42795251900929,5.1559098412669565e-06,0,27,180.3760740747546,4870.154000018374,0.05,25,1.25,Vanilla MPC,4
True,REACHED,0.5499999999999999,0.5499999999999999,8.854635725775594,2.5211827235016138,0,11,324.6546090919186,3571.2007000111043,0.05,25,1.25,Vanilla MPC,5
False,INFEASIBLE_STEP1,,0.0,0.0,6.9059108435215935,1,0,1946.7288000014378,1946.7288000014378,0.05,25,1.25,Vanilla MPC,6
True,REACHED,0.9000000000000002,0.9000000000000002,15.626238695276063,3.293535683509386,0,18,221.1376666673459,3980.4780000122264,0.05,25,1.25,Vanilla MPC,7
True,REACHED,0.7500000000000001,0.7500000000000001,19.808128829410578,9.849849460334022e-06,0,15,216.92405333645488,3253.860800046823,0.05,25,1.25,Vanilla MPC,8
True,REACHED,1.0000000000000002,1.0000000000000002,30.165420999006354,4.242521780046493e-06,0,20,173.2822549980483,3465.645099960966,0.05,25,1.25,Vanilla MPC,9
True,REACHED,0.8000000000000002,0.8000000000000002,19.55983289379383,2.801219105843452,0,16,166.95363124927098,2671.2580999883357,0.05,25,1.25,Vanilla MPC,10
True,REACHED,0.39999999999999997,0.39999999999999997,10.91865767738031,2.525540701179929,0,8,283.54488749755546,2268.3590999804437,0.05,25,1.25,Vanilla MPC,11
True,REACHED,0.7500000000000001,0.7500000000000001,11.504402856820736,1.064364859562402e-05,0,15,151.29669999781376,2269.4504999672063,0.05,25,1.25,Vanilla MPC,12
True,REACHED,0.9000000000000002,0.9000000000000002,23.691944703738038,8.041092886983673e-06,0,18,96.39834444452491,1735.1702000014484,0.05,25,1.25,Vanilla MPC,13
True,REACHED,1.2000000000000004,1.2000000000000004,29.188244718472056,4.520006598095758e-06,0,24,86.53616250073053,2076.8679000175325,0.05,25,1.25,Vanilla MPC,14
True,REACHED,0.5499999999999999,0.5499999999999999,9.076664715523119,4.430663731677084,0,11,89.51560000291052,984.6716000320157,0.05,25,1.25,Vanilla MPC,15
True,REACHED,0.6,0.6,13.368073241618005,2.798480982029361,0,12,110.86542500076273,1330.3851000091527,0.05,25,1.25,Vanilla MPC,16
True,REACHED,1.3500000000000005,1.3500000000000005,44.85824159682784,5.275131248219359e-06,0,27,95.94454074006838,2590.5025999818463,0.05,25,1.25,Vanilla MPC,17
True,REACHED,0.5499999999999999,0.5499999999999999,12.172201424957805,5.160606553887988,0,11,105.84294545697048,1164.2724000266753,0.05,25,1.25,Vanilla MPC,18
False,INFEASIBLE_STEP1,,0.0,0.0,0.8743130714584793,1,0,386.51609999942593,386.51609999942593,0.05,25,1.25,Vanilla MPC,19
True,REACHED,0.6,0.6,12.415600429455878,8.697704682276449,0,12,91.71152499766322,1100.5382999719586,0.05,25,1.25,Vanilla MPC,20
True,REACHED,1.3500000000000005,1.3500000000000005,46.14626350477913,7.647498953534935e-06,0,27,94.73170000085331,2557.7559000230394,0.05,25,1.25,Vanilla MPC,21
True,REACHED,0.2,0.2,5.135041688061929,9.194602141979937,0,4,74.70885000293492,298.8354000117397,0.05,25,1.25,Vanilla MPC,22
False,INFEASIBLE_STEP1,,0.0,0.0,7.2691005045984785,1,0,438.1083000043873,438.1083000043873,0.05,25,1.25,Vanilla MPC,23
True,REACHED,0.7000000000000001,0.7000000000000001,9.928612511214453,4.064460527233061e-06,0,14,89.78993571301024,1257.0590999821434,0.05,25,1.25,Vanilla MPC,24
True,REACHED,1.1000000000000003,1.1000000000000003,27.30575905789752,5.008497643719969e-06,0,22,83.43433636235369,1835.5553999717813,0.05,25,1.25,Vanilla MPC,25
True,REACHED,1.1000000000000003,1.1000000000000003,24.542666653148256,1.8424183365308548e-06,0,22,82.32732727232029,1811.2011999910465,0.05,25,1.25,Vanilla MPC,26
False,INFEASIBLE_STEP1,,0.0,0.0,0.10100098789276062,1,0,273.10919998853933,273.10919998853933,0.05,25,1.25,Vanilla MPC,27
True,REACHED,1.3500000000000005,1.3500000000000005,45.960244147816525,5.358338443163241e-06,0,27,84.38155185097087,2278.3018999762135,0.05,25,1.25,Vanilla MPC,28
True,REACHED,1.0500000000000003,1.0500000000000003,23.323641923272806,5.440522475038251e-06,0,21,86.4366523809232,1815.1696999993874,0.05,25,1.25,Vanilla MPC,29
False,INFEASIBLE_MID,,0.39999999999999997,12.993596112905843,-6.925399013582113e-06,1,8,277.76857777725024,2499.9171999952523,0.05,25,1.25,Vanilla MPC,30
True,REACHED,0.49999999999999994,0.49999999999999994,13.322751046002683,9.940917249919673,0,10,87.65373000060208,876.5373000060208,0.05,25,1.25,Vanilla MPC,31
True,REACHED,1.0500000000000003,1.0500000000000003,31.32028606280105,1.275322012018796e-06,0,21,84.46539047526173,1773.7731999804964,0.05,25,1.25,Vanilla MPC,32
True,REACHED,1.0500000000000003,1.0500000000000003,23.121134706062197,0.0005220364899908221,0,21,85.10737618919285,1787.2548999730498,0.05,25,1.25,Vanilla MPC,33
False,INFEASIBLE_STEP1,,0.0,0.0,0.9699836554437354,1,0,850.1288999977987,850.1288999977987,0.05,25,1.25,Vanilla MPC,34
True,REACHED,0.7500000000000001,0.7500000000000001,13.312997041713489,2.914931228640692,0,15,78.31085333212589,1174.6627999818884,0.05,25,1.25,Vanilla MPC,35
True,REACHED,1.1000000000000003,1.1000000000000003,27.446548929855766,1.2219039168553622e-06,0,22,116.75847727416443,2568.6865000316175,0.05,25,1.25,Vanilla MPC,36
False,INFEASIBLE_MID,,0.6,18.90719701609969,-4.203408594135234e-06,1,12,231.50631538457952,3009.582099999534,0.05,25,1.25,Vanilla MPC,37
True,REACHED,1.2000000000000004,1.2000000000000004,29.197992111878914,3.7362694040454934e-06,0,24,88.45212083178922,2122.850899962941,0.05,25,1.25,Vanilla MPC,38
True,REACHED,0.3,0.3,6.584651019868741,4.681292662378758,0,6,80.27681666377855,481.66089998267125,0.05,25,1.25,Vanilla MPC,39
True,REACHED,1.2500000000000004,1.2500000000000004,34.329007055770646,3.266290592229854e-06,0,25,145.04209600039758,3626.0524000099394,0.05,25,1.25,Vanilla MPC,40
True,REACHED,1.0000000000000002,1.0000000000000002,24.98920216124407,4.0698127150396835e-06,0,20,117.5153500000306,2350.307000000612,0.05,25,1.25,Vanilla MPC,41
True,REACHED,0.65,0.65,11.208884353901949,4.464665868777059,0,13,93.30155384556677,1212.920199992368,0.05,25,1.25,Vanilla MPC,42
True,REACHED,0.8000000000000002,0.8000000000000002,16.131682498274323,4.055875047014746e-05,0,16,148.68623750226106,2378.979800036177,0.05,25,1.25,Vanilla MPC,43
True,REACHED,0.8000000000000002,0.8000000000000002,15.313528984845751,2.673384005496052,0,16,131.71218124898587,2107.394899983774,0.05,25,1.25,Vanilla MPC,44
True,REACHED,0.65,0.65,13.736565062711168,2.776283920842928,0,13,106.91530769131182,1389.8989999870537,0.05,25,1.25,Vanilla MPC,45
True,REACHED,0.15000000000000002,0.15000000000000002,4.526224288615671,6.39708809158481,0,3,69.37403333722614,208.1221000116784,0.05,25,1.25,Vanilla MPC,46
True,REACHED,1.0500000000000003,1.0500000000000003,25.632727546029365,4.260593258830418e-06,0,21,134.4584476194411,2823.627400008263,0.05,25,1.25,Vanilla MPC,47
True,REACHED,0.7000000000000001,0.7000000000000001,18.87261299787145,3.5656581564030247,0,14,157.7459857165065,2208.443800031091,0.05,25,1.25,Vanilla MPC,48
True,REACHED,1.2500000000000004,1.2500000000000004,41.25191599914813,5.877643848778668e-06,0,25,107.68241599958856,2692.060399989714,0.05,25,1.25,Vanilla MPC,49
True,REACHED,0.65,0.65,10.927122237294176,9.5899150142695,0,13,118.11993077124218,1535.5591000261484,0.05,25,1.25,Vanilla MPC,50
True,REACHED,0.65,0.65,10.978138160313096,2.483702729203322,0,13,155.6069538424848,2022.8903999523027,0.05,25,1.25,Vanilla MPC,51
True,REACHED,1.3000000000000005,1.3000000000000005,37.787130592828866,1.0492700467845915e-08,0,26,122.35558461431468,3181.2451999721816,0.05,25,1.25,Vanilla MPC,52
False,INFEASIBLE_MID,,0.49999999999999994,18.97757166908889,-8.547497939664761e-06,1,10,274.91758181845813,3024.0934000030393,0.05,25,1.25,Vanilla MPC,53
True,REACHED,1.2000000000000004,1.2000000000000004,29.767779394230352,4.111697188624508e-06,0,24,121.41246250030235,2913.8991000072565,0.05,25,1.25,Vanilla MPC,54
True,REACHED,0.9500000000000003,0.9500000000000003,19.520235620933626,2.479626685824506,0,19,130.60875263258103,2481.5663000190398,0.05,25,1.25,Vanilla MPC,55
True,REACHED,1.3000000000000005,1.3000000000000005,43.730918825315584,5.427122683609807e-06,0,26,159.62290769283965,4150.195600013831,0.05,25,1.25,Vanilla MPC,56
True,REACHED,1.1500000000000004,1.1500000000000004,28.922973836085177,3.013904066605215e-06,0,23,142.6351260888623,3280.607900043833,0.05,25,1.25,Vanilla MPC,57
True,REACHED,1.3500000000000005,1.3500000000000005,46.3895287694037,8.333775928201087e-06,0,27,137.55925185169974,3714.0997999958927,0.05,25,1.25,Vanilla MPC,58
True,REACHED,1.0000000000000002,1.0000000000000002,19.572258309644827,1.2981049608326619e-06,0,20,95.45976500157849,1909.1953000315698,0.05,25,1.25,Vanilla MPC,59
True,REACHED,0.6,0.6,14.543928006143155,3.6286598149923552,0,12,103.84201666723432,1246.1042000068119,0.05,25,1.25,Vanilla MPC,60
True,REACHED,1.2500000000000004,1.2500000000000004,33.08297715456616,4.88316278752928e-06,0,25,122.45939200161956,3061.484800040489,0.05,25,1.25,Vanilla MPC,61
True,REACHED,1.3000000000000005,1.3000000000000005,43.72033974140004,-8.170804891110396e-06,0,26,206.33388461395114,5364.680999962729,0.05,25,1.25,Vanilla MPC,62
False,INFEASIBLE_STEP1,,0.0,0.0,2.699796154485192,1,0,182.97310000343714,182.97310000343714,0.05,25,1.25,Vanilla MPC,63
True,REACHED,0.65,0.65,16.63333519633984,1.4313772727923713,0,13,158.63346923008345,2062.235099991085,0.05,25,1.25,Vanilla MPC,64
True,REACHED,1.4000000000000006,1.4000000000000006,48.831762633709374,8.46477642055758e-06,0,28,135.16574642978543,3784.640900033992,0.05,25,1.25,Vanilla MPC,65
True,REACHED,0.8500000000000002,0.8500000000000002,22.69056349357385,0.6629242637675244,0,17,127.59549411695095,2169.123399988166,0.05,25,1.25,Vanilla MPC,66
False,INFEASIBLE_MID,,0.65,26.62025670689913,-3.1460648309024534e-06,1,13,313.3590071447543,4387.02610002656,0.05,25,1.25,Vanilla MPC,67
False,INFEASIBLE_STEP1,,0.0,0.0,3.791573024661823,1,0,769.889700008207,769.889700008207,0.05,25,1.25,Vanilla MPC,68
True,REACHED,0.7000000000000001,0.7000000000000001,16.25015157876277,5.6549185235210895e-05,0,14,173.90484285819443,2434.667800014722,0.05,25,1.25,Vanilla MPC,69
True,REACHED,0.8000000000000002,0.8000000000000002,12.771625233108917,4.283529713147426e-06,0,16,126.06075625080848,2016.9721000129357,0.05,25,1.25,Vanilla MPC,70
False,INFEASIBLE_MID,,0.49999999999999994,14.36854945162909,-3.08477138742025e-06,1,10,305.96537272768643,3365.619100004551,0.05,25,1.25,Vanilla MPC,71
True,REACHED,0.9000000000000002,0.9000000000000002,24.1317640579633,2.5590129318115736e-06,0,18,105.11918333294388,1892.1452999929897,0.05,25,1.25,Vanilla MPC,72
True,REACHED,0.3,0.3,5.082964363233812,1.5895489054684828,0,6,157.78066666825907,946.6840000095544,0.05,25,1.25,Vanilla MPC,73
False,INFEASIBLE_STEP1,,0.0,0.0,4.344789744581988,1,0,1166.6440999979386,1166.6440999979386,0.05,25,1.25,Vanilla MPC,74
False,INFEASIBLE_STEP1,,0.0,0.0,6.522670699606722,1,0,426.00919998949394,426.00919998949394,0.05,25,1.25,Vanilla MPC,75
True,REACHED,0.65,0.65,14.126456518198106,3.9025490668722638,0,13,74.1382846149813,963.7976999947568,0.05,25,1.25,Vanilla MPC,76
True,REACHED,1.3000000000000005,1.3000000000000005,35.138217639450374,1.3306046382652664e-05,0,26,107.73455384388889,2801.098399941111,0.05,25,1.25,Vanilla MPC,77
True,REACHED,1.3500000000000005,1.3500000000000005,34.980299198487344,3.1686797999835924e-06,0,27,107.33110370401172,2897.9398000083165,0.05,25,1.25,Vanilla MPC,78
True,REACHED,0.65,0.65,14.329059249753259,1.9773945989160258e-05,0,13,87.1806538466794,1133.3485000068322,0.05,25,1.25,Vanilla MPC,79
True,REACHED,1.3500000000000005,1.3500000000000005,44.87160702681051,4.917930624529434e-06,0,27,127.33464074241326,3438.035300045158,0.05,25,1.25,Vanilla MPC,80
True,REACHED,0.7500000000000001,0.7500000000000001,16.087374868493015,3.72784623763359e-06,0,15,112.18391999912758,1682.7587999869138,0.05,25,1.25,Vanilla MPC,81
True,REACHED,1.3000000000000005,1.3000000000000005,36.93752515289007,6.824592300360346e-07,0,26,151.4374961547079,3937.374900022405,0.05,25,1.25,Vanilla MPC,82
True,REACHED,0.9500000000000003,0.9500000000000003,28.62468410901795,1.048342977585197e-06,0,19,112.00469473949757,2128.0892000504537,0.05,25,1.25,Vanilla MPC,83
True,REACHED,0.3,0.3,6.483610689298363,5.214707651058882,0,6,98.79366666912877,592.7620000147726,0.05,25,1.25,Vanilla MPC,84
False,INFEASIBLE_STEP1,,0.0,0.0,8.496681644949996,1,0,1007.3363999981666,1007.3363999981666,0.05,25,1.25,Vanilla MPC,85
False,INFEASIBLE_STEP1,,0.0,0.0,4.8990057720047595,1,0,431.84210000617895,431.84210000617895,0.05,25,1.25,Vanilla MPC,86
True,REACHED,0.8000000000000002,0.8000000000000002,18.464891079083753,1.1471134666687184,0,16,152.64358749845996,2442.2973999753594,0.05,25,1.25,Vanilla MPC,87
True,REACHED,1.1500000000000004,1.1500000000000004,28.14338229710573,1.664681057356466e-06,0,23,153.36729565119046,3527.447799977381,0.05,25,1.25,Vanilla MPC,88
True,REACHED,1.1500000000000004,1.1500000000000004,29.625521964638732,1.5706799235314983e-06,0,23,148.2658695642148,3410.1149999769405,0.05,25,1.25,Vanilla MPC,89
True,REACHED,0.8500000000000002,0.8500000000000002,16.71098776048965,0.04535616056863817,0,17,148.63200000100358,2526.744000017061,0.05,25,1.25,Vanilla MPC,90
False,INFEASIBLE_STEP1,,0.0,0.0,5.893491440726705,1,0,875.2533000078984,875.2533000078984,0.05,25,1.25,Vanilla MPC,91
True,REACHED,1.2500000000000004,1.2500000000000004,38.650190353955686,-7.899077051963737e-06,0,25,155.82946400216315,3895.7366000540787,0.05,25,1.25,Vanilla MPC,92
True,REACHED,0.9500000000000003,0.9500000000000003,16.811694131106997,2.72925493177867e-05,0,19,169.30348421125305,3216.766200013808,0.05,25,1.25,Vanilla MPC,93
True,REACHED,0.8500000000000002,0.8500000000000002,16.762450480700597,1.5200994236570068e-06,0,17,132.34995882393218,2249.949300006847,0.05,25,1.25,Vanilla MPC,94
True,REACHED,1.0500000000000003,1.0500000000000003,27.371377067363973,5.198991817932685e-06,0,21,130.13758095275122,2732.889200007776,0.05,25,1.25,Vanilla MPC,95
True,REACHED,1.4500000000000006,1.4500000000000006,52.57822071558491,8.504311239658839e-06,0,29,141.04763103361995,4090.381299974979,0.05,25,1.25,Vanilla MPC,96
True,REACHED,1.4000000000000006,1.4000000000000006,49.223409854734584,8.402743134928062e-06,0,28,110.23212142754346,3086.499399971217,0.05,25,1.25,Vanilla MPC,97
False,INFEASIBLE_STEP1,,0.0,0.0,6.452721267129129,1,0,1102.9559000016889,1102.9559000016889,0.05,25,1.25,Vanilla MPC,98
True,REACHED,0.39999999999999997,0.39999999999999997,9.449558406955575,7.620092577108419,0,8,214.75713749896386,1718.0570999917109,0.05,25,1.25,Vanilla MPC,99
True,REACHED,0.9000000000000002,0.9000000000000002,25.898194532129978,6.430001820552652e-07,0,18,128.45468888796555,2312.18439998338,0.05,25,1.25,Vanilla MPC,100
False,INFEASIBLE_STEP1,,0.0,0.0,1.4566787727302752,1,0,436.02239999745507,436.02239999745507,0.05,25,1.25,Vanilla MPC,101
True,REACHED,1.1500000000000004,1.1500000000000004,27.047559241755994,5.862788450010993e-06,0,23,124.68305217423577,2867.710200007423,0.05,25,1.25,Vanilla MPC,102
True,REACHED,1.0000000000000002,1.0000000000000002,29.88091145754116,1.3404589299137253e-06,0,20,127.81153000178165,2556.230600035633,0.05,25,1.25,Vanilla MPC,103
False,INFEASIBLE_STEP1,,0.0,0.0,6.940431112247124,1,0,762.7061999955913,762.7061999955913,0.05,25,1.25,Vanilla MPC,104
True,REACHED,1.2500000000000004,1.2500000000000004,30.60538560945471,9.774211094586432e-06,0,25,80.00325199856889,2000.0812999642221,0.05,25,1.25,Vanilla MPC,105
True,REACHED,1.0500000000000003,1.0500000000000003,33.37322962745606,2.105375161774463e-06,0,21,80.93146190471349,1699.5606999989832,0.05,25,1.25,Vanilla MPC,106
True,REACHED,0.9000000000000002,0.9000000000000002,15.505766443710463,3.5021686109315346e-06,0,18,78.52417222198306,1413.435099995695,0.05,25,1.25,Vanilla MPC,107
True,REACHED,1.1000000000000003,1.1000000000000003,31.4650286186139,6.45117416935944e-06,0,22,86.0908272714534,1893.9981999719748,0.05,25,1.25,Vanilla MPC,108
True,REACHED,0.6,0.6,9.791557831724505,3.7998730504321103,0,12,104.67990833421936,1256.1589000106324,0.05,25,1.25,Vanilla MPC,109
False,INFEASIBLE_STEP1,,0.0,0.0,4.248083640405753,1,0,452.36429999931715,452.36429999931715,0.05,25,1.25,Vanilla MPC,110
False,INFEASIBLE_STEP1,,0.0,0.0,7.590778356202586,1,0,312.3627999884775,312.3627999884775,0.05,25,1.25,Vanilla MPC,111
True,REACHED,1.3500000000000005,1.3500000000000005,35.5534265368874,4.0772979829230034e-07,0,27,93.3117925920265,2519.4183999847155,0.05,25,1.25,Vanilla MPC,112
True,REACHED,0.49999999999999994,0.49999999999999994,8.860435435550835,3.98545780347908e-05,0,10,85.1383800021722,851.383800021722,0.05,25,1.25,Vanilla MPC,113
True,REACHED,1.4500000000000006,1.4500000000000006,52.31294755335638,5.876020834050053e-06,0,29,97.24261034340276,2820.03569995868,0.05,25,1.25,Vanilla MPC,114
True,REACHED,0.9500000000000003,0.9500000000000003,21.597750382315095,9.312931336582488e-09,0,19,87.23345789430344,1657.4356999917654,0.05,25,1.25,Vanilla MPC,115
False,INFEASIBLE_STEP1,,0.0,0.0,0.07152505246789657,1,0,534.8945000005187,534.8945000005187,0.05,25,1.25,Vanilla MPC,116
True,REACHED,1.3000000000000005,1.3000000000000005,34.29387805688299,4.309598065602663e-06,0,26,94.35585384758619,2453.252200037241,0.05,25,1.25,Vanilla MPC,117
True,REACHED,1.0500000000000003,1.0500000000000003,30.616301198896327,1.5034634615728638e-06,0,21,77.4143142875151,1625.700600037817,0.05,25,1.25,Vanilla MPC,118
True,REACHED,1.3000000000000005,1.3000000000000005,33.19762008714267,1.8344354361008183e-06,0,26,88.60945769209557,2303.845899994485,0.05,25,1.25,Vanilla MPC,119
True,REACHED,1.3000000000000005,1.3000000000000005,44.01483100491177,1.0086656725514506e-05,0,26,97.77390769214925,2542.1215999958804,0.05,25,1.25,Vanilla MPC,120
True,REACHED,0.44999999999999996,0.44999999999999996,7.515628576424334,0.46095686397691454,0,9,95.23138889118046,857.0825000206241,0.05,25,1.25,Vanilla MPC,121
False,INFEASIBLE_STEP1,,0.0,0.0,9.595733327511628,1,0,446.6597999999067,446.6597999999067,0.05,25,1.25,Vanilla MPC,122
False,INFEASIBLE_STEP1,,0.0,0.0,6.575919605703361,1,0,433.0488000123296,433.0488000123296,0.05,25,1.25,Vanilla MPC,123
True,REACHED,1.2500000000000004,1.2500000000000004,32.64725816784205,7.793583293784895e-07,0,25,90.21274400060065,2255.3186000150163,0.05,25,1.25,Vanilla MPC,124
True,REACHED,0.9000000000000002,0.9000000000000002,20.699897022839515,6.709321178410285e-07,0,18,79.13048333446366,1424.3487000203459,0.05,25,1.25,Vanilla MPC,125
True,REACHED,1.2000000000000004,1.2000000000000004,29.4314116517369,3.6919985493047808e-06,0,24,89.35423333120222,2144.5015999488533,0.05,25,1.25,Vanilla MPC,126
True,REACHED,1.2500000000000004,1.2500000000000004,30.174543386947438,8.281476922807705e-06,0,25,109.79506000119727,2744.876500029932,0.05,25,1.25,Vanilla MPC,127
False,INFEASIBLE_STEP1,,0.0,0.0,5.096699190658456,1,0,403.58449998893775,403.58449998893775,0.05,25,1.25,Vanilla MPC,128
True,REACHED,1.0500000000000003,1.0500000000000003,27.630056706547006,3.044735534060442e-06,0,21,79.19558095523999,1663.1072000600398,0.05,25,1.25,Vanilla MPC,129
True,REACHED,0.7500000000000001,0.7500000000000001,16.097132336629297,1.5948971214950847,0,15,100.8831400007087,1513.2471000106307,0.05,25,1.25,Vanilla MPC,130
True,REACHED,1.2500000000000004,1.2500000000000004,41.32726735585981,8.380563877707776e-06,0,25,93.27164800022729,2331.791200005682,0.05,25,1.25,Vanilla MPC,131
True,REACHED,0.8000000000000002,0.8000000000000002,14.216683353795922,6.9606443659520805,0,16,99.56238125141681,1592.998100022669,0.05,25,1.25,Vanilla MPC,132
True,REACHED,1.2500000000000004,1.2500000000000004,34.57395631184489,2.8681734283258227e-06,0,25,101.30292400019243,2532.573100004811,0.05,25,1.25,Vanilla MPC,133
True,REACHED,0.9500000000000003,0.9500000000000003,16.23816725248458,0.8397753815726386,0,19,96.23351052562755,1828.4366999869235,0.05,25,1.25,Vanilla MPC,134
True,REACHED,0.49999999999999994,0.49999999999999994,10.544184033740432,7.615936252152264,0,10,91.28956000058679,912.8956000058679,0.05,25,1.25,Vanilla MPC,135
True,REACHED,0.9000000000000002,0.9000000000000002,19.596721272576396,3.836226314065754e-06,0,18,96.4280444435038,1735.7047999830684,0.05,25,1.25,Vanilla MPC,136
True,REACHED,1.0500000000000003,1.0500000000000003,24.298485836166257,6.218804861709413e-06,0,21,78.73887142895477,1653.5163000080502,0.05,25,1.25,Vanilla MPC,137
True,REACHED,0.9000000000000002,0.9000000000000002,18.772942095643714,2.7551176828993547e-06,0,18,84.971622222737,1529.489200009266,0.05,25,1.25,Vanilla MPC,138
True,REACHED,0.65,0.65,11.474784692390871,5.205687850445236,0,13,90.86469999881676,1181.241099984618,0.05,25,1.25,Vanilla MPC,139
False,INFEASIBLE_STEP1,,0.0,0.0,4.298763991527994,1,0,360.3069999953732,360.3069999953732,0.05,25,1.25,Vanilla MPC,140
True,REACHED,0.65,0.65,14.330132906770888,9.475628101797556,0,13,88.9193307700155,1155.9513000102015,0.05,25,1.25,Vanilla MPC,141
True,REACHED,0.7500000000000001,0.7500000000000001,15.050348128262039,2.420663350107901,0,15,84.03323999955319,1260.4985999932978,0.05,25,1.25,Vanilla MPC,142
True,REACHED,1.0500000000000003,1.0500000000000003,24.429791000320925,5.019869615563493e-06,0,21,88.00852857460822,1848.1791000667727,0.05,25,1.25,Vanilla MPC,143
True,REACHED,0.39999999999999997,0.39999999999999997,8.8667437438309,1.2947264729779853,0,8,88.3545375054382,706.8363000435056,0.05,25,1.25,Vanilla MPC,144
True,REACHED,0.25,0.25,6.997466966056354,9.443811769925194,0,5,77.01537999964785,385.07689999823924,0.05,25,1.25,Vanilla MPC,145
True,REACHED,1.2000000000000004,1.2000000000000004,31.400338510240537,1.756756174656803e-06,0,24,104.8035750015212,2515.2858000365086,0.05,25,1.25,Vanilla MPC,146
True,REACHED,0.9500000000000003,0.9500000000000003,19.76932545886196,3.827536691675464e-06,0,19,84.03003157735311,1596.5705999697093,0.05,25,1.25,Vanilla MPC,147
True,REACHED,0.7500000000000001,0.7500000000000001,21.485570587351976,9.040578582588326,0,15,82.82416000050337,1242.3624000075506,0.05,25,1.25,Vanilla MPC,148
True,REACHED,1.0500000000000003,1.0500000000000003,20.903864336174934,7.143146936882217e-06,0,21,100.76171428469631,2115.9959999786224,0.05,25,1.25,Vanilla MPC,149
True,REACHED,1.2500000000000004,1.2500000000000004,40.60037230516253,8.217991179223492e-06,0,25,90.64183199894615,2266.0457999736536,0.05,25,1.25,Vanilla MPC,150
True,REACHED,1.2500000000000004,1.2500000000000004,41.75568579044254,4.859513568748944e-06,0,25,113.24823600065429,2831.205900016357,0.05,25,1.25,Vanilla MPC,151
False,INFEASIBLE_STEP1,,0.0,0.0,0.4470685619030109,1,0,309.1031999938423,309.1031999938423,0.05,25,1.25,Vanilla MPC,152
True,REACHED,1.3000000000000005,1.3000000000000005,36.4321138523462,6.6757761913348925e-06,0,26,82.81038461651545,2153.070000029402,0.05,25,1.25,Vanilla MPC,153
True,REACHED,1.3000000000000005,1.3000000000000005,35.66465987731765,3.329253936224916e-07,0,26,83.33750000131728,2166.7750000342494,0.05,25,1.25,Vanilla MPC,154
True,REACHED,0.8500000000000002,0.8500000000000002,23.50770845881549,0.0001461296734699795,0,17,121.08967647124219,2058.524500011117,0.05,25,1.25,Vanilla MPC,155
False,INFEASIBLE_MID,,0.44999999999999996,14.590429730801677,-2.8329143089216335e-06,1,9,138.32196000003023,1383.2196000003023,0.05,25,1.25,Vanilla MPC,156
True,REACHED,0.8500000000000002,0.8500000000000002,19.373454829569177,9.280828115637036e-07,0,17,88.77166470269646,1509.1182999458397,0.05,25,1.25,Vanilla MPC,157
False,INFEASIBLE_STEP1,,0.0,0.0,7.8393807299202,1,0,1470.3894999984186,1470.3894999984186,0.05,25,1.25,Vanilla MPC,158
False,INFEASIBLE_STEP1,,0.0,0.0,4.913651150565764,1,0,411.9827000104124,411.9827000104124,0.05,25,1.25,Vanilla MPC,159
True,REACHED,0.8000000000000002,0.8000000000000002,14.179384362162773,0.814263736024882,0,16,96.79474374752317,1548.7158999603707,0.05,25,1.25,Vanilla MPC,160
True,REACHED,0.5499999999999999,0.5499999999999999,11.454945814476883,9.34792199253401,0,11,103.04983636226758,1133.5481999849435,0.05,25,1.25,Vanilla MPC,161
True,REACHED,0.7500000000000001,0.7500000000000001,19.06198737926008,5.4499379638173885e-05,0,15,85.08546000133113,1276.281900019967,0.05,25,1.25,Vanilla MPC,162
True,REACHED,0.6,0.6,12.806589477852153,0.0009612806870375443,0,12,125.73239166643664,1508.7886999972397,0.05,25,1.25,Vanilla MPC,163
True,REACHED,0.7500000000000001,0.7500000000000001,16.949003394516765,1.2650837646796546e-05,0,15,82.30112666497007,1234.516899974551,0.05,25,1.25,Vanilla MPC,164
True,REACHED,0.6,0.6,11.53752417195766,5.193027031939742,0,12,80.56581666945324,966.789800033439,0.05,25,1.25,Vanilla MPC,165
False,INFEASIBLE_STEP1,,0.0,0.0,8.247228528302633,1,0,347.55500000028405,347.55500000028405,0.05,25,1.25,Vanilla MPC,166
True,REACHED,1.4000000000000006,1.4000000000000006,51.600125073862095,1.2232384731110374e-05,0,28,129.20865714373318,3617.8424000245286,0.05,25,1.25,Vanilla MPC,167
True,REACHED,0.7000000000000001,0.7000000000000001,16.75193152267274,7.941345215485031,0,14,92.43404285786839,1294.0766000101576,0.05,25,1.25,Vanilla MPC,168
False,INFEASIBLE_STEP1,,0.0,0.0,6.388879845962428,1,0,333.9903000014601,333.9903000014601,0.05,25,1.25,Vanilla MPC,169
True,REACHED,0.8000000000000002,0.8000000000000002,14.517412593318852,5.579301866444405e-06,0,16,80.12753124967276,1282.040499994764,0.05,25,1.25,Vanilla MPC,170
True,REACHED,1.2000000000000004,1.2000000000000004,31.644034141071103,4.297784929116772e-06,0,24,97.7204208332599,2345.2900999982376,0.05,25,1.25,Vanilla MPC,171
False,INFEASIBLE_STEP1,,0.0,0.0,0.7076548625108998,1,0,334.6196000056807,334.6196000056807,0.05,25,1.25,Vanilla MPC,172
True,REACHED,0.7500000000000001,0.7500000000000001,15.553137832207257,4.726495761054048e-06,0,15,84.19071333385848,1262.8607000078773,0.05,25,1.25,Vanilla MPC,173
True,REACHED,1.3000000000000005,1.3000000000000005,45.96775324946024,1.71156612034122e-06,0,26,112.46282307547517,2924.0333999623545,0.05,25,1.25,Vanilla MPC,174
True,REACHED,0.8500000000000002,0.8500000000000002,17.86749573758176,4.759328291973981e-06,0,17,112.53798235402962,1913.1457000185037,0.05,25,1.25,Vanilla MPC,175
False,INFEASIBLE_MID,,0.6,25.31467604135637,-1.590002400007467e-05,1,12,333.8699000014458,4340.308700018795,0.05,25,1.25,Vanilla MPC,176
False,INFEASIBLE_MID,,0.5499999999999999,21.036776948876767,-8.383932389882009e-06,1,11,135.9508249964468,1631.4098999573616,0.05,25,1.25,Vanilla MPC,177
True,REACHED,0.6,0.6,14.49308482014187,1.1872476999093302,0,12,91.29298333330856,1095.5157999997027,0.05,25,1.25,Vanilla MPC,178
False,INFEASIBLE_STEP1,,0.0,0.0,8.61093265353116,1,0,359.0264000085881,359.0264000085881,0.05,25,1.25,Vanilla MPC,179
True,REACHED,1.2000000000000004,1.2000000000000004,38.20691959859914,6.628213573710825e-06,0,24,116.45380833336579,2794.891400000779,0.05,25,1.25,Vanilla MPC,180
True,REACHED,0.9500000000000003,0.9500000000000003,19.46971516948601,4.807091270393654e-06,0,19,107.81232631645827,2048.434200012707,0.05,25,1.25,Vanilla MPC,181
True,REACHED,0.9500000000000003,0.9500000000000003,18.37762820273073,4.796126422288108e-05,0,19,126.72437368478552,2407.763100010925,0.05,25,1.25,Vanilla MPC,182
True,REACHED,0.8000000000000002,0.8000000000000002,14.797317076073542,3.0723926995461066e-06,0,16,118.03848750150792,1888.6158000241267,0.05,25,1.25,Vanilla MPC,183
False,INFEASIBLE_STEP1,,0.0,0.0,9.645541436296318,1,0,722.7765999996336,722.7765999996336,0.05,25,1.25,Vanilla MPC,184
True,REACHED,1.0500000000000003,1.0500000000000003,23.03374969767032,5.140296841500017e-06,0,21,119.95593809600298,2519.0747000160627,0.05,25,1.25,Vanilla MPC,185
True,REACHED,1.0000000000000002,1.0000000000000002,19.364637065951637,4.984002900861358e-06,0,20,151.36041500009014,3027.208300001803,0.05,25,1.25,Vanilla MPC,186
True,REACHED,0.65,0.65,10.475519461652532,9.318786090628084,0,13,163.1078923080797,2120.402600005036,0.05,25,1.25,Vanilla MPC,187
True,REACHED,0.3,0.3,6.853242965770529,4.855643968948962,0,6,155.88170000167642,935.2902000100585,0.05,25,1.25,Vanilla MPC,188
True,REACHED,0.7500000000000001,0.7500000000000001,12.60521400415295,9.150422958538412,0,15,125.90996666403953,1888.649499960593,0.05,25,1.25,Vanilla MPC,189
True,REACHED,1.2500000000000004,1.2500000000000004,30.230731097191036,4.159580189379722e-06,0,25,80.70820799854118,2017.7051999635296,0.05,25,1.25,Vanilla MPC,190
True,REACHED,0.44999999999999996,0.44999999999999996,9.692312753137989,3.670449465994424,0,9,68.2213666651579,613.9922999864211,0.05,25,1.25,Vanilla MPC,191
True,REACHED,0.39999999999999997,0.39999999999999997,9.532892005152403,9.709399899629618,0,8,109.77512499630393,878.2009999704314,0.05,25,1.25,Vanilla MPC,192
True,REACHED,1.1000000000000003,1.1000000000000003,27.760780696808098,8.021517342145948e-06,0,22,88.6217636368449,1949.678800010588,0.05,25,1.25,Vanilla MPC,193
True,REACHED,1.3500000000000005,1.3500000000000005,35.274425532435814,2.611208859763849e-06,0,27,84.27257036910979,2275.3593999659643,0.05,25,1.25,Vanilla MPC,194
True,REACHED,1.3500000000000005,1.3500000000000005,37.19920259411311,-4.550022527635514e-06,0,27,87.00392962944332,2349.1060999949696,0.05,25,1.25,Vanilla MPC,195
True,REACHED,1.1500000000000004,1.1500000000000004,29.83578198656734,8.375403825006375e-06,0,23,95.99342174023268,2207.8487000253517,0.05,25,1.25,Vanilla MPC,196
True,REACHED,0.9000000000000002,0.9000000000000002,24.033629885209205,1.6597108640942227e-05,0,18,86.1301222208163,1550.3421999746934,0.05,25,1.25,Vanilla MPC,197
True,REACHED,0.3,0.3,5.756440919956972,4.265343413416778,0,6,81.82889999928496,490.97339999570977,0.05,25,1.25,Vanilla MPC,198
True,REACHED,0.8500000000000002,0.8500000000000002,16.950764442474668,2.452768782250096e-06,0,17,72.13437647014337,1226.284399992437,0.05,25,1.25,Vanilla MPC,199
False,INFEASIBLE_STEP1,,0.0,0.0,6.893446252044973,1,0,543.0396999872755,543.0396999872755,0.05,25,1.25,Vanilla MPC,200
True,REACHED,1.1000000000000003,1.1000000000000003,34.623169654180394,1.5200376738944687e-06,0,22,96.13674999921137,2115.0084999826504,0.05,25,1.25,Vanilla MPC,201
True,REACHED,0.35,0.35,8.203521164248254,3.51586007330208,0,7,78.27649999775791,547.9354999843054,0.05,25,1.25,Vanilla MPC,202
True,REACHED,0.5499999999999999,0.5499999999999999,13.617575716297715,2.0226805156228527,0,11,116.48489090889184,1281.3337999978103,0.05,25,1.25,Vanilla MPC,203
True,REACHED,0.2,0.2,5.879123804596844,4.904673199184427,0,4,112.79980000472278,451.19920001889113,0.05,25,1.25,Vanilla MPC,204
True,REACHED,1.2000000000000004,1.2000000000000004,30.92239193198165,4.197835540645091e-06,0,24,108.59054583488614,2606.1731000372674,0.05,25,1.25,Vanilla MPC,205
True,REACHED,0.8500000000000002,0.8500000000000002,14.72976573421765,5.194229190460155e-06,0,17,77.05381176578264,1309.914800018305,0.05,25,1.25,Vanilla MPC,206
True,REACHED,0.9000000000000002,0.9000000000000002,20.92672846241549,0.12124120914810715,0,18,89.79655555514101,1616.3379999925382,0.05,25,1.25,Vanilla MPC,207
False,INFEASIBLE_STEP1,,0.0,0.0,2.1792405646321242,1,0,379.21699999424163,379.21699999424163,0.05,25,1.25,Vanilla MPC,208
True,REACHED,0.6,0.6,13.387410975021643,5.050949796592535,0,12,108.88539166505022,1306.6246999806026,0.05,25,1.25,Vanilla MPC,209
False,INFEASIBLE_STEP1,,0.0,0.0,6.051647726179743,1,0,305.0170999922557,305.0170999922557,0.05,25,1.25,Vanilla MPC,210
False,INFEASIBLE_MID,,0.5499999999999999,23.098315729120884,-5.039510865181531e-06,1,11,212.20555000278787,2546.4666000334546,0.05,25,1.25,Vanilla MPC,211
True,REACHED,1.4000000000000006,1.4000000000000006,43.65757108324341,-8.295596434918064e-06,0,28,156.98741785880495,4395.647700046538,0.05,25,1.25,Vanilla MPC,212
False,INFEASIBLE_MID,,0.5499999999999999,22.597777351290038,-7.615514750785945e-06,1,11,333.42997499736765,4001.1596999684116,0.05,25,1.25,Vanilla MPC,213
True,REACHED,0.7500000000000001,0.7500000000000001,14.33491225926177,8.91222528118026,0,15,96.15330666808102,1442.2996000212152,0.05,25,1.25,Vanilla MPC,214
True,REACHED,1.4000000000000006,1.4000000000000006,38.80727175472786,4.7227586331603375e-06,0,28,117.7137142866351,3295.9840000257827,0.05,25,1.25,Vanilla MPC,215
True,REACHED,1.1500000000000004,1.1500000000000004,31.759189093546645,3.036327747395832e-06,0,23,95.37620434876654,2193.65270002163,0.05,25,1.25,Vanilla MPC,216
True,REACHED,1.0000000000000002,1.0000000000000002,23.006767811790194,4.65112075394648e-06,0,20,92.3663099994883,1847.3261999897659,0.05,25,1.25,Vanilla MPC,217
False,INFEASIBLE_MID,,0.49999999999999994,14.14667974681518,-3.0138093661249227e-06,1,10,213.48384545391045,2348.322299993015,0.05,25,1.25,Vanilla MPC,218
False,INFEASIBLE_STEP1,,0.0,0.0,8.958394422107974,1,0,707.1997000020929,707.1997000020929,0.05,25,1.25,Vanilla MPC,219
False,INFEASIBLE_STEP1,,0.0,0.0,5.032182301587035,1,0,518.37110001361,518.37110001361,0.05,25,1.25,Vanilla MPC,220
True,REACHED,0.65,0.65,13.391982840303086,7.598403169699262,0,13,100.35524615243328,1304.6181999816326,0.05,25,1.25,Vanilla MPC,221
False,INFEASIBLE_STEP1,,0.0,0.0,6.677939416749844,1,0,1440.9953000140376,1440.9953000140376,0.05,25,1.25,Vanilla MPC,222
True,REACHED,0.7500000000000001,0.7500000000000001,17.2997889333006,1.9121252828008268,0,15,106.70213333505671,1600.5320000258507,0.05,25,1.25,Vanilla MPC,223
False,INFEASIBLE_STEP1,,0.0,0.0,7.35160282225229,1,0,905.745999989449,905.745999989449,0.05,25,1.25,Vanilla MPC,224
False,INFEASIBLE_STEP1,,0.0,0.0,8.978215246183318,1,0,1326.54249999905,1326.54249999905,0.05,25,1.25,Vanilla MPC,225
True,REACHED,0.7000000000000001,0.7000000000000001,17.205410850804178,3.416427547050553e-05,0,14,102.87579999775127,1440.2611999685178,0.05,25,1.25,Vanilla MPC,226
True,REACHED,1.3500000000000005,1.3500000000000005,33.705607786295374,2.4912464210420985e-06,0,27,86.15154814712393,2326.091799972346,0.05,25,1.25,Vanilla MPC,227
False,INFEASIBLE_STEP1,,0.0,0.0,1.303860872397864,1,0,419.21300000103656,419.21300000103656,0.05,25,1.25,Vanilla MPC,228
True,REACHED,0.9000000000000002,0.9000000000000002,17.008485482216937,7.104985269477737,0,18,79.90720000008069,1438.3296000014525,0.05,25,1.25,Vanilla MPC,229
True,REACHED,1.2500000000000004,1.2500000000000004,31.45485707226092,6.022752116986208e-06,0,25,87.9868519998854,2199.671299997135,0.05,25,1.25,Vanilla MPC,230
True,REACHED,0.9500000000000003,0.9500000000000003,23.5367067269541,6.4784106542606265e-06,0,19,88.34538421146327,1678.562300017802,0.05,25,1.25,Vanilla MPC,231
True,REACHED,1.4500000000000006,1.4500000000000006,50.05909922843651,2.680520009145377e-06,0,29,89.85287586381611,2605.733400050667,0.05,25,1.25,Vanilla MPC,232
False,INFEASIBLE_STEP1,,0.0,0.0,9.366790261299789,1,0,381.09480000275653,381.09480000275653,0.05,25,1.25,Vanilla MPC,233
True,REACHED,0.7500000000000001,0.7500000000000001,13.42885772910857,6.626932004619954,0,15,97.28386000012203,1459.2579000018304,0.05,25,1.25,Vanilla MPC,234
False,INFEASIBLE_STEP1,,0.0,0.0,1.5848291803492158,1,0,808.5578000027454,808.5578000027454,0.05,25,1.25,Vanilla MPC,235
False,INFEASIBLE_STEP1,,0.0,0.0,2.1057886397438605,1,0,497.2563000046648,497.2563000046648,0.05,25,1.25,Vanilla MPC,236
False,INFEASIBLE_STEP1,,0.0,0.0,6.132765677270687,1,0,719.6052000072086,719.6052000072086,0.05,25,1.25,Vanilla MPC,237
True,REACHED,1.4500000000000006,1.4500000000000006,51.584214400330524,3.532692926461546e-06,0,29,95.8870206894313,2780.7235999935074,0.05,25,1.25,Vanilla MPC,238
True,REACHED,1.0000000000000002,1.0000000000000002,26.36040386115672,5.140257338416978e-06,0,20,77.31834499863908,1546.3668999727815,0.05,25,1.25,Vanilla MPC,239
True,REACHED,1.0000000000000002,1.0000000000000002,28.340589724377033,7.2955217161012885e-06,0,20,84.83595000288915,1696.719000057783,0.05,25,1.25,Vanilla MPC,240
True,REACHED,0.44999999999999996,0.44999999999999996,7.1951690065124305,4.683153818069148,0,9,83.83395555493836,754.5055999944452,0.05,25,1.25,Vanilla MPC,241
True,REACHED,1.1500000000000004,1.1500000000000004,25.239312828441914,4.934372082755856e-06,0,23,91.40531739040338,2102.322299979278,0.05,25,1.25,Vanilla MPC,242
True,REACHED,0.9500000000000003,0.9500000000000003,23.00928661720576,5.572370746527983e-06,0,19,80.04153684228903,1520.7892000034917,0.05,25,1.25,Vanilla MPC,243
True,REACHED,1.0500000000000003,1.0500000000000003,25.337196416922165,2.9388261809560395e-06,0,21,94.32609999965366,1980.848099992727,0.05,25,1.25,Vanilla MPC,244
True,REACHED,1.3000000000000005,1.3000000000000005,44.99886720156945,4.345495659030402e-06,0,26,98.32463846060608,2556.4405999757582,0.05,25,1.25,Vanilla MPC,245
True,REACHED,0.25,0.25,5.367429260759955,1.3210023890441764,0,5,74.41697999893222,372.0848999946611,0.05,25,1.25,Vanilla MPC,246
False,INFEASIBLE_STEP1,,0.0,0.0,1.5470508228239142,1,0,546.8377000070177,546.8377000070177,0.05,25,1.25,Vanilla MPC,247
True,REACHED,1.1500000000000004,1.1500000000000004,27.179032278664454,3.4480227529056898e-06,0,23,82.2143826080719,1890.9307999856537,0.05,25,1.25,Vanilla MPC,248
True,REACHED,0.44999999999999996,0.44999999999999996,6.719638659683055,1.595165162720177,0,9,80.8527666667942,727.6749000011478,0.05,25,1.25,Vanilla MPC,249
True,REACHED,0.49999999999999994,0.49999999999999994,8.985109510490672,3.100070290812647,0,10,100.0397299983888,1000.3972999838879,0.05,25,1.25,Vanilla MPC,250
True,REACHED,0.9000000000000002,0.9000000000000002,17.723084429591726,7.674720486864015e-07,0,18,79.52038888955333,1431.36700001196,0.05,25,1.25,Vanilla MPC,251
False,INFEASIBLE_STEP1,,0.0,0.0,6.745077591929051,1,0,527.2808000008808,527.2808000008808,0.05,25,1.25,Vanilla MPC,252
True,REACHED,1.2500000000000004,1.2500000000000004,33.60615567861519,4.343168957627824e-06,0,25,106.57524000038393,2664.381000009598,0.05,25,1.25,Vanilla MPC,253
True,REACHED,0.9500000000000003,0.9500000000000003,21.856590819369217,5.6342028586345905e-06,0,19,84.88377894804887,1612.7918000129284,0.05,25,1.25,Vanilla MPC,254
True,REACHED,1.2500000000000004,1.2500000000000004,39.719990132970416,1.750193967064419e-06,0,25,102.91555999952834,2572.8889999882085,0.05,25,1.25,Vanilla MPC,255
False,INFEASIBLE_STEP1,,0.0,0.0,8.621591391966941,1,0,339.1094999969937,339.1094999969937,0.05,25,1.25,Vanilla MPC,256
False,INFEASIBLE_MID,,0.5499999999999999,16.52094208092674,-8.294534927332106e-06,1,11,179.0668750012022,2148.802500014426,0.05,25,1.25,Vanilla MPC,257
True,REACHED,1.2000000000000004,1.2000000000000004,28.421271394814656,5.840905914184888e-06,0,24,95.19170416691243,2284.6009000058984,0.05,25,1.25,Vanilla MPC,258
True,REACHED,0.8000000000000002,0.8000000000000002,17.998188494794004,0.0005309523011373501,0,16,76.45579999825713,1223.2927999721142,0.05,25,1.25,Vanilla MPC,259
True,REACHED,0.3,0.3,5.352544031635665,8.826416338302511,0,6,72.84558333291595,437.0734999974957,0.05,25,1.25,Vanilla MPC,260
True,REACHED,0.6,0.6,10.153053414177252,0.19632628007139916,0,12,101.12626666402018,1213.515199968242,0.05,25,1.25,Vanilla MPC,261
True,REACHED,0.25,0.25,2.151007729331995,2.3922237773802837,0,5,80.68550000607502,403.4275000303751,0.05,25,1.25,Vanilla MPC,262
False,INFEASIBLE_STEP1,,0.0,0.0,3.007169334107044,1,0,549.3825000012293,549.3825000012293,0.05,25,1.25,Vanilla MPC,263
True,REACHED,0.7000000000000001,0.7000000000000001,16.059690555321414,7.138120009077166,0,14,86.56762857260348,1211.9468000164488,0.05,25,1.25,Vanilla MPC,264
True,REACHED,0.8500000000000002,0.8500000000000002,16.399172988882174,9.338176722403195e-07,0,17,74.47256470913999,1266.0336000553798,0.05,25,1.25,Vanilla MPC,265
False,INFEASIBLE_MID,,0.49999999999999994,13.62011590540774,-5.292559741596019e-07,1,10,104.20877272686498,1146.2964999955148,0.05,25,1.25,Vanilla MPC,266
True,REACHED,0.7500000000000001,0.7500000000000001,17.02284959750064,7.794809913133846,0,15,99.87711333184659,1498.1566999776987,0.05,25,1.25,Vanilla MPC,267
True,REACHED,0.8000000000000002,0.8000000000000002,14.990110538897095,4.375185650201779,0,16,90.2924374995564,1444.6789999929024,0.05,25,1.25,Vanilla MPC,268
True,REACHED,0.7500000000000001,0.7500000000000001,17.913883549019012,2.888539485394609e-06,0,15,91.05395333317574,1365.8092999976361,0.05,25,1.25,Vanilla MPC,269
False,INFEASIBLE_STEP1,,0.0,0.0,0.7572005055600882,1,0,239.5801999955438,239.5801999955438,0.05,25,1.25,Vanilla MPC,270
True,REACHED,0.8500000000000002,0.8500000000000002,14.734186529909456,4.7476298874671485,0,17,101.98051176249625,1733.6686999624362,0.05,25,1.25,Vanilla MPC,271
True,REACHED,0.7000000000000001,0.7000000000000001,10.104886267535546,3.581214268446175,0,14,83.2729928577984,1165.8219000091776,0.05,25,1.25,Vanilla MPC,272
True,REACHED,0.49999999999999994,0.49999999999999994,10.62721706205842,7.68002917118485,0,10,85.5101500012097,855.101500012097,0.05,25,1.25,Vanilla MPC,273
True,REACHED,1.4000000000000006,1.4000000000000006,47.52114979622988,1.5682801174844392e-06,0,28,113.63414643035087,3181.7561000498245,0.05,25,1.25,Vanilla MPC,274
False,INFEASIBLE_STEP1,,0.0,0.0,8.365289475292018,1,0,606.9642999937059,606.9642999937059,0.05,25,1.25,Vanilla MPC,275
True,REACHED,0.7500000000000001,0.7500000000000001,15.138087988243326,0.00015032511949986563,0,15,77.9629933317968,1169.444899976952,0.05,25,1.25,Vanilla MPC,276
True,REACHED,0.9000000000000002,0.9000000000000002,18.42497741161723,5.931070859603093e-06,0,18,74.03477777714014,1332.6259999885224,0.05,25,1.25,Vanilla MPC,277
False,INFEASIBLE_STEP1,,0.0,0.0,5.889640587736337,1,0,454.2987000022549,454.2987000022549,0.05,25,1.25,Vanilla MPC,278
True,REACHED,0.9000000000000002,0.9000000000000002,18.52085646327202,4.3569116507381604,0,18,93.96455555462227,1691.3619999832008,0.05,25,1.25,Vanilla MPC,279
True,REACHED,1.0000000000000002,1.0000000000000002,28.961399405014923,3.700910049147758e-06,0,20,86.41539999953238,1728.3079999906477,0.05,25,1.25,Vanilla MPC,280
False,INFEASIBLE_STEP1,,0.0,0.0,0.7443952927132589,1,0,214.65349999198224,214.65349999198224,0.05,25,1.25,Vanilla MPC,281
True,REACHED,1.0500000000000003,1.0500000000000003,20.020722058786504,1.0663790712184427e-05,0,21,143.32647618929124,3009.855999975116,0.05,25,1.25,Vanilla MPC,282
True,REACHED,0.65,0.65,9.898843791104069,8.627163707058559,0,13,95.1932153850346,1237.51180000545,0.05,25,1.25,Vanilla MPC,283
False,INFEASIBLE_STEP1,,0.0,0.0,6.996932887009392,1,0,390.7571000017924,390.7571000017924,0.05,25,1.25,Vanilla MPC,284
True,REACHED,1.1000000000000003,1.1000000000000003,30.255261509472547,3.491927787509284e-06,0,22,134.4677772735436,2958.2911000179593,0.05,25,1.25,Vanilla MPC,285
True,REACHED,1.1500000000000004,1.1500000000000004,35.985831443390296,1.9281307327359136e-06,0,23,118.97103478195672,2736.3337999850046,0.05,25,1.25,Vanilla MPC,286
True,REACHED,0.7500000000000001,0.7500000000000001,17.73272014463863,2.1015490730213355,0,15,112.06885333328198,1681.0327999992296,0.05,25,1.25,Vanilla MPC,287
False,INFEASIBLE_STEP1,,0.0,0.0,4.23793482784244,1,0,828.6931000038749,828.6931000038749,0.05,25,1.25,Vanilla MPC,288
True,REACHED,1.3000000000000005,1.3000000000000005,36.62953005087297,4.812066514445315e-06,0,26,97.90008846063687,2545.4022999765584,0.05,25,1.25,Vanilla MPC,289
True,REACHED,0.7000000000000001,0.7000000000000001,15.118911832166328,1.1557023025481374,0,14,118.28192143106467,1655.9469000349054,0.05,25,1.25,Vanilla MPC,290
True,REACHED,0.8500000000000002,0.8500000000000002,22.970597567995853,3.564319582967226e-06,0,17,131.92082941617736,2242.654100075015,0.05,25,1.25,Vanilla MPC,291
True,REACHED,0.7000000000000001,0.7000000000000001,14.755543892204743,5.0250280422377715e-06,0,14,147.32228571665473,2062.5120000331663,0.05,25,1.25,Vanilla MPC,292
False,INFEASIBLE_STEP1,,0.0,0.0,8.548563267697343,1,0,408.6452999908943,408.6452999908943,0.05,25,1.25,Vanilla MPC,293
True,REACHED,0.6,0.6,12.303901949462563,7.802127644952018,0,12,118.42375000196625,1421.085000023595,0.05,25,1.25,Vanilla MPC,294
False,INFEASIBLE_STEP1,,0.0,0.0,4.466840642727727,1,0,628.0278000049293,628.0278000049293,0.05,25,1.25,Vanilla MPC,295
True,REACHED,0.7500000000000001,0.7500000000000001,20.328818204127224,8.312682523562977e-06,0,15,76.73176666527677,1150.9764999791514,0.05,25,1.25,Vanilla MPC,296
True,REACHED,1.3000000000000005,1.3000000000000005,36.61688181616721,4.119619566864033e-06,0,26,121.16970384522574,3150.4122999758692,0.05,25,1.25,Vanilla MPC,297
True,REACHED,1.4500000000000006,1.4500000000000006,52.556443827190485,5.681722173616059e-06,0,29,94.32246206992643,2735.3514000278665,0.05,25,1.25,Vanilla MPC,298
True,REACHED,1.0500000000000003,1.0500000000000003,19.2662332796797,0.004204629227976091,0,21,93.28194285903703,1958.9208000397775,0.05,25,1.25,Vanilla MPC,299
False,INFEASIBLE_MID,,0.6,18.79763262702142,-8.436821758770167e-06,1,12,522.1338692320458,6787.740300016594,0.05,25,1.25,RA-MPC,0
True,REACHED,1.2000000000000004,1.2000000000000004,41.95207173085632,7.651472511310185e-06,0,24,197.53474583133843,4740.833899952122,0.05,25,1.25,RA-MPC,1
True,REACHED,0.6,0.6,16.59878299928809,5.592582002116371,0,12,139.07024166959067,1668.842900035088,0.05,25,1.25,RA-MPC,2
True,REACHED,0.49999999999999994,0.49999999999999994,9.45297597651045,1.4837351838237405,0,10,146.00897999916924,1460.0897999916924,0.05,25,1.25,RA-MPC,3
True,REACHED,1.3500000000000005,1.3500000000000005,47.427923447238534,6.512803523847285e-06,0,27,209.62018518508154,5659.744999997201,0.05,25,1.25,RA-MPC,4
True,REACHED,0.5499999999999999,0.5499999999999999,8.854636444469747,2.5211827164311624,0,11,152.58499091247688,1678.4349000372458,0.05,25,1.25,RA-MPC,5
True,REACHED,1.4500000000000006,1.4500000000000006,48.35509598665019,3.707132526816958e-06,0,29,194.6360275850848,5644.444799967459,0.05,25,1.25,RA-MPC,6
True,REACHED,0.9000000000000002,0.9000000000000002,15.626622793638933,3.2931057019078698,0,18,147.9041833348068,2662.275300026522,0.05,25,1.25,RA-MPC,7
True,REACHED,0.7500000000000001,0.7500000000000001,19.80812886187734,9.84902923119408e-06,0,15,172.2377800014025,2583.566700021038,0.05,25,1.25,RA-MPC,8
True,REACHED,1.0000000000000002,1.0000000000000002,30.31159019661952,4.100902778144956e-06,0,20,172.22221499832813,3444.4442999665625,0.05,25,1.25,RA-MPC,9
True,REACHED,0.8000000000000002,0.8000000000000002,19.55982074719351,2.801216471810892,0,16,145.17438750044676,2322.790200007148,0.05,25,1.25,RA-MPC,10
True,REACHED,0.39999999999999997,0.39999999999999997,10.91847025971722,2.5255411844953386,0,8,203.28611249897222,1626.2888999917777,0.05,25,1.25,RA-MPC,11
True,REACHED,0.7500000000000001,0.7500000000000001,11.504385062520683,1.0643952344190023e-05,0,15,157.1582800000518,2357.374200000777,0.05,25,1.25,RA-MPC,12
True,REACHED,0.9000000000000002,0.9000000000000002,23.69194424984572,8.041064771582908e-06,0,18,174.72547777692347,3145.0585999846226,0.05,25,1.25,RA-MPC,13
True,REACHED,1.2000000000000004,1.2000000000000004,29.68262016069211,4.342665974013849e-06,0,24,166.99149583473627,4007.7959000336705,0.05,25,1.25,RA-MPC,14
True,REACHED,0.5499999999999999,0.5499999999999999,9.076663600855111,4.430663585700264,0,11,166.77626363657922,1834.5389000023715,0.05,25,1.25,RA-MPC,15
True,REACHED,0.6,0.6,13.368073353137857,2.798481003831823,0,12,240.0625666656803,2880.7507999881636,0.05,25,1.25,RA-MPC,16
True,REACHED,1.3500000000000005,1.3500000000000005,44.85696509959975,5.275133496102859e-06,0,27,221.08645185222417,5969.334200010053,0.05,25,1.25,RA-MPC,17
True,REACHED,0.5499999999999999,0.5499999999999999,12.171695735184414,5.161292062040133,0,11,240.2429727279179,2642.672700007097,0.05,25,1.25,RA-MPC,18
True,REACHED,1.5500000000000007,1.5500000000000007,46.25173529269495,5.857478808285242e-06,0,31,195.42471612869358,6058.1661999895005,0.05,25,1.25,RA-MPC,19
True,REACHED,0.6,0.6,12.415603273576629,8.697704682276449,0,12,187.77992499963148,2253.3590999955777,0.05,25,1.25,RA-MPC,20
True,REACHED,1.3500000000000005,1.3500000000000005,46.1458885966848,7.647320536467933e-06,0,27,190.44567036757212,5142.033099924447,0.05,25,1.25,RA-MPC,21
True,REACHED,0.2,0.2,5.135041816810713,9.194602141979937,0,4,263.2518499958678,1053.0073999834713,0.05,25,1.25,RA-MPC,22
False,INFEASIBLE_STEP1,,0.0,0.0,7.2691005045984785,1,0,767.3979000101099,767.3979000101099,0.05,25,1.25,RA-MPC,23
True,REACHED,0.7000000000000001,0.7000000000000001,9.928610923033308,8.745252291587448e-06,0,14,176.30757857010136,2468.306099981419,0.05,25,1.25,RA-MPC,24
True,REACHED,1.1000000000000003,1.1000000000000003,27.306969118561593,5.011375478347309e-06,0,22,167.0975409096255,3676.145900011761,0.05,25,1.25,RA-MPC,25
True,REACHED,1.1000000000000003,1.1000000000000003,24.530682758712313,1.8375915506491068e-06,0,22,186.7599909072107,4108.719799958635,0.05,25,1.25,RA-MPC,26
False,INFEASIBLE_STEP1,,0.0,0.0,0.10100098789276062,1,0,758.1028999993578,758.1028999993578,0.05,25,1.25,RA-MPC,27
True,REACHED,1.3500000000000005,1.3500000000000005,45.95892458903283,5.35551583425718e-06,0,27,212.77416666648438,5744.902499995078,0.05,25,1.25,RA-MPC,28
True,REACHED,1.0500000000000003,1.0500000000000003,23.316917544061546,5.439030359922675e-06,0,21,187.15125714134913,3930.1763999683317,0.05,25,1.25,RA-MPC,29
False,INFEASIBLE_MID,,0.39999999999999997,12.939806560069247,-3.432071010423993e-06,1,8,588.8091666662755,5299.28249999648,0.05,25,1.25,RA-MPC,30
True,REACHED,0.49999999999999994,0.49999999999999994,13.322759537499802,9.940912798105119,0,10,162.2752599971136,1622.752599971136,0.05,25,1.25,RA-MPC,31
True,REACHED,1.0500000000000003,1.0500000000000003,31.429765838335552,1.3098642702516344e-06,0,21,200.87010952522093,4218.272300029639,0.05,25,1.25,RA-MPC,32
True,REACHED,1.0500000000000003,1.0500000000000003,23.312574628027743,0.0005304167628271837,0,21,191.59984285735325,4023.5967000044184,0.05,25,1.25,RA-MPC,33
True,REACHED,1.4500000000000006,1.4500000000000006,44.845560414731835,1.0192195487890051e-06,0,29,220.96501379414332,6407.985400030157,0.05,25,1.25,RA-MPC,34
True,REACHED,0.7500000000000001,0.7500000000000001,13.312994081711889,2.914931164344624,0,15,179.49278666637838,2692.3917999956757,0.05,25,1.25,RA-MPC,35
True,REACHED,1.1000000000000003,1.1000000000000003,27.54983928380916,9.85274856631782e-06,0,22,210.2017954556769,4624.4395000248915,0.05,25,1.25,RA-MPC,36
False,INFEASIBLE_MID,,0.6,19.029075938849644,-2.909689687463015e-06,1,12,388.7921230769,5054.2975999997,0.05,25,1.25,RA-MPC,37
True,REACHED,1.2000000000000004,1.2000000000000004,29.345474973371093,3.7409502601330844e-06,0,24,158.97054166756183,3815.2930000214837,0.05,25,1.25,RA-MPC,38
True,REACHED,0.3,0.3,6.5846409905018595,4.681308440417714,0,6,193.07246666236702,1158.4347999742022,0.05,25,1.25,RA-MPC,39
True,REACHED,1.2500000000000004,1.2500000000000004,34.33948401023509,3.2589356835155536e-06,0,25,178.42630399973132,4460.657599993283,0.05,25,1.25,RA-MPC,40
True,REACHED,1.0000000000000002,1.0000000000000002,25.027385117950036,4.070666688179435e-06,0,20,162.97554000193486,3259.510800038697,0.05,25,1.25,RA-MPC,41
True,REACHED,0.65,0.65,11.208885542668922,4.464665864254797,0,13,202.64219999976027,2634.3485999968834,0.05,25,1.25,RA-MPC,42
True,REACHED,0.8000000000000002,0.8000000000000002,16.133015292021714,3.679814809066065e-05,0,16,170.70830625107192,2731.3329000171507,0.05,25,1.25,RA-MPC,43
True,REACHED,0.8000000000000002,0.8000000000000002,15.313527210950607,2.673384005496052,0,16,176.8171812491346,2829.0748999861535,0.05,25,1.25,RA-MPC,44
True,REACHED,0.65,0.65,13.736564238580897,2.776278494028749,0,13,192.34006923327868,2500.4209000326227,0.05,25,1.25,RA-MPC,45
True,REACHED,0.15000000000000002,0.15000000000000002,4.52631985165613,6.397097580926704,0,3,249.7181333358943,749.1544000076829,0.05,25,1.25,RA-MPC,46
True,REACHED,1.0500000000000003,1.0500000000000003,25.58407936063283,4.253627005091528e-06,0,21,153.48198095203512,3223.121599992737,0.05,25,1.25,RA-MPC,47
True,REACHED,0.7000000000000001,0.7000000000000001,18.872613262617193,3.5656582062334783,0,14,144.13062857264387,2017.8288000170141,0.05,25,1.25,RA-MPC,48
True,REACHED,1.2500000000000004,1.2500000000000004,42.177235344374154,7.892383433306588e-06,0,25,166.74470400146674,4168.617600036669,0.05,25,1.25,RA-MPC,49
True,REACHED,0.65,0.65,10.927122869333557,9.589915016226156,0,13,125.06072307923415,1625.789400030044,0.05,25,1.25,RA-MPC,50
True,REACHED,0.9500000000000003,0.9500000000000003,32.564407033738064,0.15615705969989155,0,19,122.13418420977082,2320.5494999856455,0.05,25,1.25,RA-MPC,51
True,REACHED,1.3000000000000005,1.3000000000000005,37.85876191430058,6.333515772208422e-07,0,26,138.8672461555241,3610.5484000436263,0.05,25,1.25,RA-MPC,52
False,INFEASIBLE_MID,,0.49999999999999994,18.98475169227871,-8.515354100340122e-06,1,10,242.41657272663858,2666.582299993024,0.05,25,1.25,RA-MPC,53
True,REACHED,1.2000000000000004,1.2000000000000004,29.64591827098094,5.496878900590501e-06,0,24,122.85718749990338,2948.572499997681,0.05,25,1.25,RA-MPC,54
True,REACHED,0.9500000000000003,0.9500000000000003,19.58731813107978,2.483305842529114,0,19,124.7596052654492,2370.4325000435347,0.05,25,1.25,RA-MPC,55
True,REACHED,1.3000000000000005,1.3000000000000005,43.73265747522459,5.417438552117412e-06,0,26,110.80976923291858,2881.054000055883,0.05,25,1.25,RA-MPC,56
True,REACHED,1.1500000000000004,1.1500000000000004,29.03937803109424,3.02298077130136e-06,0,23,123.44271739066639,2839.182499985327,0.05,25,1.25,RA-MPC,57
True,REACHED,1.3500000000000005,1.3500000000000005,46.38954152364392,8.333602341370254e-06,0,27,124.82026296277547,3370.147099994938,0.05,25,1.25,RA-MPC,58
True,REACHED,1.0000000000000002,1.0000000000000002,19.58852047122412,1.3003699023096998e-06,0,20,137.5418899995566,2750.8377999911318,0.05,25,1.25,RA-MPC,59
True,REACHED,0.6,0.6,14.543928097690573,3.628660055609819,0,12,96.55660833474637,1158.6793000169564,0.05,25,1.25,RA-MPC,60
True,REACHED,1.2500000000000004,1.2500000000000004,32.93060856104831,4.922429976038045e-06,0,25,152.5269480003044,3813.17370000761,0.05,25,1.25,RA-MPC,61
False,INFEASIBLE_MID,,0.49999999999999994,20.893867511295294,-8.147803985842391e-06,1,10,296.0637727268146,3256.7014999949606,0.05,25,1.25,RA-MPC,62
False,INFEASIBLE_STEP1,,0.0,0.0,2.699796154485192,1,0,204.73529999435414,204.73529999435414,0.05,25,1.25,RA-MPC,63
True,REACHED,0.65,0.65,16.633334872358056,1.4313772658820023,0,13,165.2373538482397,2148.085600027116,0.05,25,1.25,RA-MPC,64
True,REACHED,1.4000000000000006,1.4000000000000006,48.8318683167309,8.464608601101624e-06,0,28,108.10629642687023,3026.9762999523664,0.05,25,1.25,RA-MPC,65
True,REACHED,0.8500000000000002,0.8500000000000002,22.69260186153699,0.6630332787599148,0,17,105.72235294110963,1797.2799999988638,0.05,25,1.25,RA-MPC,66
False,INFEASIBLE_MID,,0.65,26.611222161276306,-3.1324134986098776e-06,1,13,212.18134285923693,2970.538800029317,0.05,25,1.25,RA-MPC,67
True,REACHED,1.5000000000000007,1.5000000000000007,50.402082114383305,5.152773177892916e-06,0,30,105.86415666718192,3175.9247000154573,0.05,25,1.25,RA-MPC,68
True,REACHED,0.7000000000000001,0.7000000000000001,16.250156840698423,5.6549451433384256e-05,0,14,136.12151428657984,1905.7012000121176,0.05,25,1.25,RA-MPC,69
True,REACHED,0.8000000000000002,0.8000000000000002,12.77165048486713,4.283889420229482e-06,0,16,124.21372500102734,1987.4196000164375,0.05,25,1.25,RA-MPC,70
False,INFEASIBLE_MID,,0.49999999999999994,14.150361014569175,-3.5921406305266064e-06,1,10,269.3773818173213,2963.151199990534,0.05,25,1.25,RA-MPC,71
True,REACHED,0.9000000000000002,0.9000000000000002,24.13175597956193,2.559012466461258e-06,0,18,139.47881111218723,2510.61860001937,0.05,25,1.25,RA-MPC,72
True,REACHED,0.3,0.3,5.082963690040545,1.5895489054684828,0,6,103.51810000186863,621.1086000112118,0.05,25,1.25,RA-MPC,73
False,INFEASIBLE_MID,,0.7500000000000001,22.19112312230954,-1.1978294291772054e-05,1,15,305.4777875013315,4887.644600021304,0.05,25,1.25,RA-MPC,74
True,REACHED,1.4500000000000006,1.4500000000000006,39.65034875729421,4.438535260229392e-06,0,29,141.6175965513785,4106.910299989977,0.05,25,1.25,RA-MPC,75
True,REACHED,0.65,0.65,14.126456566609813,3.9025490604172077,0,13,128.53273076717204,1670.9254999732366,0.05,25,1.25,RA-MPC,76
True,REACHED,1.3000000000000005,1.3000000000000005,34.97614397037148,1.2823132218858038e-05,0,26,141.00443076928897,3666.1152000015136,0.05,25,1.25,RA-MPC,77
True,REACHED,1.3500000000000005,1.3500000000000005,36.44368183255341,2.9820714476902515e-06,0,27,153.72087407417388,4150.463600002695,0.05,25,1.25,RA-MPC,78
True,REACHED,0.65,0.65,14.329049491146511,1.9773154987290212e-05,0,13,112.90480769373691,1467.7625000185799,0.05,25,1.25,RA-MPC,79
True,REACHED,1.3500000000000005,1.3500000000000005,44.87168631359628,1.7136078612067646e-06,0,27,155.04283333494743,4186.15650004358,0.05,25,1.25,RA-MPC,80
True,REACHED,0.7500000000000001,0.7500000000000001,16.08737876562408,2.8160132349578424e-06,0,15,121.77783333560608,1826.667500034091,0.05,25,1.25,RA-MPC,81
True,REACHED,1.3000000000000005,1.3000000000000005,37.05145555181706,1.3903138906652322e-07,0,26,142.58447692275064,3707.196399991517,0.05,25,1.25,RA-MPC,82
True,REACHED,0.9500000000000003,0.9500000000000003,28.75002039666025,1.0328834652677204e-06,0,19,132.60152105450337,2519.428900035564,0.05,25,1.25,RA-MPC,83
True,REACHED,0.3,0.3,6.483610756750014,5.21470772459262,0,6,168.05916667120377,1008.3550000272226,0.05,25,1.25,RA-MPC,84
True,REACHED,1.7000000000000008,1.7000000000000008,62.010054956754516,-2.079098684270853e-07,0,34,166.16872941214,5649.736800012761,0.05,25,1.25,RA-MPC,85
True,REACHED,1.4500000000000006,1.4500000000000006,38.37323915499924,1.2449249383670011e-05,0,29,136.78257241353376,3966.694599992479,0.05,25,1.25,RA-MPC,86
True,REACHED,0.8000000000000002,0.8000000000000002,18.464890365760795,1.1471130013848752,0,16,123.18554374996893,1970.9686999995029,0.05,25,1.25,RA-MPC,87
True,REACHED,1.1500000000000004,1.1500000000000004,28.364224185190523,2.9322871262499878e-06,0,23,133.06859999948242,3060.5777999880956,0.05,25,1.25,RA-MPC,88
True,REACHED,1.1500000000000004,1.1500000000000004,29.598905306293545,1.5799367692531548e-06,0,23,153.79004347715122,3537.170999974478,0.05,25,1.25,RA-MPC,89
True,REACHED,0.8500000000000002,0.8500000000000002,16.71099985778775,0.04535616056863817,0,17,128.7742000011563,2189.161400019657,0.05,25,1.25,RA-MPC,90
False,INFEASIBLE_MID,,0.8000000000000002,35.18563622912826,-8.475782209608613e-06,1,16,282.4963176458636,4802.437399979681,0.05,25,1.25,RA-MPC,91
False,INFEASIBLE_MID,,0.39999999999999997,14.633144362642959,-8.303684292100733e-06,1,8,150.72177778185707,1356.4960000367137,0.05,25,1.25,RA-MPC,92
True,REACHED,0.9500000000000003,0.9500000000000003,16.811041055724097,1.5857408756763328e-05,0,19,130.0892842126287,2471.6964000399457,0.05,25,1.25,RA-MPC,93
True,REACHED,0.8500000000000002,0.8500000000000002,16.76249139308602,1.5187752360915587e-06,0,17,132.28629411691253,2248.866999987513,0.05,25,1.25,RA-MPC,94
True,REACHED,1.0500000000000003,1.0500000000000003,27.31032453491374,5.185363076111264e-06,0,21,108.27008095345393,2273.6717000225326,0.05,25,1.25,RA-MPC,95
True,REACHED,1.4500000000000006,1.4500000000000006,52.093452471868886,1.1887862542595926e-05,0,29,118.66988275794247,3441.426599980332,0.05,25,1.25,RA-MPC,96
True,REACHED,1.4000000000000006,1.4000000000000006,50.5391200307457,8.148007228032253e-06,0,28,136.04394285721355,3809.2304000019794,0.05,25,1.25,RA-MPC,97
False,INFEASIBLE_MID,,0.65,28.639618103198725,-4.303878760623421e-06,1,13,264.58751428539733,3704.2251999955624,0.05,25,1.25,RA-MPC,98
True,REACHED,0.39999999999999997,0.39999999999999997,9.449557399455555,7.620092577108419,0,8,195.80737500109535,1566.4590000087628,0.05,25,1.25,RA-MPC,99
True,REACHED,0.9000000000000002,0.9000000000000002,25.93140371066417,5.799113424866075e-07,0,18,111.92106666809802,2014.5792000257643,0.05,25,1.25,RA-MPC,100
True,REACHED,1.5500000000000007,1.5500000000000007,51.20389514689006,-4.894066624686316e-07,0,31,194.95158709610075,6043.499199979124,0.05,25,1.25,RA-MPC,101
True,REACHED,1.1500000000000004,1.1500000000000004,26.947322989398796,5.23250822119716e-06,0,23,133.04181304588184,3059.9617000552826,0.05,25,1.25,RA-MPC,102
True,REACHED,1.0000000000000002,1.0000000000000002,30.02737684853171,1.4173643215778432e-06,0,20,151.616689999355,3032.3337999871,0.05,25,1.25,RA-MPC,103
False,INFEASIBLE_MID,,0.7500000000000001,30.656901267280652,-2.089426972625352e-07,1,15,219.8261937501229,3517.2191000019666,0.05,25,1.25,RA-MPC,104
True,REACHED,1.2500000000000004,1.2500000000000004,30.755515881656752,1.2448869103728799e-05,0,25,128.70818799885456,3217.704699971364,0.05,25,1.25,RA-MPC,105
True,REACHED,1.0500000000000003,1.0500000000000003,33.62907081505229,2.1593268667971136e-06,0,21,152.74844761907366,3207.717400000547,0.05,25,1.25,RA-MPC,106
True,REACHED,1.0500000000000003,1.0500000000000003,33.94700193755548,3.553001999036862,0,21,121.40686190520812,2549.5441000093706,0.05,25,1.25,RA-MPC,107
True,REACHED,1.1000000000000003,1.1000000000000003,31.458826619302705,6.44756734656735e-06,0,22,133.10879545778417,2928.3935000712518,0.05,25,1.25,RA-MPC,108
True,REACHED,0.6,0.6,9.791557888092127,3.799872981385085,0,12,130.55208333632132,1566.625000035856,0.05,25,1.25,RA-MPC,109
True,REACHED,1.5000000000000007,1.5000000000000007,51.81314816846287,3.272669985186583e-06,0,30,145.72968666713373,4371.890600014012,0.05,25,1.25,RA-MPC,110
True,REACHED,1.4500000000000006,1.4500000000000006,40.534404833192674,2.9021068727411234e-06,0,29,133.76286896477566,3879.123199978494,0.05,25,1.25,RA-MPC,111
True,REACHED,1.3500000000000005,1.3500000000000005,35.626296592666634,6.15413263244732e-07,0,27,141.6771592576643,3825.2832999569364,0.05,25,1.25,RA-MPC,112
True,REACHED,0.49999999999999994,0.49999999999999994,8.860436941213319,3.985439259999853e-05,0,10,62.48462999938056,624.8462999938056,0.05,25,1.25,RA-MPC,113
True,REACHED,1.4500000000000006,1.4500000000000006,50.478919620930185,3.6236465360468275e-06,0,29,129.50738620591062,3755.7141999714077,0.05,25,1.25,RA-MPC,114
True,REACHED,0.9500000000000003,0.9500000000000003,21.547819505177845,-1.166744335871754e-08,0,19,112.4520736844524,2136.5894000045955,0.05,25,1.25,RA-MPC,115
False,INFEASIBLE_STEP1,,0.0,0.0,0.07152505246789657,1,0,514.449100010097,514.449100010097,0.05,25,1.25,RA-MPC,116
True,REACHED,1.3000000000000005,1.3000000000000005,34.16727403563468,5.321273415912848e-06,0,26,129.3724346167157,3363.6833000346087,0.05,25,1.25,RA-MPC,117
True,REACHED,1.0500000000000003,1.0500000000000003,30.61769702401699,1.5094585257824127e-06,0,21,119.36843333144982,2506.7370999604464,0.05,25,1.25,RA-MPC,118
True,REACHED,1.3000000000000005,1.3000000000000005,32.94564657290152,2.3750400274074446e-06,0,26,157.30377307828837,4089.898100035498,0.05,25,1.25,RA-MPC,119
True,REACHED,1.3000000000000005,1.3000000000000005,43.449096985372705,8.880777389258926e-06,0,26,110.78877692153372,2880.508199959877,0.05,25,1.25,RA-MPC,120
True,REACHED,0.44999999999999996,0.44999999999999996,7.515941066925693,0.46123936410332705,0,9,150.3510444470319,1353.1594000232872,0.05,25,1.25,RA-MPC,121
True,REACHED,1.4000000000000006,1.4000000000000006,38.88421914570535,1.161566950357015e-05,0,28,136.70566785471496,3827.758699932019,0.05,25,1.25,RA-MPC,122
True,REACHED,1.5000000000000007,1.5000000000000007,42.17555200177206,4.622965207926107e-06,0,30,121.01336333483535,3630.4009000450606,0.05,25,1.25,RA-MPC,123
True,REACHED,1.2500000000000004,1.2500000000000004,32.71933662981757,8.067029318646633e-07,0,25,119.5969879993936,2989.92469998484,0.05,25,1.25,RA-MPC,124
True,REACHED,0.9000000000000002,0.9000000000000002,20.69990562691147,6.70926061740202e-07,0,18,139.83176110923523,2516.971699966234,0.05,25,1.25,RA-MPC,125
True,REACHED,1.2000000000000004,1.2000000000000004,29.31968630318966,3.9080707139904575e-06,0,24,135.9310166681098,3262.3444000346353,0.05,25,1.25,RA-MPC,126
True,REACHED,1.2500000000000004,1.2500000000000004,30.163518163445353,8.306704017209562e-06,0,25,130.39853199967183,3259.963299991796,0.05,25,1.25,RA-MPC,127
False,INFEASIBLE_MID,,0.6,18.62194240920798,-7.570517151957463e-06,1,12,231.03323076793458,3003.4319999831496,0.05,25,1.25,RA-MPC,128
True,REACHED,1.0500000000000003,1.0500000000000003,27.63005044888846,3.044734070022171e-06,0,21,94.8016761935183,1990.8352000638843,0.05,25,1.25,RA-MPC,129
True,REACHED,0.7500000000000001,0.7500000000000001,16.097128043724386,1.5949004416899348,0,15,94.1575400007423,1412.3631000111345,0.05,25,1.25,RA-MPC,130
True,REACHED,1.2500000000000004,1.2500000000000004,41.33120404377344,8.38050111007937e-06,0,25,139.23977999773342,3480.9944999433355,0.05,25,1.25,RA-MPC,131
True,REACHED,0.8000000000000002,0.8000000000000002,14.216686932422506,6.960644178003861,0,16,118.99135624935298,1903.8616999896476,0.05,25,1.25,RA-MPC,132
True,REACHED,1.2500000000000004,1.2500000000000004,34.576082329913966,2.8681954239735877e-06,0,25,170.08521599927917,4252.130399981979,0.05,25,1.25,RA-MPC,133
True,REACHED,0.9500000000000003,0.9500000000000003,16.243095849872777,0.8400067364040731,0,19,116.51917894931485,2213.8644000369823,0.05,25,1.25,RA-MPC,134
True,REACHED,0.49999999999999994,0.49999999999999994,10.544177849440532,7.6159887515924884,0,10,154.626209998969,1546.26209998969,0.05,25,1.25,RA-MPC,135
True,REACHED,0.9000000000000002,0.9000000000000002,19.59581638790489,3.83638102021927e-06,0,18,128.7052333314528,2316.6941999661503,0.05,25,1.25,RA-MPC,136
True,REACHED,1.0500000000000003,1.0500000000000003,24.28370439136045,6.233001414151294e-06,0,21,103.84243809468379,2180.6911999883596,0.05,25,1.25,RA-MPC,137
True,REACHED,0.9000000000000002,0.9000000000000002,18.77258623650189,2.7555034409131493e-06,0,18,103.7016222237273,1866.6292000270914,0.05,25,1.25,RA-MPC,138
True,REACHED,0.65,0.65,11.474411796896376,5.205687850445236,0,13,116.57312307663513,1515.4505999962566,0.05,25,1.25,RA-MPC,139
False,INFEASIBLE_STEP1,,0.0,0.0,4.298763991527994,1,0,396.852999998373,396.852999998373,0.05,25,1.25,RA-MPC,140
True,REACHED,0.65,0.65,14.330182779425657,9.475629046035051,0,13,76.78950769164098,998.2635999913327,0.05,25,1.25,RA-MPC,141
True,REACHED,0.7500000000000001,0.7500000000000001,15.050321699205135,2.420662471380132,0,15,114.40704666310921,1716.1056999466382,0.05,25,1.25,RA-MPC,142
True,REACHED,1.0500000000000003,1.0500000000000003,24.41961011683996,5.020635805580482e-06,0,21,127.92570952400898,2686.4399000041885,0.05,25,1.25,RA-MPC,143
True,REACHED,0.39999999999999997,0.39999999999999997,8.866748350395165,1.2947264729779853,0,8,63.7017624994769,509.6140999958152,0.05,25,1.25,RA-MPC,144
True,REACHED,0.25,0.25,6.997436117125531,9.443810109874399,0,5,182.94820000010077,914.7410000005038,0.05,25,1.25,RA-MPC,145
True,REACHED,1.2000000000000004,1.2000000000000004,31.47871903312623,1.750619038226558e-06,0,24,101.15604583249176,2427.745099979802,0.05,25,1.25,RA-MPC,146
True,REACHED,0.9500000000000003,0.9500000000000003,19.768577440964414,3.824442241672429e-06,0,19,139.65304210662572,2653.4078000258887,0.05,25,1.25,RA-MPC,147
True,REACHED,0.7500000000000001,0.7500000000000001,21.485767452479752,9.040578582588326,0,15,167.6635466661537,2514.9531999923056,0.05,25,1.25,RA-MPC,148
True,REACHED,1.0500000000000003,1.0500000000000003,20.905783060964726,7.142305217988469e-06,0,21,113.76641904436318,2389.0947999316268,0.05,25,1.25,RA-MPC,149
True,REACHED,1.2500000000000004,1.2500000000000004,40.60029029593681,8.217941482458232e-06,0,25,128.0842760001542,3202.106900003855,0.05,25,1.25,RA-MPC,150
True,REACHED,1.2000000000000004,1.2000000000000004,40.32917983324159,6.267246752609728e-06,0,24,134.39145000059702,3225.394800014328,0.05,25,1.25,RA-MPC,151
False,INFEASIBLE_STEP1,,0.0,0.0,0.4470685619030109,1,0,419.2879000038374,419.2879000038374,0.05,25,1.25,RA-MPC,152
True,REACHED,1.3000000000000005,1.3000000000000005,36.51678089057948,2.8764888818954728e-06,0,26,154.65590769207876,4021.0535999940475,0.05,25,1.25,RA-MPC,153
False,INFEASIBLE_MID,,0.49999999999999994,14.79254553387033,-1.5918192401308317e-06,1,10,410.19168182075106,4512.108500028262,0.05,25,1.25,RA-MPC,154
True,REACHED,0.8500000000000002,0.8500000000000002,23.507708498499603,0.00014632036042783498,0,17,103.90298235185637,1766.3506999815581,0.05,25,1.25,RA-MPC,155
False,INFEASIBLE_MID,,0.44999999999999996,14.698428944572619,-2.17315890179323e-06,1,9,403.93991000019014,4039.3991000019014,0.05,25,1.25,RA-MPC,156
True,REACHED,0.8500000000000002,0.8500000000000002,19.373456245669082,9.267679511556673e-07,0,17,127.37950588566224,2165.451600056258,0.05,25,1.25,RA-MPC,157
True,REACHED,1.7000000000000008,1.7000000000000008,61.64655984967077,4.881613078104472e-06,0,34,118.8384205871604,4040.506299963454,0.05,25,1.25,RA-MPC,158
True,REACHED,1.6000000000000008,1.6000000000000008,56.68711011979411,1.2392481770668006e-05,0,32,108.3519749986408,3467.2631999565056,0.05,25,1.25,RA-MPC,159
True,REACHED,0.8000000000000002,0.8000000000000002,14.179378007363171,0.8142635863488831,0,16,64.97808125186566,1039.6493000298506,0.05,25,1.25,RA-MPC,160
True,REACHED,0.5499999999999999,0.5499999999999999,11.454948061432626,9.34792220025887,0,11,60.03968181903474,660.4365000093821,0.05,25,1.25,RA-MPC,161
True,REACHED,0.7500000000000001,0.7500000000000001,19.06202198312437,5.4508177084439364e-05,0,15,95.72272666846402,1435.8409000269603,0.05,25,1.25,RA-MPC,162
True,REACHED,0.6,0.6,12.806589557628934,0.0009613157882169844,0,12,96.17635833152842,1154.116299978341,0.05,25,1.25,RA-MPC,163
True,REACHED,0.7500000000000001,0.7500000000000001,16.94900036529231,1.2653017025340748e-05,0,15,83.094566668539,1246.418500028085,0.05,25,1.25,RA-MPC,164
True,REACHED,0.6,0.6,11.537530803536344,5.193033699807192,0,12,75.48646666934171,905.8376000321005,0.05,25,1.25,RA-MPC,165
True,REACHED,1.4000000000000006,1.4000000000000006,44.70550071453379,3.5636893047421703e-06,0,28,118.60542857331373,3320.9520000527846,0.05,25,1.25,RA-MPC,166
True,REACHED,1.4500000000000006,1.4500000000000006,52.09321139122087,3.3361573969046023e-06,0,29,136.57590344744926,3960.701199976029,0.05,25,1.25,RA-MPC,167
True,REACHED,0.7000000000000001,0.7000000000000001,16.751949613655626,7.941345490875898,0,14,140.93807857300686,1973.1331000220962,0.05,25,1.25,RA-MPC,168
True,REACHED,1.5500000000000007,1.5500000000000007,52.4328092383344,4.475222889336755e-06,0,31,134.17511290378658,4159.428500017384,0.05,25,1.25,RA-MPC,169
True,REACHED,0.8000000000000002,0.8000000000000002,14.517412708033707,5.57929649869745e-06,0,16,91.5867249996154,1465.3875999938464,0.05,25,1.25,RA-MPC,170
True,REACHED,1.2000000000000004,1.2000000000000004,31.525455283313153,4.0206846768406965e-06,0,24,171.96601249997912,4127.184299999499,0.05,25,1.25,RA-MPC,171
False,INFEASIBLE_STEP1,,0.0,0.0,0.7076548625108998,1,0,771.8991000001552,771.8991000001552,0.05,25,1.25,RA-MPC,172
True,REACHED,0.7500000000000001,0.7500000000000001,15.553141197154522,4.726212342015622e-06,0,15,103.25677333263836,1548.8515999895753,0.05,25,1.25,RA-MPC,173
True,REACHED,1.3000000000000005,1.3000000000000005,45.96717149561694,1.8017361917958952e-06,0,26,123.38189999998296,3207.929399999557,0.05,25,1.25,RA-MPC,174
True,REACHED,0.8500000000000002,0.8500000000000002,17.867368658586653,4.76048004160233e-06,0,17,102.00573529394151,1734.0974999970058,0.05,25,1.25,RA-MPC,175
False,TIMEOUT,,10.000000000000007,3.374951861489713,2.108897615256473e-06,0,200,140.96968399979232,28193.936799958465,0.05,25,1.25,RA-MPC,176
True,REACHED,1.4000000000000006,1.4000000000000006,45.13227080633395,-8.313704536809557e-06,0,28,185.26115000037993,5187.312200010638,0.05,25,1.25,RA-MPC,177
True,REACHED,0.6,0.6,14.493084214140614,1.187247752788385,0,12,177.4910749979123,2129.892899974948,0.05,25,1.25,RA-MPC,178
True,REACHED,1.5500000000000007,1.5500000000000007,55.0060181783736,7.420802368631234e-06,0,31,156.18909032350678,4841.86180002871,0.05,25,1.25,RA-MPC,179
True,REACHED,1.2000000000000004,1.2000000000000004,38.205727796723515,6.628227746999048e-06,0,24,174.3396499981221,4184.15159995493,0.05,25,1.25,RA-MPC,180
True,REACHED,0.9500000000000003,0.9500000000000003,19.472370148431253,4.80391348946178e-06,0,19,125.09805789542091,2376.863100012997,0.05,25,1.25,RA-MPC,181
True,REACHED,0.9500000000000003,0.9500000000000003,18.378128518960747,3.1993368294019905e-05,0,19,113.38322105094497,2154.2811999679543,0.05,25,1.25,RA-MPC,182
True,REACHED,0.8000000000000002,0.8000000000000002,14.797317090932228,3.060159581311104e-06,0,16,109.09442500087607,1745.5108000140171,0.05,25,1.25,RA-MPC,183
True,REACHED,1.4500000000000006,1.4500000000000006,41.98949059641,1.37981034085343e-05,0,29,123.7995103438152,3590.185799970641,0.05,25,1.25,RA-MPC,184
True,REACHED,1.0500000000000003,1.0500000000000003,23.037295531511152,5.124022010557042e-06,0,21,120.53550000044717,2531.2455000093905,0.05,25,1.25,RA-MPC,185
True,REACHED,1.0000000000000002,1.0000000000000002,19.360386107780865,4.987520678187671e-06,0,20,126.84779499904835,2536.955899980967,0.05,25,1.25,RA-MPC,186
True,REACHED,0.65,0.65,10.475521116915061,9.318786663807293,0,13,155.97931538426425,2027.7310999954352,0.05,25,1.25,RA-MPC,187
True,REACHED,0.3,0.3,6.851661590623146,4.854909309834646,0,6,129.6348666655831,777.8091999934986,0.05,25,1.25,RA-MPC,188
True,REACHED,0.7500000000000001,0.7500000000000001,12.60521449366411,9.150422958730333,0,15,114.40808666520752,1716.1212999781128,0.05,25,1.25,RA-MPC,189
True,REACHED,1.2500000000000004,1.2500000000000004,30.095705258976693,4.018527080730812e-06,0,25,128.16239599895198,3204.0598999737995,0.05,25,1.25,RA-MPC,190
True,REACHED,0.44999999999999996,0.44999999999999996,9.692305974332337,3.6704781577138523,0,9,140.34275555523993,1263.0847999971593,0.05,25,1.25,RA-MPC,191
True,REACHED,0.39999999999999997,0.39999999999999997,9.532899454134675,9.709399899629618,0,8,109.70507500132953,877.6406000106363,0.05,25,1.25,RA-MPC,192
True,REACHED,1.1000000000000003,1.1000000000000003,27.721860419095645,8.250854883087928e-06,0,22,116.7790545454905,2569.139200000791,0.05,25,1.25,RA-MPC,193
True,REACHED,1.3500000000000005,1.3500000000000005,35.45024875400694,3.7023413327567197e-07,0,27,115.40899629633512,3116.042900001048,0.05,25,1.25,RA-MPC,194
False,INFEASIBLE_MID,,0.5499999999999999,14.956085714653232,-3.2153940912700528e-06,1,11,251.8357916669629,3022.029500003555,0.05,25,1.25,RA-MPC,195
True,REACHED,1.1500000000000004,1.1500000000000004,29.872530740747806,7.97670197113899e-06,0,23,128.95776521738458,2966.028599999845,0.05,25,1.25,RA-MPC,196
True,REACHED,0.9000000000000002,0.9000000000000002,24.03360620705273,1.660699954805061e-05,0,18,154.8795833312195,2787.832499961951,0.05,25,1.25,RA-MPC,197
True,REACHED,0.3,0.3,5.756410334624183,4.265369820541109,0,6,120.00223333840647,720.0134000304388,0.05,25,1.25,RA-MPC,198
True,REACHED,0.8500000000000002,0.8500000000000002,16.950693596457985,2.451825756450706e-06,0,17,125.06691764899776,2126.137600032962,0.05,25,1.25,RA-MPC,199
False,INFEASIBLE_MID,,0.7000000000000001,22.313072667669093,-8.526527171241042e-06,1,14,305.4028866676769,4581.043300015153,0.05,25,1.25,RA-MPC,200
True,REACHED,1.1000000000000003,1.1000000000000003,35.030138370899614,1.604245702035282e-06,0,22,164.78070909149457,3625.1756000128808,0.05,25,1.25,RA-MPC,201
True,REACHED,0.35,0.35,8.20373969473663,3.51586007330208,0,7,120.18835714012052,841.3184999808436,0.05,25,1.25,RA-MPC,202
True,REACHED,0.5499999999999999,0.5499999999999999,13.61756138033552,2.0227067259977853,0,11,128.74310908955522,1416.1741999851074,0.05,25,1.25,RA-MPC,203
True,REACHED,0.2,0.2,5.879136424748621,4.904673199184427,0,4,96.39577499547158,385.58309998188633,0.05,25,1.25,RA-MPC,204
True,REACHED,1.2000000000000004,1.2000000000000004,30.85365433626387,4.202470742945132e-06,0,24,159.7269166680538,3833.446000033291,0.05,25,1.25,RA-MPC,205
True,REACHED,0.8500000000000002,0.8500000000000002,14.729765250195438,5.193886650703207e-06,0,17,133.29966470722437,2266.0943000228144,0.05,25,1.25,RA-MPC,206
True,REACHED,0.9000000000000002,0.9000000000000002,20.926848285323,0.1210231002517305,0,18,125.69055000252168,2262.4299000453902,0.05,25,1.25,RA-MPC,207
False,INFEASIBLE_STEP1,,0.0,0.0,2.1792405646321242,1,0,456.4937000104692,456.4937000104692,0.05,25,1.25,RA-MPC,208
True,REACHED,0.6,0.6,13.387411047420324,5.050949692784794,0,12,140.960608330109,1691.527299961308,0.05,25,1.25,RA-MPC,209
True,REACHED,1.6000000000000008,1.6000000000000008,54.91619489036577,4.404300986818554e-06,0,32,147.7825281240257,4729.0408999688225,0.05,25,1.25,RA-MPC,210
False,INFEASIBLE_MID,,0.5499999999999999,23.09397639974936,-5.542847895584879e-06,1,11,308.9137750005951,3706.965300007141,0.05,25,1.25,RA-MPC,211
True,REACHED,1.4000000000000006,1.4000000000000006,43.644336689052274,-8.311555149687351e-06,0,28,186.4386607137151,5220.282499984023,0.05,25,1.25,RA-MPC,212
False,INFEASIBLE_MID,,0.5499999999999999,22.625703869362,-7.987298905404373e-06,1,11,308.47650833190227,3701.718099982827,0.05,25,1.25,RA-MPC,213
True,REACHED,0.7500000000000001,0.7500000000000001,14.33491304894294,8.912225176988615,0,15,117.69884666524983,1765.4826999787474,0.05,25,1.25,RA-MPC,214
True,REACHED,1.4000000000000006,1.4000000000000006,38.50285892856424,2.9097435418050783e-06,0,28,154.47498214260642,4325.29949999298,0.05,25,1.25,RA-MPC,215
True,REACHED,1.1500000000000004,1.1500000000000004,31.748711615530006,2.8149520732194563e-06,0,23,161.1667130428427,3706.8343999853823,0.05,25,1.25,RA-MPC,216
True,REACHED,1.0000000000000002,1.0000000000000002,23.013433947950958,4.645430335492585e-06,0,20,151.8648649987881,3037.297299975762,0.05,25,1.25,RA-MPC,217
False,INFEASIBLE_MID,,0.49999999999999994,13.79775546072211,-3.847695505590237e-06,1,10,334.99462727393785,3684.9409000133164,0.05,25,1.25,RA-MPC,218
True,REACHED,1.5500000000000007,1.5500000000000007,55.358604797617446,3.5311718719385973e-07,0,31,166.79126774092325,5170.529299968621,0.05,25,1.25,RA-MPC,219
False,INFEASIBLE_MID,,0.7000000000000001,28.648673585128847,-8.62361005348811e-06,1,14,347.30394666645833,5209.559199996875,0.05,25,1.25,RA-MPC,220
True,REACHED,0.65,0.65,13.391981953290594,7.598403085327258,0,13,113.84627692482005,1480.0016000226606,0.05,25,1.25,RA-MPC,221
False,INFEASIBLE_MID,,1.0500000000000003,44.691789252014615,-1.0021694127778595e-06,1,21,234.7351090905828,5164.172399992822,0.05,25,1.25,RA-MPC,222
True,REACHED,0.7500000000000001,0.7500000000000001,17.299559109775537,1.912119567210007,0,15,134.79366000198448,2021.9049000297673,0.05,25,1.25,RA-MPC,223
False,INFEASIBLE_MID,,0.7500000000000001,32.611075692185175,-8.516046279592647e-06,1,15,341.27175625053496,5460.348100008559,0.05,25,1.25,RA-MPC,224
False,INFEASIBLE_MID,,0.6,28.860624762636274,-8.256640527879389e-06,1,12,277.31288461542977,3605.0675000005867,0.05,25,1.25,RA-MPC,225
True,REACHED,0.7000000000000001,0.7000000000000001,17.205411421164467,3.4164318013039574e-05,0,14,198.95760000092974,2785.4064000130165,0.05,25,1.25,RA-MPC,226
True,REACHED,1.3500000000000005,1.3500000000000005,33.55043087050474,2.460014050450414e-06,0,27,128.0132074073966,3456.356599999708,0.05,25,1.25,RA-MPC,227
False,INFEASIBLE_STEP1,,0.0,0.0,1.303860872397864,1,0,797.1451000048546,797.1451000048546,0.05,25,1.25,RA-MPC,228
True,REACHED,0.8500000000000002,0.8500000000000002,23.367846412602425,4.24598567497759e-06,0,17,106.4873882338254,1810.2855999750318,0.05,25,1.25,RA-MPC,229
True,REACHED,1.2500000000000004,1.2500000000000004,31.549611624450435,6.176902557680776e-06,0,25,137.4116960016545,3435.2924000413623,0.05,25,1.25,RA-MPC,230
True,REACHED,0.9500000000000003,0.9500000000000003,23.536708635250818,6.4781802764843945e-06,0,19,139.46411578983412,2649.818200006848,0.05,25,1.25,RA-MPC,231
True,REACHED,1.4500000000000006,1.4500000000000006,50.05681231563477,2.6790581485240675e-06,0,29,125.88272068914476,3650.598899985198,0.05,25,1.25,RA-MPC,232
True,REACHED,1.5000000000000007,1.5000000000000007,52.36089157427233,3.6096736557078313e-06,0,30,127.49519666588942,3824.855899976683,0.05,25,1.25,RA-MPC,233
True,REACHED,0.7500000000000001,0.7500000000000001,13.42885873842576,6.626931535999646,0,15,131.7935066676,1976.9026000140002,0.05,25,1.25,RA-MPC,234
False,INFEASIBLE_STEP1,,0.0,0.0,1.5848291803492158,1,0,659.6739999949932,659.6739999949932,0.05,25,1.25,RA-MPC,235
True,REACHED,1.5500000000000007,1.5500000000000007,44.75181798284714,6.857519382647937e-06,0,31,138.95577096780235,4307.628900001873,0.05,25,1.25,RA-MPC,236
True,REACHED,1.4000000000000006,1.4000000000000006,35.60400267177055,4.783920663543096e-06,0,28,152.79436428578006,4278.242200001841,0.05,25,1.25,RA-MPC,237
True,REACHED,1.4500000000000006,1.4500000000000006,51.38035450600871,-1.807855923972656e-08,0,29,148.51238965488375,4306.859299991629,0.05,25,1.25,RA-MPC,238
True,REACHED,1.0000000000000002,1.0000000000000002,26.360068885238487,5.139895967779811e-06,0,20,112.29335000170977,2245.8670000341954,0.05,25,1.25,RA-MPC,239
True,REACHED,1.0000000000000002,1.0000000000000002,28.338983800404083,7.295520488250229e-06,0,20,112.32758500118507,2246.5517000237014,0.05,25,1.25,RA-MPC,240
True,REACHED,0.44999999999999996,0.44999999999999996,7.1950497188196145,4.682997167915379,0,9,159.3237555579334,1433.9138000214007,0.05,25,1.25,RA-MPC,241
True,REACHED,1.1500000000000004,1.1500000000000004,25.20899387885606,4.9513376012564806e-06,0,23,135.66490000053108,3120.2927000122145,0.05,25,1.25,RA-MPC,242
True,REACHED,0.9500000000000003,0.9500000000000003,23.009343244567837,5.5723727374497795e-06,0,19,91.3622526300299,1735.8827999705682,0.05,25,1.25,RA-MPC,243
True,REACHED,1.0500000000000003,1.0500000000000003,25.379798134351145,2.554211875778501e-06,0,21,117.99173333080641,2477.8263999469345,0.05,25,1.25,RA-MPC,244
True,REACHED,1.3000000000000005,1.3000000000000005,44.999274927934536,4.34391472739875e-06,0,26,150.41542307769234,3910.801000020001,0.05,25,1.25,RA-MPC,245
True,REACHED,0.25,0.25,5.366589487526325,1.3206372146776562,0,5,82.25671999971382,411.2835999985691,0.05,25,1.25,RA-MPC,246
True,REACHED,1.4000000000000006,1.4000000000000006,38.69745645312219,3.4437560107148215e-06,0,28,147.03765357106542,4117.054299989832,0.05,25,1.25,RA-MPC,247
True,REACHED,1.1500000000000004,1.1500000000000004,27.11947136084992,3.4831571862810573e-06,0,23,141.27745652260037,3249.3815000198083,0.05,25,1.25,RA-MPC,248
True,REACHED,0.44999999999999996,0.44999999999999996,6.719637026967549,1.5951652756675838,0,9,137.9638888886095,1241.6749999974854,0.05,25,1.25,RA-MPC,249
True,REACHED,0.49999999999999994,0.49999999999999994,8.98510953149834,3.1000701400161326,0,10,148.87440000020433,1488.7440000020433,0.05,25,1.25,RA-MPC,250
True,REACHED,0.9000000000000002,0.9000000000000002,17.72246054373059,7.678353124970768e-07,0,18,136.1090222223235,2449.962400001823,0.05,25,1.25,RA-MPC,251
False,INFEASIBLE_MID,,0.65,28.503340451834813,-8.093953609891429e-06,1,13,303.3188071442834,4246.463300019968,0.05,25,1.25,RA-MPC,252
True,REACHED,1.2500000000000004,1.2500000000000004,33.63002488522182,4.34314462111324e-06,0,25,188.07273999904282,4701.818499976071,0.05,25,1.25,RA-MPC,253
True,REACHED,0.9500000000000003,0.9500000000000003,21.853505395504335,5.635161680420699e-06,0,19,163.61912105180397,3108.7632999842754,0.05,25,1.25,RA-MPC,254
True,REACHED,1.2500000000000004,1.2500000000000004,39.720099872501606,1.7404754688243744e-06,0,25,172.52032000396866,4313.008000099217,0.05,25,1.25,RA-MPC,255
False,INFEASIBLE_MID,,0.6,21.230451675718705,-8.08600034833281e-06,1,12,322.3606615389984,4190.688600006979,0.05,25,1.25,RA-MPC,256
False,INFEASIBLE_MID,,0.5499999999999999,15.751464676055761,-7.913710239587563e-06,1,11,361.03910833359504,4332.46930000314,0.05,25,1.25,RA-MPC,257
True,REACHED,1.2000000000000004,1.2000000000000004,28.3128656999648,5.809552024504655e-06,0,24,168.296724999891,4039.1213999973843,0.05,25,1.25,RA-MPC,258
True,REACHED,0.8000000000000002,0.8000000000000002,17.998160150319627,0.0005306536654772108,0,16,131.08375624779,2097.34009996464,0.05,25,1.25,RA-MPC,259
True,REACHED,0.3,0.3,5.352544230996012,8.826416045259986,0,6,226.14126666546022,1356.8475999927614,0.05,25,1.25,RA-MPC,260
True,REACHED,0.6,0.6,10.153051342010215,0.196327952635201,0,12,147.3993750017447,1768.7925000209361,0.05,25,1.25,RA-MPC,261
True,REACHED,0.25,0.25,2.151007668242018,2.3922237773802837,0,5,188.96632000105456,944.8316000052728,0.05,25,1.25,RA-MPC,262
True,REACHED,1.4500000000000006,1.4500000000000006,47.34750957281492,7.922039567889372e-06,0,29,175.50253793235933,5089.57360003842,0.05,25,1.25,RA-MPC,263
True,REACHED,0.7000000000000001,0.7000000000000001,16.059692309690806,7.1381197042388225,0,14,129.60085714231744,1814.4119999924442,0.05,25,1.25,RA-MPC,264
True,REACHED,0.8500000000000002,0.8500000000000002,16.399177583172406,9.337974195900367e-07,0,17,145.04872352956548,2465.828300002613,0.05,25,1.25,RA-MPC,265
True,REACHED,1.4000000000000006,1.4000000000000006,37.358680165412466,2.940028425033903e-07,0,28,131.98573214270124,3695.600499995635,0.05,25,1.25,RA-MPC,266
True,REACHED,0.7500000000000001,0.7500000000000001,17.02285110628189,7.794809075910883,0,15,128.23585333438436,1923.5378000157652,0.05,25,1.25,RA-MPC,267
True,REACHED,0.8000000000000002,0.8000000000000002,14.990106821645806,4.375187109259539,0,16,110.36498124940408,1765.8396999904653,0.05,25,1.25,RA-MPC,268
True,REACHED,0.7500000000000001,0.7500000000000001,17.91388238176004,2.8885303966457907e-06,0,15,104.21818666606366,1563.2727999909548,0.05,25,1.25,RA-MPC,269
False,INFEASIBLE_STEP1,,0.0,0.0,0.7572005055600882,1,0,387.8182000044035,387.8182000044035,0.05,25,1.25,RA-MPC,270
True,REACHED,0.8500000000000002,0.8500000000000002,14.734212952547923,4.747667888110541,0,17,108.37335882345488,1842.347099998733,0.05,25,1.25,RA-MPC,271
True,REACHED,0.7000000000000001,0.7000000000000001,10.10488607201715,3.581213273061826,0,14,104.47504285964116,1462.6506000349764,0.05,25,1.25,RA-MPC,272
True,REACHED,0.49999999999999994,0.49999999999999994,10.627217329614036,7.6800286482952815,0,10,175.00060999882407,1750.0060999882407,0.05,25,1.25,RA-MPC,273
True,REACHED,1.4000000000000006,1.4000000000000006,47.523653455136134,1.569277302334885e-06,0,28,121.78568928564866,3409.9992999981623,0.05,25,1.25,RA-MPC,274
True,REACHED,1.6500000000000008,1.6500000000000008,59.76569229084531,4.6066684361245966e-06,0,33,157.25103333269627,5189.284099978977,0.05,25,1.25,RA-MPC,275
True,REACHED,0.7500000000000001,0.7500000000000001,15.138088159552135,0.00015011904029150035,0,15,125.03730666649062,1875.5595999973593,0.05,25,1.25,RA-MPC,276
True,REACHED,0.9000000000000002,0.9000000000000002,18.42541769747197,5.935501002446227e-06,0,18,112.23370555671863,2020.2067000209354,0.05,25,1.25,RA-MPC,277
True,REACHED,1.5500000000000007,1.5500000000000007,55.924760671966915,5.670706340402468e-06,0,31,143.29836774343295,4442.249400046421,0.05,25,1.25,RA-MPC,278
True,REACHED,0.9000000000000002,0.9000000000000002,18.548208575685663,4.3569116507381604,0,18,165.2207111118413,2973.9728000131436,0.05,25,1.25,RA-MPC,279
True,REACHED,1.0000000000000002,1.0000000000000002,28.961437453472907,3.7011264257480123e-06,0,20,131.85120499911136,2637.024099982227,0.05,25,1.25,RA-MPC,280
False,INFEASIBLE_STEP1,,0.0,0.0,0.7443952927132589,1,0,273.0965000082506,273.0965000082506,0.05,25,1.25,RA-MPC,281
True,REACHED,1.0500000000000003,1.0500000000000003,20.02155012119281,1.0652606028372558e-05,0,21,154.28340476327799,3239.9515000288375,0.05,25,1.25,RA-MPC,282
True,REACHED,0.65,0.65,9.898855348964908,8.627163707058559,0,13,160.3706384641835,2084.818300034385,0.05,25,1.25,RA-MPC,283
True,REACHED,1.5500000000000007,1.5500000000000007,55.808436573356,1.114312018228374e-05,0,31,202.68038064363458,6283.091799952672,0.05,25,1.25,RA-MPC,284
True,REACHED,1.1000000000000003,1.1000000000000003,30.25555302972516,3.4918576879669613e-06,0,22,158.40577272518368,3484.926999954041,0.05,25,1.25,RA-MPC,285
True,REACHED,1.1500000000000004,1.1500000000000004,36.01792647737327,1.9276554666246582e-06,0,23,169.6753391303861,3902.5327999988804,0.05,25,1.25,RA-MPC,286
True,REACHED,0.7500000000000001,0.7500000000000001,17.732720222724097,2.101549048171982,0,15,140.63396000322732,2109.5094000484096,0.05,25,1.25,RA-MPC,287
False,INFEASIBLE_MID,,0.8000000000000002,32.43158260902151,-9.692842629135603e-06,1,16,303.8497235281872,5165.445299979183,0.05,25,1.25,RA-MPC,288
True,REACHED,1.3000000000000005,1.3000000000000005,36.97395661534963,4.826557830780935e-06,0,26,160.38422307666713,4169.9897999933455,0.05,25,1.25,RA-MPC,289
True,REACHED,0.7000000000000001,0.7000000000000001,15.11891235693248,1.1557031671553468,0,14,113.18499285594693,1584.589899983257,0.05,25,1.25,RA-MPC,290
True,REACHED,0.8500000000000002,0.8500000000000002,22.970599778004807,3.5643162083575396e-06,0,17,140.86442353008727,2394.6952000114834,0.05,25,1.25,RA-MPC,291
True,REACHED,0.7000000000000001,0.7000000000000001,14.755541979498839,5.0249382239859694e-06,0,14,160.851614288861,2251.922600044054,0.05,25,1.25,RA-MPC,292
True,REACHED,1.5500000000000007,1.5500000000000007,43.234399536818714,8.256860180105404e-06,0,31,162.94981935296224,5051.444399941829,0.05,25,1.25,RA-MPC,293
True,REACHED,0.6,0.6,12.303906545673584,7.802127938144134,0,12,156.42730833254367,1877.127699990524,0.05,25,1.25,RA-MPC,294
True,REACHED,1.5000000000000007,1.5000000000000007,50.89582507673477,2.5157211801081687e-06,0,30,154.45138333404125,4633.541500021238,0.05,25,1.25,RA-MPC,295
True,REACHED,0.7500000000000001,0.7500000000000001,20.32882467868112,8.312606009677294e-06,0,15,177.87252000222603,2668.0878000333905,0.05,25,1.25,RA-MPC,296
True,REACHED,1.3000000000000005,1.3000000000000005,36.979957756117564,5.2818386588105794e-06,0,26,168.80000384732668,4388.800100030494,0.05,25,1.25,RA-MPC,297
True,REACHED,1.4500000000000006,1.4500000000000006,50.335093821332045,5.858433858565491e-06,0,29,160.7887896539539,4662.874899964663,0.05,25,1.25,RA-MPC,298
True,REACHED,1.0500000000000003,1.0500000000000003,19.29370630034881,0.004248703765224966,0,21,164.68764761798195,3458.440599977621,0.05,25,1.25,RA-MPC,299
False,INFEASIBLE_MID,,0.625,20.08417458121466,-0.0010154467297594102,1,5,214.34033333450012,1286.0420000070008,0.125,10,1.25,Vanilla MPC,0
True,REACHED,1.25,1.25,43.055311827955116,1.8408416416839386e-05,0,10,110.66239000065252,1106.6239000065252,0.125,10,1.25,Vanilla MPC,1
True,REACHED,0.625,0.625,16.519047569149624,5.592582002116371,0,5,70.40861999848858,352.0430999924429,0.125,10,1.25,Vanilla MPC,2
True,REACHED,0.5,0.5,9.424504491770028,1.3392256732696173,0,4,134.29822499892907,537.1928999957163,0.125,10,1.25,Vanilla MPC,3
True,REACHED,1.375,1.375,45.75002194798574,1.818221097393132e-05,0,11,105.36489090538288,1159.0137999592116,0.125,10,1.25,Vanilla MPC,4
True,REACHED,0.625,0.625,9.22680960818062,2.432091749794754,0,5,157.94988000125159,789.7494000062579,0.125,10,1.25,Vanilla MPC,5
False,INFEASIBLE_STEP1,,0.0,0.0,6.9059108435215935,1,0,890.500699999393,890.500699999393,0.125,10,1.25,Vanilla MPC,6
True,REACHED,1.0,1.0,16.668287019047693,3.5741461082983474,0,8,56.87076250433165,454.9661000346532,0.125,10,1.25,Vanilla MPC,7
True,REACHED,0.75,0.75,19.954031144947447,2.6043122378384263e-05,0,6,82.69431666849414,496.16590001096483,0.125,10,1.25,Vanilla MPC,8
False,INFEASIBLE_MID,,0.75,28.353065192767048,-1.9021331623770067e-05,1,6,257.5940285730342,1803.1582000112394,0.125,10,1.25,Vanilla MPC,9
True,REACHED,0.875,0.875,20.327637021760335,2.951145089532221,0,7,81.44844285977472,570.139100018423,0.125,10,1.25,Vanilla MPC,10
True,REACHED,0.625,0.625,11.937455088102922,0.00036773488694984694,0,5,141.4669399993727,707.3346999968635,0.125,10,1.25,Vanilla MPC,11
True,REACHED,0.875,0.875,12.900956407668208,2.44596742622028e-05,0,7,41.17591428387511,288.23139998712577,0.125,10,1.25,Vanilla MPC,12
True,REACHED,0.875,0.875,23.62031056297989,1.7744345058717951e-06,0,7,67.04288571407753,469.30019999854267,0.125,10,1.25,Vanilla MPC,13
False,INFEASIBLE_MID,,0.875,35.456563371545414,-1.5913759927809043e-05,1,7,199.50635000168404,1596.0508000134723,0.125,10,1.25,Vanilla MPC,14
True,REACHED,0.625,0.625,9.948873310900993,4.50142713210962,0,5,48.70450000453275,243.52250002266373,0.125,10,1.25,Vanilla MPC,15
True,REACHED,0.625,0.625,13.37371524287308,2.7977848795861515,0,5,66.31944000255316,331.5972000127658,0.125,10,1.25,Vanilla MPC,16
True,REACHED,1.375,1.375,43.64939813955903,2.0308937356612146e-05,0,11,62.435309089117005,686.7883999802871,0.125,10,1.25,Vanilla MPC,17
True,REACHED,0.625,0.625,12.538922234661987,5.751070338368855,0,5,50.722540004062466,253.61270002031233,0.125,10,1.25,Vanilla MPC,18
False,INFEASIBLE_STEP1,,0.0,0.0,0.8743130714584793,1,0,274.6365000057267,274.6365000057267,0.125,10,1.25,Vanilla MPC,19
True,REACHED,0.625,0.625,12.228498074995304,8.683020940562335,0,5,48.26795999833848,241.33979999169242,0.125,10,1.25,Vanilla MPC,20
True,REACHED,1.375,1.375,45.448282360505246,3.3812660782884655e-05,0,11,78.50354545569809,863.539000012679,0.125,10,1.25,Vanilla MPC,21
True,REACHED,0.25,0.25,5.622357751046334,9.194602141979937,0,2,51.57064999366412,103.14129998732824,0.125,10,1.25,Vanilla MPC,22
False,INFEASIBLE_STEP1,,0.0,0.0,7.2691005045984785,1,0,402.99319999758154,402.99319999758154,0.125,10,1.25,Vanilla MPC,23
True,REACHED,0.75,0.75,10.363889321515751,3.517694839669891e-05,0,6,61.507150002095536,369.0429000125732,0.125,10,1.25,Vanilla MPC,24
True,REACHED,1.125,1.125,27.757657707112603,1.5888135673705402e-05,0,9,55.19735555410281,496.77619998692535,0.125,10,1.25,Vanilla MPC,25
False,INFEASIBLE_MID,,0.75,17.708701974949065,-0.00011515658082212952,1,6,85.8191142864858,600.7338000054006,0.125,10,1.25,Vanilla MPC,26
False,INFEASIBLE_STEP1,,0.0,0.0,0.10100098789276062,1,0,251.9485000084387,251.9485000084387,0.125,10,1.25,Vanilla MPC,27
True,REACHED,1.375,1.375,46.812869806934486,6.128136473232439e-05,0,11,76.36909091194288,840.0600000313716,0.125,10,1.25,Vanilla MPC,28
False,INFEASIBLE_MID,,0.75,16.76579543426159,-4.758190943062699e-06,1,6,182.45942857174668,1277.2160000022268,0.125,10,1.25,Vanilla MPC,29
False,INFEASIBLE_MID,,0.5,17.527246257704025,-0.0008552500264171242,1,4,305.0851400010288,1525.4257000051439,0.125,10,1.25,Vanilla MPC,30
True,REACHED,0.5,0.5,13.353901915864387,9.945975581093393,0,4,56.724549998762086,226.89819999504834,0.125,10,1.25,Vanilla MPC,31
False,INFEASIBLE_MID,,0.75,30.846508542314815,-7.501043883890139e-05,1,6,254.15704285426597,1779.0992999798618,0.125,10,1.25,Vanilla MPC,32
True,REACHED,1.125,1.125,23.199880408090138,0.001963761254223739,0,9,80.36526666546706,723.2873999892035,0.125,10,1.25,Vanilla MPC,33
False,INFEASIBLE_STEP1,,0.0,0.0,0.9699836554437354,1,0,624.036299996078,624.036299996078,0.125,10,1.25,Vanilla MPC,34
True,REACHED,0.75,0.75,13.225858990142648,3.068279261997104,0,6,65.57564999820897,393.45389998925384,0.125,10,1.25,Vanilla MPC,35
True,REACHED,1.125,1.125,28.27575965291423,7.522617245789631e-06,0,9,65.91412222122825,593.2270999910543,0.125,10,1.25,Vanilla MPC,36
False,INFEASIBLE_MID,,0.625,19.776482077409156,-0.0001412202391023662,1,5,127.08058333616161,762.4835000169696,0.125,10,1.25,Vanilla MPC,37
True,REACHED,1.25,1.25,30.97036423854654,1.3873987270803127e-05,0,10,82.52475999761373,825.2475999761373,0.125,10,1.25,Vanilla MPC,38
True,REACHED,0.375,0.375,7.090140150632209,4.474029288670889,0,3,38.730333331235066,116.19099999370519,0.125,10,1.25,Vanilla MPC,39
False,INFEASIBLE_MID,,0.5,15.96229858615329,-1.5943431574672886e-05,1,4,293.766800002777,1468.834000013885,0.125,10,1.25,Vanilla MPC,40
False,INFEASIBLE_MID,,0.625,16.200641271558528,-5.64246673499406e-05,1,5,238.8920000012149,1433.3520000072895,0.125,10,1.25,Vanilla MPC,41
True,REACHED,0.625,0.625,11.173524547788153,4.486437843643157,0,5,72.47364000359084,362.3682000179542,0.125,10,1.25,Vanilla MPC,42
True,REACHED,0.875,0.875,16.78275003121158,3.393663168818956e-06,0,7,50.54705714324622,353.82940000272356,0.125,10,1.25,Vanilla MPC,43
True,REACHED,0.875,0.875,16.094026384398298,2.673384005496052,0,7,51.3984857118755,359.78939998312853,0.125,10,1.25,Vanilla MPC,44
True,REACHED,0.75,0.75,14.23457947609531,2.611464074931724,0,6,38.68283333576983,232.09700001461897,0.125,10,1.25,Vanilla MPC,45
True,REACHED,0.25,0.25,5.8600873755984875,6.423269668304864,0,2,65.07339999370743,130.14679998741485,0.125,10,1.25,Vanilla MPC,46
True,REACHED,1.125,1.125,28.076430490854186,-2.1030987889335147e-06,0,9,191.6000666678883,1724.4006000109948,0.125,10,1.25,Vanilla MPC,47
True,REACHED,0.75,0.75,19.87441292538161,3.443725113725638,0,6,49.05493333111129,294.32959998666774,0.125,10,1.25,Vanilla MPC,48
True,REACHED,1.25,1.25,40.91421784171305,1.6983555266238933e-05,0,10,79.28334000316681,792.8334000316681,0.125,10,1.25,Vanilla MPC,49
True,REACHED,0.75,0.75,11.420294198879034,9.62655227428022,0,6,55.38369999703718,332.3021999822231,0.125,10,1.25,Vanilla MPC,50
True,REACHED,0.75,0.75,11.312462576844082,2.4993738125719025,0,6,59.6643166669916,357.98590000194963,0.125,10,1.25,Vanilla MPC,51
False,INFEASIBLE_MID,,0.5,17.330866611868665,-2.942763299869053e-05,1,4,329.6303600014653,1648.1518000073265,0.125,10,1.25,Vanilla MPC,52
False,INFEASIBLE_MID,,0.5,19.196045873061003,-0.0007329783656384589,1,4,161.26273999980185,806.3136999990093,0.125,10,1.25,Vanilla MPC,53
True,REACHED,1.25,1.25,30.956394255872485,1.934975322254183e-05,0,10,92.38121999514988,923.8121999514988,0.125,10,1.25,Vanilla MPC,54
True,REACHED,1.0,1.0,19.48826486499867,2.7276195511736376,0,8,74.2059625008551,593.6477000068408,0.125,10,1.25,Vanilla MPC,55
True,REACHED,1.375,1.375,45.25280747084544,1.467557009413521e-05,0,11,69.58919090869709,765.481099995668,0.125,10,1.25,Vanilla MPC,56
False,INFEASIBLE_MID,,0.875,31.997983381155144,-9.033567009775386e-06,1,7,284.61979999701725,2276.958399976138,0.125,10,1.25,Vanilla MPC,57
True,REACHED,1.375,1.375,45.140592559208805,1.4673130984989218e-05,0,11,94.66158181682907,1041.2773999851197,0.125,10,1.25,Vanilla MPC,58
True,REACHED,1.0,1.0,31.820091727688858,2.2772412023653317,0,8,59.012687495851424,472.1014999668114,0.125,10,1.25,Vanilla MPC,59
True,REACHED,0.625,0.625,14.660694947251255,3.989093918369462,0,5,67.20925999979954,336.0462999989977,0.125,10,1.25,Vanilla MPC,60
True,REACHED,1.25,1.25,33.68279722295181,1.251901757781831e-05,0,10,68.07939000282204,680.7939000282204,0.125,10,1.25,Vanilla MPC,61
False,INFEASIBLE_MID,,0.5,20.57413072403512,-0.00035556324468777876,1,4,119.67461999738589,598.3730999869294,0.125,10,1.25,Vanilla MPC,62
False,INFEASIBLE_STEP1,,0.0,0.0,2.699796154485192,1,0,91.29729999403935,91.29729999403935,0.125,10,1.25,Vanilla MPC,63
True,REACHED,0.75,0.75,17.573422247113523,1.4313822285108562,0,6,60.177150000527035,361.0629000031622,0.125,10,1.25,Vanilla MPC,64
True,REACHED,1.5,1.5,50.787971247181126,2.1855021123290383e-05,0,12,87.06190833254368,1044.7428999905242,0.125,10,1.25,Vanilla MPC,65
True,REACHED,0.875,0.875,23.377625903172905,0.35040125299507846,0,7,73.76785714378846,516.3750000065193,0.125,10,1.25,Vanilla MPC,66
False,INFEASIBLE_MID,,0.625,25.27884367247401,-1.8324262184701175e-05,1,5,337.56813333457103,2025.4088000074262,0.125,10,1.25,Vanilla MPC,67
False,INFEASIBLE_STEP1,,0.0,0.0,3.791573024661823,1,0,469.3619000026956,469.3619000026956,0.125,10,1.25,Vanilla MPC,68
True,REACHED,0.75,0.75,15.198216410707204,0.0027316500463623735,0,6,49.823983334742174,298.94390000845306,0.125,10,1.25,Vanilla MPC,69
True,REACHED,0.875,0.875,13.389103928671009,4.591662784537325e-06,0,7,63.25229999908645,442.76609999360517,0.125,10,1.25,Vanilla MPC,70
False,INFEASIBLE_MID,,0.5,14.358607095503135,-0.00017672237205479117,1,4,389.77951999986544,1948.8975999993272,0.125,10,1.25,Vanilla MPC,71
False,INFEASIBLE_MID,,0.5,19.62121780249177,-1.2476421290925209e-08,1,4,351.34054000373,1756.70270001865,0.125,10,1.25,Vanilla MPC,72
True,REACHED,0.375,0.375,5.148429884075133,1.5895489054684828,0,3,47.47400000148142,142.42200000444427,0.125,10,1.25,Vanilla MPC,73
False,INFEASIBLE_STEP1,,0.0,0.0,4.344789744581988,1,0,204.8374000005424,204.8374000005424,0.125,10,1.25,Vanilla MPC,74
False,INFEASIBLE_STEP1,,0.0,0.0,6.522670699606722,1,0,245.087399991462,245.087399991462,0.125,10,1.25,Vanilla MPC,75
True,REACHED,0.625,0.625,13.776462966844097,4.029334398899773,0,5,58.539860002929345,292.6993000146467,0.125,10,1.25,Vanilla MPC,76
True,REACHED,1.375,1.375,37.694226186160556,1.1777740844372624e-05,0,11,71.98588181795044,791.8446999974549,0.125,10,1.25,Vanilla MPC,77
False,INFEASIBLE_MID,,1.0,28.20930330493075,-6.057002529528343e-05,1,8,216.77373333174424,1950.9635999856982,0.125,10,1.25,Vanilla MPC,78
True,REACHED,0.625,0.625,14.074975154966817,0.000312486138329043,0,5,58.25900000054389,291.29500000271946,0.125,10,1.25,Vanilla MPC,79
False,INFEASIBLE_MID,,0.5,19.265583602205727,-3.512980346585892e-05,1,4,374.4557799975155,1872.2788999875775,0.125,10,1.25,Vanilla MPC,80
True,REACHED,0.75,0.75,16.399057643503298,2.154076353326271e-06,0,6,56.78286666079657,340.69719996477943,0.125,10,1.25,Vanilla MPC,81
False,INFEASIBLE_MID,,0.5,16.333232453922925,-6.450514901130085e-05,1,4,183.15810000058264,915.7905000029132,0.125,10,1.25,Vanilla MPC,82
False,INFEASIBLE_MID,,0.625,24.36991899027961,-0.00017782703351861166,1,5,109.93225000129314,659.5935000077588,0.125,10,1.25,Vanilla MPC,83
True,REACHED,0.375,0.375,6.6742913276920675,5.296914428321043,0,3,49.16386666688292,147.49160000064876,0.125,10,1.25,Vanilla MPC,84
False,INFEASIBLE_STEP1,,0.0,0.0,8.496681644949996,1,0,260.7161000050837,260.7161000050837,0.125,10,1.25,Vanilla MPC,85
False,INFEASIBLE_STEP1,,0.0,0.0,4.8990057720047595,1,0,222.73569999379106,222.73569999379106,0.125,10,1.25,Vanilla MPC,86
True,REACHED,0.875,0.875,19.334241931846602,1.3304961690272088,0,7,56.22715714188026,393.59009999316186,0.125,10,1.25,Vanilla MPC,87
False,INFEASIBLE_MID,,0.875,20.955760695212067,-9.984260249460445e-06,1,7,364.5507125020231,2916.4057000161847,0.125,10,1.25,Vanilla MPC,88
False,INFEASIBLE_MID,,0.875,23.673281829588547,-1.4250108305997328e-05,1,7,267.9804500021419,2143.843600017135,0.125,10,1.25,Vanilla MPC,89
True,REACHED,0.875,0.875,17.007359805922178,0.04535616056863817,0,7,85.13688571526602,595.9582000068622,0.125,10,1.25,Vanilla MPC,90
False,INFEASIBLE_STEP1,,0.0,0.0,5.893491440726705,1,0,511.25369999499526,511.25369999499526,0.125,10,1.25,Vanilla MPC,91
False,INFEASIBLE_MID,,0.375,13.528719397027665,-0.0001644319469414596,1,3,378.1507749990851,1512.6030999963405,0.125,10,1.25,Vanilla MPC,92
True,REACHED,1.0,1.0,17.170559683473293,2.008366835495077e-05,0,8,61.657962500248686,493.2637000019895,0.125,10,1.25,Vanilla MPC,93
False,INFEASIBLE_MID,,0.5,13.908060835260262,-5.774799261778674e-05,1,4,478.577519999817,2392.887599999085,0.125,10,1.25,Vanilla MPC,94
True,REACHED,1.125,1.125,29.438010709902095,1.872087504070706e-05,0,9,82.05384444671735,738.4846000204561,0.125,10,1.25,Vanilla MPC,95
True,REACHED,1.5,1.5,55.78294566404409,6.98705765965604e-05,0,12,114.13371666882692,1369.604600025923,0.125,10,1.25,Vanilla MPC,96
True,REACHED,1.375,1.375,48.75140756327087,5.729541449814814e-05,0,11,111.98777272445362,1231.8654999689898,0.125,10,1.25,Vanilla MPC,97
False,INFEASIBLE_STEP1,,0.0,0.0,6.452721267129129,1,0,498.4758999926271,498.4758999926271,0.125,10,1.25,Vanilla MPC,98
True,REACHED,0.5,0.5,9.988811116609176,7.620092577108419,0,4,75.0809749988548,300.3238999954192,0.125,10,1.25,Vanilla MPC,99
True,REACHED,1.0,1.0,27.91576486829475,0.00023056238619001827,0,8,72.69359999918379,581.5487999934703,0.125,10,1.25,Vanilla MPC,100
False,INFEASIBLE_STEP1,,0.0,0.0,1.4566787727302752,1,0,727.9562000039732,727.9562000039732,0.125,10,1.25,Vanilla MPC,101
False,INFEASIBLE_MID,,0.875,19.800549478642697,-3.1521352991340024e-06,1,7,215.0225125005818,1720.1801000046544,0.125,10,1.25,Vanilla MPC,102
False,INFEASIBLE_MID,,0.625,26.988461380071378,-0.00028588900541654287,1,5,91.34638333246887,548.0782999948133,0.125,10,1.25,Vanilla MPC,103
False,INFEASIBLE_STEP1,,0.0,0.0,6.940431112247124,1,0,808.0054000020027,808.0054000020027,0.125,10,1.25,Vanilla MPC,104
True,REACHED,1.25,1.25,30.42551802539207,6.614364810290006e-06,0,10,65.86739999911515,658.6739999911515,0.125,10,1.25,Vanilla MPC,105
False,INFEASIBLE_MID,,0.625,26.12122051385309,-0.00016292529677306507,1,5,293.72250000111916,1762.3350000067148,0.125,10,1.25,Vanilla MPC,106
True,REACHED,1.0,1.0,16.21290061331571,1.100237201528068e-05,0,8,45.47521250060527,363.80170000484213,0.125,10,1.25,Vanilla MPC,107
True,REACHED,1.125,1.125,31.483740029566846,1.7081080716653208e-05,0,9,58.115022223015934,523.0352000071434,0.125,10,1.25,Vanilla MPC,108
True,REACHED,0.625,0.625,9.739539573894398,3.9402934814105097,0,5,43.803160000243224,219.01580000121612,0.125,10,1.25,Vanilla MPC,109
False,INFEASIBLE_STEP1,,0.0,0.0,4.248083640405753,1,0,171.73070000717416,171.73070000717416,0.125,10,1.25,Vanilla MPC,110
False,INFEASIBLE_STEP1,,0.0,0.0,7.590778356202586,1,0,158.18480000598356,158.18480000598356,0.125,10,1.25,Vanilla MPC,111
False,INFEASIBLE_MID,,0.625,17.3953105466262,-8.205491198111496e-05,1,5,278.5145333352072,1671.087200011243,0.125,10,1.25,Vanilla MPC,112
True,REACHED,0.625,0.625,8.415811704277534,0.0014719073600104693,0,5,56.38206000439823,281.91030002199113,0.125,10,1.25,Vanilla MPC,113
False,INFEASIBLE_STEP1,,0.0,0.0,8.686464146495272,1,0,136.4661999978125,136.4661999978125,0.125,10,1.25,Vanilla MPC,114
False,INFEASIBLE_MID,,0.5,15.37411809183068,-2.5594197313373945e-05,1,4,346.9966599979671,1734.9832999898354,0.125,10,1.25,Vanilla MPC,115
False,INFEASIBLE_STEP1,,0.0,0.0,0.07152505246789657,1,0,654.2629000032321,654.2629000032321,0.125,10,1.25,Vanilla MPC,116
True,REACHED,1.375,1.375,35.88578385500505,1.5378048785322635e-05,0,11,82.40304545457052,906.4335000002757,0.125,10,1.25,Vanilla MPC,117
False,INFEASIBLE_MID,,0.75,29.727349213715982,-5.5924859351195715e-05,1,6,209.9405714294075,1469.5840000058524,0.125,10,1.25,Vanilla MPC,118
False,INFEASIBLE_MID,,0.625,16.164002360338596,-2.3917087400471532e-05,1,5,468.12805000081426,2808.7683000048855,0.125,10,1.25,Vanilla MPC,119
False,INFEASIBLE_MID,,0.875,19.798845089564015,-5.982294675369543e-06,1,7,557.5618749971909,4460.494999977527,0.125,10,1.25,Vanilla MPC,120
True,REACHED,0.5,0.5,7.653712223838604,0.41171391105808736,0,4,49.88150000644964,199.52600002579857,0.125,10,1.25,Vanilla MPC,121
False,INFEASIBLE_STEP1,,0.0,0.0,9.595733327511628,1,0,411.9968000013614,411.9968000013614,0.125,10,1.25,Vanilla MPC,122
False,INFEASIBLE_STEP1,,0.0,0.0,6.575919605703361,1,0,601.8061000067974,601.8061000067974,0.125,10,1.25,Vanilla MPC,123
False,INFEASIBLE_MID,,0.375,10.547238556031814,-4.760207164458777e-06,1,3,615.9909249945485,2463.963699978194,0.125,10,1.25,Vanilla MPC,124
False,INFEASIBLE_MID,,0.625,16.04882019044922,-5.277802715408241e-05,1,5,736.6942666655328,4420.165599993197,0.125,10,1.25,Vanilla MPC,125
True,REACHED,1.25,1.25,31.538303566320746,5.590198169486105e-06,0,10,85.92946000426309,859.2946000426309,0.125,10,1.25,Vanilla MPC,126
False,INFEASIBLE_MID,,0.875,20.624723770097933,-7.404206747228374e-06,1,7,356.7663250014448,2854.1306000115583,0.125,10,1.25,Vanilla MPC,127
False,INFEASIBLE_STEP1,,0.0,0.0,5.096699190658456,1,0,436.9418999995105,436.9418999995105,0.125,10,1.25,Vanilla MPC,128
False,INFEASIBLE_MID,,0.75,28.126663436055793,-1.7662981609273196e-05,1,6,451.9431571451215,3163.6021000158507,0.125,10,1.25,Vanilla MPC,129
True,REACHED,0.75,0.75,16.491423469316114,1.819515974948698,0,6,54.93836666331239,329.6301999798743,0.125,10,1.25,Vanilla MPC,130
True,REACHED,1.25,1.25,40.4416013291089,2.3186287662349898e-05,0,10,115.58839999634074,1155.8839999634074,0.125,10,1.25,Vanilla MPC,131
True,REACHED,0.875,0.875,14.537829607040466,6.888800013503454,0,7,75.71855714195408,530.0298999936786,0.125,10,1.25,Vanilla MPC,132
True,REACHED,1.25,1.25,38.71408805518144,1.5609921366493415e-05,0,10,80.48380999825895,804.8380999825895,0.125,10,1.25,Vanilla MPC,133
True,REACHED,1.0,1.0,16.981086444531435,0.9346335671648709,0,8,65.14301249808341,521.1440999846673,0.125,10,1.25,Vanilla MPC,134
True,REACHED,0.5,0.5,10.47957542470408,7.602451071928513,0,4,68.61932500396506,274.47730001586024,0.125,10,1.25,Vanilla MPC,135
True,REACHED,0.875,0.875,18.484797529505812,6.213463495510612e-06,0,7,88.77408571424894,621.4185999997426,0.125,10,1.25,Vanilla MPC,136
False,INFEASIBLE_MID,,0.75,18.398276214754535,-1.4796640366115466e-05,1,6,476.6038428559633,3336.2268999917433,0.125,10,1.25,Vanilla MPC,137
False,INFEASIBLE_MID,,0.625,14.86819256909118,-2.9226364619399586e-06,1,5,632.3621666694331,3794.173000016599,0.125,10,1.25,Vanilla MPC,138
True,REACHED,0.625,0.625,11.274718580750642,5.205687850445236,0,5,51.700439999694936,258.5021999984747,0.125,10,1.25,Vanilla MPC,139
False,INFEASIBLE_STEP1,,0.0,0.0,4.298763991527994,1,0,258.631399992737,258.631399992737,0.125,10,1.25,Vanilla MPC,140
True,REACHED,0.75,0.75,15.196777104407197,9.472923046511898,0,6,51.65961666837878,309.9577000102727,0.125,10,1.25,Vanilla MPC,141
True,REACHED,0.75,0.75,15.279957600239186,2.4918789108210877,0,6,53.855600005287364,323.1336000317242,0.125,10,1.25,Vanilla MPC,142
False,INFEASIBLE_MID,,0.75,17.14890526759618,-2.02939335454667e-05,1,6,464.5614857124331,3251.9303999870317,0.125,10,1.25,Vanilla MPC,143
True,REACHED,0.5,0.5,9.103513995817726,1.2947264729779853,0,4,53.02690000462462,212.1076000184985,0.125,10,1.25,Vanilla MPC,144
True,REACHED,0.625,0.625,10.485380083357503,1.07369747348358,0,5,54.18424000090454,270.9212000045227,0.125,10,1.25,Vanilla MPC,145
False,INFEASIBLE_MID,,0.375,10.784839529192489,-2.273365252816147e-05,1,3,756.6019749974657,3026.407899989863,0.125,10,1.25,Vanilla MPC,146
False,INFEASIBLE_MID,,0.625,14.70147937522104,-5.378029363740277e-05,1,5,373.2200666684851,2239.320400010911,0.125,10,1.25,Vanilla MPC,147
True,REACHED,0.75,0.75,21.684327884437863,9.040578582588326,0,6,108.33665000245674,650.0199000147404,0.125,10,1.25,Vanilla MPC,148
True,REACHED,1.125,1.125,22.2448415967911,1.568749157850942e-05,0,9,77.67173333235809,699.0455999912228,0.125,10,1.25,Vanilla MPC,149
True,REACHED,1.25,1.25,38.84087220051997,2.0289765739186975e-05,0,10,91.94934999977704,919.4934999977704,0.125,10,1.25,Vanilla MPC,150
False,INFEASIBLE_STEP1,,0.0,0.0,2.1006348766876024,1,0,690.5073999951128,690.5073999951128,0.125,10,1.25,Vanilla MPC,151
False,INFEASIBLE_STEP1,,0.0,0.0,0.4470685619030109,1,0,1050.5886000028113,1050.5886000028113,0.125,10,1.25,Vanilla MPC,152
False,INFEASIBLE_MID,,1.0,27.159005630135983,-3.209034469800107e-05,1,8,214.19738889219136,1927.7765000297222,0.125,10,1.25,Vanilla MPC,153
False,INFEASIBLE_MID,,0.5,14.471769651865323,-0.00012326253174523366,1,4,159.30480000097305,796.5240000048652,0.125,10,1.25,Vanilla MPC,154
True,REACHED,0.875,0.875,24.04560898801765,0.00016448046935475802,0,7,73.72768571284334,516.0937999899033,0.125,10,1.25,Vanilla MPC,155
False,INFEASIBLE_MID,,0.5,15.980937929111295,-0.00020957078205975538,1,4,215.20739999541547,1076.0369999770774,0.125,10,1.25,Vanilla MPC,156
False,INFEASIBLE_MID,,0.5,16.095220403052863,-0.00026317917866799825,1,4,160.611299998709,803.056499993545,0.125,10,1.25,Vanilla MPC,157
False,INFEASIBLE_STEP1,,0.0,0.0,7.8393807299202,1,0,626.0391999967396,626.0391999967396,0.125,10,1.25,Vanilla MPC,158
False,INFEASIBLE_STEP1,,0.0,0.0,4.913651150565764,1,0,387.01099999889266,387.01099999889266,0.125,10,1.25,Vanilla MPC,159
True,REACHED,0.875,0.875,14.655946535340103,0.8544228613106951,0,7,67.0623428595718,469.4364000170026,0.125,10,1.25,Vanilla MPC,160
True,REACHED,0.625,0.625,11.457655140874525,9.295973640949097,0,5,45.828720001736656,229.14360000868328,0.125,10,1.25,Vanilla MPC,161
True,REACHED,0.75,0.75,18.39903545702852,0.00012180295938396364,0,6,58.58971666990934,351.5383000194561,0.125,10,1.25,Vanilla MPC,162
True,REACHED,0.625,0.625,13.011412880628232,0.0032199685482567483,0,5,67.33939999830909,336.69699999154545,0.125,10,1.25,Vanilla MPC,163
True,REACHED,0.75,0.75,17.87599953379675,4.7608393103016036e-05,0,6,55.92378333434075,335.54270000604447,0.125,10,1.25,Vanilla MPC,164
True,REACHED,0.625,0.625,11.635843726538326,5.349832019477021,0,5,52.963459998136386,264.81729999068193,0.125,10,1.25,Vanilla MPC,165
False,INFEASIBLE_STEP1,,0.0,0.0,8.247228528302633,1,0,565.3180000081193,565.3180000081193,0.125,10,1.25,Vanilla MPC,166
True,REACHED,1.5,1.5,54.59134623073413,2.9055559524906763e-05,0,12,77.49976666794585,929.9972000153502,0.125,10,1.25,Vanilla MPC,167
True,REACHED,0.75,0.75,17.497028766920998,7.876787588888216,0,6,85.7679999996132,514.6079999976791,0.125,10,1.25,Vanilla MPC,168
False,INFEASIBLE_STEP1,,0.0,0.0,6.388879845962428,1,0,483.31949999555945,483.31949999555945,0.125,10,1.25,Vanilla MPC,169
False,INFEASIBLE_MID,,0.5,10.519966732536899,-1.604631530948905e-05,1,4,310.2809000003617,1551.4045000018086,0.125,10,1.25,Vanilla MPC,170
True,REACHED,1.25,1.25,32.40006220528931,8.2812534807566e-06,0,10,62.98592999810353,629.8592999810353,0.125,10,1.25,Vanilla MPC,171
False,INFEASIBLE_STEP1,,0.0,0.0,0.7076548625108998,1,0,251.88280000293162,251.88280000293162,0.125,10,1.25,Vanilla MPC,172
True,REACHED,0.75,0.75,16.209029947690528,0.00015568639010652723,0,6,59.23103333285932,355.3861999971559,0.125,10,1.25,Vanilla MPC,173
True,REACHED,1.375,1.375,47.89835299075667,9.956562824541076e-05,0,11,67.71063636221119,744.816999984323,0.125,10,1.25,Vanilla MPC,174
True,REACHED,0.875,0.875,18.068431638875893,1.6464179268144112e-05,0,7,47.71780000425809,334.0246000298066,0.125,10,1.25,Vanilla MPC,175
False,INFEASIBLE_MID,,0.625,26.10116376726726,-0.00096126408080598,1,5,147.72850000251006,886.3710000150604,0.125,10,1.25,Vanilla MPC,176
False,INFEASIBLE_MID,,0.5,18.881567775513485,-1.1412803070292969e-05,1,4,116.92755999683868,584.6377999841934,0.125,10,1.25,Vanilla MPC,177
True,REACHED,0.625,0.625,14.6949569203635,1.2826588182103258,0,5,44.82256000046618,224.1128000023309,0.125,10,1.25,Vanilla MPC,178
False,INFEASIBLE_STEP1,,0.0,0.0,8.61093265353116,1,0,184.6367999969516,184.6367999969516,0.125,10,1.25,Vanilla MPC,179
True,REACHED,1.25,1.25,37.419509931614876,1.6428785442057486e-05,0,10,64.17212000233121,641.7212000233121,0.125,10,1.25,Vanilla MPC,180
False,INFEASIBLE_MID,,0.625,14.851970826357537,-3.664024336811444e-05,1,5,168.44948333406742,1010.6969000044046,0.125,10,1.25,Vanilla MPC,181
True,REACHED,1.0,1.0,19.105771205538197,0.0001968049101021641,0,8,48.26438749660156,386.11509997281246,0.125,10,1.25,Vanilla MPC,182
False,INFEASIBLE_MID,,0.375,11.150472910243485,-2.5954072169357827e-05,1,3,144.54874999501044,578.1949999800418,0.125,10,1.25,Vanilla MPC,183
False,INFEASIBLE_STEP1,,0.0,0.0,9.645541436296318,1,0,277.88940000755247,277.88940000755247,0.125,10,1.25,Vanilla MPC,184
False,INFEASIBLE_MID,,0.75,17.030426809096568,-8.55748404720846e-06,1,6,181.51524285869007,1270.6067000108305,0.125,10,1.25,Vanilla MPC,185
True,REACHED,1.0,1.0,19.072034433322315,2.354862551993499e-05,0,8,53.19374999999127,425.54999999993015,0.125,10,1.25,Vanilla MPC,186
True,REACHED,0.625,0.625,10.316681149705076,9.358070847641722,0,5,35.4248199990252,177.12409999512602,0.125,10,1.25,Vanilla MPC,187
True,REACHED,0.375,0.375,7.077319101913859,4.876831305969538,0,3,56.295799998527706,168.8873999955831,0.125,10,1.25,Vanilla MPC,188
True,REACHED,0.75,0.75,12.4890094649127,9.242359873066945,0,6,44.82469999978397,268.9481999987038,0.125,10,1.25,Vanilla MPC,189
False,INFEASIBLE_STEP1,,0.0,0.0,7.479049828572979,1,0,303.07880000327714,303.07880000327714,0.125,10,1.25,Vanilla MPC,190
True,REACHED,0.5,0.5,9.836516287765457,3.7516078218800812,0,4,39.23022500021034,156.92090000084136,0.125,10,1.25,Vanilla MPC,191
True,REACHED,0.5,0.5,9.70810039884564,9.631074389604779,0,4,54.634675001580035,218.53870000632014,0.125,10,1.25,Vanilla MPC,192
True,REACHED,1.125,1.125,28.62664089589667,9.349313255084022e-06,0,9,63.38933333043113,570.5039999738801,0.125,10,1.25,Vanilla MPC,193
True,REACHED,1.375,1.375,35.5319867653159,5.203737815682182e-07,0,11,63.542763637749225,698.9704000152415,0.125,10,1.25,Vanilla MPC,194
False,INFEASIBLE_MID,,0.625,17.74528918770182,-0.0002961475573347628,1,5,72.61468333793648,435.68810002761893,0.125,10,1.25,Vanilla MPC,195
True,REACHED,1.25,1.25,32.35520338069245,1.198403427709521e-05,0,10,65.18439000356011,651.8439000356011,0.125,10,1.25,Vanilla MPC,196
True,REACHED,1.0,1.0,25.624578061962175,3.558145333527064e-05,0,8,48.69855000106327,389.58840000850614,0.125,10,1.25,Vanilla MPC,197
True,REACHED,0.375,0.375,6.070229061070977,4.383691031494341,0,3,40.426333337867014,121.27900001360103,0.125,10,1.25,Vanilla MPC,198
False,INFEASIBLE_MID,,0.5,12.711230502394741,-0.0001445501997833608,1,4,92.73499999835622,463.6749999917811,0.125,10,1.25,Vanilla MPC,199
False,INFEASIBLE_STEP1,,0.0,0.0,6.893446252044973,1,0,654.310700003407,654.310700003407,0.125,10,1.25,Vanilla MPC,200
False,INFEASIBLE_MID,,0.75,27.65701807728838,-9.964624594019681e-05,1,6,158.6691714286904,1110.6842000008328,0.125,10,1.25,Vanilla MPC,201
True,REACHED,0.375,0.375,8.24062868737113,3.51586007330208,0,3,41.7738666680331,125.32160000409931,0.125,10,1.25,Vanilla MPC,202
True,REACHED,0.625,0.625,13.84327220229316,2.602569080034768,0,5,61.00482000038028,305.0241000019014,0.125,10,1.25,Vanilla MPC,203
True,REACHED,0.25,0.25,6.5875326883428444,4.904673199184427,0,2,65.42094999895198,130.84189999790397,0.125,10,1.25,Vanilla MPC,204
True,REACHED,1.25,1.25,32.31697755401623,1.9597418738068236e-05,0,10,83.17882999836002,831.7882999836002,0.125,10,1.25,Vanilla MPC,205
True,REACHED,0.875,0.875,14.804643291627372,1.5894790197103078e-05,0,7,55.864928570892,391.054499996244,0.125,10,1.25,Vanilla MPC,206
True,REACHED,1.0,1.0,22.257854990273295,0.49905728344430755,0,8,63.90480000118259,511.23840000946075,0.125,10,1.25,Vanilla MPC,207
False,INFEASIBLE_STEP1,,0.0,0.0,2.1792405646321242,1,0,267.0425999967847,267.0425999967847,0.125,10,1.25,Vanilla MPC,208
True,REACHED,0.625,0.625,13.447839886380413,5.153231961538963,0,5,36.31777999980841,181.58889999904204,0.125,10,1.25,Vanilla MPC,209
False,INFEASIBLE_STEP1,,0.0,0.0,6.051647726179743,1,0,165.25639999599662,165.25639999599662,0.125,10,1.25,Vanilla MPC,210
False,INFEASIBLE_MID,,0.5,21.334906984082266,-2.96622298020625e-05,1,4,397.7677799994126,1988.838899997063,0.125,10,1.25,Vanilla MPC,211
False,INFEASIBLE_MID,,0.5,17.548895410535533,-0.0004965982783507657,1,4,304.93361999688204,1524.6680999844102,0.125,10,1.25,Vanilla MPC,212
False,INFEASIBLE_MID,,0.625,25.890505485415996,-0.0008039151262496879,1,5,116.94631667099505,701.6779000259703,0.125,10,1.25,Vanilla MPC,213
True,REACHED,0.75,0.75,14.310091210095644,9.197672777946932,0,6,91.15833333150174,546.9499999890104,0.125,10,1.25,Vanilla MPC,214
False,INFEASIBLE_MID,,0.75,22.589399165488114,-2.6798843129481128e-05,1,6,322.19301428579325,2255.351100000553,0.125,10,1.25,Vanilla MPC,215
True,REACHED,1.25,1.25,34.40613447320646,2.033512092510019e-06,0,10,73.52906999876723,735.2906999876723,0.125,10,1.25,Vanilla MPC,216
True,REACHED,1.0,1.0,22.371923591483743,1.6942547807715268e-05,0,8,87.59032500165631,700.7226000132505,0.125,10,1.25,Vanilla MPC,217
False,INFEASIBLE_MID,,0.5,13.832455923387846,-8.496120494452832e-05,1,4,299.7817799972836,1498.908899986418,0.125,10,1.25,Vanilla MPC,218
False,INFEASIBLE_STEP1,,0.0,0.0,8.958394422107974,1,0,171.0686999867903,171.0686999867903,0.125,10,1.25,Vanilla MPC,219
False,INFEASIBLE_STEP1,,0.0,0.0,5.032182301587035,1,0,1393.4905000060098,1393.4905000060098,0.125,10,1.25,Vanilla MPC,220
True,REACHED,0.75,0.75,14.230989656620004,7.70709509169653,0,6,54.66673333527675,328.00040001166053,0.125,10,1.25,Vanilla MPC,221
False,INFEASIBLE_STEP1,,0.0,0.0,6.677939416749844,1,0,297.9087999992771,297.9087999992771,0.125,10,1.25,Vanilla MPC,222
True,REACHED,0.75,0.75,18.133524830540225,1.8551567210788196,0,6,59.126449998681586,354.75869999208953,0.125,10,1.25,Vanilla MPC,223
False,INFEASIBLE_STEP1,,0.0,0.0,7.35160282225229,1,0,364.0869999944698,364.0869999944698,0.125,10,1.25,Vanilla MPC,224
False,INFEASIBLE_STEP1,,0.0,0.0,8.978215246183318,1,0,234.04529999243096,234.04529999243096,0.125,10,1.25,Vanilla MPC,225
True,REACHED,0.75,0.75,18.099453615735648,0.0030093648819532097,0,6,55.808349997581296,334.85009998548776,0.125,10,1.25,Vanilla MPC,226
True,REACHED,1.375,1.375,34.140032726728215,1.8129502355904534e-05,0,11,77.63414545281029,853.9755999809131,0.125,10,1.25,Vanilla MPC,227
False,INFEASIBLE_STEP1,,0.0,0.0,1.303860872397864,1,0,991.6025999991689,991.6025999991689,0.125,10,1.25,Vanilla MPC,228
True,REACHED,0.875,0.875,16.51822356116637,7.110001499708178,0,7,61.5942285741247,431.1596000188729,0.125,10,1.25,Vanilla MPC,229
False,INFEASIBLE_MID,,0.875,22.848764647406984,-4.1257351907781495e-05,1,7,190.52588749400456,1524.2070999520365,0.125,10,1.25,Vanilla MPC,230
True,REACHED,1.0,1.0,23.727283246901617,8.430566270358831e-06,0,8,73.93853749817936,591.5082999854349,0.125,10,1.25,Vanilla MPC,231
True,REACHED,1.5,1.5,51.834674512094786,3.4083866160731942e-06,0,12,87.17797499533238,1046.1356999439886,0.125,10,1.25,Vanilla MPC,232
False,INFEASIBLE_STEP1,,0.0,0.0,9.366790261299789,1,0,212.44599999045022,212.44599999045022,0.125,10,1.25,Vanilla MPC,233
True,REACHED,0.75,0.75,13.478164134320922,7.044566332049179,0,6,47.09385000023758,282.5631000014255,0.125,10,1.25,Vanilla MPC,234
False,INFEASIBLE_STEP1,,0.0,0.0,1.5848291803492158,1,0,169.71519999788143,169.71519999788143,0.125,10,1.25,Vanilla MPC,235
False,INFEASIBLE_STEP1,,0.0,0.0,2.1057886397438605,1,0,215.21470000152476,215.21470000152476,0.125,10,1.25,Vanilla MPC,236
False,INFEASIBLE_STEP1,,0.0,0.0,6.132765677270687,1,0,206.74090000102296,206.74090000102296,0.125,10,1.25,Vanilla MPC,237
True,REACHED,1.5,1.5,54.19164351323638,2.4915648635242073e-05,0,12,76.77137500043803,921.2565000052564,0.125,10,1.25,Vanilla MPC,238
False,INFEASIBLE_MID,,0.625,17.840302211206307,-2.2426435777368955e-05,1,5,330.55598333400366,1983.3359000040218,0.125,10,1.25,Vanilla MPC,239
True,REACHED,1.0,1.0,28.919395017805307,1.871019446308247e-05,0,8,67.51988749965676,540.1590999972541,0.125,10,1.25,Vanilla MPC,240
True,REACHED,0.5,0.5,7.368912491139271,4.877504131122237,0,4,36.98555000300985,147.9422000120394,0.125,10,1.25,Vanilla MPC,241
False,INFEASIBLE_MID,,0.875,19.832049187407105,-7.385912846077862e-07,1,7,119.79845000132627,958.3876000106102,0.125,10,1.25,Vanilla MPC,242
False,INFEASIBLE_MID,,0.625,16.888204644913763,-8.719183908495186e-06,1,5,298.394083334036,1790.364500004216,0.125,10,1.25,Vanilla MPC,243
False,INFEASIBLE_MID,,0.75,19.50971681640201,-0.0001055979588719944,1,6,312.04618571168146,2184.32329998177,0.125,10,1.25,Vanilla MPC,244
True,REACHED,1.375,1.375,47.70930330558201,1.8285581617502954e-05,0,11,80.32456363699484,883.5702000069432,0.125,10,1.25,Vanilla MPC,245
True,REACHED,0.25,0.25,5.395324063360874,1.3550432174580473,0,2,88.53529999760212,177.07059999520425,0.125,10,1.25,Vanilla MPC,246
False,INFEASIBLE_STEP1,,0.0,0.0,1.5470508228239142,1,0,312.3195000080159,312.3195000080159,0.125,10,1.25,Vanilla MPC,247
False,INFEASIBLE_MID,,0.75,18.748283083861033,-1.816404149907502e-05,1,6,268.0051857127442,1876.0362999892095,0.125,10,1.25,Vanilla MPC,248
True,REACHED,0.5,0.5,7.2189577437388115,1.5869829489655396,0,4,48.94132500703563,195.76530002814252,0.125,10,1.25,Vanilla MPC,249
True,REACHED,0.5,0.5,9.213982212635297,3.310333559596746,0,4,92.38812499825144,369.55249999300577,0.125,10,1.25,Vanilla MPC,250
False,INFEASIBLE_MID,,0.5,12.889758928544989,-1.2678725447795832e-05,1,4,321.1183599982178,1605.591799991089,0.125,10,1.25,Vanilla MPC,251
False,INFEASIBLE_STEP1,,0.0,0.0,6.745077591929051,1,0,264.25840001320466,264.25840001320466,0.125,10,1.25,Vanilla MPC,252
False,INFEASIBLE_MID,,0.875,22.873654274261725,-4.033891991587962e-06,1,7,102.33076249642181,818.6460999713745,0.125,10,1.25,Vanilla MPC,253
False,INFEASIBLE_MID,,0.625,14.084092658586753,-4.143878036265644e-05,1,5,282.3103499977151,1693.8620999862906,0.125,10,1.25,Vanilla MPC,254
True,REACHED,1.375,1.375,39.49173981634804,1.2139818112216267e-06,0,11,87.0415818181672,957.4573999998393,0.125,10,1.25,Vanilla MPC,255
False,INFEASIBLE_STEP1,,0.0,0.0,8.621591391966941,1,0,561.4866999967489,561.4866999967489,0.125,10,1.25,Vanilla MPC,256
False,INFEASIBLE_MID,,0.625,19.641122000855006,-0.0008628783105219261,1,5,91.78401666819506,550.7041000091704,0.125,10,1.25,Vanilla MPC,257
False,INFEASIBLE_MID,,0.875,20.67702444287397,-3.115137735416226e-06,1,7,240.64373749752122,1925.1498999801697,0.125,10,1.25,Vanilla MPC,258
True,REACHED,0.875,0.875,25.897557413816426,0.0004098530882649579,0,7,53.38107142805321,373.6674999963725,0.125,10,1.25,Vanilla MPC,259
True,REACHED,0.375,0.375,5.482849371879145,8.654285793855694,0,3,57.81043333505901,173.43130000517704,0.125,10,1.25,Vanilla MPC,260
True,REACHED,0.625,0.625,10.165032912139013,0.18301775573294987,0,5,67.57684000185691,337.88420000928454,0.125,10,1.25,Vanilla MPC,261
True,REACHED,0.25,0.25,2.091316042339219,2.3922237773802837,0,2,55.820349996793084,111.64069999358617,0.125,10,1.25,Vanilla MPC,262
False,INFEASIBLE_STEP1,,0.0,0.0,3.007169334107044,1,0,240.13839999679476,240.13839999679476,0.125,10,1.25,Vanilla MPC,263
True,REACHED,0.75,0.75,16.822529025574752,7.113694269243703,0,6,50.652183335235655,303.9131000114139,0.125,10,1.25,Vanilla MPC,264
False,INFEASIBLE_MID,,0.5,13.621616752904863,-1.3226675628896723e-05,1,4,448.5281800007215,2242.6409000036074,0.125,10,1.25,Vanilla MPC,265
False,INFEASIBLE_MID,,0.5,13.39101416160193,-2.4716183708060776e-05,1,4,393.729160001385,1968.6458000069251,0.125,10,1.25,Vanilla MPC,266
True,REACHED,0.75,0.75,16.819683569313334,7.775644681672462,0,6,68.08336666775479,408.50020000652876,0.125,10,1.25,Vanilla MPC,267
True,REACHED,0.875,0.875,15.971662902349877,4.361919154069573,0,7,77.3577714280691,541.5043999964837,0.125,10,1.25,Vanilla MPC,268
True,REACHED,0.75,0.75,19.473541058508292,0.0009641237001582902,0,6,71.54634999703073,429.27809998218436,0.125,10,1.25,Vanilla MPC,269
False,INFEASIBLE_STEP1,,0.0,0.0,0.7572005055600882,1,0,110.62030000903178,110.62030000903178,0.125,10,1.25,Vanilla MPC,270
True,REACHED,0.875,0.875,14.719713327973851,4.724775139872963,0,7,52.889485712512396,370.2263999875868,0.125,10,1.25,Vanilla MPC,271
True,REACHED,0.75,0.75,10.523361715844644,3.594712001057992,0,6,69.51314999848061,417.07889999088366,0.125,10,1.25,Vanilla MPC,272
True,REACHED,0.5,0.5,10.659040560744328,7.724627902889627,0,4,58.18392499713809,232.73569998855237,0.125,10,1.25,Vanilla MPC,273
False,INFEASIBLE_MID,,0.75,30.95146852189896,-7.296484986707685e-05,1,6,244.77641428737635,1713.4349000116345,0.125,10,1.25,Vanilla MPC,274
False,INFEASIBLE_STEP1,,0.0,0.0,8.365289475292018,1,0,596.8224000098417,596.8224000098417,0.125,10,1.25,Vanilla MPC,275
True,REACHED,0.75,0.75,15.506429795211425,0.0003526064555444568,0,6,44.07434999545027,264.44609997270163,0.125,10,1.25,Vanilla MPC,276
False,INFEASIBLE_MID,,0.625,13.521222860793465,-2.550341596916874e-07,1,5,74.78504999987005,448.7102999992203,0.125,10,1.25,Vanilla MPC,277
False,INFEASIBLE_STEP1,,0.0,0.0,5.889640587736337,1,0,185.9924000018509,185.9924000018509,0.125,10,1.25,Vanilla MPC,278
True,REACHED,1.0,1.0,19.275085977678703,4.3569116507381604,0,8,41.08491250190127,328.6793000152102,0.125,10,1.25,Vanilla MPC,279
True,REACHED,1.125,1.125,32.00566357179172,0.0003776112684966801,0,9,54.329388884879236,488.9644999639131,0.125,10,1.25,Vanilla MPC,280
False,INFEASIBLE_STEP1,,0.0,0.0,0.7443952927132589,1,0,144.42169999529142,144.42169999529142,0.125,10,1.25,Vanilla MPC,281
False,INFEASIBLE_MID,,0.75,16.76014551266408,-3.523171210133524e-06,1,6,291.5291285670329,2040.7038999692304,0.125,10,1.25,Vanilla MPC,282
True,REACHED,0.625,0.625,9.482594432500898,8.627163707058559,0,5,56.32038000039756,281.6019000019878,0.125,10,1.25,Vanilla MPC,283
False,INFEASIBLE_STEP1,,0.0,0.0,6.996932887009392,1,0,288.63530000671744,288.63530000671744,0.125,10,1.25,Vanilla MPC,284
False,INFEASIBLE_MID,,0.75,23.235520748140708,-0.00011878185744468069,1,6,238.69191428821068,1670.8434000174748,0.125,10,1.25,Vanilla MPC,285
False,INFEASIBLE_MID,,0.75,28.59114546625641,-0.0001596344409375843,1,6,196.90447142888192,1378.3313000021735,0.125,10,1.25,Vanilla MPC,286
True,REACHED,0.75,0.75,17.992975086234637,1.9465830922308693,0,6,34.81260000019878,208.87560000119265,0.125,10,1.25,Vanilla MPC,287
False,INFEASIBLE_STEP1,,0.0,0.0,4.23793482784244,1,0,459.5224000076996,459.5224000076996,0.125,10,1.25,Vanilla MPC,288
False,INFEASIBLE_MID,,0.875,30.987187526148254,-9.170953081440733e-06,1,7,240.9742500021821,1927.7940000174567,0.125,10,1.25,Vanilla MPC,289
True,REACHED,0.75,0.75,15.605550555066808,1.3821592681361092,0,6,56.05804999989535,336.3482999993721,0.125,10,1.25,Vanilla MPC,290
True,REACHED,1.0,1.0,18.851337829831202,6.340730331304861,0,8,58.89613749786804,471.1690999829443,0.125,10,1.25,Vanilla MPC,291
True,REACHED,0.75,0.75,14.783574073786587,0.0001876378833397821,0,6,58.72191666761258,352.3315000056755,0.125,10,1.25,Vanilla MPC,292
False,INFEASIBLE_STEP1,,0.0,0.0,8.548563267697343,1,0,157.66640000219923,157.66640000219923,0.125,10,1.25,Vanilla MPC,293
True,REACHED,0.625,0.625,12.261688220778666,7.779736276304058,0,5,71.42336000397336,357.1168000198668,0.125,10,1.25,Vanilla MPC,294
False,INFEASIBLE_STEP1,,0.0,0.0,4.466840642727727,1,0,289.6858999883989,289.6858999883989,0.125,10,1.25,Vanilla MPC,295
True,REACHED,0.75,0.75,19.717974770834825,0.00010002689982522248,0,6,64.59083333417463,387.54500000504777,0.125,10,1.25,Vanilla MPC,296
False,INFEASIBLE_MID,,0.625,19.52483200869917,-9.768913404734024e-06,1,5,235.51226666556127,1413.0735999933677,0.125,10,1.25,Vanilla MPC,297
False,INFEASIBLE_STEP1,,0.0,0.0,2.6978172434049,1,0,1328.802199990605,1328.802199990605,0.125,10,1.25,Vanilla MPC,298
True,REACHED,1.125,1.125,19.963712453146712,0.37211439116511535,0,9,61.93558889046673,557.4203000142006,0.125,10,1.25,Vanilla MPC,299
False,INFEASIBLE_MID,,0.625,20.160417334667283,-0.0010176372050557986,1,5,469.4662166633255,2816.797299979953,0.125,10,1.25,RA-MPC,0
True,REACHED,1.25,1.25,43.05697301897949,1.9594729333609703e-05,0,10,154.44376000086777,1544.4376000086777,0.125,10,1.25,RA-MPC,1
True,REACHED,0.625,0.625,16.51904966123238,5.592582002116371,0,5,116.95825999777298,584.7912999888649,0.125,10,1.25,RA-MPC,2
True,REACHED,0.5,0.5,9.424505207193073,1.3392253792736055,0,4,169.85840000052121,679.4336000020849,0.125,10,1.25,RA-MPC,3
True,REACHED,1.375,1.375,45.750408684206405,1.8181600644605668e-05,0,11,194.72842727158093,2142.01269998739,0.125,10,1.25,RA-MPC,4
True,REACHED,0.625,0.625,9.226804128271532,2.432095518296586,0,5,175.17299999890383,875.8649999945192,0.125,10,1.25,RA-MPC,5
True,REACHED,1.5,1.5,47.01083916743249,4.9212275648086925e-05,0,12,171.5999250021317,2059.1991000255803,0.125,10,1.25,RA-MPC,6
True,REACHED,1.0,1.0,16.669030033389134,3.573510992013902,0,8,126.03913749626372,1008.3130999701098,0.125,10,1.25,RA-MPC,7
True,REACHED,0.75,0.75,19.954027184250265,2.60428823796314e-05,0,6,147.87506666713548,887.250400002813,0.125,10,1.25,RA-MPC,8
False,INFEASIBLE_MID,,0.75,28.35284827433542,-1.898656708262845e-05,1,6,436.83802857205075,3057.866200004355,0.125,10,1.25,RA-MPC,9
True,REACHED,0.875,0.875,20.32764471956964,2.951157983947032,0,7,117.5156571428358,822.6095999998506,0.125,10,1.25,RA-MPC,10
True,REACHED,0.5,0.5,10.998396649157495,2.5450682920670817,0,4,126.9518999979482,507.8075999917928,0.125,10,1.25,RA-MPC,11
True,REACHED,0.875,0.875,12.900916341537062,2.446273923055177e-05,0,7,108.33362857478538,758.3354000234976,0.125,10,1.25,RA-MPC,12
True,REACHED,0.875,0.875,23.62084484996947,1.7905011077367816e-06,0,7,122.43352857227104,857.0347000058973,0.125,10,1.25,RA-MPC,13
False,INFEASIBLE_MID,,0.875,35.4564568412852,-1.591949076816764e-05,1,7,169.82693749923783,1358.6154999939026,0.125,10,1.25,RA-MPC,14
True,REACHED,0.625,0.625,9.948660085786974,4.501428819278018,0,5,93.17828000057489,465.89140000287443,0.125,10,1.25,RA-MPC,15
True,REACHED,0.625,0.625,13.37371589215748,2.797787347271623,0,5,174.55255999520887,872.7627999760443,0.125,10,1.25,RA-MPC,16
True,REACHED,1.375,1.375,43.6495759562825,2.0006750915781603e-05,0,11,109.2283090917838,1201.5114000096219,0.125,10,1.25,RA-MPC,17
True,REACHED,0.625,0.625,12.53895914607868,5.751037589307202,0,5,94.80536000046413,474.02680000232067,0.125,10,1.25,RA-MPC,18
True,REACHED,1.625,1.625,45.15169913141348,1.4562918106027342e-05,0,13,66.45249230831934,863.8824000081513,0.125,10,1.25,RA-MPC,19
True,REACHED,0.75,0.75,13.627962470446635,1.777197583956062,0,6,65.62111666668595,393.72670000011567,0.125,10,1.25,RA-MPC,20
True,REACHED,1.375,1.375,45.451080548586795,3.371926366820974e-05,0,11,87.6875363623681,964.5628999860492,0.125,10,1.25,RA-MPC,21
True,REACHED,0.25,0.25,5.62236430395591,9.194602141979937,0,2,120.20280000433559,240.40560000867117,0.125,10,1.25,RA-MPC,22
False,INFEASIBLE_MID,,0.625,17.53114800193569,-0.0003045401538808709,1,5,216.80745000048773,1300.8447000029264,0.125,10,1.25,RA-MPC,23
True,REACHED,0.75,0.75,10.363877109901058,3.51734825147057e-05,0,6,45.51328333764104,273.07970002584625,0.125,10,1.25,RA-MPC,24
True,REACHED,1.125,1.125,27.73937241737125,1.5912263182257034e-05,0,9,64.89708888532024,584.0737999678822,0.125,10,1.25,RA-MPC,25
False,INFEASIBLE_MID,,0.75,17.687213172114774,-0.00011706285634746216,1,6,100.80452857073396,705.6316999951378,0.125,10,1.25,RA-MPC,26
False,INFEASIBLE_STEP1,,0.0,0.0,0.10100098789276062,1,0,213.24989999993704,213.24989999993704,0.125,10,1.25,RA-MPC,27
True,REACHED,1.375,1.375,46.81130282761643,6.119527890109624e-05,0,11,87.92180000190538,967.1398000209592,0.125,10,1.25,RA-MPC,28
True,REACHED,1.125,1.125,25.01095165952857,-4.0071686437228505e-06,0,9,113.95247777788124,1025.5723000009311,0.125,10,1.25,RA-MPC,29
False,INFEASIBLE_MID,,0.5,17.69356139282827,-0.0008434035351685846,1,4,130.73370000347495,653.6685000173748,0.125,10,1.25,RA-MPC,30
True,REACHED,0.5,0.5,13.353901045033448,9.94597651970573,0,4,55.672375001449836,222.68950000579935,0.125,10,1.25,RA-MPC,31
False,INFEASIBLE_MID,,0.75,30.846513237444633,-7.501748619611972e-05,1,6,131.02321428388157,917.162499987171,0.125,10,1.25,RA-MPC,32
True,REACHED,1.125,1.125,23.277207881044202,0.001988871863634952,0,9,66.79646666614443,601.1681999952998,0.125,10,1.25,RA-MPC,33
True,REACHED,1.5,1.5,47.84958868218083,1.6331117024191014e-05,0,12,89.0729166676465,1068.875000011758,0.125,10,1.25,RA-MPC,34
True,REACHED,0.75,0.75,13.225846606533791,3.068279239429434,0,6,70.32931666617515,421.9758999970509,0.125,10,1.25,RA-MPC,35
True,REACHED,1.125,1.125,28.58114878720791,7.492761179766479e-06,0,9,47.737788887590995,429.640099988319,0.125,10,1.25,RA-MPC,36
False,INFEASIBLE_MID,,0.625,19.89851228710992,-9.920721964643742e-05,1,5,128.27548333249675,769.6528999949805,0.125,10,1.25,RA-MPC,37
True,REACHED,1.25,1.25,31.297183083637034,1.4951443367744465e-05,0,10,67.34930999955395,673.4930999955395,0.125,10,1.25,RA-MPC,38
True,REACHED,0.375,0.375,7.090140603281025,4.474029695833275,0,3,78.93043333024252,236.79129999072757,0.125,10,1.25,RA-MPC,39
False,INFEASIBLE_MID,,0.5,16.008887994066427,-2.1140326283809898e-05,1,4,300.13618000084534,1500.6809000042267,0.125,10,1.25,RA-MPC,40
False,INFEASIBLE_MID,,0.625,16.23056007205414,-5.578602473808947e-05,1,5,271.83518332943396,1631.0110999766039,0.125,10,1.25,RA-MPC,41
True,REACHED,0.625,0.625,11.173450662935684,4.486437843643157,0,5,70.08615999948233,350.43079999741167,0.125,10,1.25,RA-MPC,42
True,REACHED,0.875,0.875,16.782533678956916,3.1939410514603874e-06,0,7,58.46770000269836,409.2739000188885,0.125,10,1.25,RA-MPC,43
True,REACHED,0.875,0.875,16.09402259247825,2.673384005496052,0,7,49.61700000110016,347.3190000077011,0.125,10,1.25,RA-MPC,44
True,REACHED,0.75,0.75,14.234580403185166,2.6114623427560213,0,6,55.24694999864247,331.48169999185484,0.125,10,1.25,RA-MPC,45
True,REACHED,0.25,0.25,5.860091430742447,6.423269668304864,0,2,44.3798499982222,88.7596999964444,0.125,10,1.25,RA-MPC,46
True,REACHED,1.125,1.125,27.860622402164612,-1.5309973041824752e-06,0,9,154.32014444377273,1388.8812999939546,0.125,10,1.25,RA-MPC,47
True,REACHED,0.75,0.75,19.874286912885914,3.443752559503661,0,6,56.79973333220308,340.7983999932185,0.125,10,1.25,RA-MPC,48
True,REACHED,1.25,1.25,39.6587173060275,2.7408172039593996e-05,0,10,83.6698700019042,836.698700019042,0.125,10,1.25,RA-MPC,49
True,REACHED,0.75,0.75,11.420307426685811,9.626552757059523,0,6,63.85530000261497,383.1318000156898,0.125,10,1.25,RA-MPC,50
True,REACHED,0.75,0.75,11.312473024660315,2.499373845728933,0,6,53.85759999626316,323.14559997757897,0.125,10,1.25,RA-MPC,51
False,INFEASIBLE_MID,,0.5,17.44521514111156,-1.4778224888433137e-05,1,4,311.30727999843657,1556.5363999921829,0.125,10,1.25,RA-MPC,52
False,INFEASIBLE_MID,,0.5,19.200773604781325,-0.0007353434606341966,1,4,162.83804000122473,814.1902000061236,0.125,10,1.25,RA-MPC,53
True,REACHED,1.25,1.25,30.730413579621935,1.7618291630753763e-05,0,10,90.03229000081774,900.3229000081774,0.125,10,1.25,RA-MPC,54
True,REACHED,1.0,1.0,19.515288143233157,2.7319045868625387,0,8,68.33505000031437,546.680400002515,0.125,10,1.25,RA-MPC,55
True,REACHED,1.375,1.375,45.23936843462517,1.4384360068820991e-05,0,11,74.80191817872269,822.8210999659495,0.125,10,1.25,RA-MPC,56
False,INFEASIBLE_MID,,0.875,31.99777489731638,-9.024152661652807e-06,1,7,218.5743124991859,1748.5944999934873,0.125,10,1.25,RA-MPC,57
True,REACHED,1.375,1.375,45.13797050930433,1.4854448542457283e-05,0,11,98.08368181852116,1078.9205000037327,0.125,10,1.25,RA-MPC,58
True,REACHED,1.0,1.0,31.885961844187495,2.2772412023653317,0,8,59.62736250148737,477.01890001189895,0.125,10,1.25,RA-MPC,59
True,REACHED,0.625,0.625,14.660680784029088,3.9890793585520896,0,5,71.34692000108771,356.73460000543855,0.125,10,1.25,RA-MPC,60
True,REACHED,1.25,1.25,33.321459034295884,1.2755225776996837e-05,0,10,66.38551000360167,663.8551000360167,0.125,10,1.25,RA-MPC,61
False,INFEASIBLE_MID,,0.5,20.543392897710962,-0.00034451242126037413,1,4,120.72068000561558,603.6034000280779,0.125,10,1.25,RA-MPC,62
False,INFEASIBLE_STEP1,,0.0,0.0,2.699796154485192,1,0,95.27850001177285,95.27850001177285,0.125,10,1.25,RA-MPC,63
True,REACHED,0.75,0.75,17.573427042452593,1.4313822375316376,0,6,63.56486666481942,381.3891999889165,0.125,10,1.25,RA-MPC,64
True,REACHED,1.5,1.5,50.787670265479825,2.1678123389053215e-05,0,12,88.6934333308697,1064.3211999704363,0.125,10,1.25,RA-MPC,65
True,REACHED,0.875,0.875,23.37778645480773,0.3501880945421352,0,7,53.82917143080184,376.8042000156129,0.125,10,1.25,RA-MPC,66
False,INFEASIBLE_MID,,0.625,25.279064521529634,-1.8367486190949332e-05,1,5,314.39083333680173,1886.3450000208104,0.125,10,1.25,RA-MPC,67
True,REACHED,1.5,1.5,47.56720323739778,2.4773924400976716e-05,0,12,80.96286666598947,971.5543999918737,0.125,10,1.25,RA-MPC,68
True,REACHED,0.75,0.75,15.198217546636394,0.0027316513213563355,0,6,62.55170000319291,375.3102000191575,0.125,10,1.25,RA-MPC,69
True,REACHED,0.875,0.875,13.389466713195715,4.520031305881531e-06,0,7,70.29848571567398,492.0894000097178,0.125,10,1.25,RA-MPC,70
False,INFEASIBLE_MID,,0.5,14.12959901723071,-0.00013978153639557415,1,4,225.74603999964893,1128.7301999982446,0.125,10,1.25,RA-MPC,71
True,REACHED,1.0,1.0,23.55973961094834,-2.2196230739751688e-08,0,8,77.28066250456322,618.2453000365058,0.125,10,1.25,RA-MPC,72
True,REACHED,0.375,0.375,5.148571780273283,1.5895489054684828,0,3,47.828066662380785,143.48419998714235,0.125,10,1.25,RA-MPC,73
False,INFEASIBLE_MID,,0.75,21.250530439178625,-0.0004357036989088215,1,6,92.26137143143985,645.8296000200789,0.125,10,1.25,RA-MPC,74
True,REACHED,1.5,1.5,42.183496177644685,1.5654933012392382e-05,0,12,86.67335833403438,1040.0803000084125,0.125,10,1.25,RA-MPC,75
True,REACHED,0.625,0.625,13.776463172438023,4.029334259288581,0,5,51.18444000254385,255.92220001271926,0.125,10,1.25,RA-MPC,76
True,REACHED,1.375,1.375,37.1364921207574,1.3004671918631606e-05,0,11,80.69580909002319,887.653899990255,0.125,10,1.25,RA-MPC,77
False,INFEASIBLE_MID,,1.0,30.574105000582634,-5.978977122694713e-05,1,8,112.47978888988857,1012.3181000089971,0.125,10,1.25,RA-MPC,78
True,REACHED,0.625,0.625,14.074884922517402,0.00031237595048230467,0,5,59.97773999988567,299.88869999942835,0.125,10,1.25,RA-MPC,79
False,INFEASIBLE_MID,,0.5,19.239518865567142,-2.78461616888858e-05,1,4,337.83470000198577,1689.1735000099288,0.125,10,1.25,RA-MPC,80
True,REACHED,0.75,0.75,16.399322179021983,2.133985825136781e-06,0,6,63.83424999997563,383.0054999998538,0.125,10,1.25,RA-MPC,81
False,INFEASIBLE_MID,,0.5,16.497370971948595,-5.0938440471201e-05,1,4,384.4335999980103,1922.1679999900516,0.125,10,1.25,RA-MPC,82
False,INFEASIBLE_MID,,0.625,24.369158106431705,-0.0001777320032673523,1,5,292.02031666742795,1752.1219000045676,0.125,10,1.25,RA-MPC,83
True,REACHED,0.375,0.375,6.6742825995883,5.296911760490678,0,3,83.41153332730755,250.23459998192266,0.125,10,1.25,RA-MPC,84
False,INFEASIBLE_MID,,0.75,21.895692690822415,-0.0008554065264150899,1,6,108.74264286082636,761.1985000257846,0.125,10,1.25,RA-MPC,85
True,REACHED,1.5,1.5,38.87909759887736,3.477713932882399e-05,0,12,143.82289166678675,1725.874700001441,0.125,10,1.25,RA-MPC,86
True,REACHED,0.875,0.875,19.334239871039493,1.3305093444374558,0,7,81.12249999872542,567.8574999910779,0.125,10,1.25,RA-MPC,87
False,INFEASIBLE_MID,,0.875,21.517748640466866,-6.298923883142188e-06,1,7,484.3466250003985,3874.773000003188,0.125,10,1.25,RA-MPC,88
False,INFEASIBLE_MID,,0.875,23.6396410310602,-1.4017216528273708e-05,1,7,491.46666250271664,3931.733300021733,0.125,10,1.25,RA-MPC,89
True,REACHED,0.875,0.875,17.00742315278631,0.04535616056863817,0,7,97.24402857578492,680.7082000304945,0.125,10,1.25,RA-MPC,90
False,INFEASIBLE_MID,,0.75,29.72400901658444,-0.00014575551669039803,1,6,398.29417143066945,2788.059200014686,0.125,10,1.25,RA-MPC,91
False,INFEASIBLE_MID,,0.375,13.547458920212804,-0.00010922056084621276,1,3,533.5951500019291,2134.3806000077166,0.125,10,1.25,RA-MPC,92
True,REACHED,1.0,1.0,17.16869503939695,2.0083833119851695e-05,0,8,107.79083749912388,862.326699992991,0.125,10,1.25,RA-MPC,93
False,INFEASIBLE_MID,,0.5,13.908051360091765,-5.774469974170784e-05,1,4,401.0869999998249,2005.4349999991246,0.125,10,1.25,RA-MPC,94
True,REACHED,1.125,1.125,29.06140985589255,1.9117179713022038e-05,0,9,131.33235555788917,1181.9912000210024,0.125,10,1.25,RA-MPC,95
True,REACHED,1.5,1.5,52.5528700912482,0.00011876043273462203,0,12,120.36807499922968,1444.416899990756,0.125,10,1.25,RA-MPC,96
True,REACHED,1.375,1.375,48.75163093251255,5.710463774143654e-05,0,11,133.7592363640645,1471.3516000047093,0.125,10,1.25,RA-MPC,97
True,REACHED,1.625,1.625,58.56724150806766,1.016638363567057e-06,0,13,115.69393846170547,1504.021200002171,0.125,10,1.25,RA-MPC,98
True,REACHED,0.5,0.5,9.98881119831276,7.620092577108419,0,4,116.656400001375,466.6256000055,0.125,10,1.25,RA-MPC,99
True,REACHED,1.0,1.0,27.827900062788274,0.00021349514996876724,0,8,88.66798750204907,709.3439000163926,0.125,10,1.25,RA-MPC,100
False,INFEASIBLE_MID,,0.75,29.960399963405415,-9.448107983829637e-05,1,6,281.64638571200027,1971.524699984002,0.125,10,1.25,RA-MPC,101
False,INFEASIBLE_MID,,0.875,19.697767461379204,-1.4976363427765911e-06,1,7,445.2247749977687,3561.7981999821495,0.125,10,1.25,RA-MPC,102
False,INFEASIBLE_MID,,0.625,27.524076750199516,-0.00030078232048368384,1,5,106.72371666684437,640.3423000010662,0.125,10,1.25,RA-MPC,103
False,INFEASIBLE_MID,,0.75,30.706277776787445,-5.8068035886443936e-05,1,6,506.4109000003165,3544.8763000022154,0.125,10,1.25,RA-MPC,104
True,REACHED,1.25,1.25,30.86077087769464,5.054441983766328e-06,0,10,109.1465400008019,1091.465400008019,0.125,10,1.25,RA-MPC,105
False,INFEASIBLE_MID,,0.625,26.131143637370528,-0.00016317552873576632,1,5,295.4232333310453,1772.5393999862717,0.125,10,1.25,RA-MPC,106
True,REACHED,1.0,1.0,16.21290250372978,1.1017208043023057e-05,0,8,62.60126249799214,500.8100999839371,0.125,10,1.25,RA-MPC,107
True,REACHED,1.125,1.125,31.484782037999214,1.7495718020837426e-05,0,9,81.06606666600176,729.5945999940159,0.125,10,1.25,RA-MPC,108
True,REACHED,0.625,0.625,9.739540776968001,3.9402933195185446,0,5,73.75997999915853,368.79989999579266,0.125,10,1.25,RA-MPC,109
True,REACHED,1.5,1.5,49.08701640099981,1.4456618875047485e-05,0,12,124.01932499900188,1488.2318999880226,0.125,10,1.25,RA-MPC,110
False,INFEASIBLE_MID,,0.75,22.51086483427088,-2.631144687289228e-05,1,6,264.2762285707119,1849.9335999949835,0.125,10,1.25,RA-MPC,111
False,INFEASIBLE_MID,,0.625,17.486450075408264,-5.8812116441082523e-05,1,5,526.6794166648955,3160.0764999893727,0.125,10,1.25,RA-MPC,112
True,REACHED,0.625,0.625,8.416573006723782,0.0014719073595896432,0,5,92.13734000222757,460.6867000111379,0.125,10,1.25,RA-MPC,113
True,REACHED,1.5,1.5,54.58319356951949,1.1796247248185245e-05,0,12,146.46405000288118,1757.568600034574,0.125,10,1.25,RA-MPC,114
False,INFEASIBLE_MID,,0.5,15.375389828654129,-2.5462451787087644e-05,1,4,571.948239998892,2859.7411999944597,0.125,10,1.25,RA-MPC,115
False,INFEASIBLE_MID,,0.125,1.9079077251610452,-9.970872710602349e-07,1,1,278.1817999930354,556.3635999860708,0.125,10,1.25,RA-MPC,116
True,REACHED,1.375,1.375,35.7149046119107,1.5677188372159362e-05,0,11,117.05375454303893,1287.5912999734282,0.125,10,1.25,RA-MPC,117
False,INFEASIBLE_MID,,0.75,29.77141064114322,-5.963017163415359e-05,1,6,102.2129714276941,715.4907999938587,0.125,10,1.25,RA-MPC,118
False,INFEASIBLE_MID,,0.625,15.928537578092602,-1.121808167439917e-05,1,5,385.9037833341669,2315.4227000050014,0.125,10,1.25,RA-MPC,119
False,INFEASIBLE_MID,,0.875,19.693936780644908,-1.3184563170698643e-05,1,7,503.37938749726163,4027.035099978093,0.125,10,1.25,RA-MPC,120
True,REACHED,0.5,0.5,7.654196867114422,0.41167490558900766,0,4,126.52550000348128,506.10200001392514,0.125,10,1.25,RA-MPC,121
True,REACHED,1.5,1.5,42.02435162108205,1.817056960144155e-05,0,12,117.2905750014858,1407.4869000178296,0.125,10,1.25,RA-MPC,122
True,REACHED,1.5,1.5,43.73598680055982,4.707821123676057e-06,0,12,118.00206666521262,1416.0247999825515,0.125,10,1.25,RA-MPC,123
False,INFEASIBLE_MID,,0.5,14.358154133034823,-6.391054121104683e-05,1,4,484.5605600014096,2422.802800007048,0.125,10,1.25,RA-MPC,124
False,INFEASIBLE_MID,,0.5,14.419643614642231,-5.084247531790176e-07,1,4,289.98503999901004,1449.9251999950502,0.125,10,1.25,RA-MPC,125
True,REACHED,1.25,1.25,31.207010569906213,6.188783021095316e-06,0,10,122.40291000052821,1224.029100005282,0.125,10,1.25,RA-MPC,126
True,REACHED,1.25,1.25,29.87210183645078,-7.3013685601231336e-06,0,10,273.7806900011492,2737.806900011492,0.125,10,1.25,RA-MPC,127
False,INFEASIBLE_MID,,0.625,20.280679909008413,-0.0008711554762136108,1,5,255.28026666870574,1531.6816000122344,0.125,10,1.25,RA-MPC,128
False,INFEASIBLE_MID,,0.75,28.12660412861915,-1.7660354701412888e-05,1,6,326.35600000087703,2284.4920000061393,0.125,10,1.25,RA-MPC,129
True,REACHED,0.75,0.75,16.489886061481375,1.8195994025632252,0,6,80.2663333355061,481.59800001303665,0.125,10,1.25,RA-MPC,130
True,REACHED,1.25,1.25,40.44279134990865,2.31945310905155e-05,0,10,149.6287600006326,1496.287600006326,0.125,10,1.25,RA-MPC,131
True,REACHED,0.875,0.875,14.537866457735522,6.888797937337938,0,7,90.62357142933512,634.3650000053458,0.125,10,1.25,RA-MPC,132
True,REACHED,1.25,1.25,38.70988755996673,1.5571469610597683e-05,0,10,120.20347999787191,1202.034799978719,0.125,10,1.25,RA-MPC,133
True,REACHED,1.0,1.0,16.9817241498045,0.9353018262249351,0,8,85.50130000548961,684.0104000439169,0.125,10,1.25,RA-MPC,134
True,REACHED,0.5,0.5,10.47957560067998,7.602450158774071,0,4,103.77885000343667,415.1154000137467,0.125,10,1.25,RA-MPC,135
True,REACHED,0.875,0.875,18.485830789392498,6.214216572978065e-06,0,7,101.69491428574214,711.864400000195,0.125,10,1.25,RA-MPC,136
False,INFEASIBLE_MID,,0.75,18.395602331798145,-1.4655662532654082e-05,1,6,751.0649142890803,5257.454400023562,0.125,10,1.25,RA-MPC,137
True,REACHED,0.875,0.875,18.206283814818264,-2.9196885974837386e-06,0,7,340.05941428975865,2380.4159000283107,0.125,10,1.25,RA-MPC,138
True,REACHED,0.625,0.625,11.274697369653603,5.205687850445236,0,5,94.79804000002332,473.9902000001166,0.125,10,1.25,RA-MPC,139
False,INFEASIBLE_STEP1,,0.0,0.0,4.298763991527994,1,0,302.1957999881124,302.1957999881124,0.125,10,1.25,RA-MPC,140
True,REACHED,0.75,0.75,15.19679565606626,9.472923622931415,0,6,78.04648333452253,468.27890000713523,0.125,10,1.25,RA-MPC,141
True,REACHED,0.75,0.75,15.280102443414119,2.4918750683152,0,6,94.58650000306079,567.5190000183647,0.125,10,1.25,RA-MPC,142
False,INFEASIBLE_MID,,0.75,17.133999907901607,-1.95555602372984e-05,1,6,796.8599999980403,5578.019999986282,0.125,10,1.25,RA-MPC,143
True,REACHED,0.5,0.5,9.103508842995785,1.2947264729779853,0,4,123.98632500116946,495.94530000467785,0.125,10,1.25,RA-MPC,144
True,REACHED,0.25,0.25,6.934649108450952,9.489182627743837,0,2,190.4466499981936,380.8932999963872,0.125,10,1.25,RA-MPC,145
False,INFEASIBLE_MID,,0.375,10.918251307969863,-1.7679817852421323e-05,1,3,1333.099024999683,5332.396099998732,0.125,10,1.25,RA-MPC,146
False,INFEASIBLE_MID,,0.625,14.700869894101807,-5.343963887072173e-05,1,5,1024.8774666688405,6149.264800013043,0.125,10,1.25,RA-MPC,147
True,REACHED,0.75,0.75,21.683509200006764,9.040578582588326,0,6,125.96473333299703,755.7883999979822,0.125,10,1.25,RA-MPC,148
True,REACHED,1.125,1.125,22.248583603653447,1.568245815567293e-05,0,9,93.90265555218018,845.1238999696216,0.125,10,1.25,RA-MPC,149
True,REACHED,1.25,1.25,38.84127568747237,2.0286258412811577e-05,0,10,142.03946000343421,1420.3946000343421,0.125,10,1.25,RA-MPC,150
True,REACHED,1.25,1.25,42.96754432515863,2.324549786117048e-05,0,10,152.0843899997999,1520.843899997999,0.125,10,1.25,RA-MPC,151
False,INFEASIBLE_MID,,0.5,17.318187849872757,-6.248897204505027e-05,1,4,1118.0735800007824,5590.367900003912,0.125,10,1.25,RA-MPC,152
False,INFEASIBLE_MID,,1.0,28.045425434505585,-3.231611111722685e-05,1,8,594.9717888886678,5354.74609999801,0.125,10,1.25,RA-MPC,153
False,INFEASIBLE_MID,,0.5,14.652714218690393,-9.617024540375582e-05,1,4,467.6341800048249,2338.1709000241244,0.125,10,1.25,RA-MPC,154
True,REACHED,0.875,0.875,24.045602040108502,0.00014274735400985627,0,7,109.35514285769646,765.4860000038752,0.125,10,1.25,RA-MPC,155
False,INFEASIBLE_MID,,0.5,16.60934115069739,-0.00014242511203190064,1,4,724.948779999977,3624.743899999885,0.125,10,1.25,RA-MPC,156
False,INFEASIBLE_MID,,0.5,16.094575059043187,-0.0002629345043828563,1,4,281.54710000089835,1407.7355000044918,0.125,10,1.25,RA-MPC,157
False,INFEASIBLE_MID,,0.75,20.69238924914991,-0.00013255454707788297,1,6,331.5220571426575,2320.6543999986025,0.125,10,1.25,RA-MPC,158
True,REACHED,1.625,1.625,54.922217554049936,1.8674779885015692e-05,0,13,165.89066922964636,2156.5786999854026,0.125,10,1.25,RA-MPC,159
True,REACHED,0.875,0.875,14.65591625926939,0.8544240167267434,0,7,109.67751428168933,767.7425999718253,0.125,10,1.25,RA-MPC,160
True,REACHED,0.75,0.75,15.28764315172309,0.6959703914528211,0,6,135.972049999206,815.8322999952361,0.125,10,1.25,RA-MPC,161
True,REACHED,0.75,0.75,18.398962334434426,0.00012169618091970879,0,6,140.8440833329223,845.0644999975339,0.125,10,1.25,RA-MPC,162
True,REACHED,0.625,0.625,13.011414416235407,0.0032197986081621125,0,5,207.51881999894977,1037.5940999947488,0.125,10,1.25,RA-MPC,163
True,REACHED,0.75,0.75,17.876341730082164,4.645574830810912e-05,0,6,96.9481666640301,581.6889999841806,0.125,10,1.25,RA-MPC,164
True,REACHED,0.625,0.625,11.63588700304448,5.3498610402083004,0,5,104.3463400012115,521.7317000060575,0.125,10,1.25,RA-MPC,165
True,REACHED,1.5,1.5,45.98150009074491,1.5402312635963077e-05,0,12,118.55989999821759,1422.718799978611,0.125,10,1.25,RA-MPC,166
True,REACHED,1.5,1.5,54.59113688840729,3.04475546218262e-05,0,12,112.87245833348909,1354.4695000018692,0.125,10,1.25,RA-MPC,167
True,REACHED,0.75,0.75,17.495037840613946,7.876750411871896,0,6,182.76248332646597,1096.5748999587959,0.125,10,1.25,RA-MPC,168
True,REACHED,1.625,1.625,53.921271636718046,2.7347940559610927e-05,0,13,123.48871538527489,1605.3533000085736,0.125,10,1.25,RA-MPC,169
False,INFEASIBLE_MID,,0.5,10.51996460700817,-1.604613887039823e-05,1,4,285.6489800004056,1428.2449000020279,0.125,10,1.25,RA-MPC,170
True,REACHED,1.25,1.25,31.91279102151722,9.771159713903693e-06,0,10,107.46925999992527,1074.6925999992527,0.125,10,1.25,RA-MPC,171
False,INFEASIBLE_STEP1,,0.0,0.0,0.7076548625108998,1,0,747.4271999963094,747.4271999963094,0.125,10,1.25,RA-MPC,172
True,REACHED,0.75,0.75,16.209030991598112,0.00015568624672294168,0,6,70.29103332994661,421.74619997967966,0.125,10,1.25,RA-MPC,173
True,REACHED,1.375,1.375,47.897805594331786,9.951655238273363e-05,0,11,90.46309999989303,995.0940999988234,0.125,10,1.25,RA-MPC,174
True,REACHED,0.875,0.875,18.068764004836716,1.6723471830945763e-05,0,7,65.15221428292405,456.0654999804683,0.125,10,1.25,RA-MPC,175
False,INFEASIBLE_MID,,0.625,25.93495301624628,-0.000851081617196506,1,5,176.22630000308467,1057.357800018508,0.125,10,1.25,RA-MPC,176
False,INFEASIBLE_MID,,0.5,18.752800641021082,-8.287518687880426e-06,1,4,354.20328000036534,1771.0164000018267,0.125,10,1.25,RA-MPC,177
True,REACHED,0.625,0.625,14.694955208344949,1.2826593278133416,0,5,62.665819996618666,313.32909998309333,0.125,10,1.25,RA-MPC,178
True,REACHED,1.625,1.625,56.36464214856583,1.5592619921788263e-05,0,13,106.05330769389045,1378.6930000205757,0.125,10,1.25,RA-MPC,179
True,REACHED,1.25,1.25,37.42093390200737,1.64663510868468e-05,0,10,115.44868999917526,1154.4868999917526,0.125,10,1.25,RA-MPC,180
False,INFEASIBLE_MID,,0.625,14.857747825695622,-3.639376371662679e-05,1,5,292.00874999999843,1752.0524999999907,0.125,10,1.25,RA-MPC,181
True,REACHED,1.0,1.0,19.113875947344447,0.00019552005609651437,0,8,84.54526250170602,676.3621000136482,0.125,10,1.25,RA-MPC,182
False,INFEASIBLE_MID,,0.375,11.150572210604686,-2.5860590512102242e-05,1,3,468.9823499938939,1875.9293999755755,0.125,10,1.25,RA-MPC,183
True,REACHED,1.5,1.5,45.35030030764917,1.162090973080922e-05,0,12,91.8714083369802,1102.4569000437623,0.125,10,1.25,RA-MPC,184
False,INFEASIBLE_MID,,0.75,17.040210287955105,-8.17348650940348e-06,1,6,279.9160571365584,1959.4123999559088,0.125,10,1.25,RA-MPC,185
True,REACHED,1.0,1.0,19.0692517002302,2.3525444229727218e-05,0,8,92.20348750022822,737.6279000018258,0.125,10,1.25,RA-MPC,186
True,REACHED,0.625,0.625,10.316589009936674,9.358069248553837,0,5,99.3518800009042,496.759400004521,0.125,10,1.25,RA-MPC,187
True,REACHED,0.375,0.375,7.077181144540798,4.87673490197825,0,3,110.44983333461762,331.3495000038529,0.125,10,1.25,RA-MPC,188
True,REACHED,0.75,0.75,12.488996848733693,9.24235987246491,0,6,109.71543333289446,658.2925999973668,0.125,10,1.25,RA-MPC,189
True,REACHED,1.25,1.25,29.337552625996754,9.891251583924921e-06,0,10,155.66333000169834,1556.6333000169834,0.125,10,1.25,RA-MPC,190
True,REACHED,0.5,0.5,9.836520368367452,3.7516011316380995,0,4,113.15145000480697,452.6058000192279,0.125,10,1.25,RA-MPC,191
True,REACHED,0.625,0.625,12.5734219912831,3.956869272391841,0,5,108.86360000295099,544.318000014755,0.125,10,1.25,RA-MPC,192
True,REACHED,1.125,1.125,28.43194185082619,9.293073246238036e-06,0,9,141.37620000272162,1272.3858000244945,0.125,10,1.25,RA-MPC,193
True,REACHED,1.375,1.375,35.67473057078634,6.499663247063527e-06,0,11,98.685163632829,1085.536799961119,0.125,10,1.25,RA-MPC,194
False,INFEASIBLE_MID,,0.625,16.95603031078423,-0.0002314808964374495,1,5,219.67338332857858,1318.0402999714715,0.125,10,1.25,RA-MPC,195
True,REACHED,1.25,1.25,32.580057584126905,1.0316052250617335e-05,0,10,101.34653999994043,1013.4653999994043,0.125,10,1.25,RA-MPC,196
True,REACHED,1.0,1.0,25.624684711775068,3.5554596150225836e-05,0,8,63.3732250007597,506.9858000060776,0.125,10,1.25,RA-MPC,197
True,REACHED,0.375,0.375,6.0702293789771,4.38369120787348,0,3,38.58353332907427,115.75059998722281,0.125,10,1.25,RA-MPC,198
False,INFEASIBLE_MID,,0.5,12.711692639085811,-0.0001446340390761814,1,4,120.57703999744263,602.8851999872131,0.125,10,1.25,RA-MPC,199
False,INFEASIBLE_MID,,0.625,18.72758545584612,-2.0785706003137752e-05,1,5,410.000383334894,2460.0023000093643,0.125,10,1.25,RA-MPC,200
False,INFEASIBLE_MID,,0.75,27.65701558973778,-9.964679912085263e-05,1,6,206.03579999962156,1442.250599997351,0.125,10,1.25,RA-MPC,201
True,REACHED,0.375,0.375,8.240061474174114,3.51586007330208,0,3,100.7825999937874,302.3477999813622,0.125,10,1.25,RA-MPC,202
True,REACHED,0.625,0.625,13.843375131197641,2.602426130370656,0,5,89.98302000109106,449.9151000054553,0.125,10,1.25,RA-MPC,203
True,REACHED,0.25,0.25,6.587462241620514,4.904673199184427,0,2,166.87419999652775,333.7483999930555,0.125,10,1.25,RA-MPC,204
True,REACHED,1.25,1.25,32.0565986826375,1.9505381589247163e-05,0,10,101.17291999631561,1011.7291999631561,0.125,10,1.25,RA-MPC,205
True,REACHED,0.875,0.875,14.804633672696633,1.5894855088329124e-05,0,7,72.73971428678904,509.1780000075232,0.125,10,1.25,RA-MPC,206
True,REACHED,1.0,1.0,22.257751870794902,0.49935213190320205,0,8,59.98004999855766,479.8403999884613,0.125,10,1.25,RA-MPC,207
False,INFEASIBLE_STEP1,,0.0,0.0,2.1792405646321242,1,0,214.49899999424815,214.49899999424815,0.125,10,1.25,RA-MPC,208
True,REACHED,0.625,0.625,13.447840294310023,5.153231735072799,0,5,64.29047999554314,321.4523999777157,0.125,10,1.25,RA-MPC,209
True,REACHED,1.625,1.625,56.11618533546663,1.7603669258798737e-05,0,13,87.84333077066829,1141.9633000186877,0.125,10,1.25,RA-MPC,210
False,INFEASIBLE_MID,,0.5,21.48446668511849,-4.0561995456128986e-05,1,4,462.91222000145353,2314.5611000072677,0.125,10,1.25,RA-MPC,211
False,INFEASIBLE_MID,,0.5,17.79316718826569,-0.0003951362214564483,1,4,381.04130000283476,1905.2065000141738,0.125,10,1.25,RA-MPC,212
False,INFEASIBLE_MID,,0.625,25.695867108588306,-0.0006829099856078187,1,5,143.92005000263453,863.5203000158072,0.125,10,1.25,RA-MPC,213
True,REACHED,0.75,0.75,14.30989157692183,9.197673055038017,0,6,69.84221666546848,419.05329999281093,0.125,10,1.25,RA-MPC,214
False,INFEASIBLE_MID,,0.75,22.216340749220024,-9.676428076222807e-06,1,6,150.54464285952105,1053.8125000166474,0.125,10,1.25,RA-MPC,215
True,REACHED,1.25,1.25,34.35288810111733,1.7394026058825751e-06,0,10,78.31100999901537,783.1100999901537,0.125,10,1.25,RA-MPC,216
True,REACHED,1.0,1.0,22.37726263162079,1.7565984231995653e-05,0,8,74.92987500154413,599.4390000123531,0.125,10,1.25,RA-MPC,217
False,INFEASIBLE_MID,,0.5,13.231142346051962,-4.407195446910387e-05,1,4,155.87966000312008,779.3983000156004,0.125,10,1.25,RA-MPC,218
False,INFEASIBLE_MID,,0.875,36.29426839237124,-3.387254098818263e-05,1,7,239.02304999501212,1912.184399960097,0.125,10,1.25,RA-MPC,219
False,INFEASIBLE_STEP1,,0.0,0.0,5.032182301587035,1,0,689.9513999960618,689.9513999960618,0.125,10,1.25,RA-MPC,220
True,REACHED,0.75,0.75,14.230993266776446,7.707095022612743,0,6,58.48905000311788,350.9343000187073,0.125,10,1.25,RA-MPC,221
False,INFEASIBLE_MID,,0.875,25.047809656287836,-0.0007016808621395547,1,7,105.55962499893212,844.476999991457,0.125,10,1.25,RA-MPC,222
True,REACHED,0.75,0.75,18.137453006002342,1.8535828325770896,0,6,83.31878333168181,499.9126999900909,0.125,10,1.25,RA-MPC,223
False,INFEASIBLE_MID,,0.75,33.63006871296699,-0.0004523844364232007,1,6,259.36664286044623,1815.5665000231238,0.125,10,1.25,RA-MPC,224
False,INFEASIBLE_MID,,0.625,25.578470383753903,-0.0009047261849100216,1,5,439.8849333350275,2639.309600010165,0.125,10,1.25,RA-MPC,225
True,REACHED,0.75,0.75,18.099454768695626,0.0030093646311282864,0,6,111.25349999929313,667.5209999957588,0.125,10,1.25,RA-MPC,226
True,REACHED,1.375,1.375,33.96625952317453,2.0899469011521797e-05,0,11,99.20640909033615,1091.2704999936977,0.125,10,1.25,RA-MPC,227
False,INFEASIBLE_STEP1,,0.0,0.0,1.303860872397864,1,0,199.44959999702405,199.44959999702405,0.125,10,1.25,RA-MPC,228
True,REACHED,0.875,0.875,16.518672170678887,7.1093689273154,0,7,67.33947143116633,471.37630001816433,0.125,10,1.25,RA-MPC,229
False,INFEASIBLE_MID,,0.875,22.62981502297307,-3.9421088447583744e-05,1,7,231.80252499696508,1854.4201999757206,0.125,10,1.25,RA-MPC,230
True,REACHED,1.0,1.0,23.727365382095186,7.228715625338046e-06,0,8,94.25094999824069,754.0075999859255,0.125,10,1.25,RA-MPC,231
True,REACHED,1.5,1.5,51.85618117022523,3.508883686637913e-06,0,12,112.70084166608285,1352.4100999929942,0.125,10,1.25,RA-MPC,232
True,REACHED,1.5,1.5,52.04079653291275,1.430084510339298e-05,0,12,99.15918333596589,1189.9102000315906,0.125,10,1.25,RA-MPC,233
True,REACHED,0.75,0.75,13.478096908562298,7.044554307230501,0,6,89.51760000248517,537.105600014911,0.125,10,1.25,RA-MPC,234
False,INFEASIBLE_STEP1,,0.0,0.0,1.5848291803492158,1,0,789.6431999979541,789.6431999979541,0.125,10,1.25,RA-MPC,235
True,REACHED,1.625,1.625,44.112374985096594,1.926698480955366e-05,0,13,108.73179999963703,1413.5133999952814,0.125,10,1.25,RA-MPC,236
True,REACHED,1.5,1.5,37.571038248873535,5.565377748330983e-06,0,12,83.40245833339092,1000.829500000691,0.125,10,1.25,RA-MPC,237
True,REACHED,1.5,1.5,54.17567066648721,2.518141871767631e-05,0,12,96.2899333317182,1155.4791999806184,0.125,10,1.25,RA-MPC,238
False,INFEASIBLE_MID,,0.625,17.840487293325356,-2.2431910020891975e-05,1,5,297.8331833340538,1786.9991000043228,0.125,10,1.25,RA-MPC,239
True,REACHED,1.0,1.0,28.919840339941903,1.871488667359676e-05,0,8,105.10762500052806,840.8610000042245,0.125,10,1.25,RA-MPC,240
True,REACHED,0.5,0.5,7.368912720044842,4.877504164427737,0,4,60.25555000451277,241.02220001805108,0.125,10,1.25,RA-MPC,241
False,INFEASIBLE_MID,,0.875,19.775266548150082,-4.152536643762402e-07,1,7,144.9680875030026,1159.7447000240209,0.125,10,1.25,RA-MPC,242
False,INFEASIBLE_MID,,0.625,16.8881774735974,-8.741297159750979e-06,1,5,346.00758333059883,2076.045499983593,0.125,10,1.25,RA-MPC,243
False,INFEASIBLE_MID,,0.75,19.668723672796283,-0.00011056956422780873,1,6,148.09687143133488,1036.6781000193441,0.125,10,1.25,RA-MPC,244
True,REACHED,1.375,1.375,47.70926950036293,1.833758559427226e-05,0,11,93.10442727688827,1024.148700045771,0.125,10,1.25,RA-MPC,245
True,REACHED,0.25,0.25,5.3953652016075955,1.3550559403567428,0,2,85.01319999777479,170.02639999554958,0.125,10,1.25,RA-MPC,246
True,REACHED,1.5,1.5,40.6715282652977,5.361429921165319e-06,0,12,102.81066666599752,1233.7279999919701,0.125,10,1.25,RA-MPC,247
False,INFEASIBLE_MID,,0.75,18.5565585788018,-1.704010668775858e-05,1,6,303.3212857137966,2123.2489999965765,0.125,10,1.25,RA-MPC,248
True,REACHED,0.5,0.5,7.218978922349495,1.5869814244589415,0,4,62.554525004088646,250.21810001635458,0.125,10,1.25,RA-MPC,249
True,REACHED,0.5,0.5,9.213999519290606,3.3103356336418828,0,4,113.61730000498937,454.4692000199575,0.125,10,1.25,RA-MPC,250
False,INFEASIBLE_MID,,0.5,12.889192498973266,-1.2659864906801759e-05,1,4,393.5927799990168,1967.963899995084,0.125,10,1.25,RA-MPC,251
False,INFEASIBLE_MID,,0.75,32.326781162256715,-0.0010080797918189514,1,6,103.72354285625208,726.0647999937646,0.125,10,1.25,RA-MPC,252
False,INFEASIBLE_MID,,0.875,22.873831894026523,-4.01453926900456e-06,1,7,391.47454999692854,3131.7963999754284,0.125,10,1.25,RA-MPC,253
False,INFEASIBLE_MID,,0.625,14.078391733168623,-4.1809362091772404e-05,1,5,301.56414999995224,1809.3848999997135,0.125,10,1.25,RA-MPC,254
True,REACHED,1.375,1.375,39.495684512361414,1.034435394575976e-06,0,11,116.84502727505539,1285.2953000256093,0.125,10,1.25,RA-MPC,255
False,INFEASIBLE_MID,,0.625,22.501576819267093,-0.00048116186696061655,1,5,147.84631666649753,887.0778999989852,0.125,10,1.25,RA-MPC,256
False,INFEASIBLE_MID,,0.625,18.229581397241745,-0.0006566901217429477,1,5,496.30459999995463,2977.8275999997277,0.125,10,1.25,RA-MPC,257
False,INFEASIBLE_MID,,0.875,20.44558139049492,-2.0592473385084664e-06,1,7,388.1182250006532,3104.9458000052255,0.125,10,1.25,RA-MPC,258
True,REACHED,0.875,0.875,18.71444782250471,0.0018765159545747374,0,7,88.24841428681144,617.7389000076801,0.125,10,1.25,RA-MPC,259
True,REACHED,0.375,0.375,5.4835893854750655,8.654203900258922,0,3,100.90823333302978,302.72469999908935,0.125,10,1.25,RA-MPC,260
True,REACHED,0.625,0.625,10.16502689219911,0.18301775384509059,0,5,71.33251999912318,356.6625999956159,0.125,10,1.25,RA-MPC,261
True,REACHED,0.25,0.25,2.0913159665937053,2.3922237773802837,0,2,84.26214999781223,168.52429999562446,0.125,10,1.25,RA-MPC,262
True,REACHED,1.5,1.5,46.9236326305228,1.6749509776350603e-05,0,12,100.8639083338494,1210.3669000061927,0.125,10,1.25,RA-MPC,263
True,REACHED,0.75,0.75,16.82517451416505,7.113748080063227,0,6,102.1387333360811,612.8324000164866,0.125,10,1.25,RA-MPC,264
False,INFEASIBLE_MID,,0.5,13.621618286553002,-1.3248601877841323e-05,1,4,133.5698400012916,667.849200006458,0.125,10,1.25,RA-MPC,265
False,INFEASIBLE_MID,,0.625,17.498593792530965,-9.154813281373687e-05,1,5,483.8471499970183,2903.0828999821097,0.125,10,1.25,RA-MPC,266
True,REACHED,0.75,0.75,16.819688622504803,7.7756445326355985,0,6,156.7017833343319,940.2107000059914,0.125,10,1.25,RA-MPC,267
True,REACHED,0.875,0.875,15.971831254094269,4.3619206736281955,0,7,97.09337142495704,679.6535999746993,0.125,10,1.25,RA-MPC,268
True,REACHED,0.75,0.75,19.475401515707908,0.0009641283211840334,0,6,64.18811666420272,385.1286999852164,0.125,10,1.25,RA-MPC,269
False,INFEASIBLE_STEP1,,0.0,0.0,0.7572005055600882,1,0,175.98509999515954,175.98509999515954,0.125,10,1.25,RA-MPC,270
True,REACHED,0.875,0.875,14.719817958739045,4.724652395784937,0,7,87.91614285603698,615.4129999922588,0.125,10,1.25,RA-MPC,271
True,REACHED,0.75,0.75,10.523404920243635,3.5947111746435043,0,6,48.13006666760581,288.7804000056349,0.125,10,1.25,RA-MPC,272
True,REACHED,0.5,0.5,10.659039195181183,7.724627722567222,0,4,74.11964999846532,296.4785999938613,0.125,10,1.25,RA-MPC,273
False,INFEASIBLE_MID,,0.75,30.97183282905798,-6.911676136189857e-05,1,6,181.74805714391238,1272.2364000073867,0.125,10,1.25,RA-MPC,274
False,INFEASIBLE_MID,,0.75,23.100323156445818,-0.00011377729589388871,1,6,267.94587142441225,1875.6210999708856,0.125,10,1.25,RA-MPC,275
True,REACHED,0.75,0.75,15.506683819552887,0.00035434334469970754,0,6,41.499466666815955,248.99680000089575,0.125,10,1.25,RA-MPC,276
True,REACHED,0.875,0.875,18.125474323010103,-2.5582380373993405e-07,0,7,64.10968571851429,448.76780002960004,0.125,10,1.25,RA-MPC,277
True,REACHED,1.625,1.625,56.107388706419655,1.2414430715715362e-05,0,13,98.19109231018676,1276.484200032428,0.125,10,1.25,RA-MPC,278
True,REACHED,0.875,0.875,21.440361087733912,0.0004080976983710756,0,7,67.414857143636,471.90400000545196,0.125,10,1.25,RA-MPC,279
True,REACHED,1.125,1.125,32.00564581510676,0.0003776113338207648,0,9,56.25207777969384,506.26870001724456,0.125,10,1.25,RA-MPC,280
False,INFEASIBLE_STEP1,,0.0,0.0,0.7443952927132589,1,0,267.81399999163114,267.81399999163114,0.125,10,1.25,RA-MPC,281
False,INFEASIBLE_MID,,0.75,16.75576321015889,-3.4812816887629506e-06,1,6,428.8841142843012,3002.1887999901082,0.125,10,1.25,RA-MPC,282
True,REACHED,0.625,0.625,9.482598274413808,8.627163707058559,0,5,52.430280004045926,262.15140002022963,0.125,10,1.25,RA-MPC,283
True,REACHED,1.625,1.625,59.12149771108015,3.406111298163237e-05,0,13,114.46581538677073,1488.0556000280194,0.125,10,1.25,RA-MPC,284
False,INFEASIBLE_MID,,0.75,23.255327446061166,-0.00011930416971835764,1,6,455.9183857158392,3191.4287000108743,0.125,10,1.25,RA-MPC,285
False,INFEASIBLE_MID,,0.75,28.5911103391643,-0.0001596237241515519,1,6,498.19645714472114,3487.375200013048,0.125,10,1.25,RA-MPC,286
True,REACHED,0.75,0.75,17.993036865971995,1.9465794247897288,0,6,63.967899999018606,383.8073999941116,0.125,10,1.25,RA-MPC,287
False,INFEASIBLE_MID,,0.75,20.74407191147575,-0.00029775932913173747,1,6,298.62328571575097,2090.3630000102567,0.125,10,1.25,RA-MPC,288
False,INFEASIBLE_MID,,0.875,30.986554792440764,-9.170879411575259e-06,1,7,410.3940374989179,3283.152299991343,0.125,10,1.25,RA-MPC,289
True,REACHED,0.75,0.75,15.605552151647572,1.3821598329820146,0,6,87.45470000333928,524.7282000200357,0.125,10,1.25,RA-MPC,290
True,REACHED,1.0,1.0,18.851135953585437,6.340136135421733,0,8,97.06003749852243,776.4802999881795,0.125,10,1.25,RA-MPC,291
True,REACHED,0.75,0.75,14.785446178748206,0.00018661934812364285,0,6,96.08763333865984,576.5258000319591,0.125,10,1.25,RA-MPC,292
True,REACHED,1.625,1.625,47.50442103936539,1.8823464618100472e-05,0,13,126.11023076953224,1639.433000003919,0.125,10,1.25,RA-MPC,293
True,REACHED,0.625,0.625,12.26168558265372,7.779734722395055,0,5,148.02185999578796,740.1092999789398,0.125,10,1.25,RA-MPC,294
False,INFEASIBLE_MID,,0.875,31.634686204527974,-2.3396211778312722e-05,1,7,247.76367499725893,1982.1093999780715,0.125,10,1.25,RA-MPC,295
True,REACHED,0.75,0.75,19.71793313730587,0.00010002054170814679,0,6,116.17004999667795,697.0202999800676,0.125,10,1.25,RA-MPC,296
False,INFEASIBLE_MID,,0.625,19.74692349456299,-1.3355652550653901e-06,1,5,243.0572000060541,1458.3432000363246,0.125,10,1.25,RA-MPC,297
True,REACHED,1.5,1.5,54.20486846648647,3.117383216268553e-05,0,12,86.85125833047398,1042.2150999656878,0.125,10,1.25,RA-MPC,298
True,REACHED,1.125,1.125,19.96984458108101,0.3733487328278894,0,9,79.10347777942661,711.9313000148395,0.125,10,1.25,RA-MPC,299
False,INFEASIBLE_MID,,0.5,17.294939322741477,-0.003886231012987225,1,2,176.8232333318641,530.4696999955922,0.25,5,1.25,Vanilla MPC,0
True,REACHED,1.25,1.25,42.974750974945415,1.9499425856599388e-05,0,5,69.35382000228856,346.7691000114428,0.25,5,1.25,Vanilla MPC,1
True,REACHED,0.75,0.75,16.604558895476757,5.592582002116371,0,3,121.38006666888639,364.14020000665914,0.25,5,1.25,Vanilla MPC,2
True,REACHED,0.75,0.75,10.12260605476354,3.253809265388563,0,3,81.58916667161975,244.76750001485925,0.25,5,1.25,Vanilla MPC,3
False,INFEASIBLE_STEP1,,0.0,0.0,8.647880591818552,1,0,357.1226000058232,357.1226000058232,0.25,5,1.25,Vanilla MPC,4
True,REACHED,0.75,0.75,9.469591135447029,3.0779483271708967,0,3,111.96760000408783,335.90280001226347,0.25,5,1.25,Vanilla MPC,5
False,INFEASIBLE_STEP1,,0.0,0.0,6.9059108435215935,1,0,317.0057000097586,317.0057000097586,0.25,5,1.25,Vanilla MPC,6
True,REACHED,1.0,1.0,15.983729131957368,3.482882190357369,0,4,81.02622500155121,324.10490000620484,0.25,5,1.25,Vanilla MPC,7
True,REACHED,0.75,0.75,20.959519826667396,0.007757232046447222,0,3,90.5083000009957,271.5249000029871,0.25,5,1.25,Vanilla MPC,8
False,INFEASIBLE_MID,,0.75,21.49975220226838,-0.009336263250027135,1,3,81.8204999959562,327.2819999838248,0.25,5,1.25,Vanilla MPC,9
True,REACHED,1.0,1.0,23.92262689458569,4.92265029187835,0,4,79.97617500222987,319.90470000891946,0.25,5,1.25,Vanilla MPC,10
True,REACHED,0.75,0.75,10.18289583683579,0.009272333571154123,0,3,120.01996666852695,360.05990000558086,0.25,5,1.25,Vanilla MPC,11
True,REACHED,0.75,0.75,11.886344631873314,4.6347884986196856e-05,0,3,79.8198666695195,239.45960000855848,0.25,5,1.25,Vanilla MPC,12
True,REACHED,1.0,1.0,26.3047567329249,0.002188967289738824,0,4,49.90679999900749,199.62719999602996,0.25,5,1.25,Vanilla MPC,13
True,REACHED,1.25,1.25,37.64483935497105,0.00485623496185785,0,5,68.29569999827072,341.4784999913536,0.25,5,1.25,Vanilla MPC,14
True,REACHED,0.75,0.75,11.186240421273748,5.464436231324394,0,3,40.4583333292976,121.3749999878928,0.25,5,1.25,Vanilla MPC,15
True,REACHED,0.75,0.75,14.310143960246796,3.4654457443131554,0,3,35.76459999991736,107.29379999975208,0.25,5,1.25,Vanilla MPC,16
False,INFEASIBLE_STEP1,,0.0,0.0,9.136425027205815,1,0,143.55239999713376,143.55239999713376,0.25,5,1.25,Vanilla MPC,17
True,REACHED,0.75,0.75,12.918872847620687,6.258691710850721,0,3,36.60650000286599,109.81950000859797,0.25,5,1.25,Vanilla MPC,18
False,INFEASIBLE_STEP1,,0.0,0.0,0.8743130714584793,1,0,178.77640000369865,178.77640000369865,0.25,5,1.25,Vanilla MPC,19
True,REACHED,0.75,0.75,12.658083580336129,8.697704682276449,0,3,52.205700000437595,156.6171000013128,0.25,5,1.25,Vanilla MPC,20
False,INFEASIBLE_MID,,1.0,22.480825237267084,-6.671485339518789e-05,1,4,691.7610800039256,3458.805400019628,0.25,5,1.25,Vanilla MPC,21
True,REACHED,0.25,0.25,6.105623981403531,9.194602141979937,0,1,31.91760000481736,31.91760000481736,0.25,5,1.25,Vanilla MPC,22
False,INFEASIBLE_STEP1,,0.0,0.0,7.2691005045984785,1,0,278.8637999910861,278.8637999910861,0.25,5,1.25,Vanilla MPC,23
True,REACHED,0.75,0.75,9.707925224315849,0.00044432767462100164,0,3,64.96643333230168,194.89929999690503,0.25,5,1.25,Vanilla MPC,24
True,REACHED,1.25,1.25,41.712389419799926,0.00011381789510246239,0,5,106.60002000222448,533.0001000111224,0.25,5,1.25,Vanilla MPC,25
False,INFEASIBLE_MID,,0.75,18.21525967122195,-0.00041967396274008185,1,3,432.88462499913294,1731.5384999965318,0.25,5,1.25,Vanilla MPC,26
True,REACHED,1.0,1.0,16.331266676950165,0.10100098789276062,0,4,34.105249997082865,136.42099998833146,0.25,5,1.25,Vanilla MPC,27
True,REACHED,1.5,1.5,48.61238720728251,1.2849390980216553e-05,0,6,97.49688333249651,584.981299994979,0.25,5,1.25,Vanilla MPC,28
False,INFEASIBLE_MID,,0.75,15.096597109502158,-1.749511978010005e-05,1,3,593.1023000011919,2372.4092000047676,0.25,5,1.25,Vanilla MPC,29
False,INFEASIBLE_MID,,0.5,15.499631438773914,-0.00193336870489294,1,2,512.6885666589563,1538.065699976869,0.25,5,1.25,Vanilla MPC,30
True,REACHED,0.75,0.75,14.552828528085858,9.995886628222605,0,3,40.593266661744565,121.7797999852337,0.25,5,1.25,Vanilla MPC,31
False,INFEASIBLE_MID,,0.75,29.119696308976696,-0.014680710567542218,1,3,134.3366250039253,537.3465000157012,0.25,5,1.25,Vanilla MPC,32
True,REACHED,1.0,1.0,24.648777527080206,1.1019926700516241e-05,0,4,123.45897499835701,493.83589999342803,0.25,5,1.25,Vanilla MPC,33
False,INFEASIBLE_STEP1,,0.0,0.0,0.9699836554437354,1,0,1210.0384999939706,1210.0384999939706,0.25,5,1.25,Vanilla MPC,34
True,REACHED,0.75,0.75,13.317738008112826,3.2379552425630758,0,3,71.02576666511595,213.07729999534786,0.25,5,1.25,Vanilla MPC,35
False,INFEASIBLE_MID,,0.75,14.900647247744782,-0.00016321475310832718,1,3,1322.7315000003728,5290.926000001491,0.25,5,1.25,Vanilla MPC,36
False,INFEASIBLE_MID,,0.5,17.122128073263788,-0.0005473138323633924,1,2,284.6746333379997,854.0239000139991,0.25,5,1.25,Vanilla MPC,37
True,REACHED,1.25,1.25,29.884749394062617,1.8712798980322495e-05,0,5,170.63877999898978,853.1938999949489,0.25,5,1.25,Vanilla MPC,38
True,REACHED,0.5,0.5,7.81403064244426,5.3931890088707375,0,2,86.20884999254486,172.4176999850897,0.25,5,1.25,Vanilla MPC,39
False,INFEASIBLE_MID,,0.75,21.606502494141264,-0.0005995897248816657,1,3,1369.9306750022515,5479.722700009006,0.25,5,1.25,Vanilla MPC,40
False,INFEASIBLE_MID,,0.75,16.121477269351665,-0.0006390633267910015,1,3,1156.7895999978646,4627.158399991458,0.25,5,1.25,Vanilla MPC,41
True,REACHED,0.75,0.75,11.220811456433141,4.486437843643157,0,3,77.66130000042419,232.98390000127256,0.25,5,1.25,Vanilla MPC,42
True,REACHED,1.0,1.0,20.117514874225158,8.176989190234272e-05,0,4,120.81262500214507,483.2505000085803,0.25,5,1.25,Vanilla MPC,43
True,REACHED,1.0,1.0,18.440195657626624,2.673384005496052,0,4,90.36722500241012,361.4689000096405,0.25,5,1.25,Vanilla MPC,44
True,REACHED,0.75,0.75,14.208258039294464,2.2650174302939297,0,3,98.88903333436853,296.6671000031056,0.25,5,1.25,Vanilla MPC,45
True,REACHED,0.25,0.25,5.710361597572769,6.423269668304864,0,1,134.49310000578407,134.49310000578407,0.25,5,1.25,Vanilla MPC,46
False,INFEASIBLE_MID,,0.75,15.822497227833459,-2.656793892168185e-05,1,3,1123.9911500015296,4495.964600006118,0.25,5,1.25,Vanilla MPC,47
True,REACHED,0.75,0.75,18.59026102612595,4.585930707835337,0,3,148.7667000037618,446.3001000112854,0.25,5,1.25,Vanilla MPC,48
False,INFEASIBLE_MID,,0.75,16.669815114511,-7.47027670666351e-05,1,3,234.08042499795556,936.3216999918222,0.25,5,1.25,Vanilla MPC,49
True,REACHED,0.75,0.75,11.456343240319484,9.61575911213007,0,3,105.43070000130683,316.2921000039205,0.25,5,1.25,Vanilla MPC,50
True,REACHED,0.75,0.75,11.333287942444992,2.644177676083895,0,3,108.11026667458161,324.3308000237448,0.25,5,1.25,Vanilla MPC,51
False,INFEASIBLE_MID,,0.5,19.319739428107603,-0.0007861885167735118,1,2,1873.6281999978626,5620.8845999935875,0.25,5,1.25,Vanilla MPC,52
False,INFEASIBLE_MID,,0.5,20.846452441252175,-0.016580132721222867,1,2,361.2877666697993,1083.8633000093978,0.25,5,1.25,Vanilla MPC,53
True,REACHED,1.25,1.25,32.61629744406955,3.900250894587942e-06,0,5,216.22571999614593,1081.1285999807296,0.25,5,1.25,Vanilla MPC,54
True,REACHED,1.0,1.0,17.694080830856223,2.7383605468799663,0,4,126.05867499951273,504.2346999980509,0.25,5,1.25,Vanilla MPC,55
True,REACHED,1.5,1.5,48.22194903960121,0.00010593577544498537,0,6,170.15021666884422,1020.9013000130653,0.25,5,1.25,Vanilla MPC,56
False,INFEASIBLE_MID,,1.0,32.11755766394305,-0.00010505914724766389,1,4,1371.8167000013636,6859.083500006818,0.25,5,1.25,Vanilla MPC,57
True,REACHED,1.5,1.5,42.08453223359785,1.7217832302004502e-05,0,6,176.57261666803,1059.43570000818,0.25,5,1.25,Vanilla MPC,58
True,REACHED,1.25,1.25,34.25502876539356,2.2772412023653317,0,5,129.71251999842934,648.5625999921467,0.25,5,1.25,Vanilla MPC,59
True,REACHED,0.75,0.75,14.886437622762989,3.702072273888953,0,3,129.19560000591446,387.58680001774337,0.25,5,1.25,Vanilla MPC,60
True,REACHED,1.25,1.25,31.907182010467977,1.995640683753485e-05,0,5,222.6012399973115,1113.0061999865575,0.25,5,1.25,Vanilla MPC,61
False,INFEASIBLE_MID,,0.5,19.4866737181962,-0.001293232798821804,1,2,1882.8864999959478,5648.659499987843,0.25,5,1.25,Vanilla MPC,62
False,INFEASIBLE_STEP1,,0.0,0.0,2.699796154485192,1,0,4201.011700002709,4201.011700002709,0.25,5,1.25,Vanilla MPC,63
True,REACHED,0.75,0.75,16.675292334632182,1.4313910014244131,0,3,108.21489999943879,324.64469999831636,0.25,5,1.25,Vanilla MPC,64
True,REACHED,1.5,1.5,47.75558077688493,1.205575434093346e-05,0,6,162.99976666778093,977.9986000066856,0.25,5,1.25,Vanilla MPC,65
True,REACHED,1.0,1.0,25.538603565220267,2.132609793684347,0,4,140.49315000374918,561.9726000149967,0.25,5,1.25,Vanilla MPC,66
True,REACHED,1.5,1.5,46.299337899181644,0.0003414626810106014,0,6,181.14390000361405,1086.8634000216844,0.25,5,1.25,Vanilla MPC,67
False,INFEASIBLE_STEP1,,0.0,0.0,3.791573024661823,1,0,4076.3595000025816,4076.3595000025816,0.25,5,1.25,Vanilla MPC,68
False,INFEASIBLE_MID,,0.25,6.355837934275173,-0.002889155419683596,1,1,2386.8372999932035,4773.674599986407,0.25,5,1.25,Vanilla MPC,69
False,INFEASIBLE_MID,,0.5,12.599507659208113,-2.1533124202653068e-05,1,2,2017.1367000002647,6051.410100000794,0.25,5,1.25,Vanilla MPC,70
False,INFEASIBLE_MID,,0.5,14.793358378320036,-0.001662759864910758,1,2,493.1852000008803,1479.5556000026409,0.25,5,1.25,Vanilla MPC,71
False,INFEASIBLE_MID,,0.25,7.821680173964794,-0.0011437932672742092,1,1,1644.9330500036012,3289.8661000072025,0.25,5,1.25,Vanilla MPC,72
True,REACHED,0.5,0.5,4.932873273708043,1.5895489054684828,0,2,75.45889999892097,150.91779999784194,0.25,5,1.25,Vanilla MPC,73
False,INFEASIBLE_STEP1,,0.0,0.0,4.344789744581988,1,0,1176.838699990185,1176.838699990185,0.25,5,1.25,Vanilla MPC,74
False,INFEASIBLE_STEP1,,0.0,0.0,6.522670699606722,1,0,511.95499999448657,511.95499999448657,0.25,5,1.25,Vanilla MPC,75
True,REACHED,0.75,0.75,14.889474611590273,3.730293097321679,0,3,89.38130000024103,268.1439000007231,0.25,5,1.25,Vanilla MPC,76
False,INFEASIBLE_STEP1,,0.0,0.0,6.827368395882451,1,0,472.0766999962507,472.0766999962507,0.25,5,1.25,Vanilla MPC,77
False,INFEASIBLE_STEP1,,0.0,0.0,2.8799361786345186,1,0,336.5256999968551,336.5256999968551,0.25,5,1.25,Vanilla MPC,78
True,REACHED,0.75,0.75,15.139624982759294,0.0014415079315222546,0,3,83.59613333595917,250.7884000078775,0.25,5,1.25,Vanilla MPC,79
False,INFEASIBLE_MID,,1.0,32.86127977821371,-0.00012352485615190083,1,4,649.0561599988723,3245.2807999943616,0.25,5,1.25,Vanilla MPC,80
True,REACHED,0.75,0.75,16.38484554134093,3.0268602495980407e-06,0,3,166.53689999657217,499.6106999897165,0.25,5,1.25,Vanilla MPC,81
False,INFEASIBLE_MID,,0.5,17.46130362040547,-0.0009314497381138387,1,2,1759.5744333326973,5278.7232999980915,0.25,5,1.25,Vanilla MPC,82
False,INFEASIBLE_MID,,0.75,22.513736366169322,-0.003988943054282671,1,3,240.30562499319785,961.2224999727914,0.25,5,1.25,Vanilla MPC,83
True,REACHED,0.5,0.5,7.38125916472351,5.69172271149183,0,2,129.48640000104206,258.9728000020841,0.25,5,1.25,Vanilla MPC,84
False,INFEASIBLE_STEP1,,0.0,0.0,8.496681644949996,1,0,1365.831300005084,1365.831300005084,0.25,5,1.25,Vanilla MPC,85
False,INFEASIBLE_STEP1,,0.0,0.0,4.8990057720047595,1,0,852.6488000061363,852.6488000061363,0.25,5,1.25,Vanilla MPC,86
True,REACHED,1.0,1.0,22.83052340751028,1.6567935166465568,0,4,107.73999999946682,430.95999999786727,0.25,5,1.25,Vanilla MPC,87
False,INFEASIBLE_MID,,0.75,18.846874472981682,-6.715171499509347e-05,1,3,1685.6419750038185,6742.567900015274,0.25,5,1.25,Vanilla MPC,88
False,INFEASIBLE_MID,,1.0,31.59081081780887,-0.007279475222582797,1,4,154.56997999863233,772.8498999931617,0.25,5,1.25,Vanilla MPC,89
True,REACHED,1.0,1.0,27.33910285039743,0.04535616056863817,0,4,97.00737500315881,388.02950001263525,0.25,5,1.25,Vanilla MPC,90
False,INFEASIBLE_MID,,0.5,16.25638620560704,-0.0018799716497969515,1,2,506.68139999227907,1520.0441999768373,0.25,5,1.25,Vanilla MPC,91
False,INFEASIBLE_MID,,0.5,18.172759435821234,-0.00917571054974796,1,2,271.12806666991673,813.3842000097502,0.25,5,1.25,Vanilla MPC,92
True,REACHED,1.0,1.0,16.803695680726257,3.8444836244120195e-05,0,4,127.92042500223033,511.6817000089213,0.25,5,1.25,Vanilla MPC,93
False,INFEASIBLE_MID,,0.5,13.760794149551689,-0.00026725309061255295,1,2,353.0695666607547,1059.208699982264,0.25,5,1.25,Vanilla MPC,94
False,INFEASIBLE_MID,,0.75,15.949502391231364,-1.3472244634438123e-05,1,3,1663.930225000513,6655.720900002052,0.25,5,1.25,Vanilla MPC,95
False,INFEASIBLE_STEP1,,0.0,0.0,6.528767247716423,1,0,859.7625000111293,859.7625000111293,0.25,5,1.25,Vanilla MPC,96
True,REACHED,1.5,1.5,47.73382781932159,0.00010493647653667145,0,6,175.10956666228594,1050.6573999737157,0.25,5,1.25,Vanilla MPC,97
False,INFEASIBLE_STEP1,,0.0,0.0,6.452721267129129,1,0,1441.5806000033626,1441.5806000033626,0.25,5,1.25,Vanilla MPC,98
True,REACHED,0.5,0.5,9.810816171055224,7.620092577108419,0,2,82.03314999991562,164.06629999983124,0.25,5,1.25,Vanilla MPC,99
True,REACHED,1.0,1.0,27.996552580968864,0.031154009711175948,0,4,118.52954999631038,474.1181999852415,0.25,5,1.25,Vanilla MPC,100
False,INFEASIBLE_STEP1,,0.0,0.0,1.4566787727302752,1,0,2053.0306000000564,2053.0306000000564,0.25,5,1.25,Vanilla MPC,101
False,INFEASIBLE_MID,,0.75,18.53614033794709,-1.3940111585886158e-05,1,3,1616.7555500032904,6467.022200013162,0.25,5,1.25,Vanilla MPC,102
False,INFEASIBLE_MID,,0.75,23.98845537367776,-0.004066330131781167,1,3,303.5291500018502,1214.1166000074008,0.25,5,1.25,Vanilla MPC,103
False,INFEASIBLE_STEP1,,0.0,0.0,6.940431112247124,1,0,5801.967200008221,5801.967200008221,0.25,5,1.25,Vanilla MPC,104
False,INFEASIBLE_MID,,1.0,20.13620041496169,-0.00025463885383113867,1,4,664.3841800017981,3321.9209000089904,0.25,5,1.25,Vanilla MPC,105
False,INFEASIBLE_MID,,0.75,23.76794866757802,-0.0025408459276265354,1,3,1511.9798249979794,6047.919299991918,0.25,5,1.25,Vanilla MPC,106
False,INFEASIBLE_MID,,0.5,12.756178207464933,-4.439222234105466e-05,1,2,242.6077999989502,727.8233999968506,0.25,5,1.25,Vanilla MPC,107
True,REACHED,1.25,1.25,31.80337456997507,7.246299982046864e-06,0,5,143.21465999819338,716.0732999909669,0.25,5,1.25,Vanilla MPC,108
True,REACHED,0.75,0.75,9.889654689795842,4.108879722631255,0,3,78.99410000148539,236.9823000044562,0.25,5,1.25,Vanilla MPC,109
False,INFEASIBLE_STEP1,,0.0,0.0,4.248083640405753,1,0,997.2229999984847,997.2229999984847,0.25,5,1.25,Vanilla MPC,110
False,INFEASIBLE_STEP1,,0.0,0.0,7.590778356202586,1,0,606.4769999939017,606.4769999939017,0.25,5,1.25,Vanilla MPC,111
False,INFEASIBLE_MID,,0.5,14.802735218010794,-0.0003749564818759532,1,2,1017.0586666693756,3051.1760000081267,0.25,5,1.25,Vanilla MPC,112
True,REACHED,0.5,0.5,9.855751921725709,0.051833400016759054,0,2,71.46019999345299,142.92039998690598,0.25,5,1.25,Vanilla MPC,113
True,REACHED,1.5,1.5,49.92338471264852,4.924757338952804e-05,0,6,226.77760000321237,1360.6656000192743,0.25,5,1.25,Vanilla MPC,114
False,INFEASIBLE_MID,,0.5,16.20640918202951,-0.00040539121517569693,1,2,389.5570333309782,1168.6710999929346,0.25,5,1.25,Vanilla MPC,115
False,INFEASIBLE_MID,,0.75,31.65674650696137,-0.0048943238203891255,1,3,374.9214249983197,1499.6856999932788,0.25,5,1.25,Vanilla MPC,116
False,INFEASIBLE_MID,,1.0,21.886322663878644,-8.958346716577332e-05,1,4,983.7506800045958,4918.753400022979,0.25,5,1.25,Vanilla MPC,117
False,INFEASIBLE_MID,,0.75,31.325182616962678,-0.014095378074014208,1,3,196.92764999854262,787.7105999941705,0.25,5,1.25,Vanilla MPC,118
False,INFEASIBLE_MID,,0.5,12.840348693053762,-6.337846898502543e-05,1,2,1357.050933331872,4071.152799995616,0.25,5,1.25,Vanilla MPC,119
False,INFEASIBLE_MID,,0.75,18.191102633465515,-0.00010096540421889285,1,3,403.21380000023055,1612.8552000009222,0.25,5,1.25,Vanilla MPC,120
True,REACHED,0.5,0.5,7.238468801074257,0.31732133938940155,0,2,104.76244999881601,209.52489999763202,0.25,5,1.25,Vanilla MPC,121
False,INFEASIBLE_STEP1,,0.0,0.0,9.595733327511628,1,0,1210.8021000021836,1210.8021000021836,0.25,5,1.25,Vanilla MPC,122
False,INFEASIBLE_STEP1,,0.0,0.0,6.575919605703361,1,0,907.2461999894585,907.2461999894585,0.25,5,1.25,Vanilla MPC,123
False,INFEASIBLE_MID,,0.5,13.930868621988374,-0.0005836310345010777,1,2,627.6779999995293,1883.0339999985881,0.25,5,1.25,Vanilla MPC,124
False,INFEASIBLE_MID,,0.5,13.459051755033002,-0.00011745451969862187,1,2,710.1689999981318,2130.5069999943953,0.25,5,1.25,Vanilla MPC,125
False,INFEASIBLE_STEP1,,0.0,0.0,4.364662325160291,1,0,784.3905999907292,784.3905999907292,0.25,5,1.25,Vanilla MPC,126
False,INFEASIBLE_MID,,1.0,20.596731606399313,-0.0006127110030590859,1,4,382.2394600021653,1911.1973000108264,0.25,5,1.25,Vanilla MPC,127
False,INFEASIBLE_STEP1,,0.0,0.0,5.096699190658456,1,0,1000.7190999895101,1000.7190999895101,0.25,5,1.25,Vanilla MPC,128
True,REACHED,1.25,1.25,37.18960843620024,0.034143466051102786,0,5,194.59341999900062,972.9670999950031,0.25,5,1.25,Vanilla MPC,129
True,REACHED,0.75,0.75,16.47107854227807,0.7993345610283964,0,3,157.95259999867994,473.85779999603983,0.25,5,1.25,Vanilla MPC,130
False,INFEASIBLE_MID,,1.0,20.011763283607454,-0.0004077129268295191,1,4,190.27705999906175,951.3852999953087,0.25,5,1.25,Vanilla MPC,131
True,REACHED,1.0,1.0,14.72939622040926,7.165944346183674,0,4,91.49327499471838,365.9730999788735,0.25,5,1.25,Vanilla MPC,132
False,INFEASIBLE_STEP1,,0.0,0.0,1.5099668114241063,1,0,614.5299000054365,614.5299000054365,0.25,5,1.25,Vanilla MPC,133
True,REACHED,1.0,1.0,16.03162082022767,0.8924260237007889,0,4,81.1930250019941,324.7721000079764,0.25,5,1.25,Vanilla MPC,134
True,REACHED,0.75,0.75,11.056854349319256,7.143768633900984,0,3,91.6609333313924,274.9827999941772,0.25,5,1.25,Vanilla MPC,135
False,INFEASIBLE_MID,,0.5,11.487665750204128,-2.014652067347319e-05,1,2,1000.0121333335604,3000.036400000681,0.25,5,1.25,Vanilla MPC,136
False,INFEASIBLE_MID,,0.75,16.997914932103924,-3.7851899747665466e-05,1,3,891.832825000165,3567.33130000066,0.25,5,1.25,Vanilla MPC,137
False,INFEASIBLE_MID,,0.5,13.451962562894058,-6.17699046695457e-05,1,2,1042.1063333342317,3126.3190000026952,0.25,5,1.25,Vanilla MPC,138
True,REACHED,0.75,0.75,11.389133027563828,5.205687850445236,0,3,40.43879999759762,121.31639999279287,0.25,5,1.25,Vanilla MPC,139
False,INFEASIBLE_STEP1,,0.0,0.0,4.298763991527994,1,0,491.4455999969505,491.4455999969505,0.25,5,1.25,Vanilla MPC,140
True,REACHED,0.75,0.75,15.254686490404449,9.082336068303885,0,3,48.67319999902975,146.01959999708924,0.25,5,1.25,Vanilla MPC,141
True,REACHED,0.75,0.75,14.945112221805532,2.1504096025558637,0,3,65.68703332838292,197.06109998514876,0.25,5,1.25,Vanilla MPC,142
False,INFEASIBLE_MID,,0.75,15.061800057516047,-0.0006721106245861716,1,3,280.95145000042976,1123.805800001719,0.25,5,1.25,Vanilla MPC,143
True,REACHED,0.5,0.5,9.347165807937012,1.2947264729779853,0,2,51.36130000028061,102.72260000056121,0.25,5,1.25,Vanilla MPC,144
True,REACHED,0.75,0.75,10.591791454501307,1.4342845635674835,0,3,58.997299997524046,176.99189999257214,0.25,5,1.25,Vanilla MPC,145
True,REACHED,1.25,1.25,33.30912667365039,1.1660450510955139e-05,0,5,150.93937999918126,754.6968999959063,0.25,5,1.25,Vanilla MPC,146
False,INFEASIBLE_MID,,0.75,14.020246100499211,-0.0003124715008451343,1,3,530.0827499995648,2120.3309999982594,0.25,5,1.25,Vanilla MPC,147
True,REACHED,0.75,0.75,22.651708892348037,9.040578582588326,0,3,84.67246667229726,254.01740001689177,0.25,5,1.25,Vanilla MPC,148
True,REACHED,1.25,1.25,24.055245245357963,2.780856151484451e-05,0,5,180.93341999629047,904.6670999814523,0.25,5,1.25,Vanilla MPC,149
True,REACHED,1.5,1.5,37.49956803835634,1.679023484214347e-05,0,6,172.3389833374919,1034.0339000249514,0.25,5,1.25,Vanilla MPC,150
False,INFEASIBLE_MID,,0.75,19.5034749794797,-0.0003289022592995083,1,3,536.7648499959614,2147.0593999838457,0.25,5,1.25,Vanilla MPC,151
False,INFEASIBLE_MID,,0.5,17.199654258160844,-0.011996465420875967,1,2,429.2748999966231,1287.8246999898693,0.25,5,1.25,Vanilla MPC,152
False,INFEASIBLE_STEP1,,0.0,0.0,3.2822368686570544,1,0,980.016000001342,980.016000001342,0.25,5,1.25,Vanilla MPC,153
False,INFEASIBLE_MID,,0.5,14.891296388897313,-0.0009175869935764487,1,2,757.0242000025852,2271.0726000077557,0.25,5,1.25,Vanilla MPC,154
True,REACHED,1.0,1.0,28.667949034798283,0.5260155931682712,0,4,159.75719999914872,639.0287999965949,0.25,5,1.25,Vanilla MPC,155
False,INFEASIBLE_MID,,0.5,16.328683838649894,-0.0012159506778100474,1,2,411.8698666667721,1235.6096000003163,0.25,5,1.25,Vanilla MPC,156
False,INFEASIBLE_MID,,0.5,17.931426626645624,-0.004115614124592125,1,2,209.08430000417866,627.252900012536,0.25,5,1.25,Vanilla MPC,157
False,INFEASIBLE_STEP1,,0.0,0.0,7.8393807299202,1,0,714.6765999932541,714.6765999932541,0.25,5,1.25,Vanilla MPC,158
False,INFEASIBLE_STEP1,,0.0,0.0,4.913651150565764,1,0,604.9146000004839,604.9146000004839,0.25,5,1.25,Vanilla MPC,159
True,REACHED,1.0,1.0,16.11046103429184,0.990079253650659,0,4,146.30829999805428,585.2331999922171,0.25,5,1.25,Vanilla MPC,160
True,REACHED,0.75,0.75,14.763470436963052,0.08218933297026466,0,3,160.64923333760817,481.9477000128245,0.25,5,1.25,Vanilla MPC,161
True,REACHED,0.75,0.75,18.94447159133548,0.01668975882313429,0,3,111.83310000342317,335.4993000102695,0.25,5,1.25,Vanilla MPC,162
True,REACHED,0.75,0.75,13.018797825170635,0.026027267389846634,0,3,93.44920000391237,280.3476000117371,0.25,5,1.25,Vanilla MPC,163
False,INFEASIBLE_MID,,0.5,15.015768701317745,-8.804255955939584e-05,1,2,472.7009666627661,1418.1028999882983,0.25,5,1.25,Vanilla MPC,164
True,REACHED,0.75,0.75,11.839556341249637,5.297682017089935,0,3,80.90933333248056,242.72799999744166,0.25,5,1.25,Vanilla MPC,165
False,INFEASIBLE_MID,,1.0,22.135855597502623,-3.0298532006686897e-05,1,4,415.3202000044985,2076.6010000224924,0.25,5,1.25,Vanilla MPC,166
True,REACHED,1.5,1.5,49.27174080640574,5.0901916941523015e-05,0,6,111.95545000373386,671.7327000224032,0.25,5,1.25,Vanilla MPC,167
True,REACHED,0.75,0.75,16.878447459867516,8.199637533970236,0,3,40.14656666549854,120.43969999649562,0.25,5,1.25,Vanilla MPC,168
False,INFEASIBLE_STEP1,,0.0,0.0,6.388879845962428,1,0,524.0671000065049,524.0671000065049,0.25,5,1.25,Vanilla MPC,169
False,INFEASIBLE_MID,,0.5,10.726032329608335,-4.1565392530265154e-05,1,2,719.6597999961037,2158.9793999883113,0.25,5,1.25,Vanilla MPC,170
False,INFEASIBLE_MID,,0.75,18.747487497200062,-0.00046327863742655676,1,3,150.0296249942039,600.1184999768157,0.25,5,1.25,Vanilla MPC,171
False,INFEASIBLE_STEP1,,0.0,0.0,0.7076548625108998,1,0,297.58339999534655,297.58339999534655,0.25,5,1.25,Vanilla MPC,172
True,REACHED,0.75,0.75,16.121001039892864,0.02136625826832911,0,3,64.71779999750045,194.15339999250136,0.25,5,1.25,Vanilla MPC,173
True,REACHED,1.5,1.5,48.98358148908562,1.5729289099989602e-05,0,6,118.95681666889384,713.740900013363,0.25,5,1.25,Vanilla MPC,174
True,REACHED,1.0,1.0,19.445216759075922,8.776894660617981e-06,0,4,92.54339999824879,370.17359999299515,0.25,5,1.25,Vanilla MPC,175
False,INFEASIBLE_MID,,0.5,18.705509386211332,-6.716038871329615e-07,1,2,296.3121999976768,888.9365999930305,0.25,5,1.25,Vanilla MPC,176
False,INFEASIBLE_MID,,0.5,17.30695684191332,-0.004790558056405969,1,2,173.93600000650622,521.8080000195187,0.25,5,1.25,Vanilla MPC,177
True,REACHED,0.75,0.75,16.044675975424834,0.6911344229351726,0,3,70.58196666669876,211.7459000000963,0.25,5,1.25,Vanilla MPC,178
False,INFEASIBLE_STEP1,,0.0,0.0,8.61093265353116,1,0,276.7605000117328,276.7605000117328,0.25,5,1.25,Vanilla MPC,179
True,REACHED,1.25,1.25,35.49449030220476,3.1699864907531855e-05,0,5,96.49612000212073,482.48060001060367,0.25,5,1.25,Vanilla MPC,180
False,INFEASIBLE_MID,,0.75,14.073014414310364,-0.0001650222692560811,1,3,695.5844000040088,2782.337600016035,0.25,5,1.25,Vanilla MPC,181
True,REACHED,1.0,1.0,18.10065462178204,0.00011864243999395977,0,4,106.39292500491138,425.5717000196455,0.25,5,1.25,Vanilla MPC,182
False,INFEASIBLE_MID,,0.5,12.299746512366731,-6.320985988776964e-05,1,2,1032.1738000008434,3096.52140000253,0.25,5,1.25,Vanilla MPC,183
False,INFEASIBLE_STEP1,,0.0,0.0,9.645541436296318,1,0,427.23970000224654,427.23970000224654,0.25,5,1.25,Vanilla MPC,184
False,INFEASIBLE_MID,,0.75,15.212378081766214,-2.894406903520513e-05,1,3,874.8561249994964,3499.4244999979855,0.25,5,1.25,Vanilla MPC,185
True,REACHED,1.0,1.0,18.60075688470475,1.4561264827134902e-05,0,4,99.29252499932772,397.1700999973109,0.25,5,1.25,Vanilla MPC,186
True,REACHED,0.75,0.75,10.410775791141017,9.491748731727487,0,3,61.351799997889124,184.05539999366738,0.25,5,1.25,Vanilla MPC,187
True,REACHED,0.5,0.5,7.0228142056060054,5.153324534201338,0,2,77.31084999977611,154.62169999955222,0.25,5,1.25,Vanilla MPC,188
True,REACHED,0.75,0.75,13.941287779127732,9.447046495310623,0,3,47.386466671014205,142.1594000130426,0.25,5,1.25,Vanilla MPC,189
True,REACHED,1.25,1.25,29.8655397357194,6.682670074392256e-06,0,5,115.76300000597257,578.8150000298629,0.25,5,1.25,Vanilla MPC,190
True,REACHED,0.5,0.5,9.675266979212438,3.4334403272464926,0,2,52.87239999597659,105.74479999195319,0.25,5,1.25,Vanilla MPC,191
True,REACHED,0.5,0.5,9.441122748446034,9.621461613310707,0,2,64.47184999706224,128.94369999412447,0.25,5,1.25,Vanilla MPC,192
False,INFEASIBLE_MID,,0.75,15.19756857255923,-0.00024770959980125373,1,3,600.2741000083915,2401.096400033566,0.25,5,1.25,Vanilla MPC,193
False,INFEASIBLE_MID,,1.0,21.37066409180158,-0.0003173463139765422,1,4,217.908660005196,1089.54330002598,0.25,5,1.25,Vanilla MPC,194
False,INFEASIBLE_MID,,0.5,13.046271075087517,-0.000461090025971632,1,2,298.2692333316663,894.807699994999,0.25,5,1.25,Vanilla MPC,195
False,INFEASIBLE_MID,,0.75,20.26087970000964,-0.0008893337229416701,1,3,243.0908000060299,972.3632000241196,0.25,5,1.25,Vanilla MPC,196
True,REACHED,1.0,1.0,24.9246914025472,0.00013822117029652263,0,4,120.02045000190265,480.0818000076106,0.25,5,1.25,Vanilla MPC,197
True,REACHED,0.5,0.5,6.767737370890323,4.614632239805004,0,2,77.0137500076089,154.0275000152178,0.25,5,1.25,Vanilla MPC,198
False,INFEASIBLE_MID,,0.5,12.78235474581016,-0.00026188509384312777,1,2,292.50306666169007,877.5091999850702,0.25,5,1.25,Vanilla MPC,199
False,INFEASIBLE_STEP1,,0.0,0.0,6.893446252044973,1,0,2294.919400010258,2294.919400010258,0.25,5,1.25,Vanilla MPC,200
False,INFEASIBLE_MID,,0.75,25.820181977002683,-0.001448404923499015,1,3,232.47054999956163,929.8821999982465,0.25,5,1.25,Vanilla MPC,201
True,REACHED,0.5,0.5,8.305867955862794,3.51586007330208,0,2,94.16095000779023,188.32190001558047,0.25,5,1.25,Vanilla MPC,202
True,REACHED,0.75,0.75,14.522728888249206,3.016245363295978,0,3,118.22730000130832,354.68190000392497,0.25,5,1.25,Vanilla MPC,203
True,REACHED,0.25,0.25,6.942881867292449,4.904673199184427,0,1,159.60899999481626,159.60899999481626,0.25,5,1.25,Vanilla MPC,204
False,INFEASIBLE_MID,,0.75,20.966326717506973,-3.1762306513175686e-05,1,3,967.053450000094,3868.213800000376,0.25,5,1.25,Vanilla MPC,205
True,REACHED,1.0,1.0,18.22797300442498,1.7596335737323077e-05,0,4,150.31934999569785,601.2773999827914,0.25,5,1.25,Vanilla MPC,206
True,REACHED,1.0,1.0,21.863435045601467,0.2263841053357002,0,4,197.3200500033272,789.2802000133088,0.25,5,1.25,Vanilla MPC,207
False,INFEASIBLE_STEP1,,0.0,0.0,2.1792405646321242,1,0,546.9942000054289,546.9942000054289,0.25,5,1.25,Vanilla MPC,208
True,REACHED,0.75,0.75,14.734577861900538,4.727062805647432,0,3,92.7420333318878,278.2260999956634,0.25,5,1.25,Vanilla MPC,209
False,INFEASIBLE_STEP1,,0.0,0.0,6.051647726179743,1,0,909.1950000001816,909.1950000001816,0.25,5,1.25,Vanilla MPC,210
True,REACHED,1.5,1.5,49.44905131773896,1.0195179812771906e-05,0,6,218.60673333382388,1311.6404000029434,0.25,5,1.25,Vanilla MPC,211
False,INFEASIBLE_MID,,0.5,22.265185831558593,-0.012992391840059948,1,2,371.4704666635953,1114.4113999907859,0.25,5,1.25,Vanilla MPC,212
True,REACHED,1.5,1.5,50.580719361552724,1.293544638274119e-05,0,6,207.16015000167923,1242.9609000100754,0.25,5,1.25,Vanilla MPC,213
True,REACHED,1.0,1.0,14.982160259701965,9.279893371885215,0,4,76.28745000329218,305.1498000131687,0.25,5,1.25,Vanilla MPC,214
False,INFEASIBLE_MID,,1.0,25.35567118486837,-0.0013933036212328243,1,4,669.9316999991424,3349.658499995712,0.25,5,1.25,Vanilla MPC,215
False,INFEASIBLE_MID,,0.75,23.84772685527337,-0.000127032747696896,1,3,918.268449997413,3673.073799989652,0.25,5,1.25,Vanilla MPC,216
True,REACHED,1.0,1.0,22.444493893669126,6.22918872634397e-06,0,4,129.90232500669663,519.6093000267865,0.25,5,1.25,Vanilla MPC,217
False,INFEASIBLE_MID,,0.5,15.439211629172075,-0.006243864969948344,1,2,358.3757666686627,1075.1273000059882,0.25,5,1.25,Vanilla MPC,218
False,INFEASIBLE_STEP1,,0.0,0.0,8.958394422107974,1,0,589.5452999975532,589.5452999975532,0.25,5,1.25,Vanilla MPC,219
False,INFEASIBLE_STEP1,,0.0,0.0,5.032182301587035,1,0,1158.7398999981815,1158.7398999981815,0.25,5,1.25,Vanilla MPC,220
True,REACHED,0.75,0.75,14.153577622106258,6.999194143132316,0,3,64.03933333058376,192.11799999175128,0.25,5,1.25,Vanilla MPC,221
False,INFEASIBLE_STEP1,,0.0,0.0,6.677939416749844,1,0,1096.8307000002824,1096.8307000002824,0.25,5,1.25,Vanilla MPC,222
True,REACHED,0.75,0.75,16.957450007357224,2.1537613203537513,0,3,97.5627999966188,292.6883999898564,0.25,5,1.25,Vanilla MPC,223
False,INFEASIBLE_STEP1,,0.0,0.0,7.35160282225229,1,0,1350.3744000045117,1350.3744000045117,0.25,5,1.25,Vanilla MPC,224
False,INFEASIBLE_STEP1,,0.0,0.0,8.978215246183318,1,0,1709.4875000038883,1709.4875000038883,0.25,5,1.25,Vanilla MPC,225
False,INFEASIBLE_MID,,0.25,6.81248255719,-0.004956070925724922,1,1,394.4627000018954,788.9254000037909,0.25,5,1.25,Vanilla MPC,226
False,INFEASIBLE_MID,,1.0,20.730605733838132,-0.00012336543004831706,1,4,364.017319996492,1820.08659998246,0.25,5,1.25,Vanilla MPC,227
False,INFEASIBLE_STEP1,,0.0,0.0,1.303860872397864,1,0,729.9485999974422,729.9485999974422,0.25,5,1.25,Vanilla MPC,228
True,REACHED,1.0,1.0,17.110251563138434,7.0959929209468875,0,4,157.39812500032713,629.5925000013085,0.25,5,1.25,Vanilla MPC,229
False,INFEASIBLE_MID,,1.0,29.7836744002788,-0.0064097578039777085,1,4,182.10972000088077,910.5486000044039,0.25,5,1.25,Vanilla MPC,230
True,REACHED,1.0,1.0,23.44827593958407,4.668319345632129e-05,0,4,133.18232499659644,532.7292999863857,0.25,5,1.25,Vanilla MPC,231
False,INFEASIBLE_MID,,1.0,32.336392486706046,-0.00013336341291574446,1,4,395.83077999704983,1979.1538999852492,0.25,5,1.25,Vanilla MPC,232
False,INFEASIBLE_STEP1,,0.0,0.0,9.366790261299789,1,0,1070.5402000021422,1070.5402000021422,0.25,5,1.25,Vanilla MPC,233
True,REACHED,1.0,1.0,14.256564515493483,7.168716776926798,0,4,97.68875000008848,390.7550000003539,0.25,5,1.25,Vanilla MPC,234
False,INFEASIBLE_STEP1,,0.0,0.0,1.5848291803492158,1,0,870.9681999898748,870.9681999898748,0.25,5,1.25,Vanilla MPC,235
False,INFEASIBLE_STEP1,,0.0,0.0,2.1057886397438605,1,0,644.4637999957195,644.4637999957195,0.25,5,1.25,Vanilla MPC,236
False,INFEASIBLE_STEP1,,0.0,0.0,6.132765677270687,1,0,649.267000000691,649.267000000691,0.25,5,1.25,Vanilla MPC,237
True,REACHED,1.5,1.5,47.919062527318125,2.93146153982918e-05,0,6,130.61428333215494,783.6856999929296,0.25,5,1.25,Vanilla MPC,238
False,INFEASIBLE_MID,,0.75,17.456232455745212,-0.00030390600544323647,1,3,174.20245000175782,696.8098000070313,0.25,5,1.25,Vanilla MPC,239
True,REACHED,1.0,1.0,26.51323268450301,1.5641689718084845e-05,0,4,111.49215000114054,445.9686000045622,0.25,5,1.25,Vanilla MPC,240
True,REACHED,0.5,0.5,7.544672072639746,4.380783239683111,0,2,64.70154999988154,129.40309999976307,0.25,5,1.25,Vanilla MPC,241
False,INFEASIBLE_MID,,0.75,18.959502218520317,-4.375402901192075e-05,1,3,1095.824949996313,4383.299799985252,0.25,5,1.25,Vanilla MPC,242
False,INFEASIBLE_MID,,0.75,16.822895834606314,-3.937768275273544e-06,1,3,389.1624749994662,1556.6498999978648,0.25,5,1.25,Vanilla MPC,243
False,INFEASIBLE_MID,,0.75,18.73422010725951,-0.000580686703597145,1,3,161.2138499986031,644.8553999944124,0.25,5,1.25,Vanilla MPC,244
True,REACHED,1.5,1.5,50.7972664722238,1.3584053784065411e-05,0,6,125.10469999688212,750.6281999812927,0.25,5,1.25,Vanilla MPC,245
True,REACHED,0.25,0.25,5.3127309387489525,2.1545505537740537,0,1,91.9319000095129,91.9319000095129,0.25,5,1.25,Vanilla MPC,246
False,INFEASIBLE_STEP1,,0.0,0.0,1.5470508228239142,1,0,258.4255999972811,258.4255999972811,0.25,5,1.25,Vanilla MPC,247
False,INFEASIBLE_MID,,0.75,18.890345729203812,-0.00017786381046196558,1,3,518.5635000016191,2074.2540000064764,0.25,5,1.25,Vanilla MPC,248
True,REACHED,0.5,0.5,6.517593117786851,1.0794541166781486,0,2,38.628100002824795,77.25620000564959,0.25,5,1.25,Vanilla MPC,249
True,REACHED,0.5,0.5,9.009046637034299,3.148460682760884,0,2,43.0759999944712,86.1519999889424,0.25,5,1.25,Vanilla MPC,250
False,INFEASIBLE_MID,,0.5,12.84286861755507,-0.00016734723186243174,1,2,2138.0925999983447,6414.277799995034,0.25,5,1.25,Vanilla MPC,251
False,INFEASIBLE_STEP1,,0.0,0.0,6.745077591929051,1,0,267.2210000018822,267.2210000018822,0.25,5,1.25,Vanilla MPC,252
False,INFEASIBLE_MID,,0.75,21.690509486848207,-6.459455951443917e-05,1,3,702.262899998459,2809.051599993836,0.25,5,1.25,Vanilla MPC,253
False,INFEASIBLE_MID,,0.5,12.5663329859962,-9.794752909108008e-06,1,2,1993.4377666601602,5980.31329998048,0.25,5,1.25,Vanilla MPC,254
False,INFEASIBLE_MID,,0.5,13.522782566462014,-0.00044473750019353254,1,2,1667.8945000021486,5003.683500006446,0.25,5,1.25,Vanilla MPC,255
False,INFEASIBLE_STEP1,,0.0,0.0,8.621591391966941,1,0,1808.1007000000682,1808.1007000000682,0.25,5,1.25,Vanilla MPC,256
False,INFEASIBLE_MID,,0.5,13.778263562126238,-0.0017990166788839493,1,2,426.129333335363,1278.388000006089,0.25,5,1.25,Vanilla MPC,257
True,REACHED,1.25,1.25,28.28789710029739,4.2951041463948204e-05,0,5,164.61252000008244,823.0626000004122,0.25,5,1.25,Vanilla MPC,258
True,REACHED,1.0,1.0,24.597129895734458,0.028589827978412776,0,4,120.86497499694815,483.4598999877926,0.25,5,1.25,Vanilla MPC,259
True,REACHED,0.5,0.5,5.4596074323439545,8.71110889526087,0,2,149.55694999662228,299.11389999324456,0.25,5,1.25,Vanilla MPC,260
True,REACHED,0.75,0.75,10.020526793997417,0.8604675806884216,0,3,148.66660000310125,445.9998000093037,0.25,5,1.25,Vanilla MPC,261
True,REACHED,0.25,0.25,1.8519956536213604,2.3922237773802837,0,1,58.05859999964014,58.05859999964014,0.25,5,1.25,Vanilla MPC,262
False,INFEASIBLE_MID,,1.0,20.536224680975252,-1.2740751508593057e-05,1,4,1221.783380000852,6108.91690000426,0.25,5,1.25,Vanilla MPC,263
True,REACHED,0.75,0.75,16.43174922083059,7.038601818253454,0,3,87.15366666244033,261.460999987321,0.25,5,1.25,Vanilla MPC,264
False,INFEASIBLE_MID,,0.5,14.244633191395927,-8.350538624469795e-05,1,2,511.97366666262195,1535.9209999878658,0.25,5,1.25,Vanilla MPC,265
False,INFEASIBLE_MID,,0.5,13.363706061549186,-0.0012635102896031835,1,2,327.2747666633222,981.8242999899667,0.25,5,1.25,Vanilla MPC,266
True,REACHED,0.75,0.75,18.371753357289435,8.046670838989831,0,3,101.90816665999591,305.72449997998774,0.25,5,1.25,Vanilla MPC,267
True,REACHED,1.0,1.0,17.330007631665367,5.326204796104629,0,4,122.97804999980144,491.91219999920577,0.25,5,1.25,Vanilla MPC,268
True,REACHED,0.75,0.75,16.77242269663154,0.002167719850154179,0,3,90.7888000025802,272.3664000077406,0.25,5,1.25,Vanilla MPC,269
False,INFEASIBLE_MID,,0.25,5.720746568418657,-0.0002369907458151387,1,1,2377.0145000016782,4754.0290000033565,0.25,5,1.25,Vanilla MPC,270
True,REACHED,1.0,1.0,15.303664995740261,5.701679006653147,0,4,169.98985000464018,679.9594000185607,0.25,5,1.25,Vanilla MPC,271
True,REACHED,0.75,0.75,9.634187663068447,3.6332183360898944,0,3,70.3953000047477,211.1859000142431,0.25,5,1.25,Vanilla MPC,272
True,REACHED,0.5,0.5,10.431789015241442,6.855580013612082,0,2,149.51830000063637,299.03660000127275,0.25,5,1.25,Vanilla MPC,273
False,INFEASIBLE_MID,,1.0,32.2233230642775,-0.00024335399149511856,1,4,1026.161799998954,5130.80899999477,0.25,5,1.25,Vanilla MPC,274
False,INFEASIBLE_STEP1,,0.0,0.0,8.365289475292018,1,0,1199.8173000029055,1199.8173000029055,0.25,5,1.25,Vanilla MPC,275
True,REACHED,0.75,0.75,14.872877112817314,0.003012341912802958,0,3,119.64376666098057,358.9312999829417,0.25,5,1.25,Vanilla MPC,276
False,INFEASIBLE_MID,,0.5,13.382327610899612,-4.4716742507160706e-05,1,2,1399.4139000036132,4198.24170001084,0.25,5,1.25,Vanilla MPC,277
False,INFEASIBLE_STEP1,,0.0,0.0,5.889640587736337,1,0,986.1497999954736,986.1497999954736,0.25,5,1.25,Vanilla MPC,278
True,REACHED,1.0,1.0,22.100529114192376,0.02346508966259099,0,4,116.96775000018533,467.87100000074133,0.25,5,1.25,Vanilla MPC,279
True,REACHED,1.25,1.25,34.388069482126305,0.015314535842398483,0,5,95.31275999906939,476.5637999953469,0.25,5,1.25,Vanilla MPC,280
True,REACHED,1.0,1.0,16.625484485289256,0.006572126185072273,0,4,146.37207499617944,585.4882999847177,0.25,5,1.25,Vanilla MPC,281
False,INFEASIBLE_MID,,0.75,16.949363716613085,-1.750309771991376e-05,1,3,967.055650002294,3868.222600009176,0.25,5,1.25,Vanilla MPC,282
True,REACHED,0.75,0.75,9.825167189664086,8.627163707058559,0,3,67.01520000448606,201.04560001345817,0.25,5,1.25,Vanilla MPC,283
False,INFEASIBLE_STEP1,,0.0,0.0,6.996932887009392,1,0,1178.8735000009183,1178.8735000009183,0.25,5,1.25,Vanilla MPC,284
False,INFEASIBLE_MID,,0.75,23.536599414014397,-0.0001615866804030721,1,3,946.4515250001568,3785.8061000006273,0.25,5,1.25,Vanilla MPC,285
True,REACHED,1.25,1.25,35.0390095395027,1.9483819482302303e-06,0,5,190.2490000007674,951.245000003837,0.25,5,1.25,Vanilla MPC,286
True,REACHED,0.75,0.75,16.92527014577019,1.4098843642214713,0,3,91.11399999528658,273.34199998585973,0.25,5,1.25,Vanilla MPC,287
False,INFEASIBLE_STEP1,,0.0,0.0,4.23793482784244,1,0,1591.8764999951236,1591.8764999951236,0.25,5,1.25,Vanilla MPC,288
False,INFEASIBLE_MID,,1.0,28.697280688489407,-0.0006348118027242229,1,4,301.86972000228707,1509.3486000114353,0.25,5,1.25,Vanilla MPC,289
True,REACHED,0.75,0.75,15.456018793996254,1.782603914565801,0,3,90.38050000284177,271.1415000085253,0.25,5,1.25,Vanilla MPC,290
True,REACHED,1.0,1.0,17.998333740448942,6.352936506265437,0,4,164.24877499230206,656.9950999692082,0.25,5,1.25,Vanilla MPC,291
True,REACHED,0.75,0.75,15.00997793075485,0.0013908591358738898,0,3,87.67516667042703,263.0255000112811,0.25,5,1.25,Vanilla MPC,292
False,INFEASIBLE_STEP1,,0.0,0.0,8.548563267697343,1,0,441.5335999947274,441.5335999947274,0.25,5,1.25,Vanilla MPC,293
True,REACHED,0.75,0.75,13.07718677960503,8.511934726580401,0,3,70.73036667134147,212.1911000140244,0.25,5,1.25,Vanilla MPC,294
False,INFEASIBLE_STEP1,,0.0,0.0,4.466840642727727,1,0,1161.810500008869,1161.810500008869,0.25,5,1.25,Vanilla MPC,295
True,REACHED,0.75,0.75,21.40185672593861,0.01900355824941925,0,3,127.55296666970632,382.65890000911895,0.25,5,1.25,Vanilla MPC,296
False,INFEASIBLE_MID,,0.5,17.23704310207046,-0.00011546790030986033,1,2,410.04396667024895,1230.131900010747,0.25,5,1.25,Vanilla MPC,297
True,REACHED,1.5,1.5,50.65356217381511,4.9100725719437006e-05,0,6,136.67731666646432,820.0638999987859,0.25,5,1.25,Vanilla MPC,298
True,REACHED,1.25,1.25,22.946648928674342,0.6958836849670053,0,5,102.5264599971706,512.632299985853,0.25,5,1.25,Vanilla MPC,299
False,INFEASIBLE_MID,,0.5,15.491526990920981,-0.0009625359123121755,1,2,268.0612333351746,804.1837000055239,0.25,5,1.25,RA-MPC,0
True,REACHED,1.25,1.25,42.967650481470955,1.9421867631674564e-05,0,5,130.60021999990568,653.0010999995284,0.25,5,1.25,RA-MPC,1
True,REACHED,0.75,0.75,16.60455679500025,5.592582002116371,0,3,134.2599333341544,402.77980000246316,0.25,5,1.25,RA-MPC,2
True,REACHED,0.75,0.75,10.12260785566609,3.2538137988859677,0,3,68.31713333182658,204.95139999547973,0.25,5,1.25,RA-MPC,3
False,INFEASIBLE_MID,,1.25,27.197080789964,-0.00017949097730033973,1,5,321.7403833332355,1930.442299999413,0.25,5,1.25,RA-MPC,4
True,REACHED,0.75,0.75,9.469590729254596,3.0779483271708967,0,3,77.54666666733101,232.64000000199303,0.25,5,1.25,RA-MPC,5
True,REACHED,1.5,1.5,44.06468553986262,2.8039434540045785e-05,0,6,113.93095000676112,683.5857000405667,0.25,5,1.25,RA-MPC,6
True,REACHED,1.0,1.0,15.984357409113041,3.4819663496531534,0,4,102.11500000514206,408.46000002056826,0.25,5,1.25,RA-MPC,7
True,REACHED,0.75,0.75,20.959521121836257,0.0077572339679921,0,3,91.19056666774365,273.57170000323094,0.25,5,1.25,RA-MPC,8
False,INFEASIBLE_MID,,0.75,28.039473391474367,-0.02535513299032945,1,3,78.85977499972796,315.43909999891184,0.25,5,1.25,RA-MPC,9
True,REACHED,1.0,1.0,23.922795986545854,4.922674415986273,0,4,65.33507499989355,261.3402999995742,0.25,5,1.25,RA-MPC,10
True,REACHED,0.5,0.5,11.35579719354458,2.5450682920670817,0,2,149.15765000478132,298.31530000956263,0.25,5,1.25,RA-MPC,11
True,REACHED,0.75,0.75,11.886443089445816,4.378001108387625e-05,0,3,50.78766667187059,152.36300001561176,0.25,5,1.25,RA-MPC,12
True,REACHED,1.0,1.0,26.305630165546653,0.0021851784750361674,0,4,112.64680000385852,450.58720001543406,0.25,5,1.25,RA-MPC,13
True,REACHED,1.25,1.25,37.73661425775654,0.00513661158943412,0,5,83.14463999704458,415.7231999852229,0.25,5,1.25,RA-MPC,14
True,REACHED,0.75,0.75,11.186239849997802,5.464436048604479,0,3,55.516966667103894,166.55090000131167,0.25,5,1.25,RA-MPC,15
True,REACHED,0.75,0.75,14.315494008381918,3.473063621857032,0,3,95.72766666436412,287.1829999930924,0.25,5,1.25,RA-MPC,16
False,INFEASIBLE_MID,,1.0,20.220039195002624,-6.168222372342788e-06,1,4,1050.9204200003296,5254.602100001648,0.25,5,1.25,RA-MPC,17
True,REACHED,0.75,0.75,12.91887871808591,6.25869097382747,0,3,75.97503333333104,227.9250999999931,0.25,5,1.25,RA-MPC,18
True,REACHED,1.75,1.75,45.304629071261836,4.556262665318078e-05,0,7,111.18587142846081,778.3010999992257,0.25,5,1.25,RA-MPC,19
True,REACHED,0.75,0.75,12.658048627211082,8.697704682276449,0,3,112.51820000082564,337.55460000247695,0.25,5,1.25,RA-MPC,20
True,REACHED,1.5,1.5,44.93999303345734,8.946021215374542e-05,0,6,138.03581666919249,828.2149000151549,0.25,5,1.25,RA-MPC,21
True,REACHED,0.25,0.25,6.105363613293257,9.194602141979937,0,1,126.58759999612812,126.58759999612812,0.25,5,1.25,RA-MPC,22
False,INFEASIBLE_MID,,0.75,20.148370813710034,-0.002679767440377545,1,3,437.45669999771053,1749.8267999908421,0.25,5,1.25,RA-MPC,23
True,REACHED,0.75,0.75,9.707881654165968,0.0002789314946314175,0,3,111.2401000088236,333.7203000264708,0.25,5,1.25,RA-MPC,24
True,REACHED,1.25,1.25,41.7149154885342,0.0001137627740550349,0,5,113.01861999963876,565.0930999981938,0.25,5,1.25,RA-MPC,25
False,INFEASIBLE_MID,,0.75,18.00237329901273,-0.00021377409799571835,1,3,346.0549750016071,1384.2199000064284,0.25,5,1.25,RA-MPC,26
True,REACHED,1.0,1.0,16.336207890834636,0.10100098789276062,0,4,98.25787500085426,393.031500003417,0.25,5,1.25,RA-MPC,27
True,REACHED,1.5,1.5,48.61084589720361,1.2561903882030984e-05,0,6,139.29148333651634,835.7489000190981,0.25,5,1.25,RA-MPC,28
False,INFEASIBLE_MID,,0.75,14.92815657717113,-5.647532818786904e-06,1,3,1318.4345000008761,5273.738000003505,0.25,5,1.25,RA-MPC,29
False,INFEASIBLE_MID,,0.5,16.60477662296112,-0.00441327996003529,1,2,250.0518666638527,750.1555999915581,0.25,5,1.25,RA-MPC,30
True,REACHED,0.75,0.75,14.555437157060833,9.995447441468164,0,3,83.68606667014926,251.05820001044776,0.25,5,1.25,RA-MPC,31
False,INFEASIBLE_MID,,0.75,29.119746212277597,-0.014680903227541453,1,3,197.55862499732757,790.2344999893103,0.25,5,1.25,RA-MPC,32
True,REACHED,1.5,1.5,45.152918447677266,0.08541054669948843,0,6,162.36105000280077,974.1663000168046,0.25,5,1.25,RA-MPC,33
False,INFEASIBLE_MID,,0.25,6.291757875083628,-0.00019391679570317477,1,1,841.5313999939826,1683.0627999879653,0.25,5,1.25,RA-MPC,34
True,REACHED,0.75,0.75,13.317836973063805,3.237955631565396,0,3,100.97443333264285,302.92329999792855,0.25,5,1.25,RA-MPC,35
False,INFEASIBLE_MID,,0.75,14.69529231319447,-1.1300468727011908e-05,1,3,1421.9432250029058,5687.772900011623,0.25,5,1.25,RA-MPC,36
False,INFEASIBLE_MID,,0.5,15.783170799459368,-1.505889191217607e-05,1,2,353.4761666621004,1060.4284999863012,0.25,5,1.25,RA-MPC,37
True,REACHED,1.25,1.25,30.100878410278433,2.0393354674532622e-05,0,5,168.19803999969736,840.9901999984868,0.25,5,1.25,RA-MPC,38
True,REACHED,0.5,0.5,7.814030062952866,5.393188203610366,0,2,105.84480000397889,211.68960000795778,0.25,5,1.25,RA-MPC,39
False,INFEASIBLE_MID,,0.75,21.44717281608208,-0.0004286854035726727,1,3,889.8796749999747,3559.5186999998987,0.25,5,1.25,RA-MPC,40
False,INFEASIBLE_MID,,0.75,16.113570887210766,-0.0006189841092530903,1,3,719.0717250014131,2876.2869000056526,0.25,5,1.25,RA-MPC,41
True,REACHED,0.75,0.75,11.220812445927972,4.486437843643157,0,3,219.44903333496768,658.347100004903,0.25,5,1.25,RA-MPC,42
True,REACHED,1.0,1.0,20.11751603536636,8.182209816643934e-05,0,4,108.02969999713241,432.11879998852964,0.25,5,1.25,RA-MPC,43
True,REACHED,1.0,1.0,18.440194115572524,2.673384005496052,0,4,142.59012500042445,570.3605000016978,0.25,5,1.25,RA-MPC,44
True,REACHED,0.75,0.75,14.208260204096655,2.2650158626758503,0,3,111.1248999950476,333.3746999851428,0.25,5,1.25,RA-MPC,45
True,REACHED,0.25,0.25,5.710363542389619,6.423269668304864,0,1,137.11979999789037,137.11979999789037,0.25,5,1.25,RA-MPC,46
False,INFEASIBLE_MID,,0.75,15.150547826044322,-1.350783888147766e-05,1,3,1378.010849995917,5512.043399983668,0.25,5,1.25,RA-MPC,47
True,REACHED,0.75,0.75,18.59026248229185,4.5859306111435005,0,3,103.59189999871887,310.7756999961566,0.25,5,1.25,RA-MPC,48
False,INFEASIBLE_MID,,0.75,16.396849005980314,-6.231577168418266e-05,1,3,360.89259999789647,1443.5703999915859,0.25,5,1.25,RA-MPC,49
True,REACHED,0.75,0.75,11.456313813111235,9.61575913681294,0,3,111.92329999660917,335.76989998982754,0.25,5,1.25,RA-MPC,50
True,REACHED,0.75,0.75,11.333296830469516,2.644177419166697,0,3,100.92406666080933,302.772199982428,0.25,5,1.25,RA-MPC,51
False,INFEASIBLE_MID,,0.5,19.33384782623337,-0.0008011095142064555,1,2,536.8321999946298,1610.4965999838896,0.25,5,1.25,RA-MPC,52
False,INFEASIBLE_MID,,0.5,20.846482431525406,-0.016581850404322442,1,2,467.1027666675703,1401.308300002711,0.25,5,1.25,RA-MPC,53
True,REACHED,1.25,1.25,31.700444489182658,1.4214002721537415e-05,0,5,157.1737599966582,785.868799983291,0.25,5,1.25,RA-MPC,54
True,REACHED,1.0,1.0,17.694997409997647,2.73121546735027,0,4,143.5769249983423,574.3076999933692,0.25,5,1.25,RA-MPC,55
True,REACHED,1.5,1.5,48.77928592661514,0.0001289683860084319,0,6,154.2339666702901,925.4038000217406,0.25,5,1.25,RA-MPC,56
False,INFEASIBLE_MID,,1.0,32.118699246124066,-0.00010520527649485728,1,4,878.0662599980133,4390.331299990066,0.25,5,1.25,RA-MPC,57
True,REACHED,1.5,1.5,42.073756706586735,1.8701478950341643e-05,0,6,132.99183332613515,797.9509999568108,0.25,5,1.25,RA-MPC,58
False,INFEASIBLE_MID,,0.75,17.20536708337366,-0.0001305287836252531,1,3,602.1310500036634,2408.5242000146536,0.25,5,1.25,RA-MPC,59
True,REACHED,0.75,0.75,14.886410462267573,3.702027204442914,0,3,96.90906666704298,290.72720000112895,0.25,5,1.25,RA-MPC,60
True,REACHED,1.25,1.25,30.862930254600432,3.3259299673025166e-05,0,5,182.38044000172522,911.9022000086261,0.25,5,1.25,RA-MPC,61
False,INFEASIBLE_MID,,0.5,19.442530427452862,-0.001970239705432225,1,2,319.3959333342112,958.1878000026336,0.25,5,1.25,RA-MPC,62
False,INFEASIBLE_STEP1,,0.0,0.0,2.699796154485192,1,0,1687.3927999986336,1687.3927999986336,0.25,5,1.25,RA-MPC,63
True,REACHED,0.75,0.75,16.67529085616956,1.4313910367794687,0,3,131.30993333470542,393.92980000411626,0.25,5,1.25,RA-MPC,64
True,REACHED,1.5,1.5,47.755134760506486,1.2102539462246464e-05,0,6,183.71866666469336,1102.31199998816,0.25,5,1.25,RA-MPC,65
True,REACHED,1.0,1.0,25.53861591889711,2.132582066431581,0,4,119.84172499796841,479.36689999187365,0.25,5,1.25,RA-MPC,66
True,REACHED,1.5,1.5,44.17606736863253,1.8336607001185557e-05,0,6,203.35733333195094,1220.1439999917056,0.25,5,1.25,RA-MPC,67
True,REACHED,1.75,1.75,49.424113540454634,7.787460887651679e-05,0,7,145.23207142857635,1016.6245000000345,0.25,5,1.25,RA-MPC,68
False,INFEASIBLE_MID,,0.25,6.355837937696263,-0.0028891591297436165,1,1,511.9727499986766,1023.9454999973532,0.25,5,1.25,RA-MPC,69
False,INFEASIBLE_MID,,0.5,12.59955389141697,-2.1550733401698623e-05,1,2,1086.5200333306955,3259.560099992086,0.25,5,1.25,RA-MPC,70
False,INFEASIBLE_MID,,0.5,15.25689124923706,-0.0025310744851270803,1,2,381.0373000014806,1143.1119000044418,0.25,5,1.25,RA-MPC,71
False,INFEASIBLE_MID,,0.25,7.821682306160321,-0.001143788242147706,1,1,1238.4058000025107,2476.8116000050213,0.25,5,1.25,RA-MPC,72
True,REACHED,0.5,0.5,4.932871247548016,1.5895489054684828,0,2,80.23785000114003,160.47570000228006,0.25,5,1.25,RA-MPC,73
False,INFEASIBLE_MID,,0.75,20.45159541989577,-0.002228122901060147,1,3,550.8304000068165,2203.321600027266,0.25,5,1.25,RA-MPC,74
False,INFEASIBLE_MID,,1.0,25.27246565387329,-1.0990904574175269e-06,1,4,181.7207199987024,908.603599993512,0.25,5,1.25,RA-MPC,75
True,REACHED,0.75,0.75,14.88939334504175,3.7304146281331865,0,3,80.44383333375056,241.3315000012517,0.25,5,1.25,RA-MPC,76
False,INFEASIBLE_MID,,1.0,22.82198585291276,-9.433620765007679e-07,1,4,440.11805999907665,2200.5902999953832,0.25,5,1.25,RA-MPC,77
False,INFEASIBLE_MID,,1.0,22.84517290369517,-0.00043077606233322496,1,4,254.74381999811158,1273.7190999905579,0.25,5,1.25,RA-MPC,78
True,REACHED,0.75,0.75,15.139616546732372,0.0014414556597063793,0,3,117.86389999906532,353.591699997196,0.25,5,1.25,RA-MPC,79
True,REACHED,1.5,1.5,43.38896213481569,1.4194618043521964e-05,0,6,246.05521666671848,1476.3313000003109,0.25,5,1.25,RA-MPC,80
True,REACHED,0.75,0.75,16.384841760910763,3.026915999383441e-06,0,3,179.39896666697072,538.1969000009121,0.25,5,1.25,RA-MPC,81
False,INFEASIBLE_MID,,0.5,17.923645464082142,-0.0014863783134610336,1,2,220.37256666711377,661.1177000013413,0.25,5,1.25,RA-MPC,82
False,INFEASIBLE_MID,,0.75,22.513731315538493,-0.003988571170261658,1,3,169.34497499460122,677.3798999784049,0.25,5,1.25,RA-MPC,83
True,REACHED,0.5,0.5,7.380874028857276,5.69172271149183,0,2,128.83279999368824,257.6655999873765,0.25,5,1.25,RA-MPC,84
True,REACHED,1.75,1.75,54.90416547767255,1.3565322358848826e-05,0,7,242.32088571547396,1696.2462000083178,0.25,5,1.25,RA-MPC,85
True,REACHED,1.5,1.5,40.90629624790377,1.7211400798006754e-05,0,6,170.75668333563954,1024.5401000138372,0.25,5,1.25,RA-MPC,86
True,REACHED,1.0,1.0,22.839111137063874,1.656592079828768,0,4,122.42212500132155,489.6885000052862,0.25,5,1.25,RA-MPC,87
False,INFEASIBLE_MID,,0.75,19.197950565543632,-1.9400160208967404e-05,1,3,1041.9159499979287,4167.663799991715,0.25,5,1.25,RA-MPC,88
False,INFEASIBLE_MID,,1.0,31.59094946454272,-0.007502686407973672,1,4,139.99862000637222,699.9931000318611,0.25,5,1.25,RA-MPC,89
True,REACHED,1.0,1.0,27.33914759414913,0.04535616056863817,0,4,167.87570000087726,671.502800003509,0.25,5,1.25,RA-MPC,90
False,INFEASIBLE_MID,,0.5,15.155354266976616,-0.0004720414114780586,1,2,1302.8074999989865,3908.4224999969592,0.25,5,1.25,RA-MPC,91
False,INFEASIBLE_MID,,0.5,18.172755044912165,-0.009177199786511525,1,2,238.0396999991111,714.1190999973333,0.25,5,1.25,RA-MPC,92
True,REACHED,1.0,1.0,16.801113060484802,3.7899000264470186e-05,0,4,112.51427500610589,450.05710002442356,0.25,5,1.25,RA-MPC,93
False,INFEASIBLE_MID,,0.5,13.760901026329384,-0.0002679926114591515,1,2,209.50226667143093,628.5068000142928,0.25,5,1.25,RA-MPC,94
False,INFEASIBLE_MID,,0.75,14.82947242792701,-1.7077309794031372e-07,1,3,1039.6375249983976,4158.55009999359,0.25,5,1.25,RA-MPC,95
True,REACHED,1.5,1.5,50.51674837720252,4.282718053818303e-05,0,6,220.23011666412154,1321.3806999847293,0.25,5,1.25,RA-MPC,96
True,REACHED,1.5,1.5,47.732843099783466,0.00010504650210222842,0,6,176.29246666425993,1057.7547999855597,0.25,5,1.25,RA-MPC,97
False,INFEASIBLE_MID,,0.75,30.161879942731822,-0.018446715459094726,1,3,259.5030250013224,1038.0121000052895,0.25,5,1.25,RA-MPC,98
True,REACHED,0.5,0.5,9.810820249496516,7.620092577108419,0,2,167.54575000231853,335.09150000463706,0.25,5,1.25,RA-MPC,99
True,REACHED,1.0,1.0,27.996966418291827,0.031154557668263663,0,4,104.06645000330172,416.2658000132069,0.25,5,1.25,RA-MPC,100
False,INFEASIBLE_MID,,1.0,37.557409277254095,-2.2090591587693895e-05,1,4,1297.9090000008,6489.545000004,0.25,5,1.25,RA-MPC,101
True,REACHED,1.25,1.25,28.530869002449023,4.628715795975235e-06,0,5,177.06175999483094,885.3087999741547,0.25,5,1.25,RA-MPC,102
False,INFEASIBLE_MID,,0.75,23.98845775256553,-0.004066358336781628,1,3,179.86664999625646,719.4665999850258,0.25,5,1.25,RA-MPC,103
False,INFEASIBLE_MID,,0.75,27.931723657036976,-2.7384609360303143e-05,1,3,1543.7335499991605,6174.934199996642,0.25,5,1.25,RA-MPC,104
False,INFEASIBLE_MID,,1.0,20.718134033749877,-0.00028268663975066063,1,4,321.46102000260726,1607.3051000130363,0.25,5,1.25,RA-MPC,105
False,INFEASIBLE_MID,,0.75,23.76799079873671,-0.0025408930442669332,1,3,385.96532499650493,1543.8612999860197,0.25,5,1.25,RA-MPC,106
False,INFEASIBLE_MID,,0.5,12.757492353132815,-4.5219594602601926e-05,1,2,284.93239999806974,854.7971999942092,0.25,5,1.25,RA-MPC,107
True,REACHED,1.25,1.25,31.804032066047416,7.3987977213131336e-06,0,5,143.85911999852397,719.2955999926198,0.25,5,1.25,RA-MPC,108
True,REACHED,0.75,0.75,9.889655195847332,4.108879722631255,0,3,73.2691666635219,219.8074999905657,0.25,5,1.25,RA-MPC,109
True,REACHED,1.75,1.75,50.96963163761028,1.407816297177178e-05,0,7,134.0383428531433,938.268399972003,0.25,5,1.25,RA-MPC,110
False,INFEASIBLE_MID,,0.75,22.15910544667663,-1.7646245742306736e-05,1,3,1224.24397499708,4896.97589998832,0.25,5,1.25,RA-MPC,111
False,INFEASIBLE_MID,,0.5,14.54456277229233,-0.00020676840026648713,1,2,1116.3158666652937,3348.9475999958813,0.25,5,1.25,RA-MPC,112
True,REACHED,0.5,0.5,9.855725723919633,0.05174896562507902,0,2,68.58529999590246,137.17059999180492,0.25,5,1.25,RA-MPC,113
True,REACHED,1.5,1.5,49.89822484679218,4.766434702842328e-05,0,6,186.38900000466188,1118.3340000279713,0.25,5,1.25,RA-MPC,114
False,INFEASIBLE_MID,,0.5,16.322169962449728,-0.0004950218575410573,1,2,840.8065666638626,2522.4196999915875,0.25,5,1.25,RA-MPC,115
False,INFEASIBLE_MID,,0.75,31.656752741264537,-0.004887464292943886,1,3,319.80995000049006,1279.2398000019602,0.25,5,1.25,RA-MPC,116
False,INFEASIBLE_MID,,1.0,21.426312375126944,-0.00016790917449120054,1,4,742.7315000008093,3713.6575000040466,0.25,5,1.25,RA-MPC,117
False,INFEASIBLE_MID,,0.75,31.32546334279322,-0.014096516709917033,1,3,235.46837500180118,941.8735000072047,0.25,5,1.25,RA-MPC,118
True,REACHED,1.5,1.5,36.20977417116445,-1.8526563447104678e-06,0,6,297.17128333140863,1783.0276999884518,0.25,5,1.25,RA-MPC,119
False,INFEASIBLE_MID,,0.75,17.744865121464407,-7.004705875138736e-05,1,3,1501.7134499976237,6006.853799990495,0.25,5,1.25,RA-MPC,120
True,REACHED,0.5,0.5,7.238451243509727,0.31728758751199587,0,2,120.81830000533955,241.6366000106791,0.25,5,1.25,RA-MPC,121
True,REACHED,1.5,1.5,36.433674131132975,8.238507853117925e-06,0,6,191.88816666670996,1151.3290000002598,0.25,5,1.25,RA-MPC,122
True,REACHED,1.5,1.5,35.62013182199375,9.032158946204039e-06,0,6,160.52343333285535,963.1405999971321,0.25,5,1.25,RA-MPC,123
False,INFEASIBLE_MID,,0.5,13.98009399881353,-0.0006481259562071397,1,2,263.36756665841676,790.1026999752503,0.25,5,1.25,RA-MPC,124
False,INFEASIBLE_MID,,0.5,13.457321325774,-0.00011148357346024042,1,2,2131.7032999989656,6395.109899996896,0.25,5,1.25,RA-MPC,125
True,REACHED,1.5,1.5,46.0029521402841,1.877878020104945e-05,0,6,168.13878333050525,1008.8326999830315,0.25,5,1.25,RA-MPC,126
False,INFEASIBLE_MID,,1.0,20.65908544654726,-0.0008139471351927365,1,4,1088.5611600009724,5442.805800004862,0.25,5,1.25,RA-MPC,127
False,INFEASIBLE_MID,,0.5,16.622246561836178,-0.001537672204845453,1,2,1945.5493333322618,5836.647999996785,0.25,5,1.25,RA-MPC,128
False,INFEASIBLE_MID,,0.75,29.997838077688655,-0.022555199056549898,1,3,191.06132500019157,764.2453000007663,0.25,5,1.25,RA-MPC,129
True,REACHED,0.75,0.75,16.47083430802031,0.7995945538376575,0,3,96.47419999722236,289.4225999916671,0.25,5,1.25,RA-MPC,130
True,REACHED,1.5,1.5,39.51750625159936,2.1569625810508835e-05,0,6,198.53908333122186,1191.2344999873312,0.25,5,1.25,RA-MPC,131
True,REACHED,1.0,1.0,14.729396898295636,7.165945398831516,0,4,76.80267499745241,307.21069998980965,0.25,5,1.25,RA-MPC,132
True,REACHED,1.25,1.25,38.281605482065174,1.482149283384354e-05,0,5,176.41031999664847,882.0515999832423,0.25,5,1.25,RA-MPC,133
True,REACHED,1.0,1.0,16.032084505783263,0.8896381393527638,0,4,102.07512500346638,408.30050001386553,0.25,5,1.25,RA-MPC,134
True,REACHED,0.75,0.75,11.05685526242099,7.143766330268593,0,3,113.0618999983805,339.1856999951415,0.25,5,1.25,RA-MPC,135
False,INFEASIBLE_MID,,0.5,11.487578907659122,-2.013269701005915e-05,1,2,169.26226666449415,507.7867999934824,0.25,5,1.25,RA-MPC,136
False,INFEASIBLE_MID,,0.75,16.794149421410857,-3.383225249443193e-05,1,3,1690.5101249976724,6762.04049999069,0.25,5,1.25,RA-MPC,137
False,INFEASIBLE_MID,,0.5,13.451932950067723,-6.163645438016029e-05,1,2,1325.2686333289603,3975.805899986881,0.25,5,1.25,RA-MPC,138
True,REACHED,0.75,0.75,11.389134022334853,5.205687850445236,0,3,183.25013333621123,549.7504000086337,0.25,5,1.25,RA-MPC,139
False,INFEASIBLE_STEP1,,0.0,0.0,4.298763991527994,1,0,479.5924000063678,479.5924000063678,0.25,5,1.25,RA-MPC,140
True,REACHED,0.75,0.75,15.253601572337265,9.083360436763012,0,3,90.40956666770701,271.22870000312105,0.25,5,1.25,RA-MPC,141
True,REACHED,0.75,0.75,14.945119477254634,2.1503893083329753,0,3,109.1193999988415,327.3581999965245,0.25,5,1.25,RA-MPC,142
False,INFEASIBLE_MID,,0.75,15.5709309549215,-0.0013192305547961652,1,3,685.0403499956883,2740.161399982753,0.25,5,1.25,RA-MPC,143
True,REACHED,0.5,0.5,9.347164975311692,1.2947264729779853,0,2,122.01844999799505,244.0368999959901,0.25,5,1.25,RA-MPC,144
True,REACHED,0.25,0.25,7.482595709664626,10.10514280398462,0,1,222.47670000069775,222.47670000069775,0.25,5,1.25,RA-MPC,145
True,REACHED,1.25,1.25,33.29428158639956,1.1687561709867239e-05,0,5,154.23883999465033,771.1941999732517,0.25,5,1.25,RA-MPC,146
False,INFEASIBLE_MID,,0.75,14.011232794135136,-0.0003001357596991122,1,3,1323.3863499954168,5293.545399981667,0.25,5,1.25,RA-MPC,147
True,REACHED,0.75,0.75,22.651559097286416,9.040578582588326,0,3,122.70196666941047,368.1059000082314,0.25,5,1.25,RA-MPC,148
True,REACHED,1.25,1.25,24.04469863330593,2.7941266587623832e-05,0,5,148.07499999878928,740.3749999939464,0.25,5,1.25,RA-MPC,149
True,REACHED,1.5,1.5,37.497797233628944,1.6917094723681746e-05,0,6,158.51786666704962,951.1072000022978,0.25,5,1.25,RA-MPC,150
False,INFEASIBLE_MID,,0.75,19.20223024877975,-0.00029688762632015694,1,3,263.38350000514765,1053.5340000205906,0.25,5,1.25,RA-MPC,151
False,INFEASIBLE_MID,,0.5,15.825257830929166,-0.0032087083844253212,1,2,344.64943333296105,1033.9482999988832,0.25,5,1.25,RA-MPC,152
False,INFEASIBLE_MID,,1.0,24.89957343655257,-0.0014796318240227065,1,4,574.4259399973089,2872.1296999865444,0.25,5,1.25,RA-MPC,153
False,INFEASIBLE_MID,,0.5,15.367531678492444,-0.0016207542254644217,1,2,258.1401000061305,774.4203000183916,0.25,5,1.25,RA-MPC,154
True,REACHED,1.0,1.0,28.667954636078996,0.5261801495497986,0,4,131.7369749995123,526.9478999980493,0.25,5,1.25,RA-MPC,155
False,INFEASIBLE_MID,,0.5,16.957966844750302,-0.00221155977686112,1,2,273.8867666679046,821.6603000037139,0.25,5,1.25,RA-MPC,156
False,INFEASIBLE_MID,,0.5,17.931332608588406,-0.004115405507455312,1,2,480.0666333321715,1440.1998999965144,0.25,5,1.25,RA-MPC,157
False,INFEASIBLE_MID,,0.75,20.333993201515664,-0.000916651267933359,1,3,526.3692249973246,2105.4768999892985,0.25,5,1.25,RA-MPC,158
True,REACHED,1.75,1.75,52.1316559931848,1.5144132067763197e-05,0,7,133.29491428365665,933.0643999855965,0.25,5,1.25,RA-MPC,159
True,REACHED,1.0,1.0,16.110393969293526,0.9900634790694368,0,4,94.82212500006426,379.28850000025705,0.25,5,1.25,RA-MPC,160
True,REACHED,0.75,0.75,14.761718492204471,0.07530164014930528,0,3,102.1556333337988,306.4669000013964,0.25,5,1.25,RA-MPC,161
True,REACHED,0.75,0.75,18.944501364101022,0.016687446146946304,0,3,159.84546666732058,479.53640000196174,0.25,5,1.25,RA-MPC,162
True,REACHED,0.75,0.75,13.017561197150473,0.020730769276210446,0,3,184.64079999830574,553.9223999949172,0.25,5,1.25,RA-MPC,163
False,INFEASIBLE_MID,,0.5,15.01576225382442,-5.634285939105682e-05,1,2,2014.6161000011489,6043.848300003447,0.25,5,1.25,RA-MPC,164
True,REACHED,0.75,0.75,11.839557431117372,5.297685397941119,0,3,81.60153333543956,244.80460000631865,0.25,5,1.25,RA-MPC,165
False,INFEASIBLE_MID,,1.0,21.923802981735932,-1.051817594919527e-05,1,4,1246.69207999832,6233.4603999916,0.25,5,1.25,RA-MPC,166
True,REACHED,1.5,1.5,49.274243754381374,5.091469395225081e-05,0,6,169.93816666702818,1019.629000002169,0.25,5,1.25,RA-MPC,167
True,REACHED,0.75,0.75,16.878428509615564,8.19965213920398,0,3,145.2016666686783,435.60500000603497,0.25,5,1.25,RA-MPC,168
True,REACHED,1.5,1.5,36.03284366085227,3.133874719193161e-05,0,6,142.20316666857494,853.2190000114497,0.25,5,1.25,RA-MPC,169
False,INFEASIBLE_MID,,0.5,10.726058074689206,-4.162860200797568e-05,1,2,1568.8756333305112,4706.626899991534,0.25,5,1.25,RA-MPC,170
False,INFEASIBLE_MID,,0.75,18.194952640200412,-0.00012619246326104523,1,3,403.21340000082273,1612.853600003291,0.25,5,1.25,RA-MPC,171
False,INFEASIBLE_MID,,1.0,36.4218183411061,-0.006200329525606968,1,4,633.2798199990066,3166.399099995033,0.25,5,1.25,RA-MPC,172
True,REACHED,0.75,0.75,16.12729656086548,0.02138456403777221,0,3,141.5433666697936,424.63010000938084,0.25,5,1.25,RA-MPC,173
True,REACHED,1.5,1.5,48.98343346567745,1.600244937056444e-05,0,6,140.78761666557207,844.7256999934325,0.25,5,1.25,RA-MPC,174
True,REACHED,1.0,1.0,19.447155524857756,8.348352662418537e-06,0,4,112.9358250000223,451.7433000000892,0.25,5,1.25,RA-MPC,175
False,INFEASIBLE_MID,,0.5,18.70552341146488,-1.8878629687756961e-06,1,2,1110.7101333327591,3332.1303999982774,0.25,5,1.25,RA-MPC,176
False,INFEASIBLE_MID,,0.5,16.86594758341879,-0.0013376048629475865,1,2,607.8002000043247,1823.4006000129739,0.25,5,1.25,RA-MPC,177
True,REACHED,0.75,0.75,16.044392408694193,0.6911859864405161,0,3,89.45089999663954,268.3526999899186,0.25,5,1.25,RA-MPC,178
True,REACHED,1.75,1.75,51.89322781022022,0.0003207318425824294,0,7,157.28428571102475,1100.9899999771733,0.25,5,1.25,RA-MPC,179
True,REACHED,1.25,1.25,35.488597187335984,3.169274264103356e-05,0,5,173.6726200033445,868.3631000167225,0.25,5,1.25,RA-MPC,180
False,INFEASIBLE_MID,,0.75,14.06745945296503,-0.00015769565524429026,1,3,385.0167250020604,1540.0669000082416,0.25,5,1.25,RA-MPC,181
True,REACHED,1.0,1.0,18.11791813622229,0.00011915475974447801,0,4,129.44052499733516,517.7620999893406,0.25,5,1.25,RA-MPC,182
False,INFEASIBLE_MID,,0.5,12.299725479583113,-6.320104972374654e-05,1,2,670.4201000053823,2011.260300016147,0.25,5,1.25,RA-MPC,183
True,REACHED,1.5,1.5,36.349680362693974,1.8605908969434754e-05,0,6,167.48704999918118,1004.9222999950871,0.25,5,1.25,RA-MPC,184
False,INFEASIBLE_MID,,0.75,15.145266850152138,-2.352051707465925e-05,1,3,1652.1835999992618,6608.734399997047,0.25,5,1.25,RA-MPC,185
True,REACHED,1.0,1.0,18.571433944251687,1.5024945298558391e-05,0,4,150.30907500113244,601.2363000045298,0.25,5,1.25,RA-MPC,186
True,REACHED,0.75,0.75,10.410776669201525,9.491748576766625,0,3,122.32836666710985,366.98510000132956,0.25,5,1.25,RA-MPC,187
True,REACHED,0.5,0.5,7.022815386807416,5.153324185660976,0,2,103.37404999881983,206.74809999763966,0.25,5,1.25,RA-MPC,188
True,REACHED,0.75,0.75,13.932037831734757,9.447044462729435,0,3,118.29156666741862,354.87470000225585,0.25,5,1.25,RA-MPC,189
True,REACHED,1.25,1.25,29.662748498128032,8.400482006478926e-06,0,5,172.7422399999341,863.7111999996705,0.25,5,1.25,RA-MPC,190
True,REACHED,0.5,0.5,9.675233995262165,3.433397334099533,0,2,102.66074999526609,205.32149999053217,0.25,5,1.25,RA-MPC,191
True,REACHED,0.5,0.5,9.441120282828528,9.62146293624368,0,2,97.67465000186348,195.34930000372697,0.25,5,1.25,RA-MPC,192
False,INFEASIBLE_MID,,0.75,14.36693467416091,-2.033180980966727e-05,1,3,1568.2358749982086,6272.943499992834,0.25,5,1.25,RA-MPC,193
False,INFEASIBLE_MID,,1.0,20.738715156468043,-0.00018599872582965388,1,4,1200.5684600007953,6002.842300003977,0.25,5,1.25,RA-MPC,194
False,INFEASIBLE_MID,,0.5,12.827600973187913,-0.00021184738060790116,1,2,487.6954666736613,1463.086400020984,0.25,5,1.25,RA-MPC,195
False,INFEASIBLE_MID,,0.75,19.91145094624084,-0.0006673851260958682,1,3,987.875750000967,3951.503000003868,0.25,5,1.25,RA-MPC,196
True,REACHED,1.0,1.0,24.924702562553403,0.00013457692875206714,0,4,141.638774995954,566.555099983816,0.25,5,1.25,RA-MPC,197
True,REACHED,0.5,0.5,6.767690879858627,4.614603247892778,0,2,87.17230000183918,174.34460000367835,0.25,5,1.25,RA-MPC,198
False,INFEASIBLE_MID,,0.5,12.782417652868002,-0.0002620214424908807,1,2,536.1000666647063,1608.3001999941189,0.25,5,1.25,RA-MPC,199
False,INFEASIBLE_STEP1,,0.0,0.0,6.893446252044973,1,0,971.6165999998339,971.6165999998339,0.25,5,1.25,RA-MPC,200
False,INFEASIBLE_MID,,0.75,25.83014857104483,-0.0014518507970304635,1,3,773.8499250008317,3095.399700003327,0.25,5,1.25,RA-MPC,201
True,REACHED,0.5,0.5,8.305827764115987,3.51586007330208,0,2,94.02884999872185,188.0576999974437,0.25,5,1.25,RA-MPC,202
True,REACHED,0.75,0.75,14.5258126984655,3.014575503906639,0,3,101.9226333349555,305.76790000486653,0.25,5,1.25,RA-MPC,203
True,REACHED,0.25,0.25,6.942962341488553,4.904673199184427,0,1,129.49439999647439,129.49439999647439,0.25,5,1.25,RA-MPC,204
False,INFEASIBLE_MID,,0.75,19.59249952527304,-1.2068753411939513e-06,1,3,625.8030249991862,2503.2120999967447,0.25,5,1.25,RA-MPC,205
True,REACHED,1.0,1.0,18.232896345945946,1.2858599898024613e-05,0,4,118.42117499691085,473.6846999876434,0.25,5,1.25,RA-MPC,206
True,REACHED,1.0,1.0,21.863157378325784,0.22942482200082306,0,4,205.108050005947,820.432200023788,0.25,5,1.25,RA-MPC,207
False,INFEASIBLE_STEP1,,0.0,0.0,2.1792405646321242,1,0,1004.3861000012839,1004.3861000012839,0.25,5,1.25,RA-MPC,208
True,REACHED,0.75,0.75,14.734697296462066,4.726894783971627,0,3,87.43553333139668,262.30659999419004,0.25,5,1.25,RA-MPC,209
False,INFEASIBLE_MID,,0.25,7.159501584311804,-0.006172919603318112,1,1,2796.7395999949076,5593.479199989815,0.25,5,1.25,RA-MPC,210
True,REACHED,1.5,1.5,49.45145637405318,1.0167149076398345e-05,0,6,150.74243333219783,904.454599993187,0.25,5,1.25,RA-MPC,211
False,INFEASIBLE_MID,,0.5,21.911423075099016,-0.011837280351187605,1,2,1621.488733338386,4864.466200015158,0.25,5,1.25,RA-MPC,212
True,REACHED,1.5,1.5,50.585494690974805,1.3755132997257606e-05,0,6,156.34121666516876,938.0472999910126,0.25,5,1.25,RA-MPC,213
True,REACHED,1.0,1.0,20.97109062645729,0.09409694326405425,0,4,123.90682499972172,495.6272999988869,0.25,5,1.25,RA-MPC,214
False,INFEASIBLE_MID,,1.0,23.845753323041123,-0.0003206618232149516,1,4,685.0328600005014,3425.164300002507,0.25,5,1.25,RA-MPC,215
False,INFEASIBLE_MID,,0.75,22.256239270939872,-7.386984214455312e-05,1,3,1328.502700001991,5314.010800007964,0.25,5,1.25,RA-MPC,216
True,REACHED,1.0,1.0,22.343995237652976,8.307954610519407e-06,0,4,159.1718750023574,636.6875000094296,0.25,5,1.25,RA-MPC,217
False,INFEASIBLE_MID,,0.5,14.550739299977058,-0.0036393066923731555,1,2,456.6179666677878,1369.8539000033634,0.25,5,1.25,RA-MPC,218
False,INFEASIBLE_MID,,1.0,26.80171546114682,-0.0017393863224024109,1,4,548.4431999968365,2742.2159999841824,0.25,5,1.25,RA-MPC,219
False,INFEASIBLE_STEP1,,0.0,0.0,5.032182301587035,1,0,1356.2994000094477,1356.2994000094477,0.25,5,1.25,RA-MPC,220
True,REACHED,0.75,0.75,14.153590046980506,6.999180923995317,0,3,84.35556666518096,253.06669999554288,0.25,5,1.25,RA-MPC,221
False,INFEASIBLE_MID,,0.75,20.062856220237315,-0.0009603467367306957,1,3,1548.520025000471,6194.080100001884,0.25,5,1.25,RA-MPC,222
True,REACHED,0.75,0.75,16.957621788997987,2.153760513521625,0,3,103.90080000312689,311.70240000938065,0.25,5,1.25,RA-MPC,223
False,INFEASIBLE_MID,,0.5,3.7164857729078893,-0.0024431422089090087,1,2,793.8191666714071,2381.4575000142213,0.25,5,1.25,RA-MPC,224
False,INFEASIBLE_MID,,0.75,29.99825308699771,-0.03480094644174315,1,3,389.1377500076487,1556.5510000305949,0.25,5,1.25,RA-MPC,225
False,INFEASIBLE_MID,,0.25,6.812482434126293,-0.0049561135556271995,1,1,587.7660999976797,1175.5321999953594,0.25,5,1.25,RA-MPC,226
False,INFEASIBLE_MID,,1.0,20.030441305132328,-8.829727991913923e-06,1,4,680.1776200009044,3400.888100004522,0.25,5,1.25,RA-MPC,227
False,INFEASIBLE_STEP1,,0.0,0.0,1.303860872397864,1,0,1048.545900004683,1048.545900004683,0.25,5,1.25,RA-MPC,228
True,REACHED,1.0,1.0,17.113993977870628,7.092663109735709,0,4,202.1024249988841,808.4096999955364,0.25,5,1.25,RA-MPC,229
False,INFEASIBLE_MID,,1.0,29.783284969972797,-0.006407743456201274,1,4,278.26476000482216,1391.3238000241108,0.25,5,1.25,RA-MPC,230
True,REACHED,1.0,1.0,23.448276409065173,4.668491075843887e-05,0,4,158.95387500495417,635.8155000198167,0.25,5,1.25,RA-MPC,231
False,INFEASIBLE_MID,,1.0,32.33640402851982,-0.0001333655019971675,1,4,621.7605400073808,3108.802700036904,0.25,5,1.25,RA-MPC,232
True,REACHED,1.75,1.75,52.798782683752314,1.700548638755503e-05,0,7,170.23538571083918,1191.6476999758743,0.25,5,1.25,RA-MPC,233
True,REACHED,1.0,1.0,14.256532363929251,7.1687169146572485,0,4,92.43789999891305,369.7515999956522,0.25,5,1.25,RA-MPC,234
False,INFEASIBLE_STEP1,,0.0,0.0,1.5848291803492158,1,0,936.5210000105435,936.5210000105435,0.25,5,1.25,RA-MPC,235
True,REACHED,1.75,1.75,44.31184700178651,0.00020128557287192695,0,7,182.9280142846983,1280.496099992888,0.25,5,1.25,RA-MPC,236
False,INFEASIBLE_MID,,1.0,24.32328350457829,-0.0007773267866651166,1,4,902.8200599976117,4514.100299988058,0.25,5,1.25,RA-MPC,237
True,REACHED,1.5,1.5,47.91021088023911,2.8986113258184935e-05,0,6,271.50493333222886,1629.0295999933733,0.25,5,1.25,RA-MPC,238
False,INFEASIBLE_MID,,0.75,17.539435037527664,-0.0003360748987589001,1,3,397.1234749951691,1588.4938999806764,0.25,5,1.25,RA-MPC,239
True,REACHED,1.0,1.0,26.512686902658643,1.568386157939623e-05,0,4,180.66579999867827,722.6631999947131,0.25,5,1.25,RA-MPC,240
True,REACHED,0.5,0.5,7.5445754145095165,4.380795253748735,0,2,69.19679999555228,138.39359999110457,0.25,5,1.25,RA-MPC,241
False,INFEASIBLE_MID,,0.75,18.652214488073827,-3.419421615245865e-05,1,3,1678.18465000164,6712.73860000656,0.25,5,1.25,RA-MPC,242
True,REACHED,1.0,1.0,23.618844544715614,-4.51653404536442e-06,0,4,653.1579499969666,2612.6317999878665,0.25,5,1.25,RA-MPC,243
False,INFEASIBLE_MID,,0.75,18.792926611456824,-0.0007940536656353894,1,3,790.9610999995493,3163.8443999981973,0.25,5,1.25,RA-MPC,244
True,REACHED,1.5,1.5,50.79440432598671,1.3564798045315289e-05,0,6,169.53733333260365,1017.2239999956219,0.25,5,1.25,RA-MPC,245
True,REACHED,0.25,0.25,5.312733224466935,2.1545505537740537,0,1,273.13109999522567,273.13109999522567,0.25,5,1.25,RA-MPC,246
False,INFEASIBLE_MID,,0.5,13.783554062431879,-0.00040140304020377444,1,2,537.2681666728264,1611.8045000184793,0.25,5,1.25,RA-MPC,247
False,INFEASIBLE_MID,,0.75,17.953761528797134,-0.00012196335999150446,1,3,1645.7002499992086,6582.800999996834,0.25,5,1.25,RA-MPC,248
True,REACHED,0.5,0.5,6.51759523804643,1.079456315789234,0,2,77.09890000114683,154.19780000229366,0.25,5,1.25,RA-MPC,249
True,REACHED,0.5,0.5,9.009068026839566,3.148460398500011,0,2,350.96619999967515,701.9323999993503,0.25,5,1.25,RA-MPC,250
False,INFEASIBLE_MID,,0.5,12.84287592124685,-0.0001673524395085244,1,2,1032.4617000005674,3097.385100001702,0.25,5,1.25,RA-MPC,251
False,INFEASIBLE_MID,,0.75,29.660559211112087,-0.03050748092878523,1,3,366.14580000241403,1464.5832000096561,0.25,5,1.25,RA-MPC,252
False,INFEASIBLE_MID,,0.75,21.897844837669183,-0.0001377283646692367,1,3,1634.4602000062878,6537.840800025151,0.25,5,1.25,RA-MPC,253
False,INFEASIBLE_MID,,0.5,12.570214651628863,-1.3345357990739856e-05,1,2,2127.5556333275745,6382.666899982723,0.25,5,1.25,RA-MPC,254
False,INFEASIBLE_MID,,0.5,13.522788804018678,-0.000446443541963413,1,2,1727.2077666663488,5181.623299999046,0.25,5,1.25,RA-MPC,255
False,INFEASIBLE_MID,,0.5,18.92919090346346,-0.00012154490892123187,1,2,2625.3997999980734,7876.199399994221,0.25,5,1.25,RA-MPC,256
False,INFEASIBLE_MID,,0.5,13.052552858191074,-0.000539203980063909,1,2,608.8599000019409,1826.5797000058228,0.25,5,1.25,RA-MPC,257
True,REACHED,1.25,1.25,28.015297282119672,5.077352686429912e-05,0,5,189.616480001132,948.08240000566,0.25,5,1.25,RA-MPC,258
True,REACHED,1.0,1.0,24.5971535527795,0.02858994106586946,0,4,129.789949998667,519.159799994668,0.25,5,1.25,RA-MPC,259
True,REACHED,0.5,0.5,5.459608143590008,8.711109531968841,0,2,114.04519999632612,228.09039999265224,0.25,5,1.25,RA-MPC,260
True,REACHED,0.75,0.75,10.020527350164564,0.8604674794057623,0,3,128.27069999669524,384.8120999900857,0.25,5,1.25,RA-MPC,261
True,REACHED,0.25,0.25,1.8519956110018048,2.3922237773802837,0,1,61.72110000625253,61.72110000625253,0.25,5,1.25,RA-MPC,262
True,REACHED,1.5,1.5,50.207369936642905,1.1057365065745633e-05,0,6,166.2498500033204,997.4991000199225,0.25,5,1.25,RA-MPC,263
True,REACHED,0.75,0.75,16.43173194696833,7.038614831739689,0,3,110.20253332875048,330.60759998625144,0.25,5,1.25,RA-MPC,264
False,INFEASIBLE_MID,,0.5,14.244843615726086,-8.405542861184573e-05,1,2,395.34173333474126,1186.0252000042237,0.25,5,1.25,RA-MPC,265
False,INFEASIBLE_MID,,0.75,14.586061391428016,-0.0003977686297786841,1,3,890.9272999990208,3563.709199996083,0.25,5,1.25,RA-MPC,266
True,REACHED,0.75,0.75,18.37096412058551,8.047129666690005,0,3,104.20653333130758,312.61959999392275,0.25,5,1.25,RA-MPC,267
True,REACHED,1.0,1.0,17.33009528136353,5.326214599970949,0,4,137.62622500144062,550.5049000057625,0.25,5,1.25,RA-MPC,268
True,REACHED,0.75,0.75,16.772422374904526,0.0021677332739461668,0,3,126.50740000147682,379.5222000044305,0.25,5,1.25,RA-MPC,269
False,INFEASIBLE_MID,,0.25,5.7037975954457165,-0.00023055072531127702,1,1,1699.6913000039058,3399.3826000078116,0.25,5,1.25,RA-MPC,270
True,REACHED,1.0,1.0,15.304308790265193,5.701679006653147,0,4,182.39289999837638,729.5715999935055,0.25,5,1.25,RA-MPC,271
True,REACHED,0.75,0.75,9.634189536145032,3.6331977874755883,0,3,78.49650000571273,235.4895000171382,0.25,5,1.25,RA-MPC,272
True,REACHED,0.5,0.5,10.431801403159472,6.8555993156232296,0,2,99.66849999909755,199.3369999981951,0.25,5,1.25,RA-MPC,273
False,INFEASIBLE_MID,,1.0,32.22314658827572,-0.00024345302638017105,1,4,982.0112599991262,4910.056299995631,0.25,5,1.25,RA-MPC,274
False,INFEASIBLE_MID,,0.75,20.580968426657794,-0.0027161257544485408,1,3,278.9805749998777,1115.9222999995109,0.25,5,1.25,RA-MPC,275
True,REACHED,0.75,0.75,14.873378384537148,0.0059262884700672334,0,3,93.5721999994712,280.7165999984136,0.25,5,1.25,RA-MPC,276
False,INFEASIBLE_MID,,0.5,13.382274927516953,-4.4532009329907045e-05,1,2,1686.580699994617,5059.7420999838505,0.25,5,1.25,RA-MPC,277
False,INFEASIBLE_MID,,0.75,21.648208483935402,-0.004125244137757624,1,3,322.9532749974169,1291.8130999896675,0.25,5,1.25,RA-MPC,278
True,REACHED,1.0,1.0,22.100423080446156,0.023466762991664523,0,4,136.64402500216966,546.5761000086786,0.25,5,1.25,RA-MPC,279
True,REACHED,1.25,1.25,36.37084014480459,0.0032356876897059093,0,5,110.64720000140369,553.2360000070184,0.25,5,1.25,RA-MPC,280
True,REACHED,1.0,1.0,16.626748354117726,0.0032695282431806096,0,4,125.14879999798723,500.5951999919489,0.25,5,1.25,RA-MPC,281
False,INFEASIBLE_MID,,0.75,16.931311341057366,-1.7135957108619482e-05,1,3,1104.5980249982676,4418.392099993071,0.25,5,1.25,RA-MPC,282
True,REACHED,0.75,0.75,9.825167967629806,8.627163707058559,0,3,93.05236667084198,279.1571000125259,0.25,5,1.25,RA-MPC,283
True,REACHED,1.75,1.75,62.57916038909928,1.2740120744984706e-05,0,7,145.6702571470357,1019.6918000292499,0.25,5,1.25,RA-MPC,284
False,INFEASIBLE_MID,,0.75,23.2951386707918,-0.00015490794939930193,1,3,936.7216000064218,3746.886400025687,0.25,5,1.25,RA-MPC,285
True,REACHED,1.25,1.25,35.03902125823107,1.948573714598674e-06,0,5,190.50111999968067,952.5055999984033,0.25,5,1.25,RA-MPC,286
True,REACHED,0.75,0.75,16.92528122792373,1.409884729919516,0,3,91.68986666675967,275.069600000279,0.25,5,1.25,RA-MPC,287
False,INFEASIBLE_MID,,0.75,21.496057516305157,-0.005000607740090993,1,3,766.5516999986721,3066.2067999946885,0.25,5,1.25,RA-MPC,288
False,INFEASIBLE_MID,,1.0,28.69754196902423,-0.0006352808982271625,1,4,500.58849999913946,2502.9424999956973,0.25,5,1.25,RA-MPC,289
True,REACHED,0.75,0.75,15.456270203983637,1.7829385262063657,0,3,116.15609999474448,348.46829998423345,0.25,5,1.25,RA-MPC,290
True,REACHED,1.0,1.0,21.624976250699845,0.025616540767067375,0,4,166.71354999925825,666.854199997033,0.25,5,1.25,RA-MPC,291
True,REACHED,0.75,0.75,15.009977690183257,0.0013908645331005194,0,3,115.07553333649412,345.22660000948235,0.25,5,1.25,RA-MPC,292
False,INFEASIBLE_MID,,1.25,26.94302298708727,-7.652844004802116e-05,1,5,361.3050333345503,2167.8302000073018,0.25,5,1.25,RA-MPC,293
True,REACHED,0.75,0.75,13.077194536856071,8.511940839593207,0,3,102.90450000320561,308.71350000961684,0.25,5,1.25,RA-MPC,294
False,INFEASIBLE_MID,,1.25,32.72162661143235,-7.052042507940943e-05,1,5,467.9142999981802,2807.485799989081,0.25,5,1.25,RA-MPC,295
True,REACHED,0.75,0.75,21.401199274544158,0.01900247891409671,0,3,151.90240000083577,455.7072000025073,0.25,5,1.25,RA-MPC,296
False,INFEASIBLE_MID,,0.5,16.50851213902228,-8.510951413800547e-07,1,2,833.0402999999933,2499.12089999998,0.25,5,1.25,RA-MPC,297
True,REACHED,1.5,1.5,50.62873495226795,4.7293734521667105e-05,0,6,163.3532833341936,980.1197000051616,0.25,5,1.25,RA-MPC,298
True,REACHED,1.25,1.25,22.95382901361303,0.6824683027095791,0,5,112.36471999727655,561.8235999863828,0.25,5,1.25,RA-MPC,299
